

================================================================
== Synthesis Summary Report of 'uniform_move_operation'
================================================================
+ General Information: 
    * Date:           Fri May 29 18:03:48 2026
    * Version:        2025.2 (Build 6295257 on Nov 14 2025)
    * Project:        hls_uniform_move_operation_N16_FRAC28
    * Solution:       hls (Vivado IP Flow Target)
    * Product family: virtexuplus
    * Target device:  xcvu19p-fsva3824-2-e
    

* Performance & Resource Estimates: 
+--------------------------+--------+---------------+----------+---------+------+----------+---------+---------+-------+------+----------+------------+------------+-----+
|          Modules         |  Issue |               | Iteration|         | Trip |          |      Latency      |       |      |          |            |            |     |
|          & Loops         |  Type  | Violation Type|  Latency | Interval| Count| Pipelined| (cycles)|   (ns)  | Slack | BRAM |    DSP   |     FF     |     LUT    | URAM|
+--------------------------+--------+---------------+----------+---------+------+----------+---------+---------+-------+------+----------+------------+------------+-----+
|+ uniform_move_operation  |  Timing|              -|         -|       91|     -|        no|       90|  270.000|  -0.20|     -|  18 (~0%)|  9436 (~0%)|  48876 (1%)|    -|
+--------------------------+--------+---------------+----------+---------+------+----------+---------+---------+-------+------+----------+------------+------------+-----+
    Name Prefix: '+' for module, 'o' for loop, '*' for dataflow


================================================================
== HW Interfaces
================================================================
* Other Ports
+-------------+---------+-----------+----------+
| Port        | Mode    | Direction | Bitwidth |
+-------------+---------+-----------+----------+
| J_edges_0   | ap_none | in        | 29       |
| J_edges_1   | ap_none | in        | 29       |
| J_edges_10  | ap_none | in        | 29       |
| J_edges_100 | ap_none | in        | 29       |
| J_edges_101 | ap_none | in        | 29       |
| J_edges_102 | ap_none | in        | 29       |
| J_edges_103 | ap_none | in        | 29       |
| J_edges_104 | ap_none | in        | 29       |
| J_edges_105 | ap_none | in        | 29       |
| J_edges_106 | ap_none | in        | 29       |
| J_edges_107 | ap_none | in        | 29       |
| J_edges_108 | ap_none | in        | 29       |
| J_edges_109 | ap_none | in        | 29       |
| J_edges_11  | ap_none | in        | 29       |
| J_edges_110 | ap_none | in        | 29       |
| J_edges_111 | ap_none | in        | 29       |
| J_edges_112 | ap_none | in        | 29       |
| J_edges_113 | ap_none | in        | 29       |
| J_edges_114 | ap_none | in        | 29       |
| J_edges_115 | ap_none | in        | 29       |
| J_edges_116 | ap_none | in        | 29       |
| J_edges_117 | ap_none | in        | 29       |
| J_edges_118 | ap_none | in        | 29       |
| J_edges_119 | ap_none | in        | 29       |
| J_edges_12  | ap_none | in        | 29       |
| J_edges_13  | ap_none | in        | 29       |
| J_edges_14  | ap_none | in        | 29       |
| J_edges_15  | ap_none | in        | 29       |
| J_edges_16  | ap_none | in        | 29       |
| J_edges_17  | ap_none | in        | 29       |
| J_edges_18  | ap_none | in        | 29       |
| J_edges_19  | ap_none | in        | 29       |
| J_edges_2   | ap_none | in        | 29       |
| J_edges_20  | ap_none | in        | 29       |
| J_edges_21  | ap_none | in        | 29       |
| J_edges_22  | ap_none | in        | 29       |
| J_edges_23  | ap_none | in        | 29       |
| J_edges_24  | ap_none | in        | 29       |
| J_edges_25  | ap_none | in        | 29       |
| J_edges_26  | ap_none | in        | 29       |
| J_edges_27  | ap_none | in        | 29       |
| J_edges_28  | ap_none | in        | 29       |
| J_edges_29  | ap_none | in        | 29       |
| J_edges_3   | ap_none | in        | 29       |
| J_edges_30  | ap_none | in        | 29       |
| J_edges_31  | ap_none | in        | 29       |
| J_edges_32  | ap_none | in        | 29       |
| J_edges_33  | ap_none | in        | 29       |
| J_edges_34  | ap_none | in        | 29       |
| J_edges_35  | ap_none | in        | 29       |
| J_edges_36  | ap_none | in        | 29       |
| J_edges_37  | ap_none | in        | 29       |
| J_edges_38  | ap_none | in        | 29       |
| J_edges_39  | ap_none | in        | 29       |
| J_edges_4   | ap_none | in        | 29       |
| J_edges_40  | ap_none | in        | 29       |
| J_edges_41  | ap_none | in        | 29       |
| J_edges_42  | ap_none | in        | 29       |
| J_edges_43  | ap_none | in        | 29       |
| J_edges_44  | ap_none | in        | 29       |
| J_edges_45  | ap_none | in        | 29       |
| J_edges_46  | ap_none | in        | 29       |
| J_edges_47  | ap_none | in        | 29       |
| J_edges_48  | ap_none | in        | 29       |
| J_edges_49  | ap_none | in        | 29       |
| J_edges_5   | ap_none | in        | 29       |
| J_edges_50  | ap_none | in        | 29       |
| J_edges_51  | ap_none | in        | 29       |
| J_edges_52  | ap_none | in        | 29       |
| J_edges_53  | ap_none | in        | 29       |
| J_edges_54  | ap_none | in        | 29       |
| J_edges_55  | ap_none | in        | 29       |
| J_edges_56  | ap_none | in        | 29       |
| J_edges_57  | ap_none | in        | 29       |
| J_edges_58  | ap_none | in        | 29       |
| J_edges_59  | ap_none | in        | 29       |
| J_edges_6   | ap_none | in        | 29       |
| J_edges_60  | ap_none | in        | 29       |
| J_edges_61  | ap_none | in        | 29       |
| J_edges_62  | ap_none | in        | 29       |
| J_edges_63  | ap_none | in        | 29       |
| J_edges_64  | ap_none | in        | 29       |
| J_edges_65  | ap_none | in        | 29       |
| J_edges_66  | ap_none | in        | 29       |
| J_edges_67  | ap_none | in        | 29       |
| J_edges_68  | ap_none | in        | 29       |
| J_edges_69  | ap_none | in        | 29       |
| J_edges_7   | ap_none | in        | 29       |
| J_edges_70  | ap_none | in        | 29       |
| J_edges_71  | ap_none | in        | 29       |
| J_edges_72  | ap_none | in        | 29       |
| J_edges_73  | ap_none | in        | 29       |
| J_edges_74  | ap_none | in        | 29       |
| J_edges_75  | ap_none | in        | 29       |
| J_edges_76  | ap_none | in        | 29       |
| J_edges_77  | ap_none | in        | 29       |
| J_edges_78  | ap_none | in        | 29       |
| J_edges_79  | ap_none | in        | 29       |
| J_edges_8   | ap_none | in        | 29       |
| J_edges_80  | ap_none | in        | 29       |
| J_edges_81  | ap_none | in        | 29       |
| J_edges_82  | ap_none | in        | 29       |
| J_edges_83  | ap_none | in        | 29       |
| J_edges_84  | ap_none | in        | 29       |
| J_edges_85  | ap_none | in        | 29       |
| J_edges_86  | ap_none | in        | 29       |
| J_edges_87  | ap_none | in        | 29       |
| J_edges_88  | ap_none | in        | 29       |
| J_edges_89  | ap_none | in        | 29       |
| J_edges_9   | ap_none | in        | 29       |
| J_edges_90  | ap_none | in        | 29       |
| J_edges_91  | ap_none | in        | 29       |
| J_edges_92  | ap_none | in        | 29       |
| J_edges_93  | ap_none | in        | 29       |
| J_edges_94  | ap_none | in        | 29       |
| J_edges_95  | ap_none | in        | 29       |
| J_edges_96  | ap_none | in        | 29       |
| J_edges_97  | ap_none | in        | 29       |
| J_edges_98  | ap_none | in        | 29       |
| J_edges_99  | ap_none | in        | 29       |
| accept_prob | ap_none | out       | 32       |
| delta_x     | ap_none | out       | 29       |
| h_0         | ap_none | in        | 29       |
| h_1         | ap_none | in        | 29       |
| h_10        | ap_none | in        | 29       |
| h_11        | ap_none | in        | 29       |
| h_12        | ap_none | in        | 29       |
| h_13        | ap_none | in        | 29       |
| h_14        | ap_none | in        | 29       |
| h_15        | ap_none | in        | 29       |
| h_2         | ap_none | in        | 29       |
| h_3         | ap_none | in        | 29       |
| h_4         | ap_none | in        | 29       |
| h_5         | ap_none | in        | 29       |
| h_6         | ap_none | in        | 29       |
| h_7         | ap_none | in        | 29       |
| h_8         | ap_none | in        | 29       |
| h_9         | ap_none | in        | 29       |
| new_energy  | ap_none | out       | 29       |
| new_spins   | ap_none | in        | 16       |
| old_energy  | ap_none | in        | 29       |
+-------------+---------+-----------+----------+

* TOP LEVEL CONTROL
+-----------+--------------+--------+
| Interface | Type         | Ports  |
+-----------+--------------+--------+
| ap_clk    | clock        | ap_clk |
| ap_rst    | reset        | ap_rst |
| ap_ctrl   | ap_ctrl_none |        |
+-----------+--------------+--------+


================================================================
== SW I/O Information
================================================================
* Top Function Arguments
+-------------+-----------+--------------------------------------------------------+
| Argument    | Direction | Datatype                                               |
+-------------+-----------+--------------------------------------------------------+
| h           | in        | ap_fixed<29, 1, (ap_q_mode)0, (ap_o_mode)0, 0> const * |
| J_edges     | in        | ap_fixed<29, 1, (ap_q_mode)0, (ap_o_mode)0, 0> const * |
| new_spins   | in        | ap_uint<16>                                            |
| old_energy  | in        | ap_fixed<29, 1, (ap_q_mode)0, (ap_o_mode)0, 0>         |
| new_energy  | out       | ap_fixed<29, 1, (ap_q_mode)0, (ap_o_mode)0, 0>*        |
| delta_x     | out       | ap_fixed<29, 1, (ap_q_mode)0, (ap_o_mode)0, 0>*        |
| accept_prob | out       | ap_ufixed<32, 1, (ap_q_mode)0, (ap_o_mode)0, 0>*       |
+-------------+-----------+--------------------------------------------------------+

* SW-to-HW Mapping
+-------------+--------------+---------+
| Argument    | HW Interface | HW Type |
+-------------+--------------+---------+
| h           | h_0          | port    |
| h           | h_1          | port    |
| h           | h_2          | port    |
| h           | h_3          | port    |
| h           | h_4          | port    |
| h           | h_5          | port    |
| h           | h_6          | port    |
| h           | h_7          | port    |
| h           | h_8          | port    |
| h           | h_9          | port    |
| h           | h_10         | port    |
| h           | h_11         | port    |
| h           | h_12         | port    |
| h           | h_13         | port    |
| h           | h_14         | port    |
| h           | h_15         | port    |
| J_edges     | J_edges_0    | port    |
| J_edges     | J_edges_1    | port    |
| J_edges     | J_edges_2    | port    |
| J_edges     | J_edges_3    | port    |
| J_edges     | J_edges_4    | port    |
| J_edges     | J_edges_5    | port    |
| J_edges     | J_edges_6    | port    |
| J_edges     | J_edges_7    | port    |
| J_edges     | J_edges_8    | port    |
| J_edges     | J_edges_9    | port    |
| J_edges     | J_edges_10   | port    |
| J_edges     | J_edges_11   | port    |
| J_edges     | J_edges_12   | port    |
| J_edges     | J_edges_13   | port    |
| J_edges     | J_edges_14   | port    |
| J_edges     | J_edges_15   | port    |
| J_edges     | J_edges_16   | port    |
| J_edges     | J_edges_17   | port    |
| J_edges     | J_edges_18   | port    |
| J_edges     | J_edges_19   | port    |
| J_edges     | J_edges_20   | port    |
| J_edges     | J_edges_21   | port    |
| J_edges     | J_edges_22   | port    |
| J_edges     | J_edges_23   | port    |
| J_edges     | J_edges_24   | port    |
| J_edges     | J_edges_25   | port    |
| J_edges     | J_edges_26   | port    |
| J_edges     | J_edges_27   | port    |
| J_edges     | J_edges_28   | port    |
| J_edges     | J_edges_29   | port    |
| J_edges     | J_edges_30   | port    |
| J_edges     | J_edges_31   | port    |
| J_edges     | J_edges_32   | port    |
| J_edges     | J_edges_33   | port    |
| J_edges     | J_edges_34   | port    |
| J_edges     | J_edges_35   | port    |
| J_edges     | J_edges_36   | port    |
| J_edges     | J_edges_37   | port    |
| J_edges     | J_edges_38   | port    |
| J_edges     | J_edges_39   | port    |
| J_edges     | J_edges_40   | port    |
| J_edges     | J_edges_41   | port    |
| J_edges     | J_edges_42   | port    |
| J_edges     | J_edges_43   | port    |
| J_edges     | J_edges_44   | port    |
| J_edges     | J_edges_45   | port    |
| J_edges     | J_edges_46   | port    |
| J_edges     | J_edges_47   | port    |
| J_edges     | J_edges_48   | port    |
| J_edges     | J_edges_49   | port    |
| J_edges     | J_edges_50   | port    |
| J_edges     | J_edges_51   | port    |
| J_edges     | J_edges_52   | port    |
| J_edges     | J_edges_53   | port    |
| J_edges     | J_edges_54   | port    |
| J_edges     | J_edges_55   | port    |
| J_edges     | J_edges_56   | port    |
| J_edges     | J_edges_57   | port    |
| J_edges     | J_edges_58   | port    |
| J_edges     | J_edges_59   | port    |
| J_edges     | J_edges_60   | port    |
| J_edges     | J_edges_61   | port    |
| J_edges     | J_edges_62   | port    |
| J_edges     | J_edges_63   | port    |
| J_edges     | J_edges_64   | port    |
| J_edges     | J_edges_65   | port    |
| J_edges     | J_edges_66   | port    |
| J_edges     | J_edges_67   | port    |
| J_edges     | J_edges_68   | port    |
| J_edges     | J_edges_69   | port    |
| J_edges     | J_edges_70   | port    |
| J_edges     | J_edges_71   | port    |
| J_edges     | J_edges_72   | port    |
| J_edges     | J_edges_73   | port    |
| J_edges     | J_edges_74   | port    |
| J_edges     | J_edges_75   | port    |
| J_edges     | J_edges_76   | port    |
| J_edges     | J_edges_77   | port    |
| J_edges     | J_edges_78   | port    |
| J_edges     | J_edges_79   | port    |
| J_edges     | J_edges_80   | port    |
| J_edges     | J_edges_81   | port    |
| J_edges     | J_edges_82   | port    |
| J_edges     | J_edges_83   | port    |
| J_edges     | J_edges_84   | port    |
| J_edges     | J_edges_85   | port    |
| J_edges     | J_edges_86   | port    |
| J_edges     | J_edges_87   | port    |
| J_edges     | J_edges_88   | port    |
| J_edges     | J_edges_89   | port    |
| J_edges     | J_edges_90   | port    |
| J_edges     | J_edges_91   | port    |
| J_edges     | J_edges_92   | port    |
| J_edges     | J_edges_93   | port    |
| J_edges     | J_edges_94   | port    |
| J_edges     | J_edges_95   | port    |
| J_edges     | J_edges_96   | port    |
| J_edges     | J_edges_97   | port    |
| J_edges     | J_edges_98   | port    |
| J_edges     | J_edges_99   | port    |
| J_edges     | J_edges_100  | port    |
| J_edges     | J_edges_101  | port    |
| J_edges     | J_edges_102  | port    |
| J_edges     | J_edges_103  | port    |
| J_edges     | J_edges_104  | port    |
| J_edges     | J_edges_105  | port    |
| J_edges     | J_edges_106  | port    |
| J_edges     | J_edges_107  | port    |
| J_edges     | J_edges_108  | port    |
| J_edges     | J_edges_109  | port    |
| J_edges     | J_edges_110  | port    |
| J_edges     | J_edges_111  | port    |
| J_edges     | J_edges_112  | port    |
| J_edges     | J_edges_113  | port    |
| J_edges     | J_edges_114  | port    |
| J_edges     | J_edges_115  | port    |
| J_edges     | J_edges_116  | port    |
| J_edges     | J_edges_117  | port    |
| J_edges     | J_edges_118  | port    |
| J_edges     | J_edges_119  | port    |
| new_spins   | new_spins    | port    |
| old_energy  | old_energy   | port    |
| new_energy  | new_energy   | port    |
| delta_x     | delta_x      | port    |
| accept_prob | accept_prob  | port    |
+-------------+--------------+---------+


================================================================
== Bind Op Report
================================================================
+----------------------------------+-----+--------+--------------------+-----------+------------------------+---------+
| Name                             | DSP | Pragma | Variable           | Op        | Impl                   | Latency |
+----------------------------------+-----+--------+--------------------+-----------+------------------------+---------+
| + uniform_move_operation         | 18  |        |                    |           |                        |         |
|   sub_ln105_fu_1432_p2           |     |        | sub_ln105          | sub       | fabric                 | 0       |
|   xor_ln105_fu_1458_p2           |     |        | xor_ln105          | xor       | auto                   | 0       |
|   and_ln105_fu_1464_p2           |     |        | and_ln105          | and       | auto                   | 0       |
|   xor_ln105_1_fu_1470_p2         |     |        | xor_ln105_1        | xor       | auto                   | 0       |
|   and_ln105_1_fu_1476_p2         |     |        | and_ln105_1        | and       | auto                   | 0       |
|   xor_ln105_2_fu_1482_p2         |     |        | xor_ln105_2        | xor       | auto                   | 0       |
|   xor_ln105_3_fu_1488_p2         |     |        | xor_ln105_3        | xor       | auto                   | 0       |
|   or_ln105_fu_1494_p2            |     |        | or_ln105           | or        | auto                   | 0       |
|   select_ln105_fu_1500_p3        |     |        | select_ln105       | select    | auto_sel               | 0       |
|   select_ln105_1_fu_1508_p3      |     |        | select_ln105_1     | select    | auto_sel               | 0       |
|   select_ln105_2_fu_1516_p3      |     |        | select_ln105_2     | select    | auto_sel               | 0       |
|   terms_fu_1524_p3               |     |        | terms              | select    | auto_sel               | 0       |
|   sub_ln105_1_fu_1544_p2         |     |        | sub_ln105_1        | sub       | fabric                 | 0       |
|   xor_ln105_4_fu_1570_p2         |     |        | xor_ln105_4        | xor       | auto                   | 0       |
|   and_ln105_2_fu_1576_p2         |     |        | and_ln105_2        | and       | auto                   | 0       |
|   xor_ln105_5_fu_1582_p2         |     |        | xor_ln105_5        | xor       | auto                   | 0       |
|   and_ln105_3_fu_1588_p2         |     |        | and_ln105_3        | and       | auto                   | 0       |
|   xor_ln105_6_fu_1594_p2         |     |        | xor_ln105_6        | xor       | auto                   | 0       |
|   xor_ln105_7_fu_1600_p2         |     |        | xor_ln105_7        | xor       | auto                   | 0       |
|   or_ln105_1_fu_1606_p2          |     |        | or_ln105_1         | or        | auto                   | 0       |
|   select_ln105_3_fu_1612_p3      |     |        | select_ln105_3     | select    | auto_sel               | 0       |
|   select_ln105_4_fu_1620_p3      |     |        | select_ln105_4     | select    | auto_sel               | 0       |
|   select_ln105_5_fu_1628_p3      |     |        | select_ln105_5     | select    | auto_sel               | 0       |
|   terms_1_fu_1636_p3             |     |        | terms_1            | select    | auto_sel               | 0       |
|   sub_ln105_2_fu_1656_p2         |     |        | sub_ln105_2        | sub       | fabric                 | 0       |
|   xor_ln105_8_fu_1682_p2         |     |        | xor_ln105_8        | xor       | auto                   | 0       |
|   and_ln105_4_fu_1688_p2         |     |        | and_ln105_4        | and       | auto                   | 0       |
|   xor_ln105_9_fu_1694_p2         |     |        | xor_ln105_9        | xor       | auto                   | 0       |
|   and_ln105_5_fu_1700_p2         |     |        | and_ln105_5        | and       | auto                   | 0       |
|   xor_ln105_10_fu_1706_p2        |     |        | xor_ln105_10       | xor       | auto                   | 0       |
|   xor_ln105_11_fu_1712_p2        |     |        | xor_ln105_11       | xor       | auto                   | 0       |
|   or_ln105_2_fu_1718_p2          |     |        | or_ln105_2         | or        | auto                   | 0       |
|   select_ln105_6_fu_1724_p3      |     |        | select_ln105_6     | select    | auto_sel               | 0       |
|   select_ln105_7_fu_1732_p3      |     |        | select_ln105_7     | select    | auto_sel               | 0       |
|   select_ln105_8_fu_1740_p3      |     |        | select_ln105_8     | select    | auto_sel               | 0       |
|   terms_2_fu_1748_p3             |     |        | terms_2            | select    | auto_sel               | 0       |
|   sub_ln105_3_fu_1768_p2         |     |        | sub_ln105_3        | sub       | fabric                 | 0       |
|   xor_ln105_12_fu_1794_p2        |     |        | xor_ln105_12       | xor       | auto                   | 0       |
|   and_ln105_6_fu_1800_p2         |     |        | and_ln105_6        | and       | auto                   | 0       |
|   xor_ln105_13_fu_1806_p2        |     |        | xor_ln105_13       | xor       | auto                   | 0       |
|   and_ln105_7_fu_1812_p2         |     |        | and_ln105_7        | and       | auto                   | 0       |
|   xor_ln105_14_fu_1818_p2        |     |        | xor_ln105_14       | xor       | auto                   | 0       |
|   xor_ln105_15_fu_1824_p2        |     |        | xor_ln105_15       | xor       | auto                   | 0       |
|   or_ln105_3_fu_1830_p2          |     |        | or_ln105_3         | or        | auto                   | 0       |
|   select_ln105_9_fu_1836_p3      |     |        | select_ln105_9     | select    | auto_sel               | 0       |
|   select_ln105_10_fu_1844_p3     |     |        | select_ln105_10    | select    | auto_sel               | 0       |
|   select_ln105_11_fu_1852_p3     |     |        | select_ln105_11    | select    | auto_sel               | 0       |
|   terms_3_fu_1860_p3             |     |        | terms_3            | select    | auto_sel               | 0       |
|   sub_ln105_4_fu_1880_p2         |     |        | sub_ln105_4        | sub       | fabric                 | 0       |
|   xor_ln105_16_fu_1906_p2        |     |        | xor_ln105_16       | xor       | auto                   | 0       |
|   and_ln105_8_fu_1912_p2         |     |        | and_ln105_8        | and       | auto                   | 0       |
|   xor_ln105_17_fu_1918_p2        |     |        | xor_ln105_17       | xor       | auto                   | 0       |
|   and_ln105_9_fu_1924_p2         |     |        | and_ln105_9        | and       | auto                   | 0       |
|   xor_ln105_18_fu_1930_p2        |     |        | xor_ln105_18       | xor       | auto                   | 0       |
|   xor_ln105_19_fu_1936_p2        |     |        | xor_ln105_19       | xor       | auto                   | 0       |
|   or_ln105_4_fu_1942_p2          |     |        | or_ln105_4         | or        | auto                   | 0       |
|   select_ln105_12_fu_1948_p3     |     |        | select_ln105_12    | select    | auto_sel               | 0       |
|   select_ln105_13_fu_1956_p3     |     |        | select_ln105_13    | select    | auto_sel               | 0       |
|   select_ln105_14_fu_1964_p3     |     |        | select_ln105_14    | select    | auto_sel               | 0       |
|   terms_4_fu_1972_p3             |     |        | terms_4            | select    | auto_sel               | 0       |
|   sub_ln105_5_fu_1992_p2         |     |        | sub_ln105_5        | sub       | fabric                 | 0       |
|   xor_ln105_20_fu_2018_p2        |     |        | xor_ln105_20       | xor       | auto                   | 0       |
|   and_ln105_10_fu_2024_p2        |     |        | and_ln105_10       | and       | auto                   | 0       |
|   xor_ln105_21_fu_2030_p2        |     |        | xor_ln105_21       | xor       | auto                   | 0       |
|   and_ln105_11_fu_2036_p2        |     |        | and_ln105_11       | and       | auto                   | 0       |
|   xor_ln105_22_fu_2042_p2        |     |        | xor_ln105_22       | xor       | auto                   | 0       |
|   xor_ln105_23_fu_2048_p2        |     |        | xor_ln105_23       | xor       | auto                   | 0       |
|   or_ln105_5_fu_2054_p2          |     |        | or_ln105_5         | or        | auto                   | 0       |
|   select_ln105_15_fu_2060_p3     |     |        | select_ln105_15    | select    | auto_sel               | 0       |
|   select_ln105_16_fu_2068_p3     |     |        | select_ln105_16    | select    | auto_sel               | 0       |
|   select_ln105_17_fu_2076_p3     |     |        | select_ln105_17    | select    | auto_sel               | 0       |
|   terms_5_fu_2084_p3             |     |        | terms_5            | select    | auto_sel               | 0       |
|   sub_ln105_6_fu_2104_p2         |     |        | sub_ln105_6        | sub       | fabric                 | 0       |
|   xor_ln105_24_fu_2130_p2        |     |        | xor_ln105_24       | xor       | auto                   | 0       |
|   and_ln105_12_fu_2136_p2        |     |        | and_ln105_12       | and       | auto                   | 0       |
|   xor_ln105_25_fu_2142_p2        |     |        | xor_ln105_25       | xor       | auto                   | 0       |
|   and_ln105_13_fu_2148_p2        |     |        | and_ln105_13       | and       | auto                   | 0       |
|   xor_ln105_26_fu_2154_p2        |     |        | xor_ln105_26       | xor       | auto                   | 0       |
|   xor_ln105_27_fu_2160_p2        |     |        | xor_ln105_27       | xor       | auto                   | 0       |
|   or_ln105_6_fu_2166_p2          |     |        | or_ln105_6         | or        | auto                   | 0       |
|   select_ln105_18_fu_2172_p3     |     |        | select_ln105_18    | select    | auto_sel               | 0       |
|   select_ln105_19_fu_2180_p3     |     |        | select_ln105_19    | select    | auto_sel               | 0       |
|   select_ln105_20_fu_2188_p3     |     |        | select_ln105_20    | select    | auto_sel               | 0       |
|   terms_6_fu_2196_p3             |     |        | terms_6            | select    | auto_sel               | 0       |
|   sub_ln105_7_fu_2216_p2         |     |        | sub_ln105_7        | sub       | fabric                 | 0       |
|   xor_ln105_28_fu_2242_p2        |     |        | xor_ln105_28       | xor       | auto                   | 0       |
|   and_ln105_14_fu_2248_p2        |     |        | and_ln105_14       | and       | auto                   | 0       |
|   xor_ln105_29_fu_2254_p2        |     |        | xor_ln105_29       | xor       | auto                   | 0       |
|   and_ln105_15_fu_2260_p2        |     |        | and_ln105_15       | and       | auto                   | 0       |
|   xor_ln105_30_fu_2266_p2        |     |        | xor_ln105_30       | xor       | auto                   | 0       |
|   xor_ln105_31_fu_2272_p2        |     |        | xor_ln105_31       | xor       | auto                   | 0       |
|   or_ln105_7_fu_2278_p2          |     |        | or_ln105_7         | or        | auto                   | 0       |
|   select_ln105_21_fu_2284_p3     |     |        | select_ln105_21    | select    | auto_sel               | 0       |
|   select_ln105_22_fu_2292_p3     |     |        | select_ln105_22    | select    | auto_sel               | 0       |
|   select_ln105_23_fu_2300_p3     |     |        | select_ln105_23    | select    | auto_sel               | 0       |
|   terms_7_fu_2308_p3             |     |        | terms_7            | select    | auto_sel               | 0       |
|   sub_ln105_8_fu_2328_p2         |     |        | sub_ln105_8        | sub       | fabric                 | 0       |
|   xor_ln105_32_fu_2354_p2        |     |        | xor_ln105_32       | xor       | auto                   | 0       |
|   and_ln105_16_fu_2360_p2        |     |        | and_ln105_16       | and       | auto                   | 0       |
|   xor_ln105_33_fu_2366_p2        |     |        | xor_ln105_33       | xor       | auto                   | 0       |
|   and_ln105_17_fu_2372_p2        |     |        | and_ln105_17       | and       | auto                   | 0       |
|   xor_ln105_34_fu_2378_p2        |     |        | xor_ln105_34       | xor       | auto                   | 0       |
|   xor_ln105_35_fu_2384_p2        |     |        | xor_ln105_35       | xor       | auto                   | 0       |
|   or_ln105_8_fu_2390_p2          |     |        | or_ln105_8         | or        | auto                   | 0       |
|   select_ln105_24_fu_2396_p3     |     |        | select_ln105_24    | select    | auto_sel               | 0       |
|   select_ln105_25_fu_2404_p3     |     |        | select_ln105_25    | select    | auto_sel               | 0       |
|   select_ln105_26_fu_2412_p3     |     |        | select_ln105_26    | select    | auto_sel               | 0       |
|   terms_8_fu_2420_p3             |     |        | terms_8            | select    | auto_sel               | 0       |
|   sub_ln105_9_fu_2440_p2         |     |        | sub_ln105_9        | sub       | fabric                 | 0       |
|   xor_ln105_36_fu_2466_p2        |     |        | xor_ln105_36       | xor       | auto                   | 0       |
|   and_ln105_18_fu_2472_p2        |     |        | and_ln105_18       | and       | auto                   | 0       |
|   xor_ln105_37_fu_2478_p2        |     |        | xor_ln105_37       | xor       | auto                   | 0       |
|   and_ln105_19_fu_2484_p2        |     |        | and_ln105_19       | and       | auto                   | 0       |
|   xor_ln105_38_fu_2490_p2        |     |        | xor_ln105_38       | xor       | auto                   | 0       |
|   xor_ln105_39_fu_2496_p2        |     |        | xor_ln105_39       | xor       | auto                   | 0       |
|   or_ln105_9_fu_2502_p2          |     |        | or_ln105_9         | or        | auto                   | 0       |
|   select_ln105_27_fu_2508_p3     |     |        | select_ln105_27    | select    | auto_sel               | 0       |
|   select_ln105_28_fu_2516_p3     |     |        | select_ln105_28    | select    | auto_sel               | 0       |
|   select_ln105_29_fu_2524_p3     |     |        | select_ln105_29    | select    | auto_sel               | 0       |
|   terms_9_fu_2532_p3             |     |        | terms_9            | select    | auto_sel               | 0       |
|   sub_ln105_10_fu_2552_p2        |     |        | sub_ln105_10       | sub       | fabric                 | 0       |
|   xor_ln105_40_fu_2578_p2        |     |        | xor_ln105_40       | xor       | auto                   | 0       |
|   and_ln105_20_fu_2584_p2        |     |        | and_ln105_20       | and       | auto                   | 0       |
|   xor_ln105_41_fu_2590_p2        |     |        | xor_ln105_41       | xor       | auto                   | 0       |
|   and_ln105_21_fu_2596_p2        |     |        | and_ln105_21       | and       | auto                   | 0       |
|   xor_ln105_42_fu_2602_p2        |     |        | xor_ln105_42       | xor       | auto                   | 0       |
|   xor_ln105_43_fu_2608_p2        |     |        | xor_ln105_43       | xor       | auto                   | 0       |
|   or_ln105_10_fu_2614_p2         |     |        | or_ln105_10        | or        | auto                   | 0       |
|   select_ln105_30_fu_2620_p3     |     |        | select_ln105_30    | select    | auto_sel               | 0       |
|   select_ln105_31_fu_2628_p3     |     |        | select_ln105_31    | select    | auto_sel               | 0       |
|   select_ln105_32_fu_2636_p3     |     |        | select_ln105_32    | select    | auto_sel               | 0       |
|   terms_10_fu_2644_p3            |     |        | terms_10           | select    | auto_sel               | 0       |
|   sub_ln105_11_fu_2664_p2        |     |        | sub_ln105_11       | sub       | fabric                 | 0       |
|   xor_ln105_44_fu_2690_p2        |     |        | xor_ln105_44       | xor       | auto                   | 0       |
|   and_ln105_22_fu_2696_p2        |     |        | and_ln105_22       | and       | auto                   | 0       |
|   xor_ln105_45_fu_2702_p2        |     |        | xor_ln105_45       | xor       | auto                   | 0       |
|   and_ln105_23_fu_2708_p2        |     |        | and_ln105_23       | and       | auto                   | 0       |
|   xor_ln105_46_fu_2714_p2        |     |        | xor_ln105_46       | xor       | auto                   | 0       |
|   xor_ln105_47_fu_2720_p2        |     |        | xor_ln105_47       | xor       | auto                   | 0       |
|   or_ln105_11_fu_2726_p2         |     |        | or_ln105_11        | or        | auto                   | 0       |
|   select_ln105_33_fu_2732_p3     |     |        | select_ln105_33    | select    | auto_sel               | 0       |
|   select_ln105_34_fu_2740_p3     |     |        | select_ln105_34    | select    | auto_sel               | 0       |
|   select_ln105_35_fu_2748_p3     |     |        | select_ln105_35    | select    | auto_sel               | 0       |
|   terms_11_fu_2756_p3            |     |        | terms_11           | select    | auto_sel               | 0       |
|   sub_ln105_12_fu_2776_p2        |     |        | sub_ln105_12       | sub       | fabric                 | 0       |
|   xor_ln105_48_fu_2802_p2        |     |        | xor_ln105_48       | xor       | auto                   | 0       |
|   and_ln105_24_fu_2808_p2        |     |        | and_ln105_24       | and       | auto                   | 0       |
|   xor_ln105_49_fu_2814_p2        |     |        | xor_ln105_49       | xor       | auto                   | 0       |
|   and_ln105_25_fu_2820_p2        |     |        | and_ln105_25       | and       | auto                   | 0       |
|   xor_ln105_50_fu_2826_p2        |     |        | xor_ln105_50       | xor       | auto                   | 0       |
|   xor_ln105_51_fu_2832_p2        |     |        | xor_ln105_51       | xor       | auto                   | 0       |
|   or_ln105_12_fu_2838_p2         |     |        | or_ln105_12        | or        | auto                   | 0       |
|   select_ln105_36_fu_2844_p3     |     |        | select_ln105_36    | select    | auto_sel               | 0       |
|   select_ln105_37_fu_2852_p3     |     |        | select_ln105_37    | select    | auto_sel               | 0       |
|   select_ln105_38_fu_2860_p3     |     |        | select_ln105_38    | select    | auto_sel               | 0       |
|   terms_12_fu_2868_p3            |     |        | terms_12           | select    | auto_sel               | 0       |
|   sub_ln105_13_fu_2888_p2        |     |        | sub_ln105_13       | sub       | fabric                 | 0       |
|   xor_ln105_52_fu_2914_p2        |     |        | xor_ln105_52       | xor       | auto                   | 0       |
|   and_ln105_26_fu_2920_p2        |     |        | and_ln105_26       | and       | auto                   | 0       |
|   xor_ln105_53_fu_2926_p2        |     |        | xor_ln105_53       | xor       | auto                   | 0       |
|   and_ln105_27_fu_2932_p2        |     |        | and_ln105_27       | and       | auto                   | 0       |
|   xor_ln105_54_fu_2938_p2        |     |        | xor_ln105_54       | xor       | auto                   | 0       |
|   xor_ln105_55_fu_2944_p2        |     |        | xor_ln105_55       | xor       | auto                   | 0       |
|   or_ln105_13_fu_2950_p2         |     |        | or_ln105_13        | or        | auto                   | 0       |
|   select_ln105_39_fu_2956_p3     |     |        | select_ln105_39    | select    | auto_sel               | 0       |
|   select_ln105_40_fu_2964_p3     |     |        | select_ln105_40    | select    | auto_sel               | 0       |
|   select_ln105_41_fu_2972_p3     |     |        | select_ln105_41    | select    | auto_sel               | 0       |
|   terms_13_fu_2980_p3            |     |        | terms_13           | select    | auto_sel               | 0       |
|   sub_ln105_14_fu_3000_p2        |     |        | sub_ln105_14       | sub       | fabric                 | 0       |
|   xor_ln105_56_fu_3026_p2        |     |        | xor_ln105_56       | xor       | auto                   | 0       |
|   and_ln105_28_fu_3032_p2        |     |        | and_ln105_28       | and       | auto                   | 0       |
|   xor_ln105_57_fu_3038_p2        |     |        | xor_ln105_57       | xor       | auto                   | 0       |
|   and_ln105_29_fu_3044_p2        |     |        | and_ln105_29       | and       | auto                   | 0       |
|   xor_ln105_58_fu_3050_p2        |     |        | xor_ln105_58       | xor       | auto                   | 0       |
|   xor_ln105_59_fu_3056_p2        |     |        | xor_ln105_59       | xor       | auto                   | 0       |
|   or_ln105_14_fu_3062_p2         |     |        | or_ln105_14        | or        | auto                   | 0       |
|   select_ln105_42_fu_3068_p3     |     |        | select_ln105_42    | select    | auto_sel               | 0       |
|   select_ln105_43_fu_3076_p3     |     |        | select_ln105_43    | select    | auto_sel               | 0       |
|   select_ln105_44_fu_3084_p3     |     |        | select_ln105_44    | select    | auto_sel               | 0       |
|   terms_14_fu_3092_p3            |     |        | terms_14           | select    | auto_sel               | 0       |
|   sub_ln105_15_fu_3112_p2        |     |        | sub_ln105_15       | sub       | fabric                 | 0       |
|   xor_ln105_60_fu_3138_p2        |     |        | xor_ln105_60       | xor       | auto                   | 0       |
|   and_ln105_30_fu_3144_p2        |     |        | and_ln105_30       | and       | auto                   | 0       |
|   xor_ln105_61_fu_3150_p2        |     |        | xor_ln105_61       | xor       | auto                   | 0       |
|   and_ln105_31_fu_3156_p2        |     |        | and_ln105_31       | and       | auto                   | 0       |
|   xor_ln105_62_fu_3162_p2        |     |        | xor_ln105_62       | xor       | auto                   | 0       |
|   xor_ln105_63_fu_3168_p2        |     |        | xor_ln105_63       | xor       | auto                   | 0       |
|   or_ln105_15_fu_3174_p2         |     |        | or_ln105_15        | or        | auto                   | 0       |
|   select_ln105_45_fu_3180_p3     |     |        | select_ln105_45    | select    | auto_sel               | 0       |
|   select_ln105_46_fu_3188_p3     |     |        | select_ln105_46    | select    | auto_sel               | 0       |
|   select_ln105_47_fu_3196_p3     |     |        | select_ln105_47    | select    | auto_sel               | 0       |
|   terms_15_fu_3204_p3            |     |        | terms_15           | select    | auto_sel               | 0       |
|   sub_ln114_fu_3216_p2           |     |        | sub_ln114          | sub       | fabric                 | 0       |
|   xor_ln114_fu_3242_p2           |     |        | xor_ln114          | xor       | auto                   | 0       |
|   and_ln114_fu_3248_p2           |     |        | and_ln114          | and       | auto                   | 0       |
|   xor_ln114_1_fu_3254_p2         |     |        | xor_ln114_1        | xor       | auto                   | 0       |
|   and_ln114_1_fu_3260_p2         |     |        | and_ln114_1        | and       | auto                   | 0       |
|   xor_ln114_2_fu_3266_p2         |     |        | xor_ln114_2        | xor       | auto                   | 0       |
|   xor_ln114_3_fu_3272_p2         |     |        | xor_ln114_3        | xor       | auto                   | 0       |
|   or_ln114_fu_3278_p2            |     |        | or_ln114           | or        | auto                   | 0       |
|   select_ln114_fu_3284_p3        |     |        | select_ln114       | select    | auto_sel               | 0       |
|   select_ln114_1_fu_3292_p3      |     |        | select_ln114_1     | select    | auto_sel               | 0       |
|   select_ln114_2_fu_3300_p3      |     |        | select_ln114_2     | select    | auto_sel               | 0       |
|   xor_ln115_fu_3308_p2           |     |        | xor_ln115          | xor       | auto                   | 0       |
|   terms_16_fu_3314_p3            |     |        | terms_16           | select    | auto_sel               | 0       |
|   sub_ln114_1_fu_3326_p2         |     |        | sub_ln114_1        | sub       | fabric                 | 0       |
|   xor_ln114_4_fu_3352_p2         |     |        | xor_ln114_4        | xor       | auto                   | 0       |
|   and_ln114_2_fu_3358_p2         |     |        | and_ln114_2        | and       | auto                   | 0       |
|   xor_ln114_5_fu_3364_p2         |     |        | xor_ln114_5        | xor       | auto                   | 0       |
|   and_ln114_3_fu_3370_p2         |     |        | and_ln114_3        | and       | auto                   | 0       |
|   xor_ln114_6_fu_3376_p2         |     |        | xor_ln114_6        | xor       | auto                   | 0       |
|   xor_ln114_7_fu_3382_p2         |     |        | xor_ln114_7        | xor       | auto                   | 0       |
|   or_ln114_1_fu_3388_p2          |     |        | or_ln114_1         | or        | auto                   | 0       |
|   select_ln114_3_fu_3394_p3      |     |        | select_ln114_3     | select    | auto_sel               | 0       |
|   select_ln114_4_fu_3402_p3      |     |        | select_ln114_4     | select    | auto_sel               | 0       |
|   select_ln114_5_fu_3410_p3      |     |        | select_ln114_5     | select    | auto_sel               | 0       |
|   xor_ln115_1_fu_3418_p2         |     |        | xor_ln115_1        | xor       | auto                   | 0       |
|   terms_17_fu_3424_p3            |     |        | terms_17           | select    | auto_sel               | 0       |
|   sub_ln114_2_fu_3436_p2         |     |        | sub_ln114_2        | sub       | fabric                 | 0       |
|   xor_ln114_8_fu_3462_p2         |     |        | xor_ln114_8        | xor       | auto                   | 0       |
|   and_ln114_4_fu_3468_p2         |     |        | and_ln114_4        | and       | auto                   | 0       |
|   xor_ln114_9_fu_3474_p2         |     |        | xor_ln114_9        | xor       | auto                   | 0       |
|   and_ln114_5_fu_3480_p2         |     |        | and_ln114_5        | and       | auto                   | 0       |
|   xor_ln114_10_fu_3486_p2        |     |        | xor_ln114_10       | xor       | auto                   | 0       |
|   xor_ln114_11_fu_3492_p2        |     |        | xor_ln114_11       | xor       | auto                   | 0       |
|   or_ln114_2_fu_3498_p2          |     |        | or_ln114_2         | or        | auto                   | 0       |
|   select_ln114_6_fu_3504_p3      |     |        | select_ln114_6     | select    | auto_sel               | 0       |
|   select_ln114_7_fu_3512_p3      |     |        | select_ln114_7     | select    | auto_sel               | 0       |
|   select_ln114_8_fu_3520_p3      |     |        | select_ln114_8     | select    | auto_sel               | 0       |
|   xor_ln115_2_fu_3528_p2         |     |        | xor_ln115_2        | xor       | auto                   | 0       |
|   terms_18_fu_3534_p3            |     |        | terms_18           | select    | auto_sel               | 0       |
|   sub_ln114_3_fu_3546_p2         |     |        | sub_ln114_3        | sub       | fabric                 | 0       |
|   xor_ln114_12_fu_3572_p2        |     |        | xor_ln114_12       | xor       | auto                   | 0       |
|   and_ln114_6_fu_3578_p2         |     |        | and_ln114_6        | and       | auto                   | 0       |
|   xor_ln114_13_fu_3584_p2        |     |        | xor_ln114_13       | xor       | auto                   | 0       |
|   and_ln114_7_fu_3590_p2         |     |        | and_ln114_7        | and       | auto                   | 0       |
|   xor_ln114_14_fu_3596_p2        |     |        | xor_ln114_14       | xor       | auto                   | 0       |
|   xor_ln114_15_fu_3602_p2        |     |        | xor_ln114_15       | xor       | auto                   | 0       |
|   or_ln114_3_fu_3608_p2          |     |        | or_ln114_3         | or        | auto                   | 0       |
|   select_ln114_9_fu_3614_p3      |     |        | select_ln114_9     | select    | auto_sel               | 0       |
|   select_ln114_10_fu_3622_p3     |     |        | select_ln114_10    | select    | auto_sel               | 0       |
|   select_ln114_11_fu_3630_p3     |     |        | select_ln114_11    | select    | auto_sel               | 0       |
|   xor_ln115_3_fu_3638_p2         |     |        | xor_ln115_3        | xor       | auto                   | 0       |
|   terms_19_fu_3644_p3            |     |        | terms_19           | select    | auto_sel               | 0       |
|   sub_ln114_4_fu_3656_p2         |     |        | sub_ln114_4        | sub       | fabric                 | 0       |
|   xor_ln114_16_fu_3682_p2        |     |        | xor_ln114_16       | xor       | auto                   | 0       |
|   and_ln114_8_fu_3688_p2         |     |        | and_ln114_8        | and       | auto                   | 0       |
|   xor_ln114_17_fu_3694_p2        |     |        | xor_ln114_17       | xor       | auto                   | 0       |
|   and_ln114_9_fu_3700_p2         |     |        | and_ln114_9        | and       | auto                   | 0       |
|   xor_ln114_18_fu_3706_p2        |     |        | xor_ln114_18       | xor       | auto                   | 0       |
|   xor_ln114_19_fu_3712_p2        |     |        | xor_ln114_19       | xor       | auto                   | 0       |
|   or_ln114_4_fu_3718_p2          |     |        | or_ln114_4         | or        | auto                   | 0       |
|   select_ln114_12_fu_3724_p3     |     |        | select_ln114_12    | select    | auto_sel               | 0       |
|   select_ln114_13_fu_3732_p3     |     |        | select_ln114_13    | select    | auto_sel               | 0       |
|   select_ln114_14_fu_3740_p3     |     |        | select_ln114_14    | select    | auto_sel               | 0       |
|   xor_ln115_4_fu_3748_p2         |     |        | xor_ln115_4        | xor       | auto                   | 0       |
|   terms_20_fu_3754_p3            |     |        | terms_20           | select    | auto_sel               | 0       |
|   sub_ln114_5_fu_3766_p2         |     |        | sub_ln114_5        | sub       | fabric                 | 0       |
|   xor_ln114_20_fu_3792_p2        |     |        | xor_ln114_20       | xor       | auto                   | 0       |
|   and_ln114_10_fu_3798_p2        |     |        | and_ln114_10       | and       | auto                   | 0       |
|   xor_ln114_21_fu_3804_p2        |     |        | xor_ln114_21       | xor       | auto                   | 0       |
|   and_ln114_11_fu_3810_p2        |     |        | and_ln114_11       | and       | auto                   | 0       |
|   xor_ln114_22_fu_3816_p2        |     |        | xor_ln114_22       | xor       | auto                   | 0       |
|   xor_ln114_23_fu_3822_p2        |     |        | xor_ln114_23       | xor       | auto                   | 0       |
|   or_ln114_5_fu_3828_p2          |     |        | or_ln114_5         | or        | auto                   | 0       |
|   select_ln114_15_fu_3834_p3     |     |        | select_ln114_15    | select    | auto_sel               | 0       |
|   select_ln114_16_fu_3842_p3     |     |        | select_ln114_16    | select    | auto_sel               | 0       |
|   select_ln114_17_fu_3850_p3     |     |        | select_ln114_17    | select    | auto_sel               | 0       |
|   xor_ln115_5_fu_3858_p2         |     |        | xor_ln115_5        | xor       | auto                   | 0       |
|   terms_21_fu_3864_p3            |     |        | terms_21           | select    | auto_sel               | 0       |
|   sub_ln114_6_fu_3876_p2         |     |        | sub_ln114_6        | sub       | fabric                 | 0       |
|   xor_ln114_24_fu_3902_p2        |     |        | xor_ln114_24       | xor       | auto                   | 0       |
|   and_ln114_12_fu_3908_p2        |     |        | and_ln114_12       | and       | auto                   | 0       |
|   xor_ln114_25_fu_3914_p2        |     |        | xor_ln114_25       | xor       | auto                   | 0       |
|   and_ln114_13_fu_3920_p2        |     |        | and_ln114_13       | and       | auto                   | 0       |
|   xor_ln114_26_fu_3926_p2        |     |        | xor_ln114_26       | xor       | auto                   | 0       |
|   xor_ln114_27_fu_3932_p2        |     |        | xor_ln114_27       | xor       | auto                   | 0       |
|   or_ln114_6_fu_3938_p2          |     |        | or_ln114_6         | or        | auto                   | 0       |
|   select_ln114_18_fu_3944_p3     |     |        | select_ln114_18    | select    | auto_sel               | 0       |
|   select_ln114_19_fu_3952_p3     |     |        | select_ln114_19    | select    | auto_sel               | 0       |
|   select_ln114_20_fu_3960_p3     |     |        | select_ln114_20    | select    | auto_sel               | 0       |
|   xor_ln115_6_fu_3968_p2         |     |        | xor_ln115_6        | xor       | auto                   | 0       |
|   terms_22_fu_3974_p3            |     |        | terms_22           | select    | auto_sel               | 0       |
|   sub_ln114_7_fu_3986_p2         |     |        | sub_ln114_7        | sub       | fabric                 | 0       |
|   xor_ln114_28_fu_4012_p2        |     |        | xor_ln114_28       | xor       | auto                   | 0       |
|   and_ln114_14_fu_4018_p2        |     |        | and_ln114_14       | and       | auto                   | 0       |
|   xor_ln114_29_fu_4024_p2        |     |        | xor_ln114_29       | xor       | auto                   | 0       |
|   and_ln114_15_fu_4030_p2        |     |        | and_ln114_15       | and       | auto                   | 0       |
|   xor_ln114_30_fu_4036_p2        |     |        | xor_ln114_30       | xor       | auto                   | 0       |
|   xor_ln114_31_fu_4042_p2        |     |        | xor_ln114_31       | xor       | auto                   | 0       |
|   or_ln114_7_fu_4048_p2          |     |        | or_ln114_7         | or        | auto                   | 0       |
|   select_ln114_21_fu_4054_p3     |     |        | select_ln114_21    | select    | auto_sel               | 0       |
|   select_ln114_22_fu_4062_p3     |     |        | select_ln114_22    | select    | auto_sel               | 0       |
|   select_ln114_23_fu_4070_p3     |     |        | select_ln114_23    | select    | auto_sel               | 0       |
|   xor_ln115_7_fu_4078_p2         |     |        | xor_ln115_7        | xor       | auto                   | 0       |
|   terms_23_fu_4084_p3            |     |        | terms_23           | select    | auto_sel               | 0       |
|   sub_ln114_8_fu_4096_p2         |     |        | sub_ln114_8        | sub       | fabric                 | 0       |
|   xor_ln114_32_fu_4122_p2        |     |        | xor_ln114_32       | xor       | auto                   | 0       |
|   and_ln114_16_fu_4128_p2        |     |        | and_ln114_16       | and       | auto                   | 0       |
|   xor_ln114_33_fu_4134_p2        |     |        | xor_ln114_33       | xor       | auto                   | 0       |
|   and_ln114_17_fu_4140_p2        |     |        | and_ln114_17       | and       | auto                   | 0       |
|   xor_ln114_34_fu_4146_p2        |     |        | xor_ln114_34       | xor       | auto                   | 0       |
|   xor_ln114_35_fu_4152_p2        |     |        | xor_ln114_35       | xor       | auto                   | 0       |
|   or_ln114_8_fu_4158_p2          |     |        | or_ln114_8         | or        | auto                   | 0       |
|   select_ln114_24_fu_4164_p3     |     |        | select_ln114_24    | select    | auto_sel               | 0       |
|   select_ln114_25_fu_4172_p3     |     |        | select_ln114_25    | select    | auto_sel               | 0       |
|   select_ln114_26_fu_4180_p3     |     |        | select_ln114_26    | select    | auto_sel               | 0       |
|   xor_ln115_8_fu_4188_p2         |     |        | xor_ln115_8        | xor       | auto                   | 0       |
|   terms_24_fu_4194_p3            |     |        | terms_24           | select    | auto_sel               | 0       |
|   sub_ln114_9_fu_4206_p2         |     |        | sub_ln114_9        | sub       | fabric                 | 0       |
|   xor_ln114_36_fu_4232_p2        |     |        | xor_ln114_36       | xor       | auto                   | 0       |
|   and_ln114_18_fu_4238_p2        |     |        | and_ln114_18       | and       | auto                   | 0       |
|   xor_ln114_37_fu_4244_p2        |     |        | xor_ln114_37       | xor       | auto                   | 0       |
|   and_ln114_19_fu_4250_p2        |     |        | and_ln114_19       | and       | auto                   | 0       |
|   xor_ln114_38_fu_4256_p2        |     |        | xor_ln114_38       | xor       | auto                   | 0       |
|   xor_ln114_39_fu_4262_p2        |     |        | xor_ln114_39       | xor       | auto                   | 0       |
|   or_ln114_9_fu_4268_p2          |     |        | or_ln114_9         | or        | auto                   | 0       |
|   select_ln114_27_fu_4274_p3     |     |        | select_ln114_27    | select    | auto_sel               | 0       |
|   select_ln114_28_fu_4282_p3     |     |        | select_ln114_28    | select    | auto_sel               | 0       |
|   select_ln114_29_fu_4290_p3     |     |        | select_ln114_29    | select    | auto_sel               | 0       |
|   xor_ln115_9_fu_4298_p2         |     |        | xor_ln115_9        | xor       | auto                   | 0       |
|   terms_25_fu_4304_p3            |     |        | terms_25           | select    | auto_sel               | 0       |
|   sub_ln114_10_fu_4316_p2        |     |        | sub_ln114_10       | sub       | fabric                 | 0       |
|   xor_ln114_40_fu_4342_p2        |     |        | xor_ln114_40       | xor       | auto                   | 0       |
|   and_ln114_20_fu_4348_p2        |     |        | and_ln114_20       | and       | auto                   | 0       |
|   xor_ln114_41_fu_4354_p2        |     |        | xor_ln114_41       | xor       | auto                   | 0       |
|   and_ln114_21_fu_4360_p2        |     |        | and_ln114_21       | and       | auto                   | 0       |
|   xor_ln114_42_fu_4366_p2        |     |        | xor_ln114_42       | xor       | auto                   | 0       |
|   xor_ln114_43_fu_4372_p2        |     |        | xor_ln114_43       | xor       | auto                   | 0       |
|   or_ln114_10_fu_4378_p2         |     |        | or_ln114_10        | or        | auto                   | 0       |
|   select_ln114_30_fu_4384_p3     |     |        | select_ln114_30    | select    | auto_sel               | 0       |
|   select_ln114_31_fu_4392_p3     |     |        | select_ln114_31    | select    | auto_sel               | 0       |
|   select_ln114_32_fu_4400_p3     |     |        | select_ln114_32    | select    | auto_sel               | 0       |
|   xor_ln115_10_fu_4408_p2        |     |        | xor_ln115_10       | xor       | auto                   | 0       |
|   terms_26_fu_4414_p3            |     |        | terms_26           | select    | auto_sel               | 0       |
|   sub_ln114_11_fu_4426_p2        |     |        | sub_ln114_11       | sub       | fabric                 | 0       |
|   xor_ln114_44_fu_4452_p2        |     |        | xor_ln114_44       | xor       | auto                   | 0       |
|   and_ln114_22_fu_4458_p2        |     |        | and_ln114_22       | and       | auto                   | 0       |
|   xor_ln114_45_fu_4464_p2        |     |        | xor_ln114_45       | xor       | auto                   | 0       |
|   and_ln114_23_fu_4470_p2        |     |        | and_ln114_23       | and       | auto                   | 0       |
|   xor_ln114_46_fu_4476_p2        |     |        | xor_ln114_46       | xor       | auto                   | 0       |
|   xor_ln114_47_fu_4482_p2        |     |        | xor_ln114_47       | xor       | auto                   | 0       |
|   or_ln114_11_fu_4488_p2         |     |        | or_ln114_11        | or        | auto                   | 0       |
|   select_ln114_33_fu_4494_p3     |     |        | select_ln114_33    | select    | auto_sel               | 0       |
|   select_ln114_34_fu_4502_p3     |     |        | select_ln114_34    | select    | auto_sel               | 0       |
|   select_ln114_35_fu_4510_p3     |     |        | select_ln114_35    | select    | auto_sel               | 0       |
|   xor_ln115_11_fu_4518_p2        |     |        | xor_ln115_11       | xor       | auto                   | 0       |
|   terms_27_fu_4524_p3            |     |        | terms_27           | select    | auto_sel               | 0       |
|   sub_ln114_12_fu_4536_p2        |     |        | sub_ln114_12       | sub       | fabric                 | 0       |
|   xor_ln114_48_fu_4562_p2        |     |        | xor_ln114_48       | xor       | auto                   | 0       |
|   and_ln114_24_fu_4568_p2        |     |        | and_ln114_24       | and       | auto                   | 0       |
|   xor_ln114_49_fu_4574_p2        |     |        | xor_ln114_49       | xor       | auto                   | 0       |
|   and_ln114_25_fu_4580_p2        |     |        | and_ln114_25       | and       | auto                   | 0       |
|   xor_ln114_50_fu_4586_p2        |     |        | xor_ln114_50       | xor       | auto                   | 0       |
|   xor_ln114_51_fu_4592_p2        |     |        | xor_ln114_51       | xor       | auto                   | 0       |
|   or_ln114_12_fu_4598_p2         |     |        | or_ln114_12        | or        | auto                   | 0       |
|   select_ln114_36_fu_4604_p3     |     |        | select_ln114_36    | select    | auto_sel               | 0       |
|   select_ln114_37_fu_4612_p3     |     |        | select_ln114_37    | select    | auto_sel               | 0       |
|   select_ln114_38_fu_4620_p3     |     |        | select_ln114_38    | select    | auto_sel               | 0       |
|   xor_ln115_12_fu_4628_p2        |     |        | xor_ln115_12       | xor       | auto                   | 0       |
|   terms_28_fu_4634_p3            |     |        | terms_28           | select    | auto_sel               | 0       |
|   sub_ln114_13_fu_4646_p2        |     |        | sub_ln114_13       | sub       | fabric                 | 0       |
|   xor_ln114_52_fu_4672_p2        |     |        | xor_ln114_52       | xor       | auto                   | 0       |
|   and_ln114_26_fu_4678_p2        |     |        | and_ln114_26       | and       | auto                   | 0       |
|   xor_ln114_53_fu_4684_p2        |     |        | xor_ln114_53       | xor       | auto                   | 0       |
|   and_ln114_27_fu_4690_p2        |     |        | and_ln114_27       | and       | auto                   | 0       |
|   xor_ln114_54_fu_4696_p2        |     |        | xor_ln114_54       | xor       | auto                   | 0       |
|   xor_ln114_55_fu_4702_p2        |     |        | xor_ln114_55       | xor       | auto                   | 0       |
|   or_ln114_13_fu_4708_p2         |     |        | or_ln114_13        | or        | auto                   | 0       |
|   select_ln114_39_fu_4714_p3     |     |        | select_ln114_39    | select    | auto_sel               | 0       |
|   select_ln114_40_fu_4722_p3     |     |        | select_ln114_40    | select    | auto_sel               | 0       |
|   select_ln114_41_fu_4730_p3     |     |        | select_ln114_41    | select    | auto_sel               | 0       |
|   xor_ln115_13_fu_4738_p2        |     |        | xor_ln115_13       | xor       | auto                   | 0       |
|   terms_29_fu_4744_p3            |     |        | terms_29           | select    | auto_sel               | 0       |
|   sub_ln114_14_fu_4756_p2        |     |        | sub_ln114_14       | sub       | fabric                 | 0       |
|   xor_ln114_56_fu_4782_p2        |     |        | xor_ln114_56       | xor       | auto                   | 0       |
|   and_ln114_28_fu_4788_p2        |     |        | and_ln114_28       | and       | auto                   | 0       |
|   xor_ln114_57_fu_4794_p2        |     |        | xor_ln114_57       | xor       | auto                   | 0       |
|   and_ln114_29_fu_4800_p2        |     |        | and_ln114_29       | and       | auto                   | 0       |
|   xor_ln114_58_fu_4806_p2        |     |        | xor_ln114_58       | xor       | auto                   | 0       |
|   xor_ln114_59_fu_4812_p2        |     |        | xor_ln114_59       | xor       | auto                   | 0       |
|   or_ln114_14_fu_4818_p2         |     |        | or_ln114_14        | or        | auto                   | 0       |
|   select_ln114_42_fu_4824_p3     |     |        | select_ln114_42    | select    | auto_sel               | 0       |
|   select_ln114_43_fu_4832_p3     |     |        | select_ln114_43    | select    | auto_sel               | 0       |
|   select_ln114_44_fu_4840_p3     |     |        | select_ln114_44    | select    | auto_sel               | 0       |
|   xor_ln115_14_fu_4848_p2        |     |        | xor_ln115_14       | xor       | auto                   | 0       |
|   terms_30_fu_4854_p3            |     |        | terms_30           | select    | auto_sel               | 0       |
|   sub_ln114_15_fu_4866_p2        |     |        | sub_ln114_15       | sub       | fabric                 | 0       |
|   xor_ln114_60_fu_4892_p2        |     |        | xor_ln114_60       | xor       | auto                   | 0       |
|   and_ln114_30_fu_4898_p2        |     |        | and_ln114_30       | and       | auto                   | 0       |
|   xor_ln114_61_fu_4904_p2        |     |        | xor_ln114_61       | xor       | auto                   | 0       |
|   and_ln114_31_fu_4910_p2        |     |        | and_ln114_31       | and       | auto                   | 0       |
|   xor_ln114_62_fu_4916_p2        |     |        | xor_ln114_62       | xor       | auto                   | 0       |
|   xor_ln114_63_fu_4922_p2        |     |        | xor_ln114_63       | xor       | auto                   | 0       |
|   or_ln114_15_fu_4928_p2         |     |        | or_ln114_15        | or        | auto                   | 0       |
|   select_ln114_45_fu_4934_p3     |     |        | select_ln114_45    | select    | auto_sel               | 0       |
|   select_ln114_46_fu_4942_p3     |     |        | select_ln114_46    | select    | auto_sel               | 0       |
|   select_ln114_47_fu_4950_p3     |     |        | select_ln114_47    | select    | auto_sel               | 0       |
|   xor_ln115_15_fu_4958_p2        |     |        | xor_ln115_15       | xor       | auto                   | 0       |
|   terms_31_fu_4964_p3            |     |        | terms_31           | select    | auto_sel               | 0       |
|   sub_ln114_16_fu_4976_p2        |     |        | sub_ln114_16       | sub       | fabric                 | 0       |
|   xor_ln114_64_fu_5002_p2        |     |        | xor_ln114_64       | xor       | auto                   | 0       |
|   and_ln114_32_fu_5008_p2        |     |        | and_ln114_32       | and       | auto                   | 0       |
|   xor_ln114_65_fu_5014_p2        |     |        | xor_ln114_65       | xor       | auto                   | 0       |
|   and_ln114_33_fu_5020_p2        |     |        | and_ln114_33       | and       | auto                   | 0       |
|   xor_ln114_66_fu_5026_p2        |     |        | xor_ln114_66       | xor       | auto                   | 0       |
|   xor_ln114_67_fu_5032_p2        |     |        | xor_ln114_67       | xor       | auto                   | 0       |
|   or_ln114_16_fu_5038_p2         |     |        | or_ln114_16        | or        | auto                   | 0       |
|   select_ln114_48_fu_5044_p3     |     |        | select_ln114_48    | select    | auto_sel               | 0       |
|   select_ln114_49_fu_5052_p3     |     |        | select_ln114_49    | select    | auto_sel               | 0       |
|   select_ln114_50_fu_5060_p3     |     |        | select_ln114_50    | select    | auto_sel               | 0       |
|   xor_ln115_16_fu_5068_p2        |     |        | xor_ln115_16       | xor       | auto                   | 0       |
|   terms_32_fu_5074_p3            |     |        | terms_32           | select    | auto_sel               | 0       |
|   sub_ln114_17_fu_5086_p2        |     |        | sub_ln114_17       | sub       | fabric                 | 0       |
|   xor_ln114_68_fu_5112_p2        |     |        | xor_ln114_68       | xor       | auto                   | 0       |
|   and_ln114_34_fu_5118_p2        |     |        | and_ln114_34       | and       | auto                   | 0       |
|   xor_ln114_69_fu_5124_p2        |     |        | xor_ln114_69       | xor       | auto                   | 0       |
|   and_ln114_35_fu_5130_p2        |     |        | and_ln114_35       | and       | auto                   | 0       |
|   xor_ln114_70_fu_5136_p2        |     |        | xor_ln114_70       | xor       | auto                   | 0       |
|   xor_ln114_71_fu_5142_p2        |     |        | xor_ln114_71       | xor       | auto                   | 0       |
|   or_ln114_17_fu_5148_p2         |     |        | or_ln114_17        | or        | auto                   | 0       |
|   select_ln114_51_fu_5154_p3     |     |        | select_ln114_51    | select    | auto_sel               | 0       |
|   select_ln114_52_fu_5162_p3     |     |        | select_ln114_52    | select    | auto_sel               | 0       |
|   select_ln114_53_fu_5170_p3     |     |        | select_ln114_53    | select    | auto_sel               | 0       |
|   xor_ln115_17_fu_5178_p2        |     |        | xor_ln115_17       | xor       | auto                   | 0       |
|   terms_33_fu_5184_p3            |     |        | terms_33           | select    | auto_sel               | 0       |
|   sub_ln114_18_fu_5196_p2        |     |        | sub_ln114_18       | sub       | fabric                 | 0       |
|   xor_ln114_72_fu_5222_p2        |     |        | xor_ln114_72       | xor       | auto                   | 0       |
|   and_ln114_36_fu_5228_p2        |     |        | and_ln114_36       | and       | auto                   | 0       |
|   xor_ln114_73_fu_5234_p2        |     |        | xor_ln114_73       | xor       | auto                   | 0       |
|   and_ln114_37_fu_5240_p2        |     |        | and_ln114_37       | and       | auto                   | 0       |
|   xor_ln114_74_fu_5246_p2        |     |        | xor_ln114_74       | xor       | auto                   | 0       |
|   xor_ln114_75_fu_5252_p2        |     |        | xor_ln114_75       | xor       | auto                   | 0       |
|   or_ln114_18_fu_5258_p2         |     |        | or_ln114_18        | or        | auto                   | 0       |
|   select_ln114_54_fu_5264_p3     |     |        | select_ln114_54    | select    | auto_sel               | 0       |
|   select_ln114_55_fu_5272_p3     |     |        | select_ln114_55    | select    | auto_sel               | 0       |
|   select_ln114_56_fu_5280_p3     |     |        | select_ln114_56    | select    | auto_sel               | 0       |
|   xor_ln115_18_fu_5288_p2        |     |        | xor_ln115_18       | xor       | auto                   | 0       |
|   terms_34_fu_5294_p3            |     |        | terms_34           | select    | auto_sel               | 0       |
|   sub_ln114_19_fu_5306_p2        |     |        | sub_ln114_19       | sub       | fabric                 | 0       |
|   xor_ln114_76_fu_5332_p2        |     |        | xor_ln114_76       | xor       | auto                   | 0       |
|   and_ln114_38_fu_5338_p2        |     |        | and_ln114_38       | and       | auto                   | 0       |
|   xor_ln114_77_fu_5344_p2        |     |        | xor_ln114_77       | xor       | auto                   | 0       |
|   and_ln114_39_fu_5350_p2        |     |        | and_ln114_39       | and       | auto                   | 0       |
|   xor_ln114_78_fu_5356_p2        |     |        | xor_ln114_78       | xor       | auto                   | 0       |
|   xor_ln114_79_fu_5362_p2        |     |        | xor_ln114_79       | xor       | auto                   | 0       |
|   or_ln114_19_fu_5368_p2         |     |        | or_ln114_19        | or        | auto                   | 0       |
|   select_ln114_57_fu_5374_p3     |     |        | select_ln114_57    | select    | auto_sel               | 0       |
|   select_ln114_58_fu_5382_p3     |     |        | select_ln114_58    | select    | auto_sel               | 0       |
|   select_ln114_59_fu_5390_p3     |     |        | select_ln114_59    | select    | auto_sel               | 0       |
|   xor_ln115_19_fu_5398_p2        |     |        | xor_ln115_19       | xor       | auto                   | 0       |
|   terms_35_fu_5404_p3            |     |        | terms_35           | select    | auto_sel               | 0       |
|   sub_ln114_20_fu_5416_p2        |     |        | sub_ln114_20       | sub       | fabric                 | 0       |
|   xor_ln114_80_fu_5442_p2        |     |        | xor_ln114_80       | xor       | auto                   | 0       |
|   and_ln114_40_fu_5448_p2        |     |        | and_ln114_40       | and       | auto                   | 0       |
|   xor_ln114_81_fu_5454_p2        |     |        | xor_ln114_81       | xor       | auto                   | 0       |
|   and_ln114_41_fu_5460_p2        |     |        | and_ln114_41       | and       | auto                   | 0       |
|   xor_ln114_82_fu_5466_p2        |     |        | xor_ln114_82       | xor       | auto                   | 0       |
|   xor_ln114_83_fu_5472_p2        |     |        | xor_ln114_83       | xor       | auto                   | 0       |
|   or_ln114_20_fu_5478_p2         |     |        | or_ln114_20        | or        | auto                   | 0       |
|   select_ln114_60_fu_5484_p3     |     |        | select_ln114_60    | select    | auto_sel               | 0       |
|   select_ln114_61_fu_5492_p3     |     |        | select_ln114_61    | select    | auto_sel               | 0       |
|   select_ln114_62_fu_5500_p3     |     |        | select_ln114_62    | select    | auto_sel               | 0       |
|   xor_ln115_20_fu_5508_p2        |     |        | xor_ln115_20       | xor       | auto                   | 0       |
|   terms_36_fu_5514_p3            |     |        | terms_36           | select    | auto_sel               | 0       |
|   sub_ln114_21_fu_5526_p2        |     |        | sub_ln114_21       | sub       | fabric                 | 0       |
|   xor_ln114_84_fu_5552_p2        |     |        | xor_ln114_84       | xor       | auto                   | 0       |
|   and_ln114_42_fu_5558_p2        |     |        | and_ln114_42       | and       | auto                   | 0       |
|   xor_ln114_85_fu_5564_p2        |     |        | xor_ln114_85       | xor       | auto                   | 0       |
|   and_ln114_43_fu_5570_p2        |     |        | and_ln114_43       | and       | auto                   | 0       |
|   xor_ln114_86_fu_5576_p2        |     |        | xor_ln114_86       | xor       | auto                   | 0       |
|   xor_ln114_87_fu_5582_p2        |     |        | xor_ln114_87       | xor       | auto                   | 0       |
|   or_ln114_21_fu_5588_p2         |     |        | or_ln114_21        | or        | auto                   | 0       |
|   select_ln114_63_fu_5594_p3     |     |        | select_ln114_63    | select    | auto_sel               | 0       |
|   select_ln114_64_fu_5602_p3     |     |        | select_ln114_64    | select    | auto_sel               | 0       |
|   select_ln114_65_fu_5610_p3     |     |        | select_ln114_65    | select    | auto_sel               | 0       |
|   xor_ln115_21_fu_5618_p2        |     |        | xor_ln115_21       | xor       | auto                   | 0       |
|   terms_37_fu_5624_p3            |     |        | terms_37           | select    | auto_sel               | 0       |
|   sub_ln114_22_fu_5636_p2        |     |        | sub_ln114_22       | sub       | fabric                 | 0       |
|   xor_ln114_88_fu_5662_p2        |     |        | xor_ln114_88       | xor       | auto                   | 0       |
|   and_ln114_44_fu_5668_p2        |     |        | and_ln114_44       | and       | auto                   | 0       |
|   xor_ln114_89_fu_5674_p2        |     |        | xor_ln114_89       | xor       | auto                   | 0       |
|   and_ln114_45_fu_5680_p2        |     |        | and_ln114_45       | and       | auto                   | 0       |
|   xor_ln114_90_fu_5686_p2        |     |        | xor_ln114_90       | xor       | auto                   | 0       |
|   xor_ln114_91_fu_5692_p2        |     |        | xor_ln114_91       | xor       | auto                   | 0       |
|   or_ln114_22_fu_5698_p2         |     |        | or_ln114_22        | or        | auto                   | 0       |
|   select_ln114_66_fu_5704_p3     |     |        | select_ln114_66    | select    | auto_sel               | 0       |
|   select_ln114_67_fu_5712_p3     |     |        | select_ln114_67    | select    | auto_sel               | 0       |
|   select_ln114_68_fu_5720_p3     |     |        | select_ln114_68    | select    | auto_sel               | 0       |
|   xor_ln115_22_fu_5728_p2        |     |        | xor_ln115_22       | xor       | auto                   | 0       |
|   terms_38_fu_5734_p3            |     |        | terms_38           | select    | auto_sel               | 0       |
|   sub_ln114_23_fu_5746_p2        |     |        | sub_ln114_23       | sub       | fabric                 | 0       |
|   xor_ln114_92_fu_5772_p2        |     |        | xor_ln114_92       | xor       | auto                   | 0       |
|   and_ln114_46_fu_5778_p2        |     |        | and_ln114_46       | and       | auto                   | 0       |
|   xor_ln114_93_fu_5784_p2        |     |        | xor_ln114_93       | xor       | auto                   | 0       |
|   and_ln114_47_fu_5790_p2        |     |        | and_ln114_47       | and       | auto                   | 0       |
|   xor_ln114_94_fu_5796_p2        |     |        | xor_ln114_94       | xor       | auto                   | 0       |
|   xor_ln114_95_fu_5802_p2        |     |        | xor_ln114_95       | xor       | auto                   | 0       |
|   or_ln114_23_fu_5808_p2         |     |        | or_ln114_23        | or        | auto                   | 0       |
|   select_ln114_69_fu_5814_p3     |     |        | select_ln114_69    | select    | auto_sel               | 0       |
|   select_ln114_70_fu_5822_p3     |     |        | select_ln114_70    | select    | auto_sel               | 0       |
|   select_ln114_71_fu_5830_p3     |     |        | select_ln114_71    | select    | auto_sel               | 0       |
|   xor_ln115_23_fu_5838_p2        |     |        | xor_ln115_23       | xor       | auto                   | 0       |
|   terms_39_fu_5844_p3            |     |        | terms_39           | select    | auto_sel               | 0       |
|   sub_ln114_24_fu_5856_p2        |     |        | sub_ln114_24       | sub       | fabric                 | 0       |
|   xor_ln114_96_fu_5882_p2        |     |        | xor_ln114_96       | xor       | auto                   | 0       |
|   and_ln114_48_fu_5888_p2        |     |        | and_ln114_48       | and       | auto                   | 0       |
|   xor_ln114_97_fu_5894_p2        |     |        | xor_ln114_97       | xor       | auto                   | 0       |
|   and_ln114_49_fu_5900_p2        |     |        | and_ln114_49       | and       | auto                   | 0       |
|   xor_ln114_98_fu_5906_p2        |     |        | xor_ln114_98       | xor       | auto                   | 0       |
|   xor_ln114_99_fu_5912_p2        |     |        | xor_ln114_99       | xor       | auto                   | 0       |
|   or_ln114_24_fu_5918_p2         |     |        | or_ln114_24        | or        | auto                   | 0       |
|   select_ln114_72_fu_5924_p3     |     |        | select_ln114_72    | select    | auto_sel               | 0       |
|   select_ln114_73_fu_5932_p3     |     |        | select_ln114_73    | select    | auto_sel               | 0       |
|   select_ln114_74_fu_5940_p3     |     |        | select_ln114_74    | select    | auto_sel               | 0       |
|   xor_ln115_24_fu_5948_p2        |     |        | xor_ln115_24       | xor       | auto                   | 0       |
|   terms_40_fu_5954_p3            |     |        | terms_40           | select    | auto_sel               | 0       |
|   sub_ln114_25_fu_5966_p2        |     |        | sub_ln114_25       | sub       | fabric                 | 0       |
|   xor_ln114_100_fu_5992_p2       |     |        | xor_ln114_100      | xor       | auto                   | 0       |
|   and_ln114_50_fu_5998_p2        |     |        | and_ln114_50       | and       | auto                   | 0       |
|   xor_ln114_101_fu_6004_p2       |     |        | xor_ln114_101      | xor       | auto                   | 0       |
|   and_ln114_51_fu_6010_p2        |     |        | and_ln114_51       | and       | auto                   | 0       |
|   xor_ln114_102_fu_6016_p2       |     |        | xor_ln114_102      | xor       | auto                   | 0       |
|   xor_ln114_103_fu_6022_p2       |     |        | xor_ln114_103      | xor       | auto                   | 0       |
|   or_ln114_25_fu_6028_p2         |     |        | or_ln114_25        | or        | auto                   | 0       |
|   select_ln114_75_fu_6034_p3     |     |        | select_ln114_75    | select    | auto_sel               | 0       |
|   select_ln114_76_fu_6042_p3     |     |        | select_ln114_76    | select    | auto_sel               | 0       |
|   select_ln114_77_fu_6050_p3     |     |        | select_ln114_77    | select    | auto_sel               | 0       |
|   xor_ln115_25_fu_6058_p2        |     |        | xor_ln115_25       | xor       | auto                   | 0       |
|   terms_41_fu_6064_p3            |     |        | terms_41           | select    | auto_sel               | 0       |
|   sub_ln114_26_fu_6076_p2        |     |        | sub_ln114_26       | sub       | fabric                 | 0       |
|   xor_ln114_104_fu_6102_p2       |     |        | xor_ln114_104      | xor       | auto                   | 0       |
|   and_ln114_52_fu_6108_p2        |     |        | and_ln114_52       | and       | auto                   | 0       |
|   xor_ln114_105_fu_6114_p2       |     |        | xor_ln114_105      | xor       | auto                   | 0       |
|   and_ln114_53_fu_6120_p2        |     |        | and_ln114_53       | and       | auto                   | 0       |
|   xor_ln114_106_fu_6126_p2       |     |        | xor_ln114_106      | xor       | auto                   | 0       |
|   xor_ln114_107_fu_6132_p2       |     |        | xor_ln114_107      | xor       | auto                   | 0       |
|   or_ln114_26_fu_6138_p2         |     |        | or_ln114_26        | or        | auto                   | 0       |
|   select_ln114_78_fu_6144_p3     |     |        | select_ln114_78    | select    | auto_sel               | 0       |
|   select_ln114_79_fu_6152_p3     |     |        | select_ln114_79    | select    | auto_sel               | 0       |
|   select_ln114_80_fu_6160_p3     |     |        | select_ln114_80    | select    | auto_sel               | 0       |
|   xor_ln115_26_fu_6168_p2        |     |        | xor_ln115_26       | xor       | auto                   | 0       |
|   terms_42_fu_6174_p3            |     |        | terms_42           | select    | auto_sel               | 0       |
|   sub_ln114_27_fu_6186_p2        |     |        | sub_ln114_27       | sub       | fabric                 | 0       |
|   xor_ln114_108_fu_6212_p2       |     |        | xor_ln114_108      | xor       | auto                   | 0       |
|   and_ln114_54_fu_6218_p2        |     |        | and_ln114_54       | and       | auto                   | 0       |
|   xor_ln114_109_fu_6224_p2       |     |        | xor_ln114_109      | xor       | auto                   | 0       |
|   and_ln114_55_fu_6230_p2        |     |        | and_ln114_55       | and       | auto                   | 0       |
|   xor_ln114_110_fu_6236_p2       |     |        | xor_ln114_110      | xor       | auto                   | 0       |
|   xor_ln114_111_fu_6242_p2       |     |        | xor_ln114_111      | xor       | auto                   | 0       |
|   or_ln114_27_fu_6248_p2         |     |        | or_ln114_27        | or        | auto                   | 0       |
|   select_ln114_81_fu_6254_p3     |     |        | select_ln114_81    | select    | auto_sel               | 0       |
|   select_ln114_82_fu_6262_p3     |     |        | select_ln114_82    | select    | auto_sel               | 0       |
|   select_ln114_83_fu_6270_p3     |     |        | select_ln114_83    | select    | auto_sel               | 0       |
|   xor_ln115_27_fu_6278_p2        |     |        | xor_ln115_27       | xor       | auto                   | 0       |
|   terms_43_fu_6284_p3            |     |        | terms_43           | select    | auto_sel               | 0       |
|   sub_ln114_28_fu_6296_p2        |     |        | sub_ln114_28       | sub       | fabric                 | 0       |
|   xor_ln114_112_fu_6322_p2       |     |        | xor_ln114_112      | xor       | auto                   | 0       |
|   and_ln114_56_fu_6328_p2        |     |        | and_ln114_56       | and       | auto                   | 0       |
|   xor_ln114_113_fu_6334_p2       |     |        | xor_ln114_113      | xor       | auto                   | 0       |
|   and_ln114_57_fu_6340_p2        |     |        | and_ln114_57       | and       | auto                   | 0       |
|   xor_ln114_114_fu_6346_p2       |     |        | xor_ln114_114      | xor       | auto                   | 0       |
|   xor_ln114_115_fu_6352_p2       |     |        | xor_ln114_115      | xor       | auto                   | 0       |
|   or_ln114_28_fu_6358_p2         |     |        | or_ln114_28        | or        | auto                   | 0       |
|   select_ln114_84_fu_6364_p3     |     |        | select_ln114_84    | select    | auto_sel               | 0       |
|   select_ln114_85_fu_6372_p3     |     |        | select_ln114_85    | select    | auto_sel               | 0       |
|   select_ln114_86_fu_6380_p3     |     |        | select_ln114_86    | select    | auto_sel               | 0       |
|   xor_ln115_28_fu_6388_p2        |     |        | xor_ln115_28       | xor       | auto                   | 0       |
|   terms_44_fu_6394_p3            |     |        | terms_44           | select    | auto_sel               | 0       |
|   sub_ln114_29_fu_6406_p2        |     |        | sub_ln114_29       | sub       | fabric                 | 0       |
|   xor_ln114_116_fu_6432_p2       |     |        | xor_ln114_116      | xor       | auto                   | 0       |
|   and_ln114_58_fu_6438_p2        |     |        | and_ln114_58       | and       | auto                   | 0       |
|   xor_ln114_117_fu_6444_p2       |     |        | xor_ln114_117      | xor       | auto                   | 0       |
|   and_ln114_59_fu_6450_p2        |     |        | and_ln114_59       | and       | auto                   | 0       |
|   xor_ln114_118_fu_6456_p2       |     |        | xor_ln114_118      | xor       | auto                   | 0       |
|   xor_ln114_119_fu_6462_p2       |     |        | xor_ln114_119      | xor       | auto                   | 0       |
|   or_ln114_29_fu_6468_p2         |     |        | or_ln114_29        | or        | auto                   | 0       |
|   select_ln114_87_fu_6474_p3     |     |        | select_ln114_87    | select    | auto_sel               | 0       |
|   select_ln114_88_fu_6482_p3     |     |        | select_ln114_88    | select    | auto_sel               | 0       |
|   select_ln114_89_fu_6490_p3     |     |        | select_ln114_89    | select    | auto_sel               | 0       |
|   xor_ln115_29_fu_6498_p2        |     |        | xor_ln115_29       | xor       | auto                   | 0       |
|   terms_45_fu_6504_p3            |     |        | terms_45           | select    | auto_sel               | 0       |
|   sub_ln114_30_fu_6516_p2        |     |        | sub_ln114_30       | sub       | fabric                 | 0       |
|   xor_ln114_120_fu_6542_p2       |     |        | xor_ln114_120      | xor       | auto                   | 0       |
|   and_ln114_60_fu_6548_p2        |     |        | and_ln114_60       | and       | auto                   | 0       |
|   xor_ln114_121_fu_6554_p2       |     |        | xor_ln114_121      | xor       | auto                   | 0       |
|   and_ln114_61_fu_6560_p2        |     |        | and_ln114_61       | and       | auto                   | 0       |
|   xor_ln114_122_fu_6566_p2       |     |        | xor_ln114_122      | xor       | auto                   | 0       |
|   xor_ln114_123_fu_6572_p2       |     |        | xor_ln114_123      | xor       | auto                   | 0       |
|   or_ln114_30_fu_6578_p2         |     |        | or_ln114_30        | or        | auto                   | 0       |
|   select_ln114_90_fu_6584_p3     |     |        | select_ln114_90    | select    | auto_sel               | 0       |
|   select_ln114_91_fu_6592_p3     |     |        | select_ln114_91    | select    | auto_sel               | 0       |
|   select_ln114_92_fu_6600_p3     |     |        | select_ln114_92    | select    | auto_sel               | 0       |
|   xor_ln115_30_fu_6608_p2        |     |        | xor_ln115_30       | xor       | auto                   | 0       |
|   terms_46_fu_6614_p3            |     |        | terms_46           | select    | auto_sel               | 0       |
|   sub_ln114_31_fu_6626_p2        |     |        | sub_ln114_31       | sub       | fabric                 | 0       |
|   xor_ln114_124_fu_6652_p2       |     |        | xor_ln114_124      | xor       | auto                   | 0       |
|   and_ln114_62_fu_6658_p2        |     |        | and_ln114_62       | and       | auto                   | 0       |
|   xor_ln114_125_fu_6664_p2       |     |        | xor_ln114_125      | xor       | auto                   | 0       |
|   and_ln114_63_fu_6670_p2        |     |        | and_ln114_63       | and       | auto                   | 0       |
|   xor_ln114_126_fu_6676_p2       |     |        | xor_ln114_126      | xor       | auto                   | 0       |
|   xor_ln114_127_fu_6682_p2       |     |        | xor_ln114_127      | xor       | auto                   | 0       |
|   or_ln114_31_fu_6688_p2         |     |        | or_ln114_31        | or        | auto                   | 0       |
|   select_ln114_93_fu_6694_p3     |     |        | select_ln114_93    | select    | auto_sel               | 0       |
|   select_ln114_94_fu_6702_p3     |     |        | select_ln114_94    | select    | auto_sel               | 0       |
|   select_ln114_95_fu_6710_p3     |     |        | select_ln114_95    | select    | auto_sel               | 0       |
|   xor_ln115_31_fu_6718_p2        |     |        | xor_ln115_31       | xor       | auto                   | 0       |
|   terms_47_fu_6724_p3            |     |        | terms_47           | select    | auto_sel               | 0       |
|   sub_ln114_32_fu_6736_p2        |     |        | sub_ln114_32       | sub       | fabric                 | 0       |
|   xor_ln114_128_fu_6762_p2       |     |        | xor_ln114_128      | xor       | auto                   | 0       |
|   and_ln114_64_fu_6768_p2        |     |        | and_ln114_64       | and       | auto                   | 0       |
|   xor_ln114_129_fu_6774_p2       |     |        | xor_ln114_129      | xor       | auto                   | 0       |
|   and_ln114_65_fu_6780_p2        |     |        | and_ln114_65       | and       | auto                   | 0       |
|   xor_ln114_130_fu_6786_p2       |     |        | xor_ln114_130      | xor       | auto                   | 0       |
|   xor_ln114_131_fu_6792_p2       |     |        | xor_ln114_131      | xor       | auto                   | 0       |
|   or_ln114_32_fu_6798_p2         |     |        | or_ln114_32        | or        | auto                   | 0       |
|   select_ln114_96_fu_6804_p3     |     |        | select_ln114_96    | select    | auto_sel               | 0       |
|   select_ln114_97_fu_6812_p3     |     |        | select_ln114_97    | select    | auto_sel               | 0       |
|   select_ln114_98_fu_6820_p3     |     |        | select_ln114_98    | select    | auto_sel               | 0       |
|   xor_ln115_32_fu_6828_p2        |     |        | xor_ln115_32       | xor       | auto                   | 0       |
|   terms_48_fu_6834_p3            |     |        | terms_48           | select    | auto_sel               | 0       |
|   sub_ln114_33_fu_6846_p2        |     |        | sub_ln114_33       | sub       | fabric                 | 0       |
|   xor_ln114_132_fu_6872_p2       |     |        | xor_ln114_132      | xor       | auto                   | 0       |
|   and_ln114_66_fu_6878_p2        |     |        | and_ln114_66       | and       | auto                   | 0       |
|   xor_ln114_133_fu_6884_p2       |     |        | xor_ln114_133      | xor       | auto                   | 0       |
|   and_ln114_67_fu_6890_p2        |     |        | and_ln114_67       | and       | auto                   | 0       |
|   xor_ln114_134_fu_6896_p2       |     |        | xor_ln114_134      | xor       | auto                   | 0       |
|   xor_ln114_135_fu_6902_p2       |     |        | xor_ln114_135      | xor       | auto                   | 0       |
|   or_ln114_33_fu_6908_p2         |     |        | or_ln114_33        | or        | auto                   | 0       |
|   select_ln114_99_fu_6914_p3     |     |        | select_ln114_99    | select    | auto_sel               | 0       |
|   select_ln114_100_fu_6922_p3    |     |        | select_ln114_100   | select    | auto_sel               | 0       |
|   select_ln114_101_fu_6930_p3    |     |        | select_ln114_101   | select    | auto_sel               | 0       |
|   xor_ln115_33_fu_6938_p2        |     |        | xor_ln115_33       | xor       | auto                   | 0       |
|   terms_49_fu_6944_p3            |     |        | terms_49           | select    | auto_sel               | 0       |
|   sub_ln114_34_fu_6956_p2        |     |        | sub_ln114_34       | sub       | fabric                 | 0       |
|   xor_ln114_136_fu_6982_p2       |     |        | xor_ln114_136      | xor       | auto                   | 0       |
|   and_ln114_68_fu_6988_p2        |     |        | and_ln114_68       | and       | auto                   | 0       |
|   xor_ln114_137_fu_6994_p2       |     |        | xor_ln114_137      | xor       | auto                   | 0       |
|   and_ln114_69_fu_7000_p2        |     |        | and_ln114_69       | and       | auto                   | 0       |
|   xor_ln114_138_fu_7006_p2       |     |        | xor_ln114_138      | xor       | auto                   | 0       |
|   xor_ln114_139_fu_7012_p2       |     |        | xor_ln114_139      | xor       | auto                   | 0       |
|   or_ln114_34_fu_7018_p2         |     |        | or_ln114_34        | or        | auto                   | 0       |
|   select_ln114_102_fu_7024_p3    |     |        | select_ln114_102   | select    | auto_sel               | 0       |
|   select_ln114_103_fu_7032_p3    |     |        | select_ln114_103   | select    | auto_sel               | 0       |
|   select_ln114_104_fu_7040_p3    |     |        | select_ln114_104   | select    | auto_sel               | 0       |
|   xor_ln115_34_fu_7048_p2        |     |        | xor_ln115_34       | xor       | auto                   | 0       |
|   terms_50_fu_7054_p3            |     |        | terms_50           | select    | auto_sel               | 0       |
|   sub_ln114_35_fu_7066_p2        |     |        | sub_ln114_35       | sub       | fabric                 | 0       |
|   xor_ln114_140_fu_7092_p2       |     |        | xor_ln114_140      | xor       | auto                   | 0       |
|   and_ln114_70_fu_7098_p2        |     |        | and_ln114_70       | and       | auto                   | 0       |
|   xor_ln114_141_fu_7104_p2       |     |        | xor_ln114_141      | xor       | auto                   | 0       |
|   and_ln114_71_fu_7110_p2        |     |        | and_ln114_71       | and       | auto                   | 0       |
|   xor_ln114_142_fu_7116_p2       |     |        | xor_ln114_142      | xor       | auto                   | 0       |
|   xor_ln114_143_fu_7122_p2       |     |        | xor_ln114_143      | xor       | auto                   | 0       |
|   or_ln114_35_fu_7128_p2         |     |        | or_ln114_35        | or        | auto                   | 0       |
|   select_ln114_105_fu_7134_p3    |     |        | select_ln114_105   | select    | auto_sel               | 0       |
|   select_ln114_106_fu_7142_p3    |     |        | select_ln114_106   | select    | auto_sel               | 0       |
|   select_ln114_107_fu_7150_p3    |     |        | select_ln114_107   | select    | auto_sel               | 0       |
|   xor_ln115_35_fu_7158_p2        |     |        | xor_ln115_35       | xor       | auto                   | 0       |
|   terms_51_fu_7164_p3            |     |        | terms_51           | select    | auto_sel               | 0       |
|   sub_ln114_36_fu_7176_p2        |     |        | sub_ln114_36       | sub       | fabric                 | 0       |
|   xor_ln114_144_fu_7202_p2       |     |        | xor_ln114_144      | xor       | auto                   | 0       |
|   and_ln114_72_fu_7208_p2        |     |        | and_ln114_72       | and       | auto                   | 0       |
|   xor_ln114_145_fu_7214_p2       |     |        | xor_ln114_145      | xor       | auto                   | 0       |
|   and_ln114_73_fu_7220_p2        |     |        | and_ln114_73       | and       | auto                   | 0       |
|   xor_ln114_146_fu_7226_p2       |     |        | xor_ln114_146      | xor       | auto                   | 0       |
|   xor_ln114_147_fu_7232_p2       |     |        | xor_ln114_147      | xor       | auto                   | 0       |
|   or_ln114_36_fu_7238_p2         |     |        | or_ln114_36        | or        | auto                   | 0       |
|   select_ln114_108_fu_7244_p3    |     |        | select_ln114_108   | select    | auto_sel               | 0       |
|   select_ln114_109_fu_7252_p3    |     |        | select_ln114_109   | select    | auto_sel               | 0       |
|   select_ln114_110_fu_7260_p3    |     |        | select_ln114_110   | select    | auto_sel               | 0       |
|   xor_ln115_36_fu_7268_p2        |     |        | xor_ln115_36       | xor       | auto                   | 0       |
|   terms_52_fu_7274_p3            |     |        | terms_52           | select    | auto_sel               | 0       |
|   sub_ln114_37_fu_7286_p2        |     |        | sub_ln114_37       | sub       | fabric                 | 0       |
|   xor_ln114_148_fu_7312_p2       |     |        | xor_ln114_148      | xor       | auto                   | 0       |
|   and_ln114_74_fu_7318_p2        |     |        | and_ln114_74       | and       | auto                   | 0       |
|   xor_ln114_149_fu_7324_p2       |     |        | xor_ln114_149      | xor       | auto                   | 0       |
|   and_ln114_75_fu_7330_p2        |     |        | and_ln114_75       | and       | auto                   | 0       |
|   xor_ln114_150_fu_7336_p2       |     |        | xor_ln114_150      | xor       | auto                   | 0       |
|   xor_ln114_151_fu_7342_p2       |     |        | xor_ln114_151      | xor       | auto                   | 0       |
|   or_ln114_37_fu_7348_p2         |     |        | or_ln114_37        | or        | auto                   | 0       |
|   select_ln114_111_fu_7354_p3    |     |        | select_ln114_111   | select    | auto_sel               | 0       |
|   select_ln114_112_fu_7362_p3    |     |        | select_ln114_112   | select    | auto_sel               | 0       |
|   select_ln114_113_fu_7370_p3    |     |        | select_ln114_113   | select    | auto_sel               | 0       |
|   xor_ln115_37_fu_7378_p2        |     |        | xor_ln115_37       | xor       | auto                   | 0       |
|   terms_53_fu_7384_p3            |     |        | terms_53           | select    | auto_sel               | 0       |
|   sub_ln114_38_fu_7396_p2        |     |        | sub_ln114_38       | sub       | fabric                 | 0       |
|   xor_ln114_152_fu_7422_p2       |     |        | xor_ln114_152      | xor       | auto                   | 0       |
|   and_ln114_76_fu_7428_p2        |     |        | and_ln114_76       | and       | auto                   | 0       |
|   xor_ln114_153_fu_7434_p2       |     |        | xor_ln114_153      | xor       | auto                   | 0       |
|   and_ln114_77_fu_7440_p2        |     |        | and_ln114_77       | and       | auto                   | 0       |
|   xor_ln114_154_fu_7446_p2       |     |        | xor_ln114_154      | xor       | auto                   | 0       |
|   xor_ln114_155_fu_7452_p2       |     |        | xor_ln114_155      | xor       | auto                   | 0       |
|   or_ln114_38_fu_7458_p2         |     |        | or_ln114_38        | or        | auto                   | 0       |
|   select_ln114_114_fu_7464_p3    |     |        | select_ln114_114   | select    | auto_sel               | 0       |
|   select_ln114_115_fu_7472_p3    |     |        | select_ln114_115   | select    | auto_sel               | 0       |
|   select_ln114_116_fu_7480_p3    |     |        | select_ln114_116   | select    | auto_sel               | 0       |
|   xor_ln115_38_fu_7488_p2        |     |        | xor_ln115_38       | xor       | auto                   | 0       |
|   terms_54_fu_7494_p3            |     |        | terms_54           | select    | auto_sel               | 0       |
|   sub_ln114_39_fu_7506_p2        |     |        | sub_ln114_39       | sub       | fabric                 | 0       |
|   xor_ln114_156_fu_7532_p2       |     |        | xor_ln114_156      | xor       | auto                   | 0       |
|   and_ln114_78_fu_7538_p2        |     |        | and_ln114_78       | and       | auto                   | 0       |
|   xor_ln114_157_fu_7544_p2       |     |        | xor_ln114_157      | xor       | auto                   | 0       |
|   and_ln114_79_fu_7550_p2        |     |        | and_ln114_79       | and       | auto                   | 0       |
|   xor_ln114_158_fu_7556_p2       |     |        | xor_ln114_158      | xor       | auto                   | 0       |
|   xor_ln114_159_fu_7562_p2       |     |        | xor_ln114_159      | xor       | auto                   | 0       |
|   or_ln114_39_fu_7568_p2         |     |        | or_ln114_39        | or        | auto                   | 0       |
|   select_ln114_117_fu_7574_p3    |     |        | select_ln114_117   | select    | auto_sel               | 0       |
|   select_ln114_118_fu_7582_p3    |     |        | select_ln114_118   | select    | auto_sel               | 0       |
|   select_ln114_119_fu_7590_p3    |     |        | select_ln114_119   | select    | auto_sel               | 0       |
|   xor_ln115_39_fu_7598_p2        |     |        | xor_ln115_39       | xor       | auto                   | 0       |
|   terms_55_fu_7604_p3            |     |        | terms_55           | select    | auto_sel               | 0       |
|   sub_ln114_40_fu_7616_p2        |     |        | sub_ln114_40       | sub       | fabric                 | 0       |
|   xor_ln114_160_fu_7642_p2       |     |        | xor_ln114_160      | xor       | auto                   | 0       |
|   and_ln114_80_fu_7648_p2        |     |        | and_ln114_80       | and       | auto                   | 0       |
|   xor_ln114_161_fu_7654_p2       |     |        | xor_ln114_161      | xor       | auto                   | 0       |
|   and_ln114_81_fu_7660_p2        |     |        | and_ln114_81       | and       | auto                   | 0       |
|   xor_ln114_162_fu_7666_p2       |     |        | xor_ln114_162      | xor       | auto                   | 0       |
|   xor_ln114_163_fu_7672_p2       |     |        | xor_ln114_163      | xor       | auto                   | 0       |
|   or_ln114_40_fu_7678_p2         |     |        | or_ln114_40        | or        | auto                   | 0       |
|   select_ln114_120_fu_7684_p3    |     |        | select_ln114_120   | select    | auto_sel               | 0       |
|   select_ln114_121_fu_7692_p3    |     |        | select_ln114_121   | select    | auto_sel               | 0       |
|   select_ln114_122_fu_7700_p3    |     |        | select_ln114_122   | select    | auto_sel               | 0       |
|   xor_ln115_40_fu_7708_p2        |     |        | xor_ln115_40       | xor       | auto                   | 0       |
|   terms_56_fu_7714_p3            |     |        | terms_56           | select    | auto_sel               | 0       |
|   sub_ln114_41_fu_7726_p2        |     |        | sub_ln114_41       | sub       | fabric                 | 0       |
|   xor_ln114_164_fu_7752_p2       |     |        | xor_ln114_164      | xor       | auto                   | 0       |
|   and_ln114_82_fu_7758_p2        |     |        | and_ln114_82       | and       | auto                   | 0       |
|   xor_ln114_165_fu_7764_p2       |     |        | xor_ln114_165      | xor       | auto                   | 0       |
|   and_ln114_83_fu_7770_p2        |     |        | and_ln114_83       | and       | auto                   | 0       |
|   xor_ln114_166_fu_7776_p2       |     |        | xor_ln114_166      | xor       | auto                   | 0       |
|   xor_ln114_167_fu_7782_p2       |     |        | xor_ln114_167      | xor       | auto                   | 0       |
|   or_ln114_41_fu_7788_p2         |     |        | or_ln114_41        | or        | auto                   | 0       |
|   select_ln114_123_fu_7794_p3    |     |        | select_ln114_123   | select    | auto_sel               | 0       |
|   select_ln114_124_fu_7802_p3    |     |        | select_ln114_124   | select    | auto_sel               | 0       |
|   select_ln114_125_fu_7810_p3    |     |        | select_ln114_125   | select    | auto_sel               | 0       |
|   xor_ln115_41_fu_7818_p2        |     |        | xor_ln115_41       | xor       | auto                   | 0       |
|   terms_57_fu_7824_p3            |     |        | terms_57           | select    | auto_sel               | 0       |
|   sub_ln114_42_fu_7836_p2        |     |        | sub_ln114_42       | sub       | fabric                 | 0       |
|   xor_ln114_168_fu_7862_p2       |     |        | xor_ln114_168      | xor       | auto                   | 0       |
|   and_ln114_84_fu_7868_p2        |     |        | and_ln114_84       | and       | auto                   | 0       |
|   xor_ln114_169_fu_7874_p2       |     |        | xor_ln114_169      | xor       | auto                   | 0       |
|   and_ln114_85_fu_7880_p2        |     |        | and_ln114_85       | and       | auto                   | 0       |
|   xor_ln114_170_fu_7886_p2       |     |        | xor_ln114_170      | xor       | auto                   | 0       |
|   xor_ln114_171_fu_7892_p2       |     |        | xor_ln114_171      | xor       | auto                   | 0       |
|   or_ln114_42_fu_7898_p2         |     |        | or_ln114_42        | or        | auto                   | 0       |
|   select_ln114_126_fu_7904_p3    |     |        | select_ln114_126   | select    | auto_sel               | 0       |
|   select_ln114_127_fu_7912_p3    |     |        | select_ln114_127   | select    | auto_sel               | 0       |
|   select_ln114_128_fu_7920_p3    |     |        | select_ln114_128   | select    | auto_sel               | 0       |
|   xor_ln115_42_fu_7928_p2        |     |        | xor_ln115_42       | xor       | auto                   | 0       |
|   terms_58_fu_7934_p3            |     |        | terms_58           | select    | auto_sel               | 0       |
|   sub_ln114_43_fu_7946_p2        |     |        | sub_ln114_43       | sub       | fabric                 | 0       |
|   xor_ln114_172_fu_7972_p2       |     |        | xor_ln114_172      | xor       | auto                   | 0       |
|   and_ln114_86_fu_7978_p2        |     |        | and_ln114_86       | and       | auto                   | 0       |
|   xor_ln114_173_fu_7984_p2       |     |        | xor_ln114_173      | xor       | auto                   | 0       |
|   and_ln114_87_fu_7990_p2        |     |        | and_ln114_87       | and       | auto                   | 0       |
|   xor_ln114_174_fu_7996_p2       |     |        | xor_ln114_174      | xor       | auto                   | 0       |
|   xor_ln114_175_fu_8002_p2       |     |        | xor_ln114_175      | xor       | auto                   | 0       |
|   or_ln114_43_fu_8008_p2         |     |        | or_ln114_43        | or        | auto                   | 0       |
|   select_ln114_129_fu_8014_p3    |     |        | select_ln114_129   | select    | auto_sel               | 0       |
|   select_ln114_130_fu_8022_p3    |     |        | select_ln114_130   | select    | auto_sel               | 0       |
|   select_ln114_131_fu_8030_p3    |     |        | select_ln114_131   | select    | auto_sel               | 0       |
|   xor_ln115_43_fu_8038_p2        |     |        | xor_ln115_43       | xor       | auto                   | 0       |
|   terms_59_fu_8044_p3            |     |        | terms_59           | select    | auto_sel               | 0       |
|   sub_ln114_44_fu_8056_p2        |     |        | sub_ln114_44       | sub       | fabric                 | 0       |
|   xor_ln114_176_fu_8082_p2       |     |        | xor_ln114_176      | xor       | auto                   | 0       |
|   and_ln114_88_fu_8088_p2        |     |        | and_ln114_88       | and       | auto                   | 0       |
|   xor_ln114_177_fu_8094_p2       |     |        | xor_ln114_177      | xor       | auto                   | 0       |
|   and_ln114_89_fu_8100_p2        |     |        | and_ln114_89       | and       | auto                   | 0       |
|   xor_ln114_178_fu_8106_p2       |     |        | xor_ln114_178      | xor       | auto                   | 0       |
|   xor_ln114_179_fu_8112_p2       |     |        | xor_ln114_179      | xor       | auto                   | 0       |
|   or_ln114_44_fu_8118_p2         |     |        | or_ln114_44        | or        | auto                   | 0       |
|   select_ln114_132_fu_8124_p3    |     |        | select_ln114_132   | select    | auto_sel               | 0       |
|   select_ln114_133_fu_8132_p3    |     |        | select_ln114_133   | select    | auto_sel               | 0       |
|   select_ln114_134_fu_8140_p3    |     |        | select_ln114_134   | select    | auto_sel               | 0       |
|   xor_ln115_44_fu_8148_p2        |     |        | xor_ln115_44       | xor       | auto                   | 0       |
|   terms_60_fu_8154_p3            |     |        | terms_60           | select    | auto_sel               | 0       |
|   sub_ln114_45_fu_8166_p2        |     |        | sub_ln114_45       | sub       | fabric                 | 0       |
|   xor_ln114_180_fu_8192_p2       |     |        | xor_ln114_180      | xor       | auto                   | 0       |
|   and_ln114_90_fu_8198_p2        |     |        | and_ln114_90       | and       | auto                   | 0       |
|   xor_ln114_181_fu_8204_p2       |     |        | xor_ln114_181      | xor       | auto                   | 0       |
|   and_ln114_91_fu_8210_p2        |     |        | and_ln114_91       | and       | auto                   | 0       |
|   xor_ln114_182_fu_8216_p2       |     |        | xor_ln114_182      | xor       | auto                   | 0       |
|   xor_ln114_183_fu_8222_p2       |     |        | xor_ln114_183      | xor       | auto                   | 0       |
|   or_ln114_45_fu_8228_p2         |     |        | or_ln114_45        | or        | auto                   | 0       |
|   select_ln114_135_fu_8234_p3    |     |        | select_ln114_135   | select    | auto_sel               | 0       |
|   select_ln114_136_fu_8242_p3    |     |        | select_ln114_136   | select    | auto_sel               | 0       |
|   select_ln114_137_fu_8250_p3    |     |        | select_ln114_137   | select    | auto_sel               | 0       |
|   xor_ln115_45_fu_8258_p2        |     |        | xor_ln115_45       | xor       | auto                   | 0       |
|   terms_61_fu_8264_p3            |     |        | terms_61           | select    | auto_sel               | 0       |
|   sub_ln114_46_fu_8276_p2        |     |        | sub_ln114_46       | sub       | fabric                 | 0       |
|   xor_ln114_184_fu_8302_p2       |     |        | xor_ln114_184      | xor       | auto                   | 0       |
|   and_ln114_92_fu_8308_p2        |     |        | and_ln114_92       | and       | auto                   | 0       |
|   xor_ln114_185_fu_8314_p2       |     |        | xor_ln114_185      | xor       | auto                   | 0       |
|   and_ln114_93_fu_8320_p2        |     |        | and_ln114_93       | and       | auto                   | 0       |
|   xor_ln114_186_fu_8326_p2       |     |        | xor_ln114_186      | xor       | auto                   | 0       |
|   xor_ln114_187_fu_8332_p2       |     |        | xor_ln114_187      | xor       | auto                   | 0       |
|   or_ln114_46_fu_8338_p2         |     |        | or_ln114_46        | or        | auto                   | 0       |
|   select_ln114_138_fu_8344_p3    |     |        | select_ln114_138   | select    | auto_sel               | 0       |
|   select_ln114_139_fu_8352_p3    |     |        | select_ln114_139   | select    | auto_sel               | 0       |
|   select_ln114_140_fu_8360_p3    |     |        | select_ln114_140   | select    | auto_sel               | 0       |
|   xor_ln115_46_fu_8368_p2        |     |        | xor_ln115_46       | xor       | auto                   | 0       |
|   terms_62_fu_8374_p3            |     |        | terms_62           | select    | auto_sel               | 0       |
|   sub_ln114_47_fu_8386_p2        |     |        | sub_ln114_47       | sub       | fabric                 | 0       |
|   xor_ln114_188_fu_8412_p2       |     |        | xor_ln114_188      | xor       | auto                   | 0       |
|   and_ln114_94_fu_8418_p2        |     |        | and_ln114_94       | and       | auto                   | 0       |
|   xor_ln114_189_fu_8424_p2       |     |        | xor_ln114_189      | xor       | auto                   | 0       |
|   and_ln114_95_fu_8430_p2        |     |        | and_ln114_95       | and       | auto                   | 0       |
|   xor_ln114_190_fu_8436_p2       |     |        | xor_ln114_190      | xor       | auto                   | 0       |
|   xor_ln114_191_fu_8442_p2       |     |        | xor_ln114_191      | xor       | auto                   | 0       |
|   or_ln114_47_fu_8448_p2         |     |        | or_ln114_47        | or        | auto                   | 0       |
|   select_ln114_141_fu_8454_p3    |     |        | select_ln114_141   | select    | auto_sel               | 0       |
|   select_ln114_142_fu_8462_p3    |     |        | select_ln114_142   | select    | auto_sel               | 0       |
|   select_ln114_143_fu_8470_p3    |     |        | select_ln114_143   | select    | auto_sel               | 0       |
|   xor_ln115_47_fu_8478_p2        |     |        | xor_ln115_47       | xor       | auto                   | 0       |
|   terms_63_fu_8484_p3            |     |        | terms_63           | select    | auto_sel               | 0       |
|   sub_ln114_48_fu_8496_p2        |     |        | sub_ln114_48       | sub       | fabric                 | 0       |
|   xor_ln114_192_fu_8522_p2       |     |        | xor_ln114_192      | xor       | auto                   | 0       |
|   and_ln114_96_fu_8528_p2        |     |        | and_ln114_96       | and       | auto                   | 0       |
|   xor_ln114_193_fu_8534_p2       |     |        | xor_ln114_193      | xor       | auto                   | 0       |
|   and_ln114_97_fu_8540_p2        |     |        | and_ln114_97       | and       | auto                   | 0       |
|   xor_ln114_194_fu_8546_p2       |     |        | xor_ln114_194      | xor       | auto                   | 0       |
|   xor_ln114_195_fu_8552_p2       |     |        | xor_ln114_195      | xor       | auto                   | 0       |
|   or_ln114_48_fu_8558_p2         |     |        | or_ln114_48        | or        | auto                   | 0       |
|   select_ln114_144_fu_8564_p3    |     |        | select_ln114_144   | select    | auto_sel               | 0       |
|   select_ln114_145_fu_8572_p3    |     |        | select_ln114_145   | select    | auto_sel               | 0       |
|   select_ln114_146_fu_8580_p3    |     |        | select_ln114_146   | select    | auto_sel               | 0       |
|   xor_ln115_48_fu_8588_p2        |     |        | xor_ln115_48       | xor       | auto                   | 0       |
|   terms_64_fu_8594_p3            |     |        | terms_64           | select    | auto_sel               | 0       |
|   sub_ln114_49_fu_8606_p2        |     |        | sub_ln114_49       | sub       | fabric                 | 0       |
|   xor_ln114_196_fu_8632_p2       |     |        | xor_ln114_196      | xor       | auto                   | 0       |
|   and_ln114_98_fu_8638_p2        |     |        | and_ln114_98       | and       | auto                   | 0       |
|   xor_ln114_197_fu_8644_p2       |     |        | xor_ln114_197      | xor       | auto                   | 0       |
|   and_ln114_99_fu_8650_p2        |     |        | and_ln114_99       | and       | auto                   | 0       |
|   xor_ln114_198_fu_8656_p2       |     |        | xor_ln114_198      | xor       | auto                   | 0       |
|   xor_ln114_199_fu_8662_p2       |     |        | xor_ln114_199      | xor       | auto                   | 0       |
|   or_ln114_49_fu_8668_p2         |     |        | or_ln114_49        | or        | auto                   | 0       |
|   select_ln114_147_fu_8674_p3    |     |        | select_ln114_147   | select    | auto_sel               | 0       |
|   select_ln114_148_fu_8682_p3    |     |        | select_ln114_148   | select    | auto_sel               | 0       |
|   select_ln114_149_fu_8690_p3    |     |        | select_ln114_149   | select    | auto_sel               | 0       |
|   xor_ln115_49_fu_8698_p2        |     |        | xor_ln115_49       | xor       | auto                   | 0       |
|   terms_65_fu_8704_p3            |     |        | terms_65           | select    | auto_sel               | 0       |
|   sub_ln114_50_fu_8716_p2        |     |        | sub_ln114_50       | sub       | fabric                 | 0       |
|   xor_ln114_200_fu_8742_p2       |     |        | xor_ln114_200      | xor       | auto                   | 0       |
|   and_ln114_100_fu_8748_p2       |     |        | and_ln114_100      | and       | auto                   | 0       |
|   xor_ln114_201_fu_8754_p2       |     |        | xor_ln114_201      | xor       | auto                   | 0       |
|   and_ln114_101_fu_8760_p2       |     |        | and_ln114_101      | and       | auto                   | 0       |
|   xor_ln114_202_fu_8766_p2       |     |        | xor_ln114_202      | xor       | auto                   | 0       |
|   xor_ln114_203_fu_8772_p2       |     |        | xor_ln114_203      | xor       | auto                   | 0       |
|   or_ln114_50_fu_8778_p2         |     |        | or_ln114_50        | or        | auto                   | 0       |
|   select_ln114_150_fu_8784_p3    |     |        | select_ln114_150   | select    | auto_sel               | 0       |
|   select_ln114_151_fu_8792_p3    |     |        | select_ln114_151   | select    | auto_sel               | 0       |
|   select_ln114_152_fu_8800_p3    |     |        | select_ln114_152   | select    | auto_sel               | 0       |
|   xor_ln115_50_fu_8808_p2        |     |        | xor_ln115_50       | xor       | auto                   | 0       |
|   terms_66_fu_8814_p3            |     |        | terms_66           | select    | auto_sel               | 0       |
|   sub_ln114_51_fu_8826_p2        |     |        | sub_ln114_51       | sub       | fabric                 | 0       |
|   xor_ln114_204_fu_8852_p2       |     |        | xor_ln114_204      | xor       | auto                   | 0       |
|   and_ln114_102_fu_8858_p2       |     |        | and_ln114_102      | and       | auto                   | 0       |
|   xor_ln114_205_fu_8864_p2       |     |        | xor_ln114_205      | xor       | auto                   | 0       |
|   and_ln114_103_fu_8870_p2       |     |        | and_ln114_103      | and       | auto                   | 0       |
|   xor_ln114_206_fu_8876_p2       |     |        | xor_ln114_206      | xor       | auto                   | 0       |
|   xor_ln114_207_fu_8882_p2       |     |        | xor_ln114_207      | xor       | auto                   | 0       |
|   or_ln114_51_fu_8888_p2         |     |        | or_ln114_51        | or        | auto                   | 0       |
|   select_ln114_153_fu_8894_p3    |     |        | select_ln114_153   | select    | auto_sel               | 0       |
|   select_ln114_154_fu_8902_p3    |     |        | select_ln114_154   | select    | auto_sel               | 0       |
|   select_ln114_155_fu_8910_p3    |     |        | select_ln114_155   | select    | auto_sel               | 0       |
|   xor_ln115_51_fu_8918_p2        |     |        | xor_ln115_51       | xor       | auto                   | 0       |
|   terms_67_fu_8924_p3            |     |        | terms_67           | select    | auto_sel               | 0       |
|   sub_ln114_52_fu_8936_p2        |     |        | sub_ln114_52       | sub       | fabric                 | 0       |
|   xor_ln114_208_fu_8962_p2       |     |        | xor_ln114_208      | xor       | auto                   | 0       |
|   and_ln114_104_fu_8968_p2       |     |        | and_ln114_104      | and       | auto                   | 0       |
|   xor_ln114_209_fu_8974_p2       |     |        | xor_ln114_209      | xor       | auto                   | 0       |
|   and_ln114_105_fu_8980_p2       |     |        | and_ln114_105      | and       | auto                   | 0       |
|   xor_ln114_210_fu_8986_p2       |     |        | xor_ln114_210      | xor       | auto                   | 0       |
|   xor_ln114_211_fu_8992_p2       |     |        | xor_ln114_211      | xor       | auto                   | 0       |
|   or_ln114_52_fu_8998_p2         |     |        | or_ln114_52        | or        | auto                   | 0       |
|   select_ln114_156_fu_9004_p3    |     |        | select_ln114_156   | select    | auto_sel               | 0       |
|   select_ln114_157_fu_9012_p3    |     |        | select_ln114_157   | select    | auto_sel               | 0       |
|   select_ln114_158_fu_9020_p3    |     |        | select_ln114_158   | select    | auto_sel               | 0       |
|   xor_ln115_52_fu_9028_p2        |     |        | xor_ln115_52       | xor       | auto                   | 0       |
|   terms_68_fu_9034_p3            |     |        | terms_68           | select    | auto_sel               | 0       |
|   sub_ln114_53_fu_9046_p2        |     |        | sub_ln114_53       | sub       | fabric                 | 0       |
|   xor_ln114_212_fu_9072_p2       |     |        | xor_ln114_212      | xor       | auto                   | 0       |
|   and_ln114_106_fu_9078_p2       |     |        | and_ln114_106      | and       | auto                   | 0       |
|   xor_ln114_213_fu_9084_p2       |     |        | xor_ln114_213      | xor       | auto                   | 0       |
|   and_ln114_107_fu_9090_p2       |     |        | and_ln114_107      | and       | auto                   | 0       |
|   xor_ln114_214_fu_9096_p2       |     |        | xor_ln114_214      | xor       | auto                   | 0       |
|   xor_ln114_215_fu_9102_p2       |     |        | xor_ln114_215      | xor       | auto                   | 0       |
|   or_ln114_53_fu_9108_p2         |     |        | or_ln114_53        | or        | auto                   | 0       |
|   select_ln114_159_fu_9114_p3    |     |        | select_ln114_159   | select    | auto_sel               | 0       |
|   select_ln114_160_fu_9122_p3    |     |        | select_ln114_160   | select    | auto_sel               | 0       |
|   select_ln114_161_fu_9130_p3    |     |        | select_ln114_161   | select    | auto_sel               | 0       |
|   xor_ln115_53_fu_9138_p2        |     |        | xor_ln115_53       | xor       | auto                   | 0       |
|   terms_69_fu_9144_p3            |     |        | terms_69           | select    | auto_sel               | 0       |
|   sub_ln114_54_fu_9156_p2        |     |        | sub_ln114_54       | sub       | fabric                 | 0       |
|   xor_ln114_216_fu_9182_p2       |     |        | xor_ln114_216      | xor       | auto                   | 0       |
|   and_ln114_108_fu_9188_p2       |     |        | and_ln114_108      | and       | auto                   | 0       |
|   xor_ln114_217_fu_9194_p2       |     |        | xor_ln114_217      | xor       | auto                   | 0       |
|   and_ln114_109_fu_9200_p2       |     |        | and_ln114_109      | and       | auto                   | 0       |
|   xor_ln114_218_fu_9206_p2       |     |        | xor_ln114_218      | xor       | auto                   | 0       |
|   xor_ln114_219_fu_9212_p2       |     |        | xor_ln114_219      | xor       | auto                   | 0       |
|   or_ln114_54_fu_9218_p2         |     |        | or_ln114_54        | or        | auto                   | 0       |
|   select_ln114_162_fu_9224_p3    |     |        | select_ln114_162   | select    | auto_sel               | 0       |
|   select_ln114_163_fu_9232_p3    |     |        | select_ln114_163   | select    | auto_sel               | 0       |
|   select_ln114_164_fu_9240_p3    |     |        | select_ln114_164   | select    | auto_sel               | 0       |
|   xor_ln115_54_fu_9248_p2        |     |        | xor_ln115_54       | xor       | auto                   | 0       |
|   terms_70_fu_9254_p3            |     |        | terms_70           | select    | auto_sel               | 0       |
|   sub_ln114_55_fu_9266_p2        |     |        | sub_ln114_55       | sub       | fabric                 | 0       |
|   xor_ln114_220_fu_9292_p2       |     |        | xor_ln114_220      | xor       | auto                   | 0       |
|   and_ln114_110_fu_9298_p2       |     |        | and_ln114_110      | and       | auto                   | 0       |
|   xor_ln114_221_fu_9304_p2       |     |        | xor_ln114_221      | xor       | auto                   | 0       |
|   and_ln114_111_fu_9310_p2       |     |        | and_ln114_111      | and       | auto                   | 0       |
|   xor_ln114_222_fu_9316_p2       |     |        | xor_ln114_222      | xor       | auto                   | 0       |
|   xor_ln114_223_fu_9322_p2       |     |        | xor_ln114_223      | xor       | auto                   | 0       |
|   or_ln114_55_fu_9328_p2         |     |        | or_ln114_55        | or        | auto                   | 0       |
|   select_ln114_165_fu_9334_p3    |     |        | select_ln114_165   | select    | auto_sel               | 0       |
|   select_ln114_166_fu_9342_p3    |     |        | select_ln114_166   | select    | auto_sel               | 0       |
|   select_ln114_167_fu_9350_p3    |     |        | select_ln114_167   | select    | auto_sel               | 0       |
|   xor_ln115_55_fu_9358_p2        |     |        | xor_ln115_55       | xor       | auto                   | 0       |
|   terms_71_fu_9364_p3            |     |        | terms_71           | select    | auto_sel               | 0       |
|   sub_ln114_56_fu_9376_p2        |     |        | sub_ln114_56       | sub       | fabric                 | 0       |
|   xor_ln114_224_fu_9402_p2       |     |        | xor_ln114_224      | xor       | auto                   | 0       |
|   and_ln114_112_fu_9408_p2       |     |        | and_ln114_112      | and       | auto                   | 0       |
|   xor_ln114_225_fu_9414_p2       |     |        | xor_ln114_225      | xor       | auto                   | 0       |
|   and_ln114_113_fu_9420_p2       |     |        | and_ln114_113      | and       | auto                   | 0       |
|   xor_ln114_226_fu_9426_p2       |     |        | xor_ln114_226      | xor       | auto                   | 0       |
|   xor_ln114_227_fu_9432_p2       |     |        | xor_ln114_227      | xor       | auto                   | 0       |
|   or_ln114_56_fu_9438_p2         |     |        | or_ln114_56        | or        | auto                   | 0       |
|   select_ln114_168_fu_9444_p3    |     |        | select_ln114_168   | select    | auto_sel               | 0       |
|   select_ln114_169_fu_9452_p3    |     |        | select_ln114_169   | select    | auto_sel               | 0       |
|   select_ln114_170_fu_9460_p3    |     |        | select_ln114_170   | select    | auto_sel               | 0       |
|   xor_ln115_56_fu_9468_p2        |     |        | xor_ln115_56       | xor       | auto                   | 0       |
|   terms_72_fu_9474_p3            |     |        | terms_72           | select    | auto_sel               | 0       |
|   sub_ln114_57_fu_9486_p2        |     |        | sub_ln114_57       | sub       | fabric                 | 0       |
|   xor_ln114_228_fu_9512_p2       |     |        | xor_ln114_228      | xor       | auto                   | 0       |
|   and_ln114_114_fu_9518_p2       |     |        | and_ln114_114      | and       | auto                   | 0       |
|   xor_ln114_229_fu_9524_p2       |     |        | xor_ln114_229      | xor       | auto                   | 0       |
|   and_ln114_115_fu_9530_p2       |     |        | and_ln114_115      | and       | auto                   | 0       |
|   xor_ln114_230_fu_9536_p2       |     |        | xor_ln114_230      | xor       | auto                   | 0       |
|   xor_ln114_231_fu_9542_p2       |     |        | xor_ln114_231      | xor       | auto                   | 0       |
|   or_ln114_57_fu_9548_p2         |     |        | or_ln114_57        | or        | auto                   | 0       |
|   select_ln114_171_fu_9554_p3    |     |        | select_ln114_171   | select    | auto_sel               | 0       |
|   select_ln114_172_fu_9562_p3    |     |        | select_ln114_172   | select    | auto_sel               | 0       |
|   select_ln114_173_fu_9570_p3    |     |        | select_ln114_173   | select    | auto_sel               | 0       |
|   xor_ln115_57_fu_9578_p2        |     |        | xor_ln115_57       | xor       | auto                   | 0       |
|   terms_73_fu_9584_p3            |     |        | terms_73           | select    | auto_sel               | 0       |
|   sub_ln114_58_fu_9596_p2        |     |        | sub_ln114_58       | sub       | fabric                 | 0       |
|   xor_ln114_232_fu_9622_p2       |     |        | xor_ln114_232      | xor       | auto                   | 0       |
|   and_ln114_116_fu_9628_p2       |     |        | and_ln114_116      | and       | auto                   | 0       |
|   xor_ln114_233_fu_9634_p2       |     |        | xor_ln114_233      | xor       | auto                   | 0       |
|   and_ln114_117_fu_9640_p2       |     |        | and_ln114_117      | and       | auto                   | 0       |
|   xor_ln114_234_fu_9646_p2       |     |        | xor_ln114_234      | xor       | auto                   | 0       |
|   xor_ln114_235_fu_9652_p2       |     |        | xor_ln114_235      | xor       | auto                   | 0       |
|   or_ln114_58_fu_9658_p2         |     |        | or_ln114_58        | or        | auto                   | 0       |
|   select_ln114_174_fu_9664_p3    |     |        | select_ln114_174   | select    | auto_sel               | 0       |
|   select_ln114_175_fu_9672_p3    |     |        | select_ln114_175   | select    | auto_sel               | 0       |
|   select_ln114_176_fu_9680_p3    |     |        | select_ln114_176   | select    | auto_sel               | 0       |
|   xor_ln115_58_fu_9688_p2        |     |        | xor_ln115_58       | xor       | auto                   | 0       |
|   terms_74_fu_9694_p3            |     |        | terms_74           | select    | auto_sel               | 0       |
|   sub_ln114_59_fu_9706_p2        |     |        | sub_ln114_59       | sub       | fabric                 | 0       |
|   xor_ln114_236_fu_9732_p2       |     |        | xor_ln114_236      | xor       | auto                   | 0       |
|   and_ln114_118_fu_9738_p2       |     |        | and_ln114_118      | and       | auto                   | 0       |
|   xor_ln114_237_fu_9744_p2       |     |        | xor_ln114_237      | xor       | auto                   | 0       |
|   and_ln114_119_fu_9750_p2       |     |        | and_ln114_119      | and       | auto                   | 0       |
|   xor_ln114_238_fu_9756_p2       |     |        | xor_ln114_238      | xor       | auto                   | 0       |
|   xor_ln114_239_fu_9762_p2       |     |        | xor_ln114_239      | xor       | auto                   | 0       |
|   or_ln114_59_fu_9768_p2         |     |        | or_ln114_59        | or        | auto                   | 0       |
|   select_ln114_177_fu_9774_p3    |     |        | select_ln114_177   | select    | auto_sel               | 0       |
|   select_ln114_178_fu_9782_p3    |     |        | select_ln114_178   | select    | auto_sel               | 0       |
|   select_ln114_179_fu_9790_p3    |     |        | select_ln114_179   | select    | auto_sel               | 0       |
|   xor_ln115_59_fu_9798_p2        |     |        | xor_ln115_59       | xor       | auto                   | 0       |
|   terms_75_fu_9804_p3            |     |        | terms_75           | select    | auto_sel               | 0       |
|   sub_ln114_60_fu_9816_p2        |     |        | sub_ln114_60       | sub       | fabric                 | 0       |
|   xor_ln114_240_fu_9842_p2       |     |        | xor_ln114_240      | xor       | auto                   | 0       |
|   and_ln114_120_fu_9848_p2       |     |        | and_ln114_120      | and       | auto                   | 0       |
|   xor_ln114_241_fu_9854_p2       |     |        | xor_ln114_241      | xor       | auto                   | 0       |
|   and_ln114_121_fu_9860_p2       |     |        | and_ln114_121      | and       | auto                   | 0       |
|   xor_ln114_242_fu_9866_p2       |     |        | xor_ln114_242      | xor       | auto                   | 0       |
|   xor_ln114_243_fu_9872_p2       |     |        | xor_ln114_243      | xor       | auto                   | 0       |
|   or_ln114_60_fu_9878_p2         |     |        | or_ln114_60        | or        | auto                   | 0       |
|   select_ln114_180_fu_9884_p3    |     |        | select_ln114_180   | select    | auto_sel               | 0       |
|   select_ln114_181_fu_9892_p3    |     |        | select_ln114_181   | select    | auto_sel               | 0       |
|   select_ln114_182_fu_9900_p3    |     |        | select_ln114_182   | select    | auto_sel               | 0       |
|   xor_ln115_60_fu_9908_p2        |     |        | xor_ln115_60       | xor       | auto                   | 0       |
|   terms_76_fu_9914_p3            |     |        | terms_76           | select    | auto_sel               | 0       |
|   sub_ln114_61_fu_9926_p2        |     |        | sub_ln114_61       | sub       | fabric                 | 0       |
|   xor_ln114_244_fu_9952_p2       |     |        | xor_ln114_244      | xor       | auto                   | 0       |
|   and_ln114_122_fu_9958_p2       |     |        | and_ln114_122      | and       | auto                   | 0       |
|   xor_ln114_245_fu_9964_p2       |     |        | xor_ln114_245      | xor       | auto                   | 0       |
|   and_ln114_123_fu_9970_p2       |     |        | and_ln114_123      | and       | auto                   | 0       |
|   xor_ln114_246_fu_9976_p2       |     |        | xor_ln114_246      | xor       | auto                   | 0       |
|   xor_ln114_247_fu_9982_p2       |     |        | xor_ln114_247      | xor       | auto                   | 0       |
|   or_ln114_61_fu_9988_p2         |     |        | or_ln114_61        | or        | auto                   | 0       |
|   select_ln114_183_fu_9994_p3    |     |        | select_ln114_183   | select    | auto_sel               | 0       |
|   select_ln114_184_fu_10002_p3   |     |        | select_ln114_184   | select    | auto_sel               | 0       |
|   select_ln114_185_fu_10010_p3   |     |        | select_ln114_185   | select    | auto_sel               | 0       |
|   xor_ln115_61_fu_10018_p2       |     |        | xor_ln115_61       | xor       | auto                   | 0       |
|   terms_77_fu_10024_p3           |     |        | terms_77           | select    | auto_sel               | 0       |
|   sub_ln114_62_fu_10036_p2       |     |        | sub_ln114_62       | sub       | fabric                 | 0       |
|   xor_ln114_248_fu_10062_p2      |     |        | xor_ln114_248      | xor       | auto                   | 0       |
|   and_ln114_124_fu_10068_p2      |     |        | and_ln114_124      | and       | auto                   | 0       |
|   xor_ln114_249_fu_10074_p2      |     |        | xor_ln114_249      | xor       | auto                   | 0       |
|   and_ln114_125_fu_10080_p2      |     |        | and_ln114_125      | and       | auto                   | 0       |
|   xor_ln114_250_fu_10086_p2      |     |        | xor_ln114_250      | xor       | auto                   | 0       |
|   xor_ln114_251_fu_10092_p2      |     |        | xor_ln114_251      | xor       | auto                   | 0       |
|   or_ln114_62_fu_10098_p2        |     |        | or_ln114_62        | or        | auto                   | 0       |
|   select_ln114_186_fu_10104_p3   |     |        | select_ln114_186   | select    | auto_sel               | 0       |
|   select_ln114_187_fu_10112_p3   |     |        | select_ln114_187   | select    | auto_sel               | 0       |
|   select_ln114_188_fu_10120_p3   |     |        | select_ln114_188   | select    | auto_sel               | 0       |
|   xor_ln115_62_fu_10128_p2       |     |        | xor_ln115_62       | xor       | auto                   | 0       |
|   terms_78_fu_10134_p3           |     |        | terms_78           | select    | auto_sel               | 0       |
|   sub_ln114_63_fu_10146_p2       |     |        | sub_ln114_63       | sub       | fabric                 | 0       |
|   xor_ln114_252_fu_10172_p2      |     |        | xor_ln114_252      | xor       | auto                   | 0       |
|   and_ln114_126_fu_10178_p2      |     |        | and_ln114_126      | and       | auto                   | 0       |
|   xor_ln114_253_fu_10184_p2      |     |        | xor_ln114_253      | xor       | auto                   | 0       |
|   and_ln114_127_fu_10190_p2      |     |        | and_ln114_127      | and       | auto                   | 0       |
|   xor_ln114_254_fu_10196_p2      |     |        | xor_ln114_254      | xor       | auto                   | 0       |
|   xor_ln114_255_fu_10202_p2      |     |        | xor_ln114_255      | xor       | auto                   | 0       |
|   or_ln114_63_fu_10208_p2        |     |        | or_ln114_63        | or        | auto                   | 0       |
|   select_ln114_189_fu_10214_p3   |     |        | select_ln114_189   | select    | auto_sel               | 0       |
|   select_ln114_190_fu_10222_p3   |     |        | select_ln114_190   | select    | auto_sel               | 0       |
|   select_ln114_191_fu_10230_p3   |     |        | select_ln114_191   | select    | auto_sel               | 0       |
|   xor_ln115_63_fu_10238_p2       |     |        | xor_ln115_63       | xor       | auto                   | 0       |
|   terms_79_fu_10244_p3           |     |        | terms_79           | select    | auto_sel               | 0       |
|   sub_ln114_64_fu_10256_p2       |     |        | sub_ln114_64       | sub       | fabric                 | 0       |
|   xor_ln114_256_fu_10282_p2      |     |        | xor_ln114_256      | xor       | auto                   | 0       |
|   and_ln114_128_fu_10288_p2      |     |        | and_ln114_128      | and       | auto                   | 0       |
|   xor_ln114_257_fu_10294_p2      |     |        | xor_ln114_257      | xor       | auto                   | 0       |
|   and_ln114_129_fu_10300_p2      |     |        | and_ln114_129      | and       | auto                   | 0       |
|   xor_ln114_258_fu_10306_p2      |     |        | xor_ln114_258      | xor       | auto                   | 0       |
|   xor_ln114_259_fu_10312_p2      |     |        | xor_ln114_259      | xor       | auto                   | 0       |
|   or_ln114_64_fu_10318_p2        |     |        | or_ln114_64        | or        | auto                   | 0       |
|   select_ln114_192_fu_10324_p3   |     |        | select_ln114_192   | select    | auto_sel               | 0       |
|   select_ln114_193_fu_10332_p3   |     |        | select_ln114_193   | select    | auto_sel               | 0       |
|   select_ln114_194_fu_10340_p3   |     |        | select_ln114_194   | select    | auto_sel               | 0       |
|   xor_ln115_64_fu_10348_p2       |     |        | xor_ln115_64       | xor       | auto                   | 0       |
|   terms_80_fu_10354_p3           |     |        | terms_80           | select    | auto_sel               | 0       |
|   sub_ln114_65_fu_10366_p2       |     |        | sub_ln114_65       | sub       | fabric                 | 0       |
|   xor_ln114_260_fu_10392_p2      |     |        | xor_ln114_260      | xor       | auto                   | 0       |
|   and_ln114_130_fu_10398_p2      |     |        | and_ln114_130      | and       | auto                   | 0       |
|   xor_ln114_261_fu_10404_p2      |     |        | xor_ln114_261      | xor       | auto                   | 0       |
|   and_ln114_131_fu_10410_p2      |     |        | and_ln114_131      | and       | auto                   | 0       |
|   xor_ln114_262_fu_10416_p2      |     |        | xor_ln114_262      | xor       | auto                   | 0       |
|   xor_ln114_263_fu_10422_p2      |     |        | xor_ln114_263      | xor       | auto                   | 0       |
|   or_ln114_65_fu_10428_p2        |     |        | or_ln114_65        | or        | auto                   | 0       |
|   select_ln114_195_fu_10434_p3   |     |        | select_ln114_195   | select    | auto_sel               | 0       |
|   select_ln114_196_fu_10442_p3   |     |        | select_ln114_196   | select    | auto_sel               | 0       |
|   select_ln114_197_fu_10450_p3   |     |        | select_ln114_197   | select    | auto_sel               | 0       |
|   xor_ln115_65_fu_10458_p2       |     |        | xor_ln115_65       | xor       | auto                   | 0       |
|   terms_81_fu_10464_p3           |     |        | terms_81           | select    | auto_sel               | 0       |
|   sub_ln114_66_fu_10476_p2       |     |        | sub_ln114_66       | sub       | fabric                 | 0       |
|   xor_ln114_264_fu_10502_p2      |     |        | xor_ln114_264      | xor       | auto                   | 0       |
|   and_ln114_132_fu_10508_p2      |     |        | and_ln114_132      | and       | auto                   | 0       |
|   xor_ln114_265_fu_10514_p2      |     |        | xor_ln114_265      | xor       | auto                   | 0       |
|   and_ln114_133_fu_10520_p2      |     |        | and_ln114_133      | and       | auto                   | 0       |
|   xor_ln114_266_fu_10526_p2      |     |        | xor_ln114_266      | xor       | auto                   | 0       |
|   xor_ln114_267_fu_10532_p2      |     |        | xor_ln114_267      | xor       | auto                   | 0       |
|   or_ln114_66_fu_10538_p2        |     |        | or_ln114_66        | or        | auto                   | 0       |
|   select_ln114_198_fu_10544_p3   |     |        | select_ln114_198   | select    | auto_sel               | 0       |
|   select_ln114_199_fu_10552_p3   |     |        | select_ln114_199   | select    | auto_sel               | 0       |
|   select_ln114_200_fu_10560_p3   |     |        | select_ln114_200   | select    | auto_sel               | 0       |
|   xor_ln115_66_fu_10568_p2       |     |        | xor_ln115_66       | xor       | auto                   | 0       |
|   terms_82_fu_10574_p3           |     |        | terms_82           | select    | auto_sel               | 0       |
|   sub_ln114_67_fu_10586_p2       |     |        | sub_ln114_67       | sub       | fabric                 | 0       |
|   xor_ln114_268_fu_10612_p2      |     |        | xor_ln114_268      | xor       | auto                   | 0       |
|   and_ln114_134_fu_10618_p2      |     |        | and_ln114_134      | and       | auto                   | 0       |
|   xor_ln114_269_fu_10624_p2      |     |        | xor_ln114_269      | xor       | auto                   | 0       |
|   and_ln114_135_fu_10630_p2      |     |        | and_ln114_135      | and       | auto                   | 0       |
|   xor_ln114_270_fu_10636_p2      |     |        | xor_ln114_270      | xor       | auto                   | 0       |
|   xor_ln114_271_fu_10642_p2      |     |        | xor_ln114_271      | xor       | auto                   | 0       |
|   or_ln114_67_fu_10648_p2        |     |        | or_ln114_67        | or        | auto                   | 0       |
|   select_ln114_201_fu_10654_p3   |     |        | select_ln114_201   | select    | auto_sel               | 0       |
|   select_ln114_202_fu_10662_p3   |     |        | select_ln114_202   | select    | auto_sel               | 0       |
|   select_ln114_203_fu_10670_p3   |     |        | select_ln114_203   | select    | auto_sel               | 0       |
|   xor_ln115_67_fu_10678_p2       |     |        | xor_ln115_67       | xor       | auto                   | 0       |
|   terms_83_fu_10684_p3           |     |        | terms_83           | select    | auto_sel               | 0       |
|   sub_ln114_68_fu_10696_p2       |     |        | sub_ln114_68       | sub       | fabric                 | 0       |
|   xor_ln114_272_fu_10722_p2      |     |        | xor_ln114_272      | xor       | auto                   | 0       |
|   and_ln114_136_fu_10728_p2      |     |        | and_ln114_136      | and       | auto                   | 0       |
|   xor_ln114_273_fu_10734_p2      |     |        | xor_ln114_273      | xor       | auto                   | 0       |
|   and_ln114_137_fu_10740_p2      |     |        | and_ln114_137      | and       | auto                   | 0       |
|   xor_ln114_274_fu_10746_p2      |     |        | xor_ln114_274      | xor       | auto                   | 0       |
|   xor_ln114_275_fu_10752_p2      |     |        | xor_ln114_275      | xor       | auto                   | 0       |
|   or_ln114_68_fu_10758_p2        |     |        | or_ln114_68        | or        | auto                   | 0       |
|   select_ln114_204_fu_10764_p3   |     |        | select_ln114_204   | select    | auto_sel               | 0       |
|   select_ln114_205_fu_10772_p3   |     |        | select_ln114_205   | select    | auto_sel               | 0       |
|   select_ln114_206_fu_10780_p3   |     |        | select_ln114_206   | select    | auto_sel               | 0       |
|   xor_ln115_68_fu_10788_p2       |     |        | xor_ln115_68       | xor       | auto                   | 0       |
|   terms_84_fu_10794_p3           |     |        | terms_84           | select    | auto_sel               | 0       |
|   sub_ln114_69_fu_10806_p2       |     |        | sub_ln114_69       | sub       | fabric                 | 0       |
|   xor_ln114_276_fu_10832_p2      |     |        | xor_ln114_276      | xor       | auto                   | 0       |
|   and_ln114_138_fu_10838_p2      |     |        | and_ln114_138      | and       | auto                   | 0       |
|   xor_ln114_277_fu_10844_p2      |     |        | xor_ln114_277      | xor       | auto                   | 0       |
|   and_ln114_139_fu_10850_p2      |     |        | and_ln114_139      | and       | auto                   | 0       |
|   xor_ln114_278_fu_10856_p2      |     |        | xor_ln114_278      | xor       | auto                   | 0       |
|   xor_ln114_279_fu_10862_p2      |     |        | xor_ln114_279      | xor       | auto                   | 0       |
|   or_ln114_69_fu_10868_p2        |     |        | or_ln114_69        | or        | auto                   | 0       |
|   select_ln114_207_fu_10874_p3   |     |        | select_ln114_207   | select    | auto_sel               | 0       |
|   select_ln114_208_fu_10882_p3   |     |        | select_ln114_208   | select    | auto_sel               | 0       |
|   select_ln114_209_fu_10890_p3   |     |        | select_ln114_209   | select    | auto_sel               | 0       |
|   xor_ln115_69_fu_10898_p2       |     |        | xor_ln115_69       | xor       | auto                   | 0       |
|   terms_85_fu_10904_p3           |     |        | terms_85           | select    | auto_sel               | 0       |
|   sub_ln114_70_fu_10916_p2       |     |        | sub_ln114_70       | sub       | fabric                 | 0       |
|   xor_ln114_280_fu_10942_p2      |     |        | xor_ln114_280      | xor       | auto                   | 0       |
|   and_ln114_140_fu_10948_p2      |     |        | and_ln114_140      | and       | auto                   | 0       |
|   xor_ln114_281_fu_10954_p2      |     |        | xor_ln114_281      | xor       | auto                   | 0       |
|   and_ln114_141_fu_10960_p2      |     |        | and_ln114_141      | and       | auto                   | 0       |
|   xor_ln114_282_fu_10966_p2      |     |        | xor_ln114_282      | xor       | auto                   | 0       |
|   xor_ln114_283_fu_10972_p2      |     |        | xor_ln114_283      | xor       | auto                   | 0       |
|   or_ln114_70_fu_10978_p2        |     |        | or_ln114_70        | or        | auto                   | 0       |
|   select_ln114_210_fu_10984_p3   |     |        | select_ln114_210   | select    | auto_sel               | 0       |
|   select_ln114_211_fu_10992_p3   |     |        | select_ln114_211   | select    | auto_sel               | 0       |
|   select_ln114_212_fu_11000_p3   |     |        | select_ln114_212   | select    | auto_sel               | 0       |
|   xor_ln115_70_fu_11008_p2       |     |        | xor_ln115_70       | xor       | auto                   | 0       |
|   terms_86_fu_11014_p3           |     |        | terms_86           | select    | auto_sel               | 0       |
|   sub_ln114_71_fu_11026_p2       |     |        | sub_ln114_71       | sub       | fabric                 | 0       |
|   xor_ln114_284_fu_11052_p2      |     |        | xor_ln114_284      | xor       | auto                   | 0       |
|   and_ln114_142_fu_11058_p2      |     |        | and_ln114_142      | and       | auto                   | 0       |
|   xor_ln114_285_fu_11064_p2      |     |        | xor_ln114_285      | xor       | auto                   | 0       |
|   and_ln114_143_fu_11070_p2      |     |        | and_ln114_143      | and       | auto                   | 0       |
|   xor_ln114_286_fu_11076_p2      |     |        | xor_ln114_286      | xor       | auto                   | 0       |
|   xor_ln114_287_fu_11082_p2      |     |        | xor_ln114_287      | xor       | auto                   | 0       |
|   or_ln114_71_fu_11088_p2        |     |        | or_ln114_71        | or        | auto                   | 0       |
|   select_ln114_213_fu_11094_p3   |     |        | select_ln114_213   | select    | auto_sel               | 0       |
|   select_ln114_214_fu_11102_p3   |     |        | select_ln114_214   | select    | auto_sel               | 0       |
|   select_ln114_215_fu_11110_p3   |     |        | select_ln114_215   | select    | auto_sel               | 0       |
|   xor_ln115_71_fu_11118_p2       |     |        | xor_ln115_71       | xor       | auto                   | 0       |
|   terms_87_fu_11124_p3           |     |        | terms_87           | select    | auto_sel               | 0       |
|   sub_ln114_72_fu_11136_p2       |     |        | sub_ln114_72       | sub       | fabric                 | 0       |
|   xor_ln114_288_fu_11162_p2      |     |        | xor_ln114_288      | xor       | auto                   | 0       |
|   and_ln114_144_fu_11168_p2      |     |        | and_ln114_144      | and       | auto                   | 0       |
|   xor_ln114_289_fu_11174_p2      |     |        | xor_ln114_289      | xor       | auto                   | 0       |
|   and_ln114_145_fu_11180_p2      |     |        | and_ln114_145      | and       | auto                   | 0       |
|   xor_ln114_290_fu_11186_p2      |     |        | xor_ln114_290      | xor       | auto                   | 0       |
|   xor_ln114_291_fu_11192_p2      |     |        | xor_ln114_291      | xor       | auto                   | 0       |
|   or_ln114_72_fu_11198_p2        |     |        | or_ln114_72        | or        | auto                   | 0       |
|   select_ln114_216_fu_11204_p3   |     |        | select_ln114_216   | select    | auto_sel               | 0       |
|   select_ln114_217_fu_11212_p3   |     |        | select_ln114_217   | select    | auto_sel               | 0       |
|   select_ln114_218_fu_11220_p3   |     |        | select_ln114_218   | select    | auto_sel               | 0       |
|   xor_ln115_72_fu_11228_p2       |     |        | xor_ln115_72       | xor       | auto                   | 0       |
|   terms_88_fu_11234_p3           |     |        | terms_88           | select    | auto_sel               | 0       |
|   sub_ln114_73_fu_11246_p2       |     |        | sub_ln114_73       | sub       | fabric                 | 0       |
|   xor_ln114_292_fu_11272_p2      |     |        | xor_ln114_292      | xor       | auto                   | 0       |
|   and_ln114_146_fu_11278_p2      |     |        | and_ln114_146      | and       | auto                   | 0       |
|   xor_ln114_293_fu_11284_p2      |     |        | xor_ln114_293      | xor       | auto                   | 0       |
|   and_ln114_147_fu_11290_p2      |     |        | and_ln114_147      | and       | auto                   | 0       |
|   xor_ln114_294_fu_11296_p2      |     |        | xor_ln114_294      | xor       | auto                   | 0       |
|   xor_ln114_295_fu_11302_p2      |     |        | xor_ln114_295      | xor       | auto                   | 0       |
|   or_ln114_73_fu_11308_p2        |     |        | or_ln114_73        | or        | auto                   | 0       |
|   select_ln114_219_fu_11314_p3   |     |        | select_ln114_219   | select    | auto_sel               | 0       |
|   select_ln114_220_fu_11322_p3   |     |        | select_ln114_220   | select    | auto_sel               | 0       |
|   select_ln114_221_fu_11330_p3   |     |        | select_ln114_221   | select    | auto_sel               | 0       |
|   xor_ln115_73_fu_11338_p2       |     |        | xor_ln115_73       | xor       | auto                   | 0       |
|   terms_89_fu_11344_p3           |     |        | terms_89           | select    | auto_sel               | 0       |
|   sub_ln114_74_fu_11356_p2       |     |        | sub_ln114_74       | sub       | fabric                 | 0       |
|   xor_ln114_296_fu_11382_p2      |     |        | xor_ln114_296      | xor       | auto                   | 0       |
|   and_ln114_148_fu_11388_p2      |     |        | and_ln114_148      | and       | auto                   | 0       |
|   xor_ln114_297_fu_11394_p2      |     |        | xor_ln114_297      | xor       | auto                   | 0       |
|   and_ln114_149_fu_11400_p2      |     |        | and_ln114_149      | and       | auto                   | 0       |
|   xor_ln114_298_fu_11406_p2      |     |        | xor_ln114_298      | xor       | auto                   | 0       |
|   xor_ln114_299_fu_11412_p2      |     |        | xor_ln114_299      | xor       | auto                   | 0       |
|   or_ln114_74_fu_11418_p2        |     |        | or_ln114_74        | or        | auto                   | 0       |
|   select_ln114_222_fu_11424_p3   |     |        | select_ln114_222   | select    | auto_sel               | 0       |
|   select_ln114_223_fu_11432_p3   |     |        | select_ln114_223   | select    | auto_sel               | 0       |
|   select_ln114_224_fu_11440_p3   |     |        | select_ln114_224   | select    | auto_sel               | 0       |
|   xor_ln115_74_fu_11448_p2       |     |        | xor_ln115_74       | xor       | auto                   | 0       |
|   terms_90_fu_11454_p3           |     |        | terms_90           | select    | auto_sel               | 0       |
|   sub_ln114_75_fu_11466_p2       |     |        | sub_ln114_75       | sub       | fabric                 | 0       |
|   xor_ln114_300_fu_11492_p2      |     |        | xor_ln114_300      | xor       | auto                   | 0       |
|   and_ln114_150_fu_11498_p2      |     |        | and_ln114_150      | and       | auto                   | 0       |
|   xor_ln114_301_fu_11504_p2      |     |        | xor_ln114_301      | xor       | auto                   | 0       |
|   and_ln114_151_fu_11510_p2      |     |        | and_ln114_151      | and       | auto                   | 0       |
|   xor_ln114_302_fu_11516_p2      |     |        | xor_ln114_302      | xor       | auto                   | 0       |
|   xor_ln114_303_fu_11522_p2      |     |        | xor_ln114_303      | xor       | auto                   | 0       |
|   or_ln114_75_fu_11528_p2        |     |        | or_ln114_75        | or        | auto                   | 0       |
|   select_ln114_225_fu_11534_p3   |     |        | select_ln114_225   | select    | auto_sel               | 0       |
|   select_ln114_226_fu_11542_p3   |     |        | select_ln114_226   | select    | auto_sel               | 0       |
|   select_ln114_227_fu_11550_p3   |     |        | select_ln114_227   | select    | auto_sel               | 0       |
|   xor_ln115_75_fu_11558_p2       |     |        | xor_ln115_75       | xor       | auto                   | 0       |
|   terms_91_fu_11564_p3           |     |        | terms_91           | select    | auto_sel               | 0       |
|   sub_ln114_76_fu_11576_p2       |     |        | sub_ln114_76       | sub       | fabric                 | 0       |
|   xor_ln114_304_fu_11602_p2      |     |        | xor_ln114_304      | xor       | auto                   | 0       |
|   and_ln114_152_fu_11608_p2      |     |        | and_ln114_152      | and       | auto                   | 0       |
|   xor_ln114_305_fu_11614_p2      |     |        | xor_ln114_305      | xor       | auto                   | 0       |
|   and_ln114_153_fu_11620_p2      |     |        | and_ln114_153      | and       | auto                   | 0       |
|   xor_ln114_306_fu_11626_p2      |     |        | xor_ln114_306      | xor       | auto                   | 0       |
|   xor_ln114_307_fu_11632_p2      |     |        | xor_ln114_307      | xor       | auto                   | 0       |
|   or_ln114_76_fu_11638_p2        |     |        | or_ln114_76        | or        | auto                   | 0       |
|   select_ln114_228_fu_11644_p3   |     |        | select_ln114_228   | select    | auto_sel               | 0       |
|   select_ln114_229_fu_11652_p3   |     |        | select_ln114_229   | select    | auto_sel               | 0       |
|   select_ln114_230_fu_11660_p3   |     |        | select_ln114_230   | select    | auto_sel               | 0       |
|   xor_ln115_76_fu_11668_p2       |     |        | xor_ln115_76       | xor       | auto                   | 0       |
|   terms_92_fu_11674_p3           |     |        | terms_92           | select    | auto_sel               | 0       |
|   sub_ln114_77_fu_11686_p2       |     |        | sub_ln114_77       | sub       | fabric                 | 0       |
|   xor_ln114_308_fu_11712_p2      |     |        | xor_ln114_308      | xor       | auto                   | 0       |
|   and_ln114_154_fu_11718_p2      |     |        | and_ln114_154      | and       | auto                   | 0       |
|   xor_ln114_309_fu_11724_p2      |     |        | xor_ln114_309      | xor       | auto                   | 0       |
|   and_ln114_155_fu_11730_p2      |     |        | and_ln114_155      | and       | auto                   | 0       |
|   xor_ln114_310_fu_11736_p2      |     |        | xor_ln114_310      | xor       | auto                   | 0       |
|   xor_ln114_311_fu_11742_p2      |     |        | xor_ln114_311      | xor       | auto                   | 0       |
|   or_ln114_77_fu_11748_p2        |     |        | or_ln114_77        | or        | auto                   | 0       |
|   select_ln114_231_fu_11754_p3   |     |        | select_ln114_231   | select    | auto_sel               | 0       |
|   select_ln114_232_fu_11762_p3   |     |        | select_ln114_232   | select    | auto_sel               | 0       |
|   select_ln114_233_fu_11770_p3   |     |        | select_ln114_233   | select    | auto_sel               | 0       |
|   xor_ln115_77_fu_11778_p2       |     |        | xor_ln115_77       | xor       | auto                   | 0       |
|   terms_93_fu_11784_p3           |     |        | terms_93           | select    | auto_sel               | 0       |
|   sub_ln114_78_fu_11796_p2       |     |        | sub_ln114_78       | sub       | fabric                 | 0       |
|   xor_ln114_312_fu_11822_p2      |     |        | xor_ln114_312      | xor       | auto                   | 0       |
|   and_ln114_156_fu_11828_p2      |     |        | and_ln114_156      | and       | auto                   | 0       |
|   xor_ln114_313_fu_11834_p2      |     |        | xor_ln114_313      | xor       | auto                   | 0       |
|   and_ln114_157_fu_11840_p2      |     |        | and_ln114_157      | and       | auto                   | 0       |
|   xor_ln114_314_fu_11846_p2      |     |        | xor_ln114_314      | xor       | auto                   | 0       |
|   xor_ln114_315_fu_11852_p2      |     |        | xor_ln114_315      | xor       | auto                   | 0       |
|   or_ln114_78_fu_11858_p2        |     |        | or_ln114_78        | or        | auto                   | 0       |
|   select_ln114_234_fu_11864_p3   |     |        | select_ln114_234   | select    | auto_sel               | 0       |
|   select_ln114_235_fu_11872_p3   |     |        | select_ln114_235   | select    | auto_sel               | 0       |
|   select_ln114_236_fu_11880_p3   |     |        | select_ln114_236   | select    | auto_sel               | 0       |
|   xor_ln115_78_fu_11888_p2       |     |        | xor_ln115_78       | xor       | auto                   | 0       |
|   terms_94_fu_11894_p3           |     |        | terms_94           | select    | auto_sel               | 0       |
|   sub_ln114_79_fu_11906_p2       |     |        | sub_ln114_79       | sub       | fabric                 | 0       |
|   xor_ln114_316_fu_11932_p2      |     |        | xor_ln114_316      | xor       | auto                   | 0       |
|   and_ln114_158_fu_11938_p2      |     |        | and_ln114_158      | and       | auto                   | 0       |
|   xor_ln114_317_fu_11944_p2      |     |        | xor_ln114_317      | xor       | auto                   | 0       |
|   and_ln114_159_fu_11950_p2      |     |        | and_ln114_159      | and       | auto                   | 0       |
|   xor_ln114_318_fu_11956_p2      |     |        | xor_ln114_318      | xor       | auto                   | 0       |
|   xor_ln114_319_fu_11962_p2      |     |        | xor_ln114_319      | xor       | auto                   | 0       |
|   or_ln114_79_fu_11968_p2        |     |        | or_ln114_79        | or        | auto                   | 0       |
|   select_ln114_237_fu_11974_p3   |     |        | select_ln114_237   | select    | auto_sel               | 0       |
|   select_ln114_238_fu_11982_p3   |     |        | select_ln114_238   | select    | auto_sel               | 0       |
|   select_ln114_239_fu_11990_p3   |     |        | select_ln114_239   | select    | auto_sel               | 0       |
|   xor_ln115_79_fu_11998_p2       |     |        | xor_ln115_79       | xor       | auto                   | 0       |
|   terms_95_fu_12004_p3           |     |        | terms_95           | select    | auto_sel               | 0       |
|   sub_ln114_80_fu_12016_p2       |     |        | sub_ln114_80       | sub       | fabric                 | 0       |
|   xor_ln114_320_fu_12042_p2      |     |        | xor_ln114_320      | xor       | auto                   | 0       |
|   and_ln114_160_fu_12048_p2      |     |        | and_ln114_160      | and       | auto                   | 0       |
|   xor_ln114_321_fu_12054_p2      |     |        | xor_ln114_321      | xor       | auto                   | 0       |
|   and_ln114_161_fu_12060_p2      |     |        | and_ln114_161      | and       | auto                   | 0       |
|   xor_ln114_322_fu_12066_p2      |     |        | xor_ln114_322      | xor       | auto                   | 0       |
|   xor_ln114_323_fu_12072_p2      |     |        | xor_ln114_323      | xor       | auto                   | 0       |
|   or_ln114_80_fu_12078_p2        |     |        | or_ln114_80        | or        | auto                   | 0       |
|   select_ln114_240_fu_12084_p3   |     |        | select_ln114_240   | select    | auto_sel               | 0       |
|   select_ln114_241_fu_12092_p3   |     |        | select_ln114_241   | select    | auto_sel               | 0       |
|   select_ln114_242_fu_12100_p3   |     |        | select_ln114_242   | select    | auto_sel               | 0       |
|   xor_ln115_80_fu_12108_p2       |     |        | xor_ln115_80       | xor       | auto                   | 0       |
|   terms_96_fu_12114_p3           |     |        | terms_96           | select    | auto_sel               | 0       |
|   sub_ln114_81_fu_12126_p2       |     |        | sub_ln114_81       | sub       | fabric                 | 0       |
|   xor_ln114_324_fu_12152_p2      |     |        | xor_ln114_324      | xor       | auto                   | 0       |
|   and_ln114_162_fu_12158_p2      |     |        | and_ln114_162      | and       | auto                   | 0       |
|   xor_ln114_325_fu_12164_p2      |     |        | xor_ln114_325      | xor       | auto                   | 0       |
|   and_ln114_163_fu_12170_p2      |     |        | and_ln114_163      | and       | auto                   | 0       |
|   xor_ln114_326_fu_12176_p2      |     |        | xor_ln114_326      | xor       | auto                   | 0       |
|   xor_ln114_327_fu_12182_p2      |     |        | xor_ln114_327      | xor       | auto                   | 0       |
|   or_ln114_81_fu_12188_p2        |     |        | or_ln114_81        | or        | auto                   | 0       |
|   select_ln114_243_fu_12194_p3   |     |        | select_ln114_243   | select    | auto_sel               | 0       |
|   select_ln114_244_fu_12202_p3   |     |        | select_ln114_244   | select    | auto_sel               | 0       |
|   select_ln114_245_fu_12210_p3   |     |        | select_ln114_245   | select    | auto_sel               | 0       |
|   xor_ln115_81_fu_12218_p2       |     |        | xor_ln115_81       | xor       | auto                   | 0       |
|   terms_97_fu_12224_p3           |     |        | terms_97           | select    | auto_sel               | 0       |
|   sub_ln114_82_fu_12236_p2       |     |        | sub_ln114_82       | sub       | fabric                 | 0       |
|   xor_ln114_328_fu_12262_p2      |     |        | xor_ln114_328      | xor       | auto                   | 0       |
|   and_ln114_164_fu_12268_p2      |     |        | and_ln114_164      | and       | auto                   | 0       |
|   xor_ln114_329_fu_12274_p2      |     |        | xor_ln114_329      | xor       | auto                   | 0       |
|   and_ln114_165_fu_12280_p2      |     |        | and_ln114_165      | and       | auto                   | 0       |
|   xor_ln114_330_fu_12286_p2      |     |        | xor_ln114_330      | xor       | auto                   | 0       |
|   xor_ln114_331_fu_12292_p2      |     |        | xor_ln114_331      | xor       | auto                   | 0       |
|   or_ln114_82_fu_12298_p2        |     |        | or_ln114_82        | or        | auto                   | 0       |
|   select_ln114_246_fu_12304_p3   |     |        | select_ln114_246   | select    | auto_sel               | 0       |
|   select_ln114_247_fu_12312_p3   |     |        | select_ln114_247   | select    | auto_sel               | 0       |
|   select_ln114_248_fu_12320_p3   |     |        | select_ln114_248   | select    | auto_sel               | 0       |
|   xor_ln115_82_fu_12328_p2       |     |        | xor_ln115_82       | xor       | auto                   | 0       |
|   terms_98_fu_12334_p3           |     |        | terms_98           | select    | auto_sel               | 0       |
|   sub_ln114_83_fu_12346_p2       |     |        | sub_ln114_83       | sub       | fabric                 | 0       |
|   xor_ln114_332_fu_12372_p2      |     |        | xor_ln114_332      | xor       | auto                   | 0       |
|   and_ln114_166_fu_12378_p2      |     |        | and_ln114_166      | and       | auto                   | 0       |
|   xor_ln114_333_fu_12384_p2      |     |        | xor_ln114_333      | xor       | auto                   | 0       |
|   and_ln114_167_fu_12390_p2      |     |        | and_ln114_167      | and       | auto                   | 0       |
|   xor_ln114_334_fu_12396_p2      |     |        | xor_ln114_334      | xor       | auto                   | 0       |
|   xor_ln114_335_fu_12402_p2      |     |        | xor_ln114_335      | xor       | auto                   | 0       |
|   or_ln114_83_fu_12408_p2        |     |        | or_ln114_83        | or        | auto                   | 0       |
|   select_ln114_249_fu_12414_p3   |     |        | select_ln114_249   | select    | auto_sel               | 0       |
|   select_ln114_250_fu_12422_p3   |     |        | select_ln114_250   | select    | auto_sel               | 0       |
|   select_ln114_251_fu_12430_p3   |     |        | select_ln114_251   | select    | auto_sel               | 0       |
|   xor_ln115_83_fu_12438_p2       |     |        | xor_ln115_83       | xor       | auto                   | 0       |
|   terms_99_fu_12444_p3           |     |        | terms_99           | select    | auto_sel               | 0       |
|   sub_ln114_84_fu_12456_p2       |     |        | sub_ln114_84       | sub       | fabric                 | 0       |
|   xor_ln114_336_fu_12482_p2      |     |        | xor_ln114_336      | xor       | auto                   | 0       |
|   and_ln114_168_fu_12488_p2      |     |        | and_ln114_168      | and       | auto                   | 0       |
|   xor_ln114_337_fu_12494_p2      |     |        | xor_ln114_337      | xor       | auto                   | 0       |
|   and_ln114_169_fu_12500_p2      |     |        | and_ln114_169      | and       | auto                   | 0       |
|   xor_ln114_338_fu_12506_p2      |     |        | xor_ln114_338      | xor       | auto                   | 0       |
|   xor_ln114_339_fu_12512_p2      |     |        | xor_ln114_339      | xor       | auto                   | 0       |
|   or_ln114_84_fu_12518_p2        |     |        | or_ln114_84        | or        | auto                   | 0       |
|   select_ln114_252_fu_12524_p3   |     |        | select_ln114_252   | select    | auto_sel               | 0       |
|   select_ln114_253_fu_12532_p3   |     |        | select_ln114_253   | select    | auto_sel               | 0       |
|   select_ln114_254_fu_12540_p3   |     |        | select_ln114_254   | select    | auto_sel               | 0       |
|   xor_ln115_84_fu_12548_p2       |     |        | xor_ln115_84       | xor       | auto                   | 0       |
|   terms_100_fu_12554_p3          |     |        | terms_100          | select    | auto_sel               | 0       |
|   sub_ln114_85_fu_12566_p2       |     |        | sub_ln114_85       | sub       | fabric                 | 0       |
|   xor_ln114_340_fu_12592_p2      |     |        | xor_ln114_340      | xor       | auto                   | 0       |
|   and_ln114_170_fu_12598_p2      |     |        | and_ln114_170      | and       | auto                   | 0       |
|   xor_ln114_341_fu_12604_p2      |     |        | xor_ln114_341      | xor       | auto                   | 0       |
|   and_ln114_171_fu_12610_p2      |     |        | and_ln114_171      | and       | auto                   | 0       |
|   xor_ln114_342_fu_12616_p2      |     |        | xor_ln114_342      | xor       | auto                   | 0       |
|   xor_ln114_343_fu_12622_p2      |     |        | xor_ln114_343      | xor       | auto                   | 0       |
|   or_ln114_85_fu_12628_p2        |     |        | or_ln114_85        | or        | auto                   | 0       |
|   select_ln114_255_fu_12634_p3   |     |        | select_ln114_255   | select    | auto_sel               | 0       |
|   select_ln114_256_fu_12642_p3   |     |        | select_ln114_256   | select    | auto_sel               | 0       |
|   select_ln114_257_fu_12650_p3   |     |        | select_ln114_257   | select    | auto_sel               | 0       |
|   xor_ln115_85_fu_12658_p2       |     |        | xor_ln115_85       | xor       | auto                   | 0       |
|   terms_101_fu_12664_p3          |     |        | terms_101          | select    | auto_sel               | 0       |
|   sub_ln114_86_fu_12676_p2       |     |        | sub_ln114_86       | sub       | fabric                 | 0       |
|   xor_ln114_344_fu_12702_p2      |     |        | xor_ln114_344      | xor       | auto                   | 0       |
|   and_ln114_172_fu_12708_p2      |     |        | and_ln114_172      | and       | auto                   | 0       |
|   xor_ln114_345_fu_12714_p2      |     |        | xor_ln114_345      | xor       | auto                   | 0       |
|   and_ln114_173_fu_12720_p2      |     |        | and_ln114_173      | and       | auto                   | 0       |
|   xor_ln114_346_fu_12726_p2      |     |        | xor_ln114_346      | xor       | auto                   | 0       |
|   xor_ln114_347_fu_12732_p2      |     |        | xor_ln114_347      | xor       | auto                   | 0       |
|   or_ln114_86_fu_12738_p2        |     |        | or_ln114_86        | or        | auto                   | 0       |
|   select_ln114_258_fu_12744_p3   |     |        | select_ln114_258   | select    | auto_sel               | 0       |
|   select_ln114_259_fu_12752_p3   |     |        | select_ln114_259   | select    | auto_sel               | 0       |
|   select_ln114_260_fu_12760_p3   |     |        | select_ln114_260   | select    | auto_sel               | 0       |
|   xor_ln115_86_fu_12768_p2       |     |        | xor_ln115_86       | xor       | auto                   | 0       |
|   terms_102_fu_12774_p3          |     |        | terms_102          | select    | auto_sel               | 0       |
|   sub_ln114_87_fu_12786_p2       |     |        | sub_ln114_87       | sub       | fabric                 | 0       |
|   xor_ln114_348_fu_12812_p2      |     |        | xor_ln114_348      | xor       | auto                   | 0       |
|   and_ln114_174_fu_12818_p2      |     |        | and_ln114_174      | and       | auto                   | 0       |
|   xor_ln114_349_fu_12824_p2      |     |        | xor_ln114_349      | xor       | auto                   | 0       |
|   and_ln114_175_fu_12830_p2      |     |        | and_ln114_175      | and       | auto                   | 0       |
|   xor_ln114_350_fu_12836_p2      |     |        | xor_ln114_350      | xor       | auto                   | 0       |
|   xor_ln114_351_fu_12842_p2      |     |        | xor_ln114_351      | xor       | auto                   | 0       |
|   or_ln114_87_fu_12848_p2        |     |        | or_ln114_87        | or        | auto                   | 0       |
|   select_ln114_261_fu_12854_p3   |     |        | select_ln114_261   | select    | auto_sel               | 0       |
|   select_ln114_262_fu_12862_p3   |     |        | select_ln114_262   | select    | auto_sel               | 0       |
|   select_ln114_263_fu_12870_p3   |     |        | select_ln114_263   | select    | auto_sel               | 0       |
|   xor_ln115_87_fu_12878_p2       |     |        | xor_ln115_87       | xor       | auto                   | 0       |
|   terms_103_fu_12884_p3          |     |        | terms_103          | select    | auto_sel               | 0       |
|   sub_ln114_88_fu_12896_p2       |     |        | sub_ln114_88       | sub       | fabric                 | 0       |
|   xor_ln114_352_fu_12922_p2      |     |        | xor_ln114_352      | xor       | auto                   | 0       |
|   and_ln114_176_fu_12928_p2      |     |        | and_ln114_176      | and       | auto                   | 0       |
|   xor_ln114_353_fu_12934_p2      |     |        | xor_ln114_353      | xor       | auto                   | 0       |
|   and_ln114_177_fu_12940_p2      |     |        | and_ln114_177      | and       | auto                   | 0       |
|   xor_ln114_354_fu_12946_p2      |     |        | xor_ln114_354      | xor       | auto                   | 0       |
|   xor_ln114_355_fu_12952_p2      |     |        | xor_ln114_355      | xor       | auto                   | 0       |
|   or_ln114_88_fu_12958_p2        |     |        | or_ln114_88        | or        | auto                   | 0       |
|   select_ln114_264_fu_12964_p3   |     |        | select_ln114_264   | select    | auto_sel               | 0       |
|   select_ln114_265_fu_12972_p3   |     |        | select_ln114_265   | select    | auto_sel               | 0       |
|   select_ln114_266_fu_12980_p3   |     |        | select_ln114_266   | select    | auto_sel               | 0       |
|   xor_ln115_88_fu_12988_p2       |     |        | xor_ln115_88       | xor       | auto                   | 0       |
|   terms_104_fu_12994_p3          |     |        | terms_104          | select    | auto_sel               | 0       |
|   sub_ln114_89_fu_13006_p2       |     |        | sub_ln114_89       | sub       | fabric                 | 0       |
|   xor_ln114_356_fu_13032_p2      |     |        | xor_ln114_356      | xor       | auto                   | 0       |
|   and_ln114_178_fu_13038_p2      |     |        | and_ln114_178      | and       | auto                   | 0       |
|   xor_ln114_357_fu_13044_p2      |     |        | xor_ln114_357      | xor       | auto                   | 0       |
|   and_ln114_179_fu_13050_p2      |     |        | and_ln114_179      | and       | auto                   | 0       |
|   xor_ln114_358_fu_13056_p2      |     |        | xor_ln114_358      | xor       | auto                   | 0       |
|   xor_ln114_359_fu_13062_p2      |     |        | xor_ln114_359      | xor       | auto                   | 0       |
|   or_ln114_89_fu_13068_p2        |     |        | or_ln114_89        | or        | auto                   | 0       |
|   select_ln114_267_fu_13074_p3   |     |        | select_ln114_267   | select    | auto_sel               | 0       |
|   select_ln114_268_fu_13082_p3   |     |        | select_ln114_268   | select    | auto_sel               | 0       |
|   select_ln114_269_fu_13090_p3   |     |        | select_ln114_269   | select    | auto_sel               | 0       |
|   xor_ln115_89_fu_13098_p2       |     |        | xor_ln115_89       | xor       | auto                   | 0       |
|   terms_105_fu_13104_p3          |     |        | terms_105          | select    | auto_sel               | 0       |
|   sub_ln114_90_fu_13116_p2       |     |        | sub_ln114_90       | sub       | fabric                 | 0       |
|   xor_ln114_360_fu_13142_p2      |     |        | xor_ln114_360      | xor       | auto                   | 0       |
|   and_ln114_180_fu_13148_p2      |     |        | and_ln114_180      | and       | auto                   | 0       |
|   xor_ln114_361_fu_13154_p2      |     |        | xor_ln114_361      | xor       | auto                   | 0       |
|   and_ln114_181_fu_13160_p2      |     |        | and_ln114_181      | and       | auto                   | 0       |
|   xor_ln114_362_fu_13166_p2      |     |        | xor_ln114_362      | xor       | auto                   | 0       |
|   xor_ln114_363_fu_13172_p2      |     |        | xor_ln114_363      | xor       | auto                   | 0       |
|   or_ln114_90_fu_13178_p2        |     |        | or_ln114_90        | or        | auto                   | 0       |
|   select_ln114_270_fu_13184_p3   |     |        | select_ln114_270   | select    | auto_sel               | 0       |
|   select_ln114_271_fu_13192_p3   |     |        | select_ln114_271   | select    | auto_sel               | 0       |
|   select_ln114_272_fu_13200_p3   |     |        | select_ln114_272   | select    | auto_sel               | 0       |
|   xor_ln115_90_fu_13208_p2       |     |        | xor_ln115_90       | xor       | auto                   | 0       |
|   terms_106_fu_13214_p3          |     |        | terms_106          | select    | auto_sel               | 0       |
|   sub_ln114_91_fu_13226_p2       |     |        | sub_ln114_91       | sub       | fabric                 | 0       |
|   xor_ln114_364_fu_13252_p2      |     |        | xor_ln114_364      | xor       | auto                   | 0       |
|   and_ln114_182_fu_13258_p2      |     |        | and_ln114_182      | and       | auto                   | 0       |
|   xor_ln114_365_fu_13264_p2      |     |        | xor_ln114_365      | xor       | auto                   | 0       |
|   and_ln114_183_fu_13270_p2      |     |        | and_ln114_183      | and       | auto                   | 0       |
|   xor_ln114_366_fu_13276_p2      |     |        | xor_ln114_366      | xor       | auto                   | 0       |
|   xor_ln114_367_fu_13282_p2      |     |        | xor_ln114_367      | xor       | auto                   | 0       |
|   or_ln114_91_fu_13288_p2        |     |        | or_ln114_91        | or        | auto                   | 0       |
|   select_ln114_273_fu_13294_p3   |     |        | select_ln114_273   | select    | auto_sel               | 0       |
|   select_ln114_274_fu_13302_p3   |     |        | select_ln114_274   | select    | auto_sel               | 0       |
|   select_ln114_275_fu_13310_p3   |     |        | select_ln114_275   | select    | auto_sel               | 0       |
|   xor_ln115_91_fu_13318_p2       |     |        | xor_ln115_91       | xor       | auto                   | 0       |
|   terms_107_fu_13324_p3          |     |        | terms_107          | select    | auto_sel               | 0       |
|   sub_ln114_92_fu_13336_p2       |     |        | sub_ln114_92       | sub       | fabric                 | 0       |
|   xor_ln114_368_fu_13362_p2      |     |        | xor_ln114_368      | xor       | auto                   | 0       |
|   and_ln114_184_fu_13368_p2      |     |        | and_ln114_184      | and       | auto                   | 0       |
|   xor_ln114_369_fu_13374_p2      |     |        | xor_ln114_369      | xor       | auto                   | 0       |
|   and_ln114_185_fu_13380_p2      |     |        | and_ln114_185      | and       | auto                   | 0       |
|   xor_ln114_370_fu_13386_p2      |     |        | xor_ln114_370      | xor       | auto                   | 0       |
|   xor_ln114_371_fu_13392_p2      |     |        | xor_ln114_371      | xor       | auto                   | 0       |
|   or_ln114_92_fu_13398_p2        |     |        | or_ln114_92        | or        | auto                   | 0       |
|   select_ln114_276_fu_13404_p3   |     |        | select_ln114_276   | select    | auto_sel               | 0       |
|   select_ln114_277_fu_13412_p3   |     |        | select_ln114_277   | select    | auto_sel               | 0       |
|   select_ln114_278_fu_13420_p3   |     |        | select_ln114_278   | select    | auto_sel               | 0       |
|   xor_ln115_92_fu_13428_p2       |     |        | xor_ln115_92       | xor       | auto                   | 0       |
|   terms_108_fu_13434_p3          |     |        | terms_108          | select    | auto_sel               | 0       |
|   sub_ln114_93_fu_13446_p2       |     |        | sub_ln114_93       | sub       | fabric                 | 0       |
|   xor_ln114_372_fu_13472_p2      |     |        | xor_ln114_372      | xor       | auto                   | 0       |
|   and_ln114_186_fu_13478_p2      |     |        | and_ln114_186      | and       | auto                   | 0       |
|   xor_ln114_373_fu_13484_p2      |     |        | xor_ln114_373      | xor       | auto                   | 0       |
|   and_ln114_187_fu_13490_p2      |     |        | and_ln114_187      | and       | auto                   | 0       |
|   xor_ln114_374_fu_13496_p2      |     |        | xor_ln114_374      | xor       | auto                   | 0       |
|   xor_ln114_375_fu_13502_p2      |     |        | xor_ln114_375      | xor       | auto                   | 0       |
|   or_ln114_93_fu_13508_p2        |     |        | or_ln114_93        | or        | auto                   | 0       |
|   select_ln114_279_fu_13514_p3   |     |        | select_ln114_279   | select    | auto_sel               | 0       |
|   select_ln114_280_fu_13522_p3   |     |        | select_ln114_280   | select    | auto_sel               | 0       |
|   select_ln114_281_fu_13530_p3   |     |        | select_ln114_281   | select    | auto_sel               | 0       |
|   xor_ln115_93_fu_13538_p2       |     |        | xor_ln115_93       | xor       | auto                   | 0       |
|   terms_109_fu_13544_p3          |     |        | terms_109          | select    | auto_sel               | 0       |
|   sub_ln114_94_fu_13556_p2       |     |        | sub_ln114_94       | sub       | fabric                 | 0       |
|   xor_ln114_376_fu_13582_p2      |     |        | xor_ln114_376      | xor       | auto                   | 0       |
|   and_ln114_188_fu_13588_p2      |     |        | and_ln114_188      | and       | auto                   | 0       |
|   xor_ln114_377_fu_13594_p2      |     |        | xor_ln114_377      | xor       | auto                   | 0       |
|   and_ln114_189_fu_13600_p2      |     |        | and_ln114_189      | and       | auto                   | 0       |
|   xor_ln114_378_fu_13606_p2      |     |        | xor_ln114_378      | xor       | auto                   | 0       |
|   xor_ln114_379_fu_13612_p2      |     |        | xor_ln114_379      | xor       | auto                   | 0       |
|   or_ln114_94_fu_13618_p2        |     |        | or_ln114_94        | or        | auto                   | 0       |
|   select_ln114_282_fu_13624_p3   |     |        | select_ln114_282   | select    | auto_sel               | 0       |
|   select_ln114_283_fu_13632_p3   |     |        | select_ln114_283   | select    | auto_sel               | 0       |
|   select_ln114_284_fu_13640_p3   |     |        | select_ln114_284   | select    | auto_sel               | 0       |
|   xor_ln115_94_fu_13648_p2       |     |        | xor_ln115_94       | xor       | auto                   | 0       |
|   terms_110_fu_13654_p3          |     |        | terms_110          | select    | auto_sel               | 0       |
|   sub_ln114_95_fu_13666_p2       |     |        | sub_ln114_95       | sub       | fabric                 | 0       |
|   xor_ln114_380_fu_13692_p2      |     |        | xor_ln114_380      | xor       | auto                   | 0       |
|   and_ln114_190_fu_13698_p2      |     |        | and_ln114_190      | and       | auto                   | 0       |
|   xor_ln114_381_fu_13704_p2      |     |        | xor_ln114_381      | xor       | auto                   | 0       |
|   and_ln114_191_fu_13710_p2      |     |        | and_ln114_191      | and       | auto                   | 0       |
|   xor_ln114_382_fu_13716_p2      |     |        | xor_ln114_382      | xor       | auto                   | 0       |
|   xor_ln114_383_fu_13722_p2      |     |        | xor_ln114_383      | xor       | auto                   | 0       |
|   or_ln114_95_fu_13728_p2        |     |        | or_ln114_95        | or        | auto                   | 0       |
|   select_ln114_285_fu_13734_p3   |     |        | select_ln114_285   | select    | auto_sel               | 0       |
|   select_ln114_286_fu_13742_p3   |     |        | select_ln114_286   | select    | auto_sel               | 0       |
|   select_ln114_287_fu_13750_p3   |     |        | select_ln114_287   | select    | auto_sel               | 0       |
|   xor_ln115_95_fu_13758_p2       |     |        | xor_ln115_95       | xor       | auto                   | 0       |
|   terms_111_fu_13764_p3          |     |        | terms_111          | select    | auto_sel               | 0       |
|   sub_ln114_96_fu_13776_p2       |     |        | sub_ln114_96       | sub       | fabric                 | 0       |
|   xor_ln114_384_fu_13802_p2      |     |        | xor_ln114_384      | xor       | auto                   | 0       |
|   and_ln114_192_fu_13808_p2      |     |        | and_ln114_192      | and       | auto                   | 0       |
|   xor_ln114_385_fu_13814_p2      |     |        | xor_ln114_385      | xor       | auto                   | 0       |
|   and_ln114_193_fu_13820_p2      |     |        | and_ln114_193      | and       | auto                   | 0       |
|   xor_ln114_386_fu_13826_p2      |     |        | xor_ln114_386      | xor       | auto                   | 0       |
|   xor_ln114_387_fu_13832_p2      |     |        | xor_ln114_387      | xor       | auto                   | 0       |
|   or_ln114_96_fu_13838_p2        |     |        | or_ln114_96        | or        | auto                   | 0       |
|   select_ln114_288_fu_13844_p3   |     |        | select_ln114_288   | select    | auto_sel               | 0       |
|   select_ln114_289_fu_13852_p3   |     |        | select_ln114_289   | select    | auto_sel               | 0       |
|   select_ln114_290_fu_13860_p3   |     |        | select_ln114_290   | select    | auto_sel               | 0       |
|   xor_ln115_96_fu_13868_p2       |     |        | xor_ln115_96       | xor       | auto                   | 0       |
|   terms_112_fu_13874_p3          |     |        | terms_112          | select    | auto_sel               | 0       |
|   sub_ln114_97_fu_13886_p2       |     |        | sub_ln114_97       | sub       | fabric                 | 0       |
|   xor_ln114_388_fu_13912_p2      |     |        | xor_ln114_388      | xor       | auto                   | 0       |
|   and_ln114_194_fu_13918_p2      |     |        | and_ln114_194      | and       | auto                   | 0       |
|   xor_ln114_389_fu_13924_p2      |     |        | xor_ln114_389      | xor       | auto                   | 0       |
|   and_ln114_195_fu_13930_p2      |     |        | and_ln114_195      | and       | auto                   | 0       |
|   xor_ln114_390_fu_13936_p2      |     |        | xor_ln114_390      | xor       | auto                   | 0       |
|   xor_ln114_391_fu_13942_p2      |     |        | xor_ln114_391      | xor       | auto                   | 0       |
|   or_ln114_97_fu_13948_p2        |     |        | or_ln114_97        | or        | auto                   | 0       |
|   select_ln114_291_fu_13954_p3   |     |        | select_ln114_291   | select    | auto_sel               | 0       |
|   select_ln114_292_fu_13962_p3   |     |        | select_ln114_292   | select    | auto_sel               | 0       |
|   select_ln114_293_fu_13970_p3   |     |        | select_ln114_293   | select    | auto_sel               | 0       |
|   xor_ln115_97_fu_13978_p2       |     |        | xor_ln115_97       | xor       | auto                   | 0       |
|   terms_113_fu_13984_p3          |     |        | terms_113          | select    | auto_sel               | 0       |
|   sub_ln114_98_fu_13996_p2       |     |        | sub_ln114_98       | sub       | fabric                 | 0       |
|   xor_ln114_392_fu_14022_p2      |     |        | xor_ln114_392      | xor       | auto                   | 0       |
|   and_ln114_196_fu_14028_p2      |     |        | and_ln114_196      | and       | auto                   | 0       |
|   xor_ln114_393_fu_14034_p2      |     |        | xor_ln114_393      | xor       | auto                   | 0       |
|   and_ln114_197_fu_14040_p2      |     |        | and_ln114_197      | and       | auto                   | 0       |
|   xor_ln114_394_fu_14046_p2      |     |        | xor_ln114_394      | xor       | auto                   | 0       |
|   xor_ln114_395_fu_14052_p2      |     |        | xor_ln114_395      | xor       | auto                   | 0       |
|   or_ln114_98_fu_14058_p2        |     |        | or_ln114_98        | or        | auto                   | 0       |
|   select_ln114_294_fu_14064_p3   |     |        | select_ln114_294   | select    | auto_sel               | 0       |
|   select_ln114_295_fu_14072_p3   |     |        | select_ln114_295   | select    | auto_sel               | 0       |
|   select_ln114_296_fu_14080_p3   |     |        | select_ln114_296   | select    | auto_sel               | 0       |
|   xor_ln115_98_fu_14088_p2       |     |        | xor_ln115_98       | xor       | auto                   | 0       |
|   terms_114_fu_14094_p3          |     |        | terms_114          | select    | auto_sel               | 0       |
|   sub_ln114_99_fu_14106_p2       |     |        | sub_ln114_99       | sub       | fabric                 | 0       |
|   xor_ln114_396_fu_14132_p2      |     |        | xor_ln114_396      | xor       | auto                   | 0       |
|   and_ln114_198_fu_14138_p2      |     |        | and_ln114_198      | and       | auto                   | 0       |
|   xor_ln114_397_fu_14144_p2      |     |        | xor_ln114_397      | xor       | auto                   | 0       |
|   and_ln114_199_fu_14150_p2      |     |        | and_ln114_199      | and       | auto                   | 0       |
|   xor_ln114_398_fu_14156_p2      |     |        | xor_ln114_398      | xor       | auto                   | 0       |
|   xor_ln114_399_fu_14162_p2      |     |        | xor_ln114_399      | xor       | auto                   | 0       |
|   or_ln114_99_fu_14168_p2        |     |        | or_ln114_99        | or        | auto                   | 0       |
|   select_ln114_297_fu_14174_p3   |     |        | select_ln114_297   | select    | auto_sel               | 0       |
|   select_ln114_298_fu_14182_p3   |     |        | select_ln114_298   | select    | auto_sel               | 0       |
|   select_ln114_299_fu_14190_p3   |     |        | select_ln114_299   | select    | auto_sel               | 0       |
|   xor_ln115_99_fu_14198_p2       |     |        | xor_ln115_99       | xor       | auto                   | 0       |
|   terms_115_fu_14204_p3          |     |        | terms_115          | select    | auto_sel               | 0       |
|   sub_ln114_100_fu_14216_p2      |     |        | sub_ln114_100      | sub       | fabric                 | 0       |
|   xor_ln114_400_fu_14242_p2      |     |        | xor_ln114_400      | xor       | auto                   | 0       |
|   and_ln114_200_fu_14248_p2      |     |        | and_ln114_200      | and       | auto                   | 0       |
|   xor_ln114_401_fu_14254_p2      |     |        | xor_ln114_401      | xor       | auto                   | 0       |
|   and_ln114_201_fu_14260_p2      |     |        | and_ln114_201      | and       | auto                   | 0       |
|   xor_ln114_402_fu_14266_p2      |     |        | xor_ln114_402      | xor       | auto                   | 0       |
|   xor_ln114_403_fu_14272_p2      |     |        | xor_ln114_403      | xor       | auto                   | 0       |
|   or_ln114_100_fu_14278_p2       |     |        | or_ln114_100       | or        | auto                   | 0       |
|   select_ln114_300_fu_14284_p3   |     |        | select_ln114_300   | select    | auto_sel               | 0       |
|   select_ln114_301_fu_14292_p3   |     |        | select_ln114_301   | select    | auto_sel               | 0       |
|   select_ln114_302_fu_14300_p3   |     |        | select_ln114_302   | select    | auto_sel               | 0       |
|   xor_ln115_100_fu_14308_p2      |     |        | xor_ln115_100      | xor       | auto                   | 0       |
|   terms_116_fu_14314_p3          |     |        | terms_116          | select    | auto_sel               | 0       |
|   sub_ln114_101_fu_14326_p2      |     |        | sub_ln114_101      | sub       | fabric                 | 0       |
|   xor_ln114_404_fu_14352_p2      |     |        | xor_ln114_404      | xor       | auto                   | 0       |
|   and_ln114_202_fu_14358_p2      |     |        | and_ln114_202      | and       | auto                   | 0       |
|   xor_ln114_405_fu_14364_p2      |     |        | xor_ln114_405      | xor       | auto                   | 0       |
|   and_ln114_203_fu_14370_p2      |     |        | and_ln114_203      | and       | auto                   | 0       |
|   xor_ln114_406_fu_14376_p2      |     |        | xor_ln114_406      | xor       | auto                   | 0       |
|   xor_ln114_407_fu_14382_p2      |     |        | xor_ln114_407      | xor       | auto                   | 0       |
|   or_ln114_101_fu_14388_p2       |     |        | or_ln114_101       | or        | auto                   | 0       |
|   select_ln114_303_fu_14394_p3   |     |        | select_ln114_303   | select    | auto_sel               | 0       |
|   select_ln114_304_fu_14402_p3   |     |        | select_ln114_304   | select    | auto_sel               | 0       |
|   select_ln114_305_fu_14410_p3   |     |        | select_ln114_305   | select    | auto_sel               | 0       |
|   xor_ln115_101_fu_14418_p2      |     |        | xor_ln115_101      | xor       | auto                   | 0       |
|   terms_117_fu_14424_p3          |     |        | terms_117          | select    | auto_sel               | 0       |
|   sub_ln114_102_fu_14436_p2      |     |        | sub_ln114_102      | sub       | fabric                 | 0       |
|   xor_ln114_408_fu_14462_p2      |     |        | xor_ln114_408      | xor       | auto                   | 0       |
|   and_ln114_204_fu_14468_p2      |     |        | and_ln114_204      | and       | auto                   | 0       |
|   xor_ln114_409_fu_14474_p2      |     |        | xor_ln114_409      | xor       | auto                   | 0       |
|   and_ln114_205_fu_14480_p2      |     |        | and_ln114_205      | and       | auto                   | 0       |
|   xor_ln114_410_fu_14486_p2      |     |        | xor_ln114_410      | xor       | auto                   | 0       |
|   xor_ln114_411_fu_14492_p2      |     |        | xor_ln114_411      | xor       | auto                   | 0       |
|   or_ln114_102_fu_14498_p2       |     |        | or_ln114_102       | or        | auto                   | 0       |
|   select_ln114_306_fu_14504_p3   |     |        | select_ln114_306   | select    | auto_sel               | 0       |
|   select_ln114_307_fu_14512_p3   |     |        | select_ln114_307   | select    | auto_sel               | 0       |
|   select_ln114_308_fu_14520_p3   |     |        | select_ln114_308   | select    | auto_sel               | 0       |
|   xor_ln115_102_fu_14528_p2      |     |        | xor_ln115_102      | xor       | auto                   | 0       |
|   terms_118_fu_14534_p3          |     |        | terms_118          | select    | auto_sel               | 0       |
|   sub_ln114_103_fu_14546_p2      |     |        | sub_ln114_103      | sub       | fabric                 | 0       |
|   xor_ln114_412_fu_14572_p2      |     |        | xor_ln114_412      | xor       | auto                   | 0       |
|   and_ln114_206_fu_14578_p2      |     |        | and_ln114_206      | and       | auto                   | 0       |
|   xor_ln114_413_fu_14584_p2      |     |        | xor_ln114_413      | xor       | auto                   | 0       |
|   and_ln114_207_fu_14590_p2      |     |        | and_ln114_207      | and       | auto                   | 0       |
|   xor_ln114_414_fu_14596_p2      |     |        | xor_ln114_414      | xor       | auto                   | 0       |
|   xor_ln114_415_fu_14602_p2      |     |        | xor_ln114_415      | xor       | auto                   | 0       |
|   or_ln114_103_fu_14608_p2       |     |        | or_ln114_103       | or        | auto                   | 0       |
|   select_ln114_309_fu_14614_p3   |     |        | select_ln114_309   | select    | auto_sel               | 0       |
|   select_ln114_310_fu_14622_p3   |     |        | select_ln114_310   | select    | auto_sel               | 0       |
|   select_ln114_311_fu_14630_p3   |     |        | select_ln114_311   | select    | auto_sel               | 0       |
|   xor_ln115_103_fu_14638_p2      |     |        | xor_ln115_103      | xor       | auto                   | 0       |
|   terms_119_fu_14644_p3          |     |        | terms_119          | select    | auto_sel               | 0       |
|   sub_ln114_104_fu_14656_p2      |     |        | sub_ln114_104      | sub       | fabric                 | 0       |
|   xor_ln114_416_fu_14682_p2      |     |        | xor_ln114_416      | xor       | auto                   | 0       |
|   and_ln114_208_fu_14688_p2      |     |        | and_ln114_208      | and       | auto                   | 0       |
|   xor_ln114_417_fu_14694_p2      |     |        | xor_ln114_417      | xor       | auto                   | 0       |
|   and_ln114_209_fu_14700_p2      |     |        | and_ln114_209      | and       | auto                   | 0       |
|   xor_ln114_418_fu_14706_p2      |     |        | xor_ln114_418      | xor       | auto                   | 0       |
|   xor_ln114_419_fu_14712_p2      |     |        | xor_ln114_419      | xor       | auto                   | 0       |
|   or_ln114_104_fu_14718_p2       |     |        | or_ln114_104       | or        | auto                   | 0       |
|   select_ln114_312_fu_14724_p3   |     |        | select_ln114_312   | select    | auto_sel               | 0       |
|   select_ln114_313_fu_14732_p3   |     |        | select_ln114_313   | select    | auto_sel               | 0       |
|   select_ln114_314_fu_14740_p3   |     |        | select_ln114_314   | select    | auto_sel               | 0       |
|   xor_ln115_104_fu_14748_p2      |     |        | xor_ln115_104      | xor       | auto                   | 0       |
|   terms_120_fu_14754_p3          |     |        | terms_120          | select    | auto_sel               | 0       |
|   sub_ln114_105_fu_14766_p2      |     |        | sub_ln114_105      | sub       | fabric                 | 0       |
|   xor_ln114_420_fu_14792_p2      |     |        | xor_ln114_420      | xor       | auto                   | 0       |
|   and_ln114_210_fu_14798_p2      |     |        | and_ln114_210      | and       | auto                   | 0       |
|   xor_ln114_421_fu_14804_p2      |     |        | xor_ln114_421      | xor       | auto                   | 0       |
|   and_ln114_211_fu_14810_p2      |     |        | and_ln114_211      | and       | auto                   | 0       |
|   xor_ln114_422_fu_14816_p2      |     |        | xor_ln114_422      | xor       | auto                   | 0       |
|   xor_ln114_423_fu_14822_p2      |     |        | xor_ln114_423      | xor       | auto                   | 0       |
|   or_ln114_105_fu_14828_p2       |     |        | or_ln114_105       | or        | auto                   | 0       |
|   select_ln114_315_fu_14834_p3   |     |        | select_ln114_315   | select    | auto_sel               | 0       |
|   select_ln114_316_fu_14842_p3   |     |        | select_ln114_316   | select    | auto_sel               | 0       |
|   select_ln114_317_fu_14850_p3   |     |        | select_ln114_317   | select    | auto_sel               | 0       |
|   xor_ln115_105_fu_14858_p2      |     |        | xor_ln115_105      | xor       | auto                   | 0       |
|   terms_121_fu_14864_p3          |     |        | terms_121          | select    | auto_sel               | 0       |
|   sub_ln114_106_fu_14876_p2      |     |        | sub_ln114_106      | sub       | fabric                 | 0       |
|   xor_ln114_424_fu_14902_p2      |     |        | xor_ln114_424      | xor       | auto                   | 0       |
|   and_ln114_212_fu_14908_p2      |     |        | and_ln114_212      | and       | auto                   | 0       |
|   xor_ln114_425_fu_14914_p2      |     |        | xor_ln114_425      | xor       | auto                   | 0       |
|   and_ln114_213_fu_14920_p2      |     |        | and_ln114_213      | and       | auto                   | 0       |
|   xor_ln114_426_fu_14926_p2      |     |        | xor_ln114_426      | xor       | auto                   | 0       |
|   xor_ln114_427_fu_14932_p2      |     |        | xor_ln114_427      | xor       | auto                   | 0       |
|   or_ln114_106_fu_14938_p2       |     |        | or_ln114_106       | or        | auto                   | 0       |
|   select_ln114_318_fu_14944_p3   |     |        | select_ln114_318   | select    | auto_sel               | 0       |
|   select_ln114_319_fu_14952_p3   |     |        | select_ln114_319   | select    | auto_sel               | 0       |
|   select_ln114_320_fu_14960_p3   |     |        | select_ln114_320   | select    | auto_sel               | 0       |
|   xor_ln115_106_fu_14968_p2      |     |        | xor_ln115_106      | xor       | auto                   | 0       |
|   terms_122_fu_14974_p3          |     |        | terms_122          | select    | auto_sel               | 0       |
|   sub_ln114_107_fu_14986_p2      |     |        | sub_ln114_107      | sub       | fabric                 | 0       |
|   xor_ln114_428_fu_15012_p2      |     |        | xor_ln114_428      | xor       | auto                   | 0       |
|   and_ln114_214_fu_15018_p2      |     |        | and_ln114_214      | and       | auto                   | 0       |
|   xor_ln114_429_fu_15024_p2      |     |        | xor_ln114_429      | xor       | auto                   | 0       |
|   and_ln114_215_fu_15030_p2      |     |        | and_ln114_215      | and       | auto                   | 0       |
|   xor_ln114_430_fu_15036_p2      |     |        | xor_ln114_430      | xor       | auto                   | 0       |
|   xor_ln114_431_fu_15042_p2      |     |        | xor_ln114_431      | xor       | auto                   | 0       |
|   or_ln114_107_fu_15048_p2       |     |        | or_ln114_107       | or        | auto                   | 0       |
|   select_ln114_321_fu_15054_p3   |     |        | select_ln114_321   | select    | auto_sel               | 0       |
|   select_ln114_322_fu_15062_p3   |     |        | select_ln114_322   | select    | auto_sel               | 0       |
|   select_ln114_323_fu_15070_p3   |     |        | select_ln114_323   | select    | auto_sel               | 0       |
|   xor_ln115_107_fu_15078_p2      |     |        | xor_ln115_107      | xor       | auto                   | 0       |
|   terms_123_fu_15084_p3          |     |        | terms_123          | select    | auto_sel               | 0       |
|   sub_ln114_108_fu_15096_p2      |     |        | sub_ln114_108      | sub       | fabric                 | 0       |
|   xor_ln114_432_fu_15122_p2      |     |        | xor_ln114_432      | xor       | auto                   | 0       |
|   and_ln114_216_fu_15128_p2      |     |        | and_ln114_216      | and       | auto                   | 0       |
|   xor_ln114_433_fu_15134_p2      |     |        | xor_ln114_433      | xor       | auto                   | 0       |
|   and_ln114_217_fu_15140_p2      |     |        | and_ln114_217      | and       | auto                   | 0       |
|   xor_ln114_434_fu_15146_p2      |     |        | xor_ln114_434      | xor       | auto                   | 0       |
|   xor_ln114_435_fu_15152_p2      |     |        | xor_ln114_435      | xor       | auto                   | 0       |
|   or_ln114_108_fu_15158_p2       |     |        | or_ln114_108       | or        | auto                   | 0       |
|   select_ln114_324_fu_15164_p3   |     |        | select_ln114_324   | select    | auto_sel               | 0       |
|   select_ln114_325_fu_15172_p3   |     |        | select_ln114_325   | select    | auto_sel               | 0       |
|   select_ln114_326_fu_15180_p3   |     |        | select_ln114_326   | select    | auto_sel               | 0       |
|   xor_ln115_108_fu_15188_p2      |     |        | xor_ln115_108      | xor       | auto                   | 0       |
|   terms_124_fu_15194_p3          |     |        | terms_124          | select    | auto_sel               | 0       |
|   sub_ln114_109_fu_15206_p2      |     |        | sub_ln114_109      | sub       | fabric                 | 0       |
|   xor_ln114_436_fu_15232_p2      |     |        | xor_ln114_436      | xor       | auto                   | 0       |
|   and_ln114_218_fu_15238_p2      |     |        | and_ln114_218      | and       | auto                   | 0       |
|   xor_ln114_437_fu_15244_p2      |     |        | xor_ln114_437      | xor       | auto                   | 0       |
|   and_ln114_219_fu_15250_p2      |     |        | and_ln114_219      | and       | auto                   | 0       |
|   xor_ln114_438_fu_15256_p2      |     |        | xor_ln114_438      | xor       | auto                   | 0       |
|   xor_ln114_439_fu_15262_p2      |     |        | xor_ln114_439      | xor       | auto                   | 0       |
|   or_ln114_109_fu_15268_p2       |     |        | or_ln114_109       | or        | auto                   | 0       |
|   select_ln114_327_fu_15274_p3   |     |        | select_ln114_327   | select    | auto_sel               | 0       |
|   select_ln114_328_fu_15282_p3   |     |        | select_ln114_328   | select    | auto_sel               | 0       |
|   select_ln114_329_fu_15290_p3   |     |        | select_ln114_329   | select    | auto_sel               | 0       |
|   xor_ln115_109_fu_15298_p2      |     |        | xor_ln115_109      | xor       | auto                   | 0       |
|   terms_125_fu_15304_p3          |     |        | terms_125          | select    | auto_sel               | 0       |
|   sub_ln114_110_fu_15316_p2      |     |        | sub_ln114_110      | sub       | fabric                 | 0       |
|   xor_ln114_440_fu_15342_p2      |     |        | xor_ln114_440      | xor       | auto                   | 0       |
|   and_ln114_220_fu_15348_p2      |     |        | and_ln114_220      | and       | auto                   | 0       |
|   xor_ln114_441_fu_15354_p2      |     |        | xor_ln114_441      | xor       | auto                   | 0       |
|   and_ln114_221_fu_15360_p2      |     |        | and_ln114_221      | and       | auto                   | 0       |
|   xor_ln114_442_fu_15366_p2      |     |        | xor_ln114_442      | xor       | auto                   | 0       |
|   xor_ln114_443_fu_15372_p2      |     |        | xor_ln114_443      | xor       | auto                   | 0       |
|   or_ln114_110_fu_15378_p2       |     |        | or_ln114_110       | or        | auto                   | 0       |
|   select_ln114_330_fu_15384_p3   |     |        | select_ln114_330   | select    | auto_sel               | 0       |
|   select_ln114_331_fu_15392_p3   |     |        | select_ln114_331   | select    | auto_sel               | 0       |
|   select_ln114_332_fu_15400_p3   |     |        | select_ln114_332   | select    | auto_sel               | 0       |
|   xor_ln115_110_fu_15408_p2      |     |        | xor_ln115_110      | xor       | auto                   | 0       |
|   terms_126_fu_15414_p3          |     |        | terms_126          | select    | auto_sel               | 0       |
|   sub_ln114_111_fu_15426_p2      |     |        | sub_ln114_111      | sub       | fabric                 | 0       |
|   xor_ln114_444_fu_15452_p2      |     |        | xor_ln114_444      | xor       | auto                   | 0       |
|   and_ln114_222_fu_15458_p2      |     |        | and_ln114_222      | and       | auto                   | 0       |
|   xor_ln114_445_fu_15464_p2      |     |        | xor_ln114_445      | xor       | auto                   | 0       |
|   and_ln114_223_fu_15470_p2      |     |        | and_ln114_223      | and       | auto                   | 0       |
|   xor_ln114_446_fu_15476_p2      |     |        | xor_ln114_446      | xor       | auto                   | 0       |
|   xor_ln114_447_fu_15482_p2      |     |        | xor_ln114_447      | xor       | auto                   | 0       |
|   or_ln114_111_fu_15488_p2       |     |        | or_ln114_111       | or        | auto                   | 0       |
|   select_ln114_333_fu_15494_p3   |     |        | select_ln114_333   | select    | auto_sel               | 0       |
|   select_ln114_334_fu_15502_p3   |     |        | select_ln114_334   | select    | auto_sel               | 0       |
|   select_ln114_335_fu_15510_p3   |     |        | select_ln114_335   | select    | auto_sel               | 0       |
|   xor_ln115_111_fu_15518_p2      |     |        | xor_ln115_111      | xor       | auto                   | 0       |
|   terms_127_fu_15524_p3          |     |        | terms_127          | select    | auto_sel               | 0       |
|   sub_ln114_112_fu_20912_p2      |     |        | sub_ln114_112      | sub       | fabric                 | 0       |
|   xor_ln114_448_fu_20938_p2      |     |        | xor_ln114_448      | xor       | auto                   | 0       |
|   and_ln114_224_fu_20944_p2      |     |        | and_ln114_224      | and       | auto                   | 0       |
|   xor_ln114_449_fu_20950_p2      |     |        | xor_ln114_449      | xor       | auto                   | 0       |
|   and_ln114_225_fu_20956_p2      |     |        | and_ln114_225      | and       | auto                   | 0       |
|   xor_ln114_450_fu_20962_p2      |     |        | xor_ln114_450      | xor       | auto                   | 0       |
|   xor_ln114_451_fu_20968_p2      |     |        | xor_ln114_451      | xor       | auto                   | 0       |
|   or_ln114_112_fu_20974_p2       |     |        | or_ln114_112       | or        | auto                   | 0       |
|   select_ln114_336_fu_20980_p3   |     |        | select_ln114_336   | select    | auto_sel               | 0       |
|   select_ln114_337_fu_20988_p3   |     |        | select_ln114_337   | select    | auto_sel               | 0       |
|   select_ln114_338_fu_20996_p3   |     |        | select_ln114_338   | select    | auto_sel               | 0       |
|   xor_ln115_112_fu_21004_p2      |     |        | xor_ln115_112      | xor       | auto                   | 0       |
|   terms_128_fu_21008_p3          |     |        | terms_128          | select    | auto_sel               | 0       |
|   sub_ln114_113_fu_21020_p2      |     |        | sub_ln114_113      | sub       | fabric                 | 0       |
|   xor_ln114_452_fu_21046_p2      |     |        | xor_ln114_452      | xor       | auto                   | 0       |
|   and_ln114_226_fu_21052_p2      |     |        | and_ln114_226      | and       | auto                   | 0       |
|   xor_ln114_453_fu_21058_p2      |     |        | xor_ln114_453      | xor       | auto                   | 0       |
|   and_ln114_227_fu_21064_p2      |     |        | and_ln114_227      | and       | auto                   | 0       |
|   xor_ln114_454_fu_21070_p2      |     |        | xor_ln114_454      | xor       | auto                   | 0       |
|   xor_ln114_455_fu_21076_p2      |     |        | xor_ln114_455      | xor       | auto                   | 0       |
|   or_ln114_113_fu_21082_p2       |     |        | or_ln114_113       | or        | auto                   | 0       |
|   select_ln114_339_fu_21088_p3   |     |        | select_ln114_339   | select    | auto_sel               | 0       |
|   select_ln114_340_fu_21096_p3   |     |        | select_ln114_340   | select    | auto_sel               | 0       |
|   select_ln114_341_fu_21104_p3   |     |        | select_ln114_341   | select    | auto_sel               | 0       |
|   xor_ln115_113_fu_21112_p2      |     |        | xor_ln115_113      | xor       | auto                   | 0       |
|   terms_129_fu_21116_p3          |     |        | terms_129          | select    | auto_sel               | 0       |
|   sub_ln114_114_fu_21128_p2      |     |        | sub_ln114_114      | sub       | fabric                 | 0       |
|   xor_ln114_456_fu_21154_p2      |     |        | xor_ln114_456      | xor       | auto                   | 0       |
|   and_ln114_228_fu_21160_p2      |     |        | and_ln114_228      | and       | auto                   | 0       |
|   xor_ln114_457_fu_21166_p2      |     |        | xor_ln114_457      | xor       | auto                   | 0       |
|   and_ln114_229_fu_21172_p2      |     |        | and_ln114_229      | and       | auto                   | 0       |
|   xor_ln114_458_fu_21178_p2      |     |        | xor_ln114_458      | xor       | auto                   | 0       |
|   xor_ln114_459_fu_21184_p2      |     |        | xor_ln114_459      | xor       | auto                   | 0       |
|   or_ln114_114_fu_21190_p2       |     |        | or_ln114_114       | or        | auto                   | 0       |
|   select_ln114_342_fu_21196_p3   |     |        | select_ln114_342   | select    | auto_sel               | 0       |
|   select_ln114_343_fu_21204_p3   |     |        | select_ln114_343   | select    | auto_sel               | 0       |
|   select_ln114_344_fu_21212_p3   |     |        | select_ln114_344   | select    | auto_sel               | 0       |
|   xor_ln115_114_fu_21220_p2      |     |        | xor_ln115_114      | xor       | auto                   | 0       |
|   terms_130_fu_21224_p3          |     |        | terms_130          | select    | auto_sel               | 0       |
|   sub_ln114_115_fu_21236_p2      |     |        | sub_ln114_115      | sub       | fabric                 | 0       |
|   xor_ln114_460_fu_21262_p2      |     |        | xor_ln114_460      | xor       | auto                   | 0       |
|   and_ln114_230_fu_21268_p2      |     |        | and_ln114_230      | and       | auto                   | 0       |
|   xor_ln114_461_fu_21274_p2      |     |        | xor_ln114_461      | xor       | auto                   | 0       |
|   and_ln114_231_fu_21280_p2      |     |        | and_ln114_231      | and       | auto                   | 0       |
|   xor_ln114_462_fu_21286_p2      |     |        | xor_ln114_462      | xor       | auto                   | 0       |
|   xor_ln114_463_fu_21292_p2      |     |        | xor_ln114_463      | xor       | auto                   | 0       |
|   or_ln114_115_fu_21298_p2       |     |        | or_ln114_115       | or        | auto                   | 0       |
|   select_ln114_345_fu_21304_p3   |     |        | select_ln114_345   | select    | auto_sel               | 0       |
|   select_ln114_346_fu_21312_p3   |     |        | select_ln114_346   | select    | auto_sel               | 0       |
|   select_ln114_347_fu_21320_p3   |     |        | select_ln114_347   | select    | auto_sel               | 0       |
|   xor_ln115_115_fu_21328_p2      |     |        | xor_ln115_115      | xor       | auto                   | 0       |
|   terms_131_fu_21332_p3          |     |        | terms_131          | select    | auto_sel               | 0       |
|   sub_ln114_116_fu_21344_p2      |     |        | sub_ln114_116      | sub       | fabric                 | 0       |
|   xor_ln114_464_fu_21370_p2      |     |        | xor_ln114_464      | xor       | auto                   | 0       |
|   and_ln114_232_fu_21376_p2      |     |        | and_ln114_232      | and       | auto                   | 0       |
|   xor_ln114_465_fu_21382_p2      |     |        | xor_ln114_465      | xor       | auto                   | 0       |
|   and_ln114_233_fu_21388_p2      |     |        | and_ln114_233      | and       | auto                   | 0       |
|   xor_ln114_466_fu_21394_p2      |     |        | xor_ln114_466      | xor       | auto                   | 0       |
|   xor_ln114_467_fu_21400_p2      |     |        | xor_ln114_467      | xor       | auto                   | 0       |
|   or_ln114_116_fu_21406_p2       |     |        | or_ln114_116       | or        | auto                   | 0       |
|   select_ln114_348_fu_21412_p3   |     |        | select_ln114_348   | select    | auto_sel               | 0       |
|   select_ln114_349_fu_21420_p3   |     |        | select_ln114_349   | select    | auto_sel               | 0       |
|   select_ln114_350_fu_21428_p3   |     |        | select_ln114_350   | select    | auto_sel               | 0       |
|   xor_ln115_116_fu_21436_p2      |     |        | xor_ln115_116      | xor       | auto                   | 0       |
|   terms_132_fu_21440_p3          |     |        | terms_132          | select    | auto_sel               | 0       |
|   sub_ln114_117_fu_21452_p2      |     |        | sub_ln114_117      | sub       | fabric                 | 0       |
|   xor_ln114_468_fu_21478_p2      |     |        | xor_ln114_468      | xor       | auto                   | 0       |
|   and_ln114_234_fu_21484_p2      |     |        | and_ln114_234      | and       | auto                   | 0       |
|   xor_ln114_469_fu_21490_p2      |     |        | xor_ln114_469      | xor       | auto                   | 0       |
|   and_ln114_235_fu_21496_p2      |     |        | and_ln114_235      | and       | auto                   | 0       |
|   xor_ln114_470_fu_21502_p2      |     |        | xor_ln114_470      | xor       | auto                   | 0       |
|   xor_ln114_471_fu_21508_p2      |     |        | xor_ln114_471      | xor       | auto                   | 0       |
|   or_ln114_117_fu_21514_p2       |     |        | or_ln114_117       | or        | auto                   | 0       |
|   select_ln114_351_fu_21520_p3   |     |        | select_ln114_351   | select    | auto_sel               | 0       |
|   select_ln114_352_fu_21528_p3   |     |        | select_ln114_352   | select    | auto_sel               | 0       |
|   select_ln114_353_fu_21536_p3   |     |        | select_ln114_353   | select    | auto_sel               | 0       |
|   xor_ln115_117_fu_21544_p2      |     |        | xor_ln115_117      | xor       | auto                   | 0       |
|   terms_133_fu_21548_p3          |     |        | terms_133          | select    | auto_sel               | 0       |
|   sub_ln114_118_fu_21560_p2      |     |        | sub_ln114_118      | sub       | fabric                 | 0       |
|   xor_ln114_472_fu_21586_p2      |     |        | xor_ln114_472      | xor       | auto                   | 0       |
|   and_ln114_236_fu_21592_p2      |     |        | and_ln114_236      | and       | auto                   | 0       |
|   xor_ln114_473_fu_21598_p2      |     |        | xor_ln114_473      | xor       | auto                   | 0       |
|   and_ln114_237_fu_21604_p2      |     |        | and_ln114_237      | and       | auto                   | 0       |
|   xor_ln114_474_fu_21610_p2      |     |        | xor_ln114_474      | xor       | auto                   | 0       |
|   xor_ln114_475_fu_21616_p2      |     |        | xor_ln114_475      | xor       | auto                   | 0       |
|   or_ln114_118_fu_21622_p2       |     |        | or_ln114_118       | or        | auto                   | 0       |
|   select_ln114_354_fu_21628_p3   |     |        | select_ln114_354   | select    | auto_sel               | 0       |
|   select_ln114_355_fu_21636_p3   |     |        | select_ln114_355   | select    | auto_sel               | 0       |
|   select_ln114_356_fu_21644_p3   |     |        | select_ln114_356   | select    | auto_sel               | 0       |
|   xor_ln115_118_fu_21652_p2      |     |        | xor_ln115_118      | xor       | auto                   | 0       |
|   terms_134_fu_21656_p3          |     |        | terms_134          | select    | auto_sel               | 0       |
|   sub_ln114_119_fu_21668_p2      |     |        | sub_ln114_119      | sub       | fabric                 | 0       |
|   xor_ln114_476_fu_21694_p2      |     |        | xor_ln114_476      | xor       | auto                   | 0       |
|   and_ln114_238_fu_21700_p2      |     |        | and_ln114_238      | and       | auto                   | 0       |
|   xor_ln114_477_fu_21706_p2      |     |        | xor_ln114_477      | xor       | auto                   | 0       |
|   and_ln114_239_fu_21712_p2      |     |        | and_ln114_239      | and       | auto                   | 0       |
|   xor_ln114_478_fu_21718_p2      |     |        | xor_ln114_478      | xor       | auto                   | 0       |
|   xor_ln114_479_fu_21724_p2      |     |        | xor_ln114_479      | xor       | auto                   | 0       |
|   or_ln114_119_fu_21730_p2       |     |        | or_ln114_119       | or        | auto                   | 0       |
|   select_ln114_357_fu_21736_p3   |     |        | select_ln114_357   | select    | auto_sel               | 0       |
|   select_ln114_358_fu_21744_p3   |     |        | select_ln114_358   | select    | auto_sel               | 0       |
|   select_ln114_359_fu_21752_p3   |     |        | select_ln114_359   | select    | auto_sel               | 0       |
|   xor_ln115_119_fu_21760_p2      |     |        | xor_ln115_119      | xor       | auto                   | 0       |
|   terms_135_fu_21764_p3          |     |        | terms_135          | select    | auto_sel               | 0       |
|   add_ln90_fu_15538_p2           |     |        | add_ln90           | add       | fabric                 | 0       |
|   add_ln90_1_fu_15542_p2         |     |        | add_ln90_1         | add       | fabric                 | 0       |
|   xor_ln90_fu_15564_p2           |     |        | xor_ln90           | xor       | auto                   | 0       |
|   and_ln90_fu_15570_p2           |     |        | and_ln90           | and       | auto                   | 0       |
|   xor_ln90_1_fu_15576_p2         |     |        | xor_ln90_1         | xor       | auto                   | 0       |
|   select_ln90_fu_15582_p3        |     |        | select_ln90        | select    | auto_sel               | 0       |
|   y_fu_15590_p3                  |     |        | y                  | select    | auto_sel               | 0       |
|   add_ln90_2_fu_15604_p2         |     |        | add_ln90_2         | add       | fabric                 | 0       |
|   add_ln90_3_fu_15608_p2         |     |        | add_ln90_3         | add       | fabric                 | 0       |
|   xor_ln90_2_fu_15630_p2         |     |        | xor_ln90_2         | xor       | auto                   | 0       |
|   and_ln90_1_fu_15636_p2         |     |        | and_ln90_1         | and       | auto                   | 0       |
|   xor_ln90_3_fu_15642_p2         |     |        | xor_ln90_3         | xor       | auto                   | 0       |
|   select_ln90_2_fu_15648_p3      |     |        | select_ln90_2      | select    | auto_sel               | 0       |
|   y_1_fu_15656_p3                |     |        | y_1                | select    | auto_sel               | 0       |
|   add_ln90_4_fu_15670_p2         |     |        | add_ln90_4         | add       | fabric                 | 0       |
|   add_ln90_5_fu_15674_p2         |     |        | add_ln90_5         | add       | fabric                 | 0       |
|   xor_ln90_4_fu_15696_p2         |     |        | xor_ln90_4         | xor       | auto                   | 0       |
|   and_ln90_2_fu_15702_p2         |     |        | and_ln90_2         | and       | auto                   | 0       |
|   xor_ln90_5_fu_15708_p2         |     |        | xor_ln90_5         | xor       | auto                   | 0       |
|   select_ln90_4_fu_15714_p3      |     |        | select_ln90_4      | select    | auto_sel               | 0       |
|   y_2_fu_15722_p3                |     |        | y_2                | select    | auto_sel               | 0       |
|   add_ln90_6_fu_15736_p2         |     |        | add_ln90_6         | add       | fabric                 | 0       |
|   add_ln90_7_fu_15740_p2         |     |        | add_ln90_7         | add       | fabric                 | 0       |
|   xor_ln90_6_fu_15762_p2         |     |        | xor_ln90_6         | xor       | auto                   | 0       |
|   and_ln90_3_fu_15768_p2         |     |        | and_ln90_3         | and       | auto                   | 0       |
|   xor_ln90_7_fu_15774_p2         |     |        | xor_ln90_7         | xor       | auto                   | 0       |
|   select_ln90_6_fu_15780_p3      |     |        | select_ln90_6      | select    | auto_sel               | 0       |
|   y_3_fu_15788_p3                |     |        | y_3                | select    | auto_sel               | 0       |
|   add_ln90_8_fu_15802_p2         |     |        | add_ln90_8         | add       | fabric                 | 0       |
|   add_ln90_9_fu_15806_p2         |     |        | add_ln90_9         | add       | fabric                 | 0       |
|   xor_ln90_8_fu_15828_p2         |     |        | xor_ln90_8         | xor       | auto                   | 0       |
|   and_ln90_4_fu_15834_p2         |     |        | and_ln90_4         | and       | auto                   | 0       |
|   xor_ln90_9_fu_15840_p2         |     |        | xor_ln90_9         | xor       | auto                   | 0       |
|   select_ln90_8_fu_15846_p3      |     |        | select_ln90_8      | select    | auto_sel               | 0       |
|   y_4_fu_15854_p3                |     |        | y_4                | select    | auto_sel               | 0       |
|   add_ln90_10_fu_15868_p2        |     |        | add_ln90_10        | add       | fabric                 | 0       |
|   add_ln90_11_fu_15872_p2        |     |        | add_ln90_11        | add       | fabric                 | 0       |
|   xor_ln90_10_fu_15894_p2        |     |        | xor_ln90_10        | xor       | auto                   | 0       |
|   and_ln90_5_fu_15900_p2         |     |        | and_ln90_5         | and       | auto                   | 0       |
|   xor_ln90_11_fu_15906_p2        |     |        | xor_ln90_11        | xor       | auto                   | 0       |
|   select_ln90_10_fu_15912_p3     |     |        | select_ln90_10     | select    | auto_sel               | 0       |
|   y_5_fu_15920_p3                |     |        | y_5                | select    | auto_sel               | 0       |
|   add_ln90_12_fu_15934_p2        |     |        | add_ln90_12        | add       | fabric                 | 0       |
|   add_ln90_13_fu_15938_p2        |     |        | add_ln90_13        | add       | fabric                 | 0       |
|   xor_ln90_12_fu_15960_p2        |     |        | xor_ln90_12        | xor       | auto                   | 0       |
|   and_ln90_6_fu_15966_p2         |     |        | and_ln90_6         | and       | auto                   | 0       |
|   xor_ln90_13_fu_15972_p2        |     |        | xor_ln90_13        | xor       | auto                   | 0       |
|   select_ln90_12_fu_15978_p3     |     |        | select_ln90_12     | select    | auto_sel               | 0       |
|   y_6_fu_15986_p3                |     |        | y_6                | select    | auto_sel               | 0       |
|   add_ln90_14_fu_16000_p2        |     |        | add_ln90_14        | add       | fabric                 | 0       |
|   add_ln90_15_fu_16004_p2        |     |        | add_ln90_15        | add       | fabric                 | 0       |
|   xor_ln90_14_fu_16026_p2        |     |        | xor_ln90_14        | xor       | auto                   | 0       |
|   and_ln90_7_fu_16032_p2         |     |        | and_ln90_7         | and       | auto                   | 0       |
|   xor_ln90_15_fu_16038_p2        |     |        | xor_ln90_15        | xor       | auto                   | 0       |
|   select_ln90_14_fu_16044_p3     |     |        | select_ln90_14     | select    | auto_sel               | 0       |
|   y_7_fu_16052_p3                |     |        | y_7                | select    | auto_sel               | 0       |
|   add_ln90_16_fu_16066_p2        |     |        | add_ln90_16        | add       | fabric                 | 0       |
|   add_ln90_17_fu_16070_p2        |     |        | add_ln90_17        | add       | fabric                 | 0       |
|   xor_ln90_16_fu_16092_p2        |     |        | xor_ln90_16        | xor       | auto                   | 0       |
|   and_ln90_8_fu_16098_p2         |     |        | and_ln90_8         | and       | auto                   | 0       |
|   xor_ln90_17_fu_16104_p2        |     |        | xor_ln90_17        | xor       | auto                   | 0       |
|   select_ln90_16_fu_16110_p3     |     |        | select_ln90_16     | select    | auto_sel               | 0       |
|   y_8_fu_16118_p3                |     |        | y_8                | select    | auto_sel               | 0       |
|   add_ln90_18_fu_16132_p2        |     |        | add_ln90_18        | add       | fabric                 | 0       |
|   add_ln90_19_fu_16136_p2        |     |        | add_ln90_19        | add       | fabric                 | 0       |
|   xor_ln90_18_fu_16158_p2        |     |        | xor_ln90_18        | xor       | auto                   | 0       |
|   and_ln90_9_fu_16164_p2         |     |        | and_ln90_9         | and       | auto                   | 0       |
|   xor_ln90_19_fu_16170_p2        |     |        | xor_ln90_19        | xor       | auto                   | 0       |
|   select_ln90_18_fu_16176_p3     |     |        | select_ln90_18     | select    | auto_sel               | 0       |
|   y_9_fu_16184_p3                |     |        | y_9                | select    | auto_sel               | 0       |
|   add_ln90_20_fu_16198_p2        |     |        | add_ln90_20        | add       | fabric                 | 0       |
|   add_ln90_21_fu_16202_p2        |     |        | add_ln90_21        | add       | fabric                 | 0       |
|   xor_ln90_20_fu_16224_p2        |     |        | xor_ln90_20        | xor       | auto                   | 0       |
|   and_ln90_10_fu_16230_p2        |     |        | and_ln90_10        | and       | auto                   | 0       |
|   xor_ln90_21_fu_16236_p2        |     |        | xor_ln90_21        | xor       | auto                   | 0       |
|   select_ln90_20_fu_16242_p3     |     |        | select_ln90_20     | select    | auto_sel               | 0       |
|   y_10_fu_16250_p3               |     |        | y_10               | select    | auto_sel               | 0       |
|   add_ln90_22_fu_16264_p2        |     |        | add_ln90_22        | add       | fabric                 | 0       |
|   add_ln90_23_fu_16268_p2        |     |        | add_ln90_23        | add       | fabric                 | 0       |
|   xor_ln90_22_fu_16290_p2        |     |        | xor_ln90_22        | xor       | auto                   | 0       |
|   and_ln90_11_fu_16296_p2        |     |        | and_ln90_11        | and       | auto                   | 0       |
|   xor_ln90_23_fu_16302_p2        |     |        | xor_ln90_23        | xor       | auto                   | 0       |
|   select_ln90_22_fu_16308_p3     |     |        | select_ln90_22     | select    | auto_sel               | 0       |
|   y_11_fu_16316_p3               |     |        | y_11               | select    | auto_sel               | 0       |
|   add_ln90_24_fu_16330_p2        |     |        | add_ln90_24        | add       | fabric                 | 0       |
|   add_ln90_25_fu_16334_p2        |     |        | add_ln90_25        | add       | fabric                 | 0       |
|   xor_ln90_24_fu_16356_p2        |     |        | xor_ln90_24        | xor       | auto                   | 0       |
|   and_ln90_12_fu_16362_p2        |     |        | and_ln90_12        | and       | auto                   | 0       |
|   xor_ln90_25_fu_16368_p2        |     |        | xor_ln90_25        | xor       | auto                   | 0       |
|   select_ln90_24_fu_16374_p3     |     |        | select_ln90_24     | select    | auto_sel               | 0       |
|   y_12_fu_16382_p3               |     |        | y_12               | select    | auto_sel               | 0       |
|   add_ln90_26_fu_16396_p2        |     |        | add_ln90_26        | add       | fabric                 | 0       |
|   add_ln90_27_fu_16400_p2        |     |        | add_ln90_27        | add       | fabric                 | 0       |
|   xor_ln90_26_fu_16422_p2        |     |        | xor_ln90_26        | xor       | auto                   | 0       |
|   and_ln90_13_fu_16428_p2        |     |        | and_ln90_13        | and       | auto                   | 0       |
|   xor_ln90_27_fu_16434_p2        |     |        | xor_ln90_27        | xor       | auto                   | 0       |
|   select_ln90_26_fu_16440_p3     |     |        | select_ln90_26     | select    | auto_sel               | 0       |
|   y_13_fu_16448_p3               |     |        | y_13               | select    | auto_sel               | 0       |
|   add_ln90_28_fu_16462_p2        |     |        | add_ln90_28        | add       | fabric                 | 0       |
|   add_ln90_29_fu_16466_p2        |     |        | add_ln90_29        | add       | fabric                 | 0       |
|   xor_ln90_28_fu_16488_p2        |     |        | xor_ln90_28        | xor       | auto                   | 0       |
|   and_ln90_14_fu_16494_p2        |     |        | and_ln90_14        | and       | auto                   | 0       |
|   xor_ln90_29_fu_16500_p2        |     |        | xor_ln90_29        | xor       | auto                   | 0       |
|   select_ln90_28_fu_16506_p3     |     |        | select_ln90_28     | select    | auto_sel               | 0       |
|   y_14_fu_16514_p3               |     |        | y_14               | select    | auto_sel               | 0       |
|   add_ln90_30_fu_16528_p2        |     |        | add_ln90_30        | add       | fabric                 | 0       |
|   add_ln90_31_fu_16532_p2        |     |        | add_ln90_31        | add       | fabric                 | 0       |
|   xor_ln90_30_fu_16554_p2        |     |        | xor_ln90_30        | xor       | auto                   | 0       |
|   and_ln90_15_fu_16560_p2        |     |        | and_ln90_15        | and       | auto                   | 0       |
|   xor_ln90_31_fu_16566_p2        |     |        | xor_ln90_31        | xor       | auto                   | 0       |
|   select_ln90_30_fu_16572_p3     |     |        | select_ln90_30     | select    | auto_sel               | 0       |
|   y_15_fu_16580_p3               |     |        | y_15               | select    | auto_sel               | 0       |
|   add_ln90_32_fu_16594_p2        |     |        | add_ln90_32        | add       | fabric                 | 0       |
|   add_ln90_33_fu_16598_p2        |     |        | add_ln90_33        | add       | fabric                 | 0       |
|   xor_ln90_32_fu_16620_p2        |     |        | xor_ln90_32        | xor       | auto                   | 0       |
|   and_ln90_16_fu_16626_p2        |     |        | and_ln90_16        | and       | auto                   | 0       |
|   xor_ln90_33_fu_16632_p2        |     |        | xor_ln90_33        | xor       | auto                   | 0       |
|   select_ln90_32_fu_16638_p3     |     |        | select_ln90_32     | select    | auto_sel               | 0       |
|   y_16_fu_16646_p3               |     |        | y_16               | select    | auto_sel               | 0       |
|   add_ln90_34_fu_16660_p2        |     |        | add_ln90_34        | add       | fabric                 | 0       |
|   add_ln90_35_fu_16664_p2        |     |        | add_ln90_35        | add       | fabric                 | 0       |
|   xor_ln90_34_fu_16686_p2        |     |        | xor_ln90_34        | xor       | auto                   | 0       |
|   and_ln90_17_fu_16692_p2        |     |        | and_ln90_17        | and       | auto                   | 0       |
|   xor_ln90_35_fu_16698_p2        |     |        | xor_ln90_35        | xor       | auto                   | 0       |
|   select_ln90_34_fu_16704_p3     |     |        | select_ln90_34     | select    | auto_sel               | 0       |
|   y_17_fu_16712_p3               |     |        | y_17               | select    | auto_sel               | 0       |
|   add_ln90_36_fu_16726_p2        |     |        | add_ln90_36        | add       | fabric                 | 0       |
|   add_ln90_37_fu_16730_p2        |     |        | add_ln90_37        | add       | fabric                 | 0       |
|   xor_ln90_36_fu_16752_p2        |     |        | xor_ln90_36        | xor       | auto                   | 0       |
|   and_ln90_18_fu_16758_p2        |     |        | and_ln90_18        | and       | auto                   | 0       |
|   xor_ln90_37_fu_16764_p2        |     |        | xor_ln90_37        | xor       | auto                   | 0       |
|   select_ln90_36_fu_16770_p3     |     |        | select_ln90_36     | select    | auto_sel               | 0       |
|   y_18_fu_16778_p3               |     |        | y_18               | select    | auto_sel               | 0       |
|   add_ln90_38_fu_16792_p2        |     |        | add_ln90_38        | add       | fabric                 | 0       |
|   add_ln90_39_fu_16796_p2        |     |        | add_ln90_39        | add       | fabric                 | 0       |
|   xor_ln90_38_fu_16818_p2        |     |        | xor_ln90_38        | xor       | auto                   | 0       |
|   and_ln90_19_fu_16824_p2        |     |        | and_ln90_19        | and       | auto                   | 0       |
|   xor_ln90_39_fu_16830_p2        |     |        | xor_ln90_39        | xor       | auto                   | 0       |
|   select_ln90_38_fu_16836_p3     |     |        | select_ln90_38     | select    | auto_sel               | 0       |
|   y_19_fu_16844_p3               |     |        | y_19               | select    | auto_sel               | 0       |
|   add_ln90_40_fu_16858_p2        |     |        | add_ln90_40        | add       | fabric                 | 0       |
|   add_ln90_41_fu_16862_p2        |     |        | add_ln90_41        | add       | fabric                 | 0       |
|   xor_ln90_40_fu_16884_p2        |     |        | xor_ln90_40        | xor       | auto                   | 0       |
|   and_ln90_20_fu_16890_p2        |     |        | and_ln90_20        | and       | auto                   | 0       |
|   xor_ln90_41_fu_16896_p2        |     |        | xor_ln90_41        | xor       | auto                   | 0       |
|   select_ln90_40_fu_16902_p3     |     |        | select_ln90_40     | select    | auto_sel               | 0       |
|   y_20_fu_16910_p3               |     |        | y_20               | select    | auto_sel               | 0       |
|   add_ln90_42_fu_16924_p2        |     |        | add_ln90_42        | add       | fabric                 | 0       |
|   add_ln90_43_fu_16928_p2        |     |        | add_ln90_43        | add       | fabric                 | 0       |
|   xor_ln90_42_fu_16950_p2        |     |        | xor_ln90_42        | xor       | auto                   | 0       |
|   and_ln90_21_fu_16956_p2        |     |        | and_ln90_21        | and       | auto                   | 0       |
|   xor_ln90_43_fu_16962_p2        |     |        | xor_ln90_43        | xor       | auto                   | 0       |
|   select_ln90_42_fu_16968_p3     |     |        | select_ln90_42     | select    | auto_sel               | 0       |
|   y_21_fu_16976_p3               |     |        | y_21               | select    | auto_sel               | 0       |
|   add_ln90_44_fu_16990_p2        |     |        | add_ln90_44        | add       | fabric                 | 0       |
|   add_ln90_45_fu_16994_p2        |     |        | add_ln90_45        | add       | fabric                 | 0       |
|   xor_ln90_44_fu_17016_p2        |     |        | xor_ln90_44        | xor       | auto                   | 0       |
|   and_ln90_22_fu_17022_p2        |     |        | and_ln90_22        | and       | auto                   | 0       |
|   xor_ln90_45_fu_17028_p2        |     |        | xor_ln90_45        | xor       | auto                   | 0       |
|   select_ln90_44_fu_17034_p3     |     |        | select_ln90_44     | select    | auto_sel               | 0       |
|   y_22_fu_17042_p3               |     |        | y_22               | select    | auto_sel               | 0       |
|   add_ln90_46_fu_17056_p2        |     |        | add_ln90_46        | add       | fabric                 | 0       |
|   add_ln90_47_fu_17060_p2        |     |        | add_ln90_47        | add       | fabric                 | 0       |
|   xor_ln90_46_fu_17082_p2        |     |        | xor_ln90_46        | xor       | auto                   | 0       |
|   and_ln90_23_fu_17088_p2        |     |        | and_ln90_23        | and       | auto                   | 0       |
|   xor_ln90_47_fu_17094_p2        |     |        | xor_ln90_47        | xor       | auto                   | 0       |
|   select_ln90_46_fu_17100_p3     |     |        | select_ln90_46     | select    | auto_sel               | 0       |
|   y_23_fu_17108_p3               |     |        | y_23               | select    | auto_sel               | 0       |
|   add_ln90_48_fu_17122_p2        |     |        | add_ln90_48        | add       | fabric                 | 0       |
|   add_ln90_49_fu_17126_p2        |     |        | add_ln90_49        | add       | fabric                 | 0       |
|   xor_ln90_48_fu_17148_p2        |     |        | xor_ln90_48        | xor       | auto                   | 0       |
|   and_ln90_24_fu_17154_p2        |     |        | and_ln90_24        | and       | auto                   | 0       |
|   xor_ln90_49_fu_17160_p2        |     |        | xor_ln90_49        | xor       | auto                   | 0       |
|   select_ln90_48_fu_17166_p3     |     |        | select_ln90_48     | select    | auto_sel               | 0       |
|   y_24_fu_17174_p3               |     |        | y_24               | select    | auto_sel               | 0       |
|   add_ln90_50_fu_17188_p2        |     |        | add_ln90_50        | add       | fabric                 | 0       |
|   add_ln90_51_fu_17192_p2        |     |        | add_ln90_51        | add       | fabric                 | 0       |
|   xor_ln90_50_fu_17214_p2        |     |        | xor_ln90_50        | xor       | auto                   | 0       |
|   and_ln90_25_fu_17220_p2        |     |        | and_ln90_25        | and       | auto                   | 0       |
|   xor_ln90_51_fu_17226_p2        |     |        | xor_ln90_51        | xor       | auto                   | 0       |
|   select_ln90_50_fu_17232_p3     |     |        | select_ln90_50     | select    | auto_sel               | 0       |
|   y_25_fu_17240_p3               |     |        | y_25               | select    | auto_sel               | 0       |
|   add_ln90_52_fu_17254_p2        |     |        | add_ln90_52        | add       | fabric                 | 0       |
|   add_ln90_53_fu_17258_p2        |     |        | add_ln90_53        | add       | fabric                 | 0       |
|   xor_ln90_52_fu_17280_p2        |     |        | xor_ln90_52        | xor       | auto                   | 0       |
|   and_ln90_26_fu_17286_p2        |     |        | and_ln90_26        | and       | auto                   | 0       |
|   xor_ln90_53_fu_17292_p2        |     |        | xor_ln90_53        | xor       | auto                   | 0       |
|   select_ln90_52_fu_17298_p3     |     |        | select_ln90_52     | select    | auto_sel               | 0       |
|   y_26_fu_17306_p3               |     |        | y_26               | select    | auto_sel               | 0       |
|   add_ln90_54_fu_17320_p2        |     |        | add_ln90_54        | add       | fabric                 | 0       |
|   add_ln90_55_fu_17324_p2        |     |        | add_ln90_55        | add       | fabric                 | 0       |
|   xor_ln90_54_fu_17346_p2        |     |        | xor_ln90_54        | xor       | auto                   | 0       |
|   and_ln90_27_fu_17352_p2        |     |        | and_ln90_27        | and       | auto                   | 0       |
|   xor_ln90_55_fu_17358_p2        |     |        | xor_ln90_55        | xor       | auto                   | 0       |
|   select_ln90_54_fu_17364_p3     |     |        | select_ln90_54     | select    | auto_sel               | 0       |
|   y_27_fu_17372_p3               |     |        | y_27               | select    | auto_sel               | 0       |
|   add_ln90_56_fu_17386_p2        |     |        | add_ln90_56        | add       | fabric                 | 0       |
|   add_ln90_57_fu_17390_p2        |     |        | add_ln90_57        | add       | fabric                 | 0       |
|   xor_ln90_56_fu_17412_p2        |     |        | xor_ln90_56        | xor       | auto                   | 0       |
|   and_ln90_28_fu_17418_p2        |     |        | and_ln90_28        | and       | auto                   | 0       |
|   xor_ln90_57_fu_17424_p2        |     |        | xor_ln90_57        | xor       | auto                   | 0       |
|   select_ln90_56_fu_17430_p3     |     |        | select_ln90_56     | select    | auto_sel               | 0       |
|   y_28_fu_17438_p3               |     |        | y_28               | select    | auto_sel               | 0       |
|   add_ln90_58_fu_17452_p2        |     |        | add_ln90_58        | add       | fabric                 | 0       |
|   add_ln90_59_fu_17456_p2        |     |        | add_ln90_59        | add       | fabric                 | 0       |
|   xor_ln90_58_fu_17478_p2        |     |        | xor_ln90_58        | xor       | auto                   | 0       |
|   and_ln90_29_fu_17484_p2        |     |        | and_ln90_29        | and       | auto                   | 0       |
|   xor_ln90_59_fu_17490_p2        |     |        | xor_ln90_59        | xor       | auto                   | 0       |
|   select_ln90_58_fu_17496_p3     |     |        | select_ln90_58     | select    | auto_sel               | 0       |
|   y_29_fu_17504_p3               |     |        | y_29               | select    | auto_sel               | 0       |
|   add_ln90_60_fu_17518_p2        |     |        | add_ln90_60        | add       | fabric                 | 0       |
|   add_ln90_61_fu_17522_p2        |     |        | add_ln90_61        | add       | fabric                 | 0       |
|   xor_ln90_60_fu_17544_p2        |     |        | xor_ln90_60        | xor       | auto                   | 0       |
|   and_ln90_30_fu_17550_p2        |     |        | and_ln90_30        | and       | auto                   | 0       |
|   xor_ln90_61_fu_17556_p2        |     |        | xor_ln90_61        | xor       | auto                   | 0       |
|   select_ln90_60_fu_17562_p3     |     |        | select_ln90_60     | select    | auto_sel               | 0       |
|   y_30_fu_17570_p3               |     |        | y_30               | select    | auto_sel               | 0       |
|   add_ln90_62_fu_17584_p2        |     |        | add_ln90_62        | add       | fabric                 | 0       |
|   add_ln90_63_fu_17588_p2        |     |        | add_ln90_63        | add       | fabric                 | 0       |
|   xor_ln90_62_fu_17610_p2        |     |        | xor_ln90_62        | xor       | auto                   | 0       |
|   and_ln90_31_fu_17616_p2        |     |        | and_ln90_31        | and       | auto                   | 0       |
|   xor_ln90_63_fu_17622_p2        |     |        | xor_ln90_63        | xor       | auto                   | 0       |
|   select_ln90_62_fu_17628_p3     |     |        | select_ln90_62     | select    | auto_sel               | 0       |
|   y_31_fu_17636_p3               |     |        | y_31               | select    | auto_sel               | 0       |
|   add_ln90_64_fu_17650_p2        |     |        | add_ln90_64        | add       | fabric                 | 0       |
|   add_ln90_65_fu_17654_p2        |     |        | add_ln90_65        | add       | fabric                 | 0       |
|   xor_ln90_64_fu_17676_p2        |     |        | xor_ln90_64        | xor       | auto                   | 0       |
|   and_ln90_32_fu_17682_p2        |     |        | and_ln90_32        | and       | auto                   | 0       |
|   xor_ln90_65_fu_17688_p2        |     |        | xor_ln90_65        | xor       | auto                   | 0       |
|   select_ln90_64_fu_17694_p3     |     |        | select_ln90_64     | select    | auto_sel               | 0       |
|   y_32_fu_17702_p3               |     |        | y_32               | select    | auto_sel               | 0       |
|   add_ln90_66_fu_17716_p2        |     |        | add_ln90_66        | add       | fabric                 | 0       |
|   add_ln90_67_fu_17720_p2        |     |        | add_ln90_67        | add       | fabric                 | 0       |
|   xor_ln90_66_fu_17742_p2        |     |        | xor_ln90_66        | xor       | auto                   | 0       |
|   and_ln90_33_fu_17748_p2        |     |        | and_ln90_33        | and       | auto                   | 0       |
|   xor_ln90_67_fu_17754_p2        |     |        | xor_ln90_67        | xor       | auto                   | 0       |
|   select_ln90_66_fu_17760_p3     |     |        | select_ln90_66     | select    | auto_sel               | 0       |
|   y_33_fu_17768_p3               |     |        | y_33               | select    | auto_sel               | 0       |
|   add_ln90_68_fu_17782_p2        |     |        | add_ln90_68        | add       | fabric                 | 0       |
|   add_ln90_69_fu_17786_p2        |     |        | add_ln90_69        | add       | fabric                 | 0       |
|   xor_ln90_68_fu_17808_p2        |     |        | xor_ln90_68        | xor       | auto                   | 0       |
|   and_ln90_34_fu_17814_p2        |     |        | and_ln90_34        | and       | auto                   | 0       |
|   xor_ln90_69_fu_17820_p2        |     |        | xor_ln90_69        | xor       | auto                   | 0       |
|   select_ln90_68_fu_17826_p3     |     |        | select_ln90_68     | select    | auto_sel               | 0       |
|   y_34_fu_17834_p3               |     |        | y_34               | select    | auto_sel               | 0       |
|   add_ln90_70_fu_17848_p2        |     |        | add_ln90_70        | add       | fabric                 | 0       |
|   add_ln90_71_fu_17852_p2        |     |        | add_ln90_71        | add       | fabric                 | 0       |
|   xor_ln90_70_fu_17874_p2        |     |        | xor_ln90_70        | xor       | auto                   | 0       |
|   and_ln90_35_fu_17880_p2        |     |        | and_ln90_35        | and       | auto                   | 0       |
|   xor_ln90_71_fu_17886_p2        |     |        | xor_ln90_71        | xor       | auto                   | 0       |
|   select_ln90_70_fu_17892_p3     |     |        | select_ln90_70     | select    | auto_sel               | 0       |
|   y_35_fu_17900_p3               |     |        | y_35               | select    | auto_sel               | 0       |
|   add_ln90_72_fu_17914_p2        |     |        | add_ln90_72        | add       | fabric                 | 0       |
|   add_ln90_73_fu_17918_p2        |     |        | add_ln90_73        | add       | fabric                 | 0       |
|   xor_ln90_72_fu_17940_p2        |     |        | xor_ln90_72        | xor       | auto                   | 0       |
|   and_ln90_36_fu_17946_p2        |     |        | and_ln90_36        | and       | auto                   | 0       |
|   xor_ln90_73_fu_17952_p2        |     |        | xor_ln90_73        | xor       | auto                   | 0       |
|   select_ln90_72_fu_17958_p3     |     |        | select_ln90_72     | select    | auto_sel               | 0       |
|   y_36_fu_17966_p3               |     |        | y_36               | select    | auto_sel               | 0       |
|   add_ln90_74_fu_17980_p2        |     |        | add_ln90_74        | add       | fabric                 | 0       |
|   add_ln90_75_fu_17984_p2        |     |        | add_ln90_75        | add       | fabric                 | 0       |
|   xor_ln90_74_fu_18006_p2        |     |        | xor_ln90_74        | xor       | auto                   | 0       |
|   and_ln90_37_fu_18012_p2        |     |        | and_ln90_37        | and       | auto                   | 0       |
|   xor_ln90_75_fu_18018_p2        |     |        | xor_ln90_75        | xor       | auto                   | 0       |
|   select_ln90_74_fu_18024_p3     |     |        | select_ln90_74     | select    | auto_sel               | 0       |
|   y_37_fu_18032_p3               |     |        | y_37               | select    | auto_sel               | 0       |
|   add_ln90_76_fu_18046_p2        |     |        | add_ln90_76        | add       | fabric                 | 0       |
|   add_ln90_77_fu_18050_p2        |     |        | add_ln90_77        | add       | fabric                 | 0       |
|   xor_ln90_76_fu_18072_p2        |     |        | xor_ln90_76        | xor       | auto                   | 0       |
|   and_ln90_38_fu_18078_p2        |     |        | and_ln90_38        | and       | auto                   | 0       |
|   xor_ln90_77_fu_18084_p2        |     |        | xor_ln90_77        | xor       | auto                   | 0       |
|   select_ln90_76_fu_18090_p3     |     |        | select_ln90_76     | select    | auto_sel               | 0       |
|   y_38_fu_18098_p3               |     |        | y_38               | select    | auto_sel               | 0       |
|   add_ln90_78_fu_18112_p2        |     |        | add_ln90_78        | add       | fabric                 | 0       |
|   add_ln90_79_fu_18116_p2        |     |        | add_ln90_79        | add       | fabric                 | 0       |
|   xor_ln90_78_fu_18138_p2        |     |        | xor_ln90_78        | xor       | auto                   | 0       |
|   and_ln90_39_fu_18144_p2        |     |        | and_ln90_39        | and       | auto                   | 0       |
|   xor_ln90_79_fu_18150_p2        |     |        | xor_ln90_79        | xor       | auto                   | 0       |
|   select_ln90_78_fu_18156_p3     |     |        | select_ln90_78     | select    | auto_sel               | 0       |
|   y_39_fu_18164_p3               |     |        | y_39               | select    | auto_sel               | 0       |
|   add_ln90_80_fu_18178_p2        |     |        | add_ln90_80        | add       | fabric                 | 0       |
|   add_ln90_81_fu_18182_p2        |     |        | add_ln90_81        | add       | fabric                 | 0       |
|   xor_ln90_80_fu_18204_p2        |     |        | xor_ln90_80        | xor       | auto                   | 0       |
|   and_ln90_40_fu_18210_p2        |     |        | and_ln90_40        | and       | auto                   | 0       |
|   xor_ln90_81_fu_18216_p2        |     |        | xor_ln90_81        | xor       | auto                   | 0       |
|   select_ln90_80_fu_18222_p3     |     |        | select_ln90_80     | select    | auto_sel               | 0       |
|   y_40_fu_18230_p3               |     |        | y_40               | select    | auto_sel               | 0       |
|   add_ln90_82_fu_18244_p2        |     |        | add_ln90_82        | add       | fabric                 | 0       |
|   add_ln90_83_fu_18248_p2        |     |        | add_ln90_83        | add       | fabric                 | 0       |
|   xor_ln90_82_fu_18270_p2        |     |        | xor_ln90_82        | xor       | auto                   | 0       |
|   and_ln90_41_fu_18276_p2        |     |        | and_ln90_41        | and       | auto                   | 0       |
|   xor_ln90_83_fu_18282_p2        |     |        | xor_ln90_83        | xor       | auto                   | 0       |
|   select_ln90_82_fu_18288_p3     |     |        | select_ln90_82     | select    | auto_sel               | 0       |
|   y_41_fu_18296_p3               |     |        | y_41               | select    | auto_sel               | 0       |
|   add_ln90_84_fu_18310_p2        |     |        | add_ln90_84        | add       | fabric                 | 0       |
|   add_ln90_85_fu_18314_p2        |     |        | add_ln90_85        | add       | fabric                 | 0       |
|   xor_ln90_84_fu_18336_p2        |     |        | xor_ln90_84        | xor       | auto                   | 0       |
|   and_ln90_42_fu_18342_p2        |     |        | and_ln90_42        | and       | auto                   | 0       |
|   xor_ln90_85_fu_18348_p2        |     |        | xor_ln90_85        | xor       | auto                   | 0       |
|   select_ln90_84_fu_18354_p3     |     |        | select_ln90_84     | select    | auto_sel               | 0       |
|   y_42_fu_18362_p3               |     |        | y_42               | select    | auto_sel               | 0       |
|   add_ln90_86_fu_18376_p2        |     |        | add_ln90_86        | add       | fabric                 | 0       |
|   add_ln90_87_fu_18380_p2        |     |        | add_ln90_87        | add       | fabric                 | 0       |
|   xor_ln90_86_fu_18402_p2        |     |        | xor_ln90_86        | xor       | auto                   | 0       |
|   and_ln90_43_fu_18408_p2        |     |        | and_ln90_43        | and       | auto                   | 0       |
|   xor_ln90_87_fu_18414_p2        |     |        | xor_ln90_87        | xor       | auto                   | 0       |
|   select_ln90_86_fu_18420_p3     |     |        | select_ln90_86     | select    | auto_sel               | 0       |
|   y_43_fu_18428_p3               |     |        | y_43               | select    | auto_sel               | 0       |
|   add_ln90_88_fu_18442_p2        |     |        | add_ln90_88        | add       | fabric                 | 0       |
|   add_ln90_89_fu_18446_p2        |     |        | add_ln90_89        | add       | fabric                 | 0       |
|   xor_ln90_88_fu_18468_p2        |     |        | xor_ln90_88        | xor       | auto                   | 0       |
|   and_ln90_44_fu_18474_p2        |     |        | and_ln90_44        | and       | auto                   | 0       |
|   xor_ln90_89_fu_18480_p2        |     |        | xor_ln90_89        | xor       | auto                   | 0       |
|   select_ln90_88_fu_18486_p3     |     |        | select_ln90_88     | select    | auto_sel               | 0       |
|   y_44_fu_18494_p3               |     |        | y_44               | select    | auto_sel               | 0       |
|   add_ln90_90_fu_18508_p2        |     |        | add_ln90_90        | add       | fabric                 | 0       |
|   add_ln90_91_fu_18512_p2        |     |        | add_ln90_91        | add       | fabric                 | 0       |
|   xor_ln90_90_fu_18534_p2        |     |        | xor_ln90_90        | xor       | auto                   | 0       |
|   and_ln90_45_fu_18540_p2        |     |        | and_ln90_45        | and       | auto                   | 0       |
|   xor_ln90_91_fu_18546_p2        |     |        | xor_ln90_91        | xor       | auto                   | 0       |
|   select_ln90_90_fu_18552_p3     |     |        | select_ln90_90     | select    | auto_sel               | 0       |
|   y_45_fu_18560_p3               |     |        | y_45               | select    | auto_sel               | 0       |
|   add_ln90_92_fu_18574_p2        |     |        | add_ln90_92        | add       | fabric                 | 0       |
|   add_ln90_93_fu_18578_p2        |     |        | add_ln90_93        | add       | fabric                 | 0       |
|   xor_ln90_92_fu_18600_p2        |     |        | xor_ln90_92        | xor       | auto                   | 0       |
|   and_ln90_46_fu_18606_p2        |     |        | and_ln90_46        | and       | auto                   | 0       |
|   xor_ln90_93_fu_18612_p2        |     |        | xor_ln90_93        | xor       | auto                   | 0       |
|   select_ln90_92_fu_18618_p3     |     |        | select_ln90_92     | select    | auto_sel               | 0       |
|   y_46_fu_18626_p3               |     |        | y_46               | select    | auto_sel               | 0       |
|   add_ln90_94_fu_18640_p2        |     |        | add_ln90_94        | add       | fabric                 | 0       |
|   add_ln90_95_fu_18644_p2        |     |        | add_ln90_95        | add       | fabric                 | 0       |
|   xor_ln90_94_fu_18666_p2        |     |        | xor_ln90_94        | xor       | auto                   | 0       |
|   and_ln90_47_fu_18672_p2        |     |        | and_ln90_47        | and       | auto                   | 0       |
|   xor_ln90_95_fu_18678_p2        |     |        | xor_ln90_95        | xor       | auto                   | 0       |
|   select_ln90_94_fu_18684_p3     |     |        | select_ln90_94     | select    | auto_sel               | 0       |
|   y_47_fu_18692_p3               |     |        | y_47               | select    | auto_sel               | 0       |
|   add_ln90_96_fu_18706_p2        |     |        | add_ln90_96        | add       | fabric                 | 0       |
|   add_ln90_97_fu_18710_p2        |     |        | add_ln90_97        | add       | fabric                 | 0       |
|   xor_ln90_96_fu_18732_p2        |     |        | xor_ln90_96        | xor       | auto                   | 0       |
|   and_ln90_48_fu_18738_p2        |     |        | and_ln90_48        | and       | auto                   | 0       |
|   xor_ln90_97_fu_18744_p2        |     |        | xor_ln90_97        | xor       | auto                   | 0       |
|   select_ln90_96_fu_18750_p3     |     |        | select_ln90_96     | select    | auto_sel               | 0       |
|   y_48_fu_18758_p3               |     |        | y_48               | select    | auto_sel               | 0       |
|   add_ln90_98_fu_18772_p2        |     |        | add_ln90_98        | add       | fabric                 | 0       |
|   add_ln90_99_fu_18776_p2        |     |        | add_ln90_99        | add       | fabric                 | 0       |
|   xor_ln90_98_fu_18798_p2        |     |        | xor_ln90_98        | xor       | auto                   | 0       |
|   and_ln90_49_fu_18804_p2        |     |        | and_ln90_49        | and       | auto                   | 0       |
|   xor_ln90_99_fu_18810_p2        |     |        | xor_ln90_99        | xor       | auto                   | 0       |
|   select_ln90_98_fu_18816_p3     |     |        | select_ln90_98     | select    | auto_sel               | 0       |
|   y_49_fu_18824_p3               |     |        | y_49               | select    | auto_sel               | 0       |
|   add_ln90_100_fu_18838_p2       |     |        | add_ln90_100       | add       | fabric                 | 0       |
|   add_ln90_101_fu_18842_p2       |     |        | add_ln90_101       | add       | fabric                 | 0       |
|   xor_ln90_100_fu_18864_p2       |     |        | xor_ln90_100       | xor       | auto                   | 0       |
|   and_ln90_50_fu_18870_p2        |     |        | and_ln90_50        | and       | auto                   | 0       |
|   xor_ln90_101_fu_18876_p2       |     |        | xor_ln90_101       | xor       | auto                   | 0       |
|   select_ln90_100_fu_18882_p3    |     |        | select_ln90_100    | select    | auto_sel               | 0       |
|   y_50_fu_18890_p3               |     |        | y_50               | select    | auto_sel               | 0       |
|   add_ln90_102_fu_18904_p2       |     |        | add_ln90_102       | add       | fabric                 | 0       |
|   add_ln90_103_fu_18908_p2       |     |        | add_ln90_103       | add       | fabric                 | 0       |
|   xor_ln90_102_fu_18930_p2       |     |        | xor_ln90_102       | xor       | auto                   | 0       |
|   and_ln90_51_fu_18936_p2        |     |        | and_ln90_51        | and       | auto                   | 0       |
|   xor_ln90_103_fu_18942_p2       |     |        | xor_ln90_103       | xor       | auto                   | 0       |
|   select_ln90_102_fu_18948_p3    |     |        | select_ln90_102    | select    | auto_sel               | 0       |
|   y_51_fu_18956_p3               |     |        | y_51               | select    | auto_sel               | 0       |
|   add_ln90_104_fu_18970_p2       |     |        | add_ln90_104       | add       | fabric                 | 0       |
|   add_ln90_105_fu_18974_p2       |     |        | add_ln90_105       | add       | fabric                 | 0       |
|   xor_ln90_104_fu_18996_p2       |     |        | xor_ln90_104       | xor       | auto                   | 0       |
|   and_ln90_52_fu_19002_p2        |     |        | and_ln90_52        | and       | auto                   | 0       |
|   xor_ln90_105_fu_19008_p2       |     |        | xor_ln90_105       | xor       | auto                   | 0       |
|   select_ln90_104_fu_19014_p3    |     |        | select_ln90_104    | select    | auto_sel               | 0       |
|   y_52_fu_19022_p3               |     |        | y_52               | select    | auto_sel               | 0       |
|   add_ln90_106_fu_19036_p2       |     |        | add_ln90_106       | add       | fabric                 | 0       |
|   add_ln90_107_fu_19040_p2       |     |        | add_ln90_107       | add       | fabric                 | 0       |
|   xor_ln90_106_fu_19062_p2       |     |        | xor_ln90_106       | xor       | auto                   | 0       |
|   and_ln90_53_fu_19068_p2        |     |        | and_ln90_53        | and       | auto                   | 0       |
|   xor_ln90_107_fu_19074_p2       |     |        | xor_ln90_107       | xor       | auto                   | 0       |
|   select_ln90_106_fu_19080_p3    |     |        | select_ln90_106    | select    | auto_sel               | 0       |
|   y_53_fu_19088_p3               |     |        | y_53               | select    | auto_sel               | 0       |
|   add_ln90_108_fu_19102_p2       |     |        | add_ln90_108       | add       | fabric                 | 0       |
|   add_ln90_109_fu_19106_p2       |     |        | add_ln90_109       | add       | fabric                 | 0       |
|   xor_ln90_108_fu_19128_p2       |     |        | xor_ln90_108       | xor       | auto                   | 0       |
|   and_ln90_54_fu_19134_p2        |     |        | and_ln90_54        | and       | auto                   | 0       |
|   xor_ln90_109_fu_19140_p2       |     |        | xor_ln90_109       | xor       | auto                   | 0       |
|   select_ln90_108_fu_19146_p3    |     |        | select_ln90_108    | select    | auto_sel               | 0       |
|   y_54_fu_19154_p3               |     |        | y_54               | select    | auto_sel               | 0       |
|   add_ln90_110_fu_19168_p2       |     |        | add_ln90_110       | add       | fabric                 | 0       |
|   add_ln90_111_fu_19172_p2       |     |        | add_ln90_111       | add       | fabric                 | 0       |
|   xor_ln90_110_fu_19194_p2       |     |        | xor_ln90_110       | xor       | auto                   | 0       |
|   and_ln90_55_fu_19200_p2        |     |        | and_ln90_55        | and       | auto                   | 0       |
|   xor_ln90_111_fu_19206_p2       |     |        | xor_ln90_111       | xor       | auto                   | 0       |
|   select_ln90_110_fu_19212_p3    |     |        | select_ln90_110    | select    | auto_sel               | 0       |
|   y_55_fu_19220_p3               |     |        | y_55               | select    | auto_sel               | 0       |
|   add_ln90_112_fu_19234_p2       |     |        | add_ln90_112       | add       | fabric                 | 0       |
|   add_ln90_113_fu_19238_p2       |     |        | add_ln90_113       | add       | fabric                 | 0       |
|   xor_ln90_112_fu_19260_p2       |     |        | xor_ln90_112       | xor       | auto                   | 0       |
|   and_ln90_56_fu_19266_p2        |     |        | and_ln90_56        | and       | auto                   | 0       |
|   xor_ln90_113_fu_19272_p2       |     |        | xor_ln90_113       | xor       | auto                   | 0       |
|   select_ln90_112_fu_19278_p3    |     |        | select_ln90_112    | select    | auto_sel               | 0       |
|   y_56_fu_19286_p3               |     |        | y_56               | select    | auto_sel               | 0       |
|   add_ln90_114_fu_19300_p2       |     |        | add_ln90_114       | add       | fabric                 | 0       |
|   add_ln90_115_fu_19304_p2       |     |        | add_ln90_115       | add       | fabric                 | 0       |
|   xor_ln90_114_fu_19326_p2       |     |        | xor_ln90_114       | xor       | auto                   | 0       |
|   and_ln90_57_fu_19332_p2        |     |        | and_ln90_57        | and       | auto                   | 0       |
|   xor_ln90_115_fu_19338_p2       |     |        | xor_ln90_115       | xor       | auto                   | 0       |
|   select_ln90_114_fu_19344_p3    |     |        | select_ln90_114    | select    | auto_sel               | 0       |
|   y_57_fu_19352_p3               |     |        | y_57               | select    | auto_sel               | 0       |
|   add_ln90_116_fu_19366_p2       |     |        | add_ln90_116       | add       | fabric                 | 0       |
|   add_ln90_117_fu_19370_p2       |     |        | add_ln90_117       | add       | fabric                 | 0       |
|   xor_ln90_116_fu_19392_p2       |     |        | xor_ln90_116       | xor       | auto                   | 0       |
|   and_ln90_58_fu_19398_p2        |     |        | and_ln90_58        | and       | auto                   | 0       |
|   xor_ln90_117_fu_19404_p2       |     |        | xor_ln90_117       | xor       | auto                   | 0       |
|   select_ln90_116_fu_19410_p3    |     |        | select_ln90_116    | select    | auto_sel               | 0       |
|   y_58_fu_19418_p3               |     |        | y_58               | select    | auto_sel               | 0       |
|   add_ln90_118_fu_19432_p2       |     |        | add_ln90_118       | add       | fabric                 | 0       |
|   add_ln90_119_fu_19436_p2       |     |        | add_ln90_119       | add       | fabric                 | 0       |
|   xor_ln90_118_fu_19458_p2       |     |        | xor_ln90_118       | xor       | auto                   | 0       |
|   and_ln90_59_fu_19464_p2        |     |        | and_ln90_59        | and       | auto                   | 0       |
|   xor_ln90_119_fu_19470_p2       |     |        | xor_ln90_119       | xor       | auto                   | 0       |
|   select_ln90_118_fu_19476_p3    |     |        | select_ln90_118    | select    | auto_sel               | 0       |
|   y_59_fu_19484_p3               |     |        | y_59               | select    | auto_sel               | 0       |
|   add_ln90_120_fu_19498_p2       |     |        | add_ln90_120       | add       | fabric                 | 0       |
|   add_ln90_121_fu_19502_p2       |     |        | add_ln90_121       | add       | fabric                 | 0       |
|   xor_ln90_120_fu_19524_p2       |     |        | xor_ln90_120       | xor       | auto                   | 0       |
|   and_ln90_60_fu_19530_p2        |     |        | and_ln90_60        | and       | auto                   | 0       |
|   xor_ln90_121_fu_19536_p2       |     |        | xor_ln90_121       | xor       | auto                   | 0       |
|   select_ln90_120_fu_19542_p3    |     |        | select_ln90_120    | select    | auto_sel               | 0       |
|   y_60_fu_19550_p3               |     |        | y_60               | select    | auto_sel               | 0       |
|   add_ln90_122_fu_19564_p2       |     |        | add_ln90_122       | add       | fabric                 | 0       |
|   add_ln90_123_fu_19568_p2       |     |        | add_ln90_123       | add       | fabric                 | 0       |
|   xor_ln90_122_fu_19590_p2       |     |        | xor_ln90_122       | xor       | auto                   | 0       |
|   and_ln90_61_fu_19596_p2        |     |        | and_ln90_61        | and       | auto                   | 0       |
|   xor_ln90_123_fu_19602_p2       |     |        | xor_ln90_123       | xor       | auto                   | 0       |
|   select_ln90_122_fu_19608_p3    |     |        | select_ln90_122    | select    | auto_sel               | 0       |
|   y_61_fu_19616_p3               |     |        | y_61               | select    | auto_sel               | 0       |
|   add_ln90_124_fu_19630_p2       |     |        | add_ln90_124       | add       | fabric                 | 0       |
|   add_ln90_125_fu_19634_p2       |     |        | add_ln90_125       | add       | fabric                 | 0       |
|   xor_ln90_124_fu_19656_p2       |     |        | xor_ln90_124       | xor       | auto                   | 0       |
|   and_ln90_62_fu_19662_p2        |     |        | and_ln90_62        | and       | auto                   | 0       |
|   xor_ln90_125_fu_19668_p2       |     |        | xor_ln90_125       | xor       | auto                   | 0       |
|   select_ln90_124_fu_19674_p3    |     |        | select_ln90_124    | select    | auto_sel               | 0       |
|   y_62_fu_19682_p3               |     |        | y_62               | select    | auto_sel               | 0       |
|   add_ln90_126_fu_19696_p2       |     |        | add_ln90_126       | add       | fabric                 | 0       |
|   add_ln90_127_fu_19700_p2       |     |        | add_ln90_127       | add       | fabric                 | 0       |
|   xor_ln90_126_fu_19722_p2       |     |        | xor_ln90_126       | xor       | auto                   | 0       |
|   and_ln90_63_fu_19728_p2        |     |        | and_ln90_63        | and       | auto                   | 0       |
|   xor_ln90_127_fu_19734_p2       |     |        | xor_ln90_127       | xor       | auto                   | 0       |
|   select_ln90_126_fu_19740_p3    |     |        | select_ln90_126    | select    | auto_sel               | 0       |
|   y_63_fu_19748_p3               |     |        | y_63               | select    | auto_sel               | 0       |
|   add_ln90_128_fu_23826_p2       |     |        | add_ln90_128       | add       | fabric                 | 0       |
|   add_ln90_129_fu_23830_p2       |     |        | add_ln90_129       | add       | fabric                 | 0       |
|   xor_ln90_128_fu_23852_p2       |     |        | xor_ln90_128       | xor       | auto                   | 0       |
|   and_ln90_64_fu_23858_p2        |     |        | and_ln90_64        | and       | auto                   | 0       |
|   xor_ln90_129_fu_23864_p2       |     |        | xor_ln90_129       | xor       | auto                   | 0       |
|   select_ln90_128_fu_23870_p3    |     |        | select_ln90_128    | select    | auto_sel               | 0       |
|   y_64_fu_23878_p3               |     |        | y_64               | select    | auto_sel               | 0       |
|   add_ln90_130_fu_23892_p2       |     |        | add_ln90_130       | add       | fabric                 | 0       |
|   add_ln90_131_fu_23896_p2       |     |        | add_ln90_131       | add       | fabric                 | 0       |
|   xor_ln90_130_fu_23918_p2       |     |        | xor_ln90_130       | xor       | auto                   | 0       |
|   and_ln90_65_fu_23924_p2        |     |        | and_ln90_65        | and       | auto                   | 0       |
|   xor_ln90_131_fu_23930_p2       |     |        | xor_ln90_131       | xor       | auto                   | 0       |
|   select_ln90_130_fu_23936_p3    |     |        | select_ln90_130    | select    | auto_sel               | 0       |
|   y_65_fu_23944_p3               |     |        | y_65               | select    | auto_sel               | 0       |
|   add_ln90_132_fu_23958_p2       |     |        | add_ln90_132       | add       | fabric                 | 0       |
|   add_ln90_133_fu_23962_p2       |     |        | add_ln90_133       | add       | fabric                 | 0       |
|   xor_ln90_132_fu_23984_p2       |     |        | xor_ln90_132       | xor       | auto                   | 0       |
|   and_ln90_66_fu_23990_p2        |     |        | and_ln90_66        | and       | auto                   | 0       |
|   xor_ln90_133_fu_23996_p2       |     |        | xor_ln90_133       | xor       | auto                   | 0       |
|   select_ln90_132_fu_24002_p3    |     |        | select_ln90_132    | select    | auto_sel               | 0       |
|   y_66_fu_24010_p3               |     |        | y_66               | select    | auto_sel               | 0       |
|   add_ln90_134_fu_24024_p2       |     |        | add_ln90_134       | add       | fabric                 | 0       |
|   add_ln90_135_fu_24028_p2       |     |        | add_ln90_135       | add       | fabric                 | 0       |
|   xor_ln90_134_fu_24050_p2       |     |        | xor_ln90_134       | xor       | auto                   | 0       |
|   and_ln90_67_fu_24056_p2        |     |        | and_ln90_67        | and       | auto                   | 0       |
|   xor_ln90_135_fu_24062_p2       |     |        | xor_ln90_135       | xor       | auto                   | 0       |
|   select_ln90_134_fu_24068_p3    |     |        | select_ln90_134    | select    | auto_sel               | 0       |
|   y_67_fu_24076_p3               |     |        | y_67               | select    | auto_sel               | 0       |
|   add_ln90_136_fu_19764_p2       |     |        | add_ln90_136       | add       | fabric                 | 0       |
|   add_ln90_137_fu_19770_p2       |     |        | add_ln90_137       | add       | fabric                 | 0       |
|   xor_ln90_136_fu_21772_p2       |     |        | xor_ln90_136       | xor       | auto                   | 0       |
|   and_ln90_68_fu_21777_p2        |     |        | and_ln90_68        | and       | auto                   | 0       |
|   xor_ln90_137_fu_21782_p2       |     |        | xor_ln90_137       | xor       | auto                   | 0       |
|   select_ln90_136_fu_21786_p3    |     |        | select_ln90_136    | select    | auto_sel               | 0       |
|   select_ln90_137_fu_21794_p3    |     |        | select_ln90_137    | select    | auto_sel               | 0       |
|   add_ln90_138_fu_19800_p2       |     |        | add_ln90_138       | add       | fabric                 | 0       |
|   add_ln90_139_fu_19806_p2       |     |        | add_ln90_139       | add       | fabric                 | 0       |
|   xor_ln90_138_fu_21801_p2       |     |        | xor_ln90_138       | xor       | auto                   | 0       |
|   and_ln90_69_fu_21806_p2        |     |        | and_ln90_69        | and       | auto                   | 0       |
|   xor_ln90_139_fu_21811_p2       |     |        | xor_ln90_139       | xor       | auto                   | 0       |
|   select_ln90_138_fu_21815_p3    |     |        | select_ln90_138    | select    | auto_sel               | 0       |
|   select_ln90_139_fu_21823_p3    |     |        | select_ln90_139    | select    | auto_sel               | 0       |
|   add_ln90_140_fu_19836_p2       |     |        | add_ln90_140       | add       | fabric                 | 0       |
|   add_ln90_141_fu_19842_p2       |     |        | add_ln90_141       | add       | fabric                 | 0       |
|   xor_ln90_140_fu_21830_p2       |     |        | xor_ln90_140       | xor       | auto                   | 0       |
|   and_ln90_70_fu_21835_p2        |     |        | and_ln90_70        | and       | auto                   | 0       |
|   xor_ln90_141_fu_21840_p2       |     |        | xor_ln90_141       | xor       | auto                   | 0       |
|   select_ln90_140_fu_21844_p3    |     |        | select_ln90_140    | select    | auto_sel               | 0       |
|   select_ln90_141_fu_21852_p3    |     |        | select_ln90_141    | select    | auto_sel               | 0       |
|   add_ln90_142_fu_19872_p2       |     |        | add_ln90_142       | add       | fabric                 | 0       |
|   add_ln90_143_fu_19878_p2       |     |        | add_ln90_143       | add       | fabric                 | 0       |
|   xor_ln90_142_fu_21859_p2       |     |        | xor_ln90_142       | xor       | auto                   | 0       |
|   and_ln90_71_fu_21864_p2        |     |        | and_ln90_71        | and       | auto                   | 0       |
|   xor_ln90_143_fu_21869_p2       |     |        | xor_ln90_143       | xor       | auto                   | 0       |
|   select_ln90_142_fu_21873_p3    |     |        | select_ln90_142    | select    | auto_sel               | 0       |
|   select_ln90_143_fu_21881_p3    |     |        | select_ln90_143    | select    | auto_sel               | 0       |
|   add_ln90_144_fu_19908_p2       |     |        | add_ln90_144       | add       | fabric                 | 0       |
|   add_ln90_145_fu_19914_p2       |     |        | add_ln90_145       | add       | fabric                 | 0       |
|   xor_ln90_144_fu_21888_p2       |     |        | xor_ln90_144       | xor       | auto                   | 0       |
|   and_ln90_72_fu_21893_p2        |     |        | and_ln90_72        | and       | auto                   | 0       |
|   xor_ln90_145_fu_21898_p2       |     |        | xor_ln90_145       | xor       | auto                   | 0       |
|   select_ln90_144_fu_21902_p3    |     |        | select_ln90_144    | select    | auto_sel               | 0       |
|   select_ln90_145_fu_21910_p3    |     |        | select_ln90_145    | select    | auto_sel               | 0       |
|   add_ln90_146_fu_19944_p2       |     |        | add_ln90_146       | add       | fabric                 | 0       |
|   add_ln90_147_fu_19950_p2       |     |        | add_ln90_147       | add       | fabric                 | 0       |
|   xor_ln90_146_fu_21917_p2       |     |        | xor_ln90_146       | xor       | auto                   | 0       |
|   and_ln90_73_fu_21922_p2        |     |        | and_ln90_73        | and       | auto                   | 0       |
|   xor_ln90_147_fu_21927_p2       |     |        | xor_ln90_147       | xor       | auto                   | 0       |
|   select_ln90_146_fu_21931_p3    |     |        | select_ln90_146    | select    | auto_sel               | 0       |
|   select_ln90_147_fu_21939_p3    |     |        | select_ln90_147    | select    | auto_sel               | 0       |
|   add_ln90_148_fu_19980_p2       |     |        | add_ln90_148       | add       | fabric                 | 0       |
|   add_ln90_149_fu_19986_p2       |     |        | add_ln90_149       | add       | fabric                 | 0       |
|   xor_ln90_148_fu_21946_p2       |     |        | xor_ln90_148       | xor       | auto                   | 0       |
|   and_ln90_74_fu_21951_p2        |     |        | and_ln90_74        | and       | auto                   | 0       |
|   xor_ln90_149_fu_21956_p2       |     |        | xor_ln90_149       | xor       | auto                   | 0       |
|   select_ln90_148_fu_21960_p3    |     |        | select_ln90_148    | select    | auto_sel               | 0       |
|   select_ln90_149_fu_21968_p3    |     |        | select_ln90_149    | select    | auto_sel               | 0       |
|   add_ln90_150_fu_20016_p2       |     |        | add_ln90_150       | add       | fabric                 | 0       |
|   add_ln90_151_fu_20022_p2       |     |        | add_ln90_151       | add       | fabric                 | 0       |
|   xor_ln90_150_fu_21975_p2       |     |        | xor_ln90_150       | xor       | auto                   | 0       |
|   and_ln90_75_fu_21980_p2        |     |        | and_ln90_75        | and       | auto                   | 0       |
|   xor_ln90_151_fu_21985_p2       |     |        | xor_ln90_151       | xor       | auto                   | 0       |
|   select_ln90_150_fu_21989_p3    |     |        | select_ln90_150    | select    | auto_sel               | 0       |
|   select_ln90_151_fu_21997_p3    |     |        | select_ln90_151    | select    | auto_sel               | 0       |
|   add_ln90_152_fu_20052_p2       |     |        | add_ln90_152       | add       | fabric                 | 0       |
|   add_ln90_153_fu_20058_p2       |     |        | add_ln90_153       | add       | fabric                 | 0       |
|   xor_ln90_152_fu_22004_p2       |     |        | xor_ln90_152       | xor       | auto                   | 0       |
|   and_ln90_76_fu_22009_p2        |     |        | and_ln90_76        | and       | auto                   | 0       |
|   xor_ln90_153_fu_22014_p2       |     |        | xor_ln90_153       | xor       | auto                   | 0       |
|   select_ln90_152_fu_22018_p3    |     |        | select_ln90_152    | select    | auto_sel               | 0       |
|   select_ln90_153_fu_22026_p3    |     |        | select_ln90_153    | select    | auto_sel               | 0       |
|   add_ln90_154_fu_20088_p2       |     |        | add_ln90_154       | add       | fabric                 | 0       |
|   add_ln90_155_fu_20094_p2       |     |        | add_ln90_155       | add       | fabric                 | 0       |
|   xor_ln90_154_fu_22033_p2       |     |        | xor_ln90_154       | xor       | auto                   | 0       |
|   and_ln90_77_fu_22038_p2        |     |        | and_ln90_77        | and       | auto                   | 0       |
|   xor_ln90_155_fu_22043_p2       |     |        | xor_ln90_155       | xor       | auto                   | 0       |
|   select_ln90_154_fu_22047_p3    |     |        | select_ln90_154    | select    | auto_sel               | 0       |
|   select_ln90_155_fu_22055_p3    |     |        | select_ln90_155    | select    | auto_sel               | 0       |
|   add_ln90_156_fu_20124_p2       |     |        | add_ln90_156       | add       | fabric                 | 0       |
|   add_ln90_157_fu_20130_p2       |     |        | add_ln90_157       | add       | fabric                 | 0       |
|   xor_ln90_156_fu_22062_p2       |     |        | xor_ln90_156       | xor       | auto                   | 0       |
|   and_ln90_78_fu_22067_p2        |     |        | and_ln90_78        | and       | auto                   | 0       |
|   xor_ln90_157_fu_22072_p2       |     |        | xor_ln90_157       | xor       | auto                   | 0       |
|   select_ln90_156_fu_22076_p3    |     |        | select_ln90_156    | select    | auto_sel               | 0       |
|   select_ln90_157_fu_22084_p3    |     |        | select_ln90_157    | select    | auto_sel               | 0       |
|   add_ln90_158_fu_20160_p2       |     |        | add_ln90_158       | add       | fabric                 | 0       |
|   add_ln90_159_fu_20166_p2       |     |        | add_ln90_159       | add       | fabric                 | 0       |
|   xor_ln90_158_fu_22091_p2       |     |        | xor_ln90_158       | xor       | auto                   | 0       |
|   and_ln90_79_fu_22096_p2        |     |        | and_ln90_79        | and       | auto                   | 0       |
|   xor_ln90_159_fu_22101_p2       |     |        | xor_ln90_159       | xor       | auto                   | 0       |
|   select_ln90_158_fu_22105_p3    |     |        | select_ln90_158    | select    | auto_sel               | 0       |
|   select_ln90_159_fu_22113_p3    |     |        | select_ln90_159    | select    | auto_sel               | 0       |
|   add_ln90_160_fu_20196_p2       |     |        | add_ln90_160       | add       | fabric                 | 0       |
|   add_ln90_161_fu_20202_p2       |     |        | add_ln90_161       | add       | fabric                 | 0       |
|   xor_ln90_160_fu_22120_p2       |     |        | xor_ln90_160       | xor       | auto                   | 0       |
|   and_ln90_80_fu_22125_p2        |     |        | and_ln90_80        | and       | auto                   | 0       |
|   xor_ln90_161_fu_22130_p2       |     |        | xor_ln90_161       | xor       | auto                   | 0       |
|   select_ln90_160_fu_22134_p3    |     |        | select_ln90_160    | select    | auto_sel               | 0       |
|   select_ln90_161_fu_22142_p3    |     |        | select_ln90_161    | select    | auto_sel               | 0       |
|   add_ln90_162_fu_20232_p2       |     |        | add_ln90_162       | add       | fabric                 | 0       |
|   add_ln90_163_fu_20238_p2       |     |        | add_ln90_163       | add       | fabric                 | 0       |
|   xor_ln90_162_fu_22149_p2       |     |        | xor_ln90_162       | xor       | auto                   | 0       |
|   and_ln90_81_fu_22154_p2        |     |        | and_ln90_81        | and       | auto                   | 0       |
|   xor_ln90_163_fu_22159_p2       |     |        | xor_ln90_163       | xor       | auto                   | 0       |
|   select_ln90_162_fu_22163_p3    |     |        | select_ln90_162    | select    | auto_sel               | 0       |
|   select_ln90_163_fu_22171_p3    |     |        | select_ln90_163    | select    | auto_sel               | 0       |
|   add_ln90_164_fu_20268_p2       |     |        | add_ln90_164       | add       | fabric                 | 0       |
|   add_ln90_165_fu_20274_p2       |     |        | add_ln90_165       | add       | fabric                 | 0       |
|   xor_ln90_164_fu_22178_p2       |     |        | xor_ln90_164       | xor       | auto                   | 0       |
|   and_ln90_82_fu_22183_p2        |     |        | and_ln90_82        | and       | auto                   | 0       |
|   xor_ln90_165_fu_22188_p2       |     |        | xor_ln90_165       | xor       | auto                   | 0       |
|   select_ln90_164_fu_22192_p3    |     |        | select_ln90_164    | select    | auto_sel               | 0       |
|   select_ln90_165_fu_22200_p3    |     |        | select_ln90_165    | select    | auto_sel               | 0       |
|   add_ln90_166_fu_20304_p2       |     |        | add_ln90_166       | add       | fabric                 | 0       |
|   add_ln90_167_fu_20310_p2       |     |        | add_ln90_167       | add       | fabric                 | 0       |
|   xor_ln90_166_fu_22207_p2       |     |        | xor_ln90_166       | xor       | auto                   | 0       |
|   and_ln90_83_fu_22212_p2        |     |        | and_ln90_83        | and       | auto                   | 0       |
|   xor_ln90_167_fu_22217_p2       |     |        | xor_ln90_167       | xor       | auto                   | 0       |
|   select_ln90_166_fu_22221_p3    |     |        | select_ln90_166    | select    | auto_sel               | 0       |
|   select_ln90_167_fu_22229_p3    |     |        | select_ln90_167    | select    | auto_sel               | 0       |
|   add_ln90_168_fu_20340_p2       |     |        | add_ln90_168       | add       | fabric                 | 0       |
|   add_ln90_169_fu_20346_p2       |     |        | add_ln90_169       | add       | fabric                 | 0       |
|   xor_ln90_168_fu_22236_p2       |     |        | xor_ln90_168       | xor       | auto                   | 0       |
|   and_ln90_84_fu_22241_p2        |     |        | and_ln90_84        | and       | auto                   | 0       |
|   xor_ln90_169_fu_22246_p2       |     |        | xor_ln90_169       | xor       | auto                   | 0       |
|   select_ln90_168_fu_22250_p3    |     |        | select_ln90_168    | select    | auto_sel               | 0       |
|   select_ln90_169_fu_22258_p3    |     |        | select_ln90_169    | select    | auto_sel               | 0       |
|   add_ln90_170_fu_20376_p2       |     |        | add_ln90_170       | add       | fabric                 | 0       |
|   add_ln90_171_fu_20382_p2       |     |        | add_ln90_171       | add       | fabric                 | 0       |
|   xor_ln90_170_fu_22265_p2       |     |        | xor_ln90_170       | xor       | auto                   | 0       |
|   and_ln90_85_fu_22270_p2        |     |        | and_ln90_85        | and       | auto                   | 0       |
|   xor_ln90_171_fu_22275_p2       |     |        | xor_ln90_171       | xor       | auto                   | 0       |
|   select_ln90_170_fu_22279_p3    |     |        | select_ln90_170    | select    | auto_sel               | 0       |
|   select_ln90_171_fu_22287_p3    |     |        | select_ln90_171    | select    | auto_sel               | 0       |
|   add_ln90_172_fu_20412_p2       |     |        | add_ln90_172       | add       | fabric                 | 0       |
|   add_ln90_173_fu_20418_p2       |     |        | add_ln90_173       | add       | fabric                 | 0       |
|   xor_ln90_172_fu_22294_p2       |     |        | xor_ln90_172       | xor       | auto                   | 0       |
|   and_ln90_86_fu_22299_p2        |     |        | and_ln90_86        | and       | auto                   | 0       |
|   xor_ln90_173_fu_22304_p2       |     |        | xor_ln90_173       | xor       | auto                   | 0       |
|   select_ln90_172_fu_22308_p3    |     |        | select_ln90_172    | select    | auto_sel               | 0       |
|   select_ln90_173_fu_22316_p3    |     |        | select_ln90_173    | select    | auto_sel               | 0       |
|   add_ln90_174_fu_20448_p2       |     |        | add_ln90_174       | add       | fabric                 | 0       |
|   add_ln90_175_fu_20454_p2       |     |        | add_ln90_175       | add       | fabric                 | 0       |
|   xor_ln90_174_fu_22323_p2       |     |        | xor_ln90_174       | xor       | auto                   | 0       |
|   and_ln90_87_fu_22328_p2        |     |        | and_ln90_87        | and       | auto                   | 0       |
|   xor_ln90_175_fu_22333_p2       |     |        | xor_ln90_175       | xor       | auto                   | 0       |
|   select_ln90_174_fu_22337_p3    |     |        | select_ln90_174    | select    | auto_sel               | 0       |
|   select_ln90_175_fu_22345_p3    |     |        | select_ln90_175    | select    | auto_sel               | 0       |
|   add_ln90_176_fu_20484_p2       |     |        | add_ln90_176       | add       | fabric                 | 0       |
|   add_ln90_177_fu_20490_p2       |     |        | add_ln90_177       | add       | fabric                 | 0       |
|   xor_ln90_176_fu_22352_p2       |     |        | xor_ln90_176       | xor       | auto                   | 0       |
|   and_ln90_88_fu_22357_p2        |     |        | and_ln90_88        | and       | auto                   | 0       |
|   xor_ln90_177_fu_22362_p2       |     |        | xor_ln90_177       | xor       | auto                   | 0       |
|   select_ln90_176_fu_22366_p3    |     |        | select_ln90_176    | select    | auto_sel               | 0       |
|   select_ln90_177_fu_22374_p3    |     |        | select_ln90_177    | select    | auto_sel               | 0       |
|   add_ln90_178_fu_20520_p2       |     |        | add_ln90_178       | add       | fabric                 | 0       |
|   add_ln90_179_fu_20526_p2       |     |        | add_ln90_179       | add       | fabric                 | 0       |
|   xor_ln90_178_fu_22381_p2       |     |        | xor_ln90_178       | xor       | auto                   | 0       |
|   and_ln90_89_fu_22386_p2        |     |        | and_ln90_89        | and       | auto                   | 0       |
|   xor_ln90_179_fu_22391_p2       |     |        | xor_ln90_179       | xor       | auto                   | 0       |
|   select_ln90_178_fu_22395_p3    |     |        | select_ln90_178    | select    | auto_sel               | 0       |
|   select_ln90_179_fu_22403_p3    |     |        | select_ln90_179    | select    | auto_sel               | 0       |
|   add_ln90_180_fu_20556_p2       |     |        | add_ln90_180       | add       | fabric                 | 0       |
|   add_ln90_181_fu_20562_p2       |     |        | add_ln90_181       | add       | fabric                 | 0       |
|   xor_ln90_180_fu_22410_p2       |     |        | xor_ln90_180       | xor       | auto                   | 0       |
|   and_ln90_90_fu_22415_p2        |     |        | and_ln90_90        | and       | auto                   | 0       |
|   xor_ln90_181_fu_22420_p2       |     |        | xor_ln90_181       | xor       | auto                   | 0       |
|   select_ln90_180_fu_22424_p3    |     |        | select_ln90_180    | select    | auto_sel               | 0       |
|   select_ln90_181_fu_22432_p3    |     |        | select_ln90_181    | select    | auto_sel               | 0       |
|   add_ln90_182_fu_20592_p2       |     |        | add_ln90_182       | add       | fabric                 | 0       |
|   add_ln90_183_fu_20598_p2       |     |        | add_ln90_183       | add       | fabric                 | 0       |
|   xor_ln90_182_fu_22439_p2       |     |        | xor_ln90_182       | xor       | auto                   | 0       |
|   and_ln90_91_fu_22444_p2        |     |        | and_ln90_91        | and       | auto                   | 0       |
|   xor_ln90_183_fu_22449_p2       |     |        | xor_ln90_183       | xor       | auto                   | 0       |
|   select_ln90_182_fu_22453_p3    |     |        | select_ln90_182    | select    | auto_sel               | 0       |
|   select_ln90_183_fu_22461_p3    |     |        | select_ln90_183    | select    | auto_sel               | 0       |
|   add_ln90_184_fu_20628_p2       |     |        | add_ln90_184       | add       | fabric                 | 0       |
|   add_ln90_185_fu_20634_p2       |     |        | add_ln90_185       | add       | fabric                 | 0       |
|   xor_ln90_184_fu_22468_p2       |     |        | xor_ln90_184       | xor       | auto                   | 0       |
|   and_ln90_92_fu_22473_p2        |     |        | and_ln90_92        | and       | auto                   | 0       |
|   xor_ln90_185_fu_22478_p2       |     |        | xor_ln90_185       | xor       | auto                   | 0       |
|   select_ln90_184_fu_22482_p3    |     |        | select_ln90_184    | select    | auto_sel               | 0       |
|   select_ln90_185_fu_22490_p3    |     |        | select_ln90_185    | select    | auto_sel               | 0       |
|   add_ln90_186_fu_20664_p2       |     |        | add_ln90_186       | add       | fabric                 | 0       |
|   add_ln90_187_fu_20670_p2       |     |        | add_ln90_187       | add       | fabric                 | 0       |
|   xor_ln90_186_fu_22497_p2       |     |        | xor_ln90_186       | xor       | auto                   | 0       |
|   and_ln90_93_fu_22502_p2        |     |        | and_ln90_93        | and       | auto                   | 0       |
|   xor_ln90_187_fu_22507_p2       |     |        | xor_ln90_187       | xor       | auto                   | 0       |
|   select_ln90_186_fu_22511_p3    |     |        | select_ln90_186    | select    | auto_sel               | 0       |
|   select_ln90_187_fu_22519_p3    |     |        | select_ln90_187    | select    | auto_sel               | 0       |
|   add_ln90_188_fu_20700_p2       |     |        | add_ln90_188       | add       | fabric                 | 0       |
|   add_ln90_189_fu_20706_p2       |     |        | add_ln90_189       | add       | fabric                 | 0       |
|   xor_ln90_188_fu_22526_p2       |     |        | xor_ln90_188       | xor       | auto                   | 0       |
|   and_ln90_94_fu_22531_p2        |     |        | and_ln90_94        | and       | auto                   | 0       |
|   xor_ln90_189_fu_22536_p2       |     |        | xor_ln90_189       | xor       | auto                   | 0       |
|   select_ln90_188_fu_22540_p3    |     |        | select_ln90_188    | select    | auto_sel               | 0       |
|   select_ln90_189_fu_22548_p3    |     |        | select_ln90_189    | select    | auto_sel               | 0       |
|   add_ln90_190_fu_20736_p2       |     |        | add_ln90_190       | add       | fabric                 | 0       |
|   add_ln90_191_fu_20742_p2       |     |        | add_ln90_191       | add       | fabric                 | 0       |
|   xor_ln90_190_fu_22555_p2       |     |        | xor_ln90_190       | xor       | auto                   | 0       |
|   and_ln90_95_fu_22560_p2        |     |        | and_ln90_95        | and       | auto                   | 0       |
|   xor_ln90_191_fu_22565_p2       |     |        | xor_ln90_191       | xor       | auto                   | 0       |
|   select_ln90_190_fu_22569_p3    |     |        | select_ln90_190    | select    | auto_sel               | 0       |
|   select_ln90_191_fu_22577_p3    |     |        | select_ln90_191    | select    | auto_sel               | 0       |
|   add_ln90_192_fu_20772_p2       |     |        | add_ln90_192       | add       | fabric                 | 0       |
|   add_ln90_193_fu_20778_p2       |     |        | add_ln90_193       | add       | fabric                 | 0       |
|   xor_ln90_192_fu_22584_p2       |     |        | xor_ln90_192       | xor       | auto                   | 0       |
|   and_ln90_96_fu_22589_p2        |     |        | and_ln90_96        | and       | auto                   | 0       |
|   xor_ln90_193_fu_22594_p2       |     |        | xor_ln90_193       | xor       | auto                   | 0       |
|   select_ln90_192_fu_22598_p3    |     |        | select_ln90_192    | select    | auto_sel               | 0       |
|   select_ln90_193_fu_22606_p3    |     |        | select_ln90_193    | select    | auto_sel               | 0       |
|   add_ln90_194_fu_20808_p2       |     |        | add_ln90_194       | add       | fabric                 | 0       |
|   add_ln90_195_fu_20814_p2       |     |        | add_ln90_195       | add       | fabric                 | 0       |
|   xor_ln90_194_fu_22613_p2       |     |        | xor_ln90_194       | xor       | auto                   | 0       |
|   and_ln90_97_fu_22618_p2        |     |        | and_ln90_97        | and       | auto                   | 0       |
|   xor_ln90_195_fu_22623_p2       |     |        | xor_ln90_195       | xor       | auto                   | 0       |
|   select_ln90_194_fu_22627_p3    |     |        | select_ln90_194    | select    | auto_sel               | 0       |
|   select_ln90_195_fu_22635_p3    |     |        | select_ln90_195    | select    | auto_sel               | 0       |
|   add_ln90_196_fu_20844_p2       |     |        | add_ln90_196       | add       | fabric                 | 0       |
|   add_ln90_197_fu_20850_p2       |     |        | add_ln90_197       | add       | fabric                 | 0       |
|   xor_ln90_196_fu_22642_p2       |     |        | xor_ln90_196       | xor       | auto                   | 0       |
|   and_ln90_98_fu_22647_p2        |     |        | and_ln90_98        | and       | auto                   | 0       |
|   xor_ln90_197_fu_22652_p2       |     |        | xor_ln90_197       | xor       | auto                   | 0       |
|   select_ln90_196_fu_22656_p3    |     |        | select_ln90_196    | select    | auto_sel               | 0       |
|   select_ln90_197_fu_22664_p3    |     |        | select_ln90_197    | select    | auto_sel               | 0       |
|   add_ln90_198_fu_20880_p2       |     |        | add_ln90_198       | add       | fabric                 | 0       |
|   add_ln90_199_fu_20886_p2       |     |        | add_ln90_199       | add       | fabric                 | 0       |
|   xor_ln90_198_fu_22671_p2       |     |        | xor_ln90_198       | xor       | auto                   | 0       |
|   and_ln90_99_fu_22676_p2        |     |        | and_ln90_99        | and       | auto                   | 0       |
|   xor_ln90_199_fu_22681_p2       |     |        | xor_ln90_199       | xor       | auto                   | 0       |
|   select_ln90_198_fu_22685_p3    |     |        | select_ln90_198    | select    | auto_sel               | 0       |
|   select_ln90_199_fu_22693_p3    |     |        | select_ln90_199    | select    | auto_sel               | 0       |
|   add_ln90_200_fu_24092_p2       |     |        | add_ln90_200       | add       | fabric                 | 0       |
|   add_ln90_201_fu_24098_p2       |     |        | add_ln90_201       | add       | fabric                 | 0       |
|   xor_ln90_200_fu_24828_p2       |     |        | xor_ln90_200       | xor       | auto                   | 0       |
|   and_ln90_100_fu_24833_p2       |     |        | and_ln90_100       | and       | auto                   | 0       |
|   xor_ln90_201_fu_24838_p2       |     |        | xor_ln90_201       | xor       | auto                   | 0       |
|   select_ln90_200_fu_24842_p3    |     |        | select_ln90_200    | select    | auto_sel               | 0       |
|   select_ln90_201_fu_24850_p3    |     |        | select_ln90_201    | select    | auto_sel               | 0       |
|   add_ln90_202_fu_24128_p2       |     |        | add_ln90_202       | add       | fabric                 | 0       |
|   add_ln90_203_fu_24134_p2       |     |        | add_ln90_203       | add       | fabric                 | 0       |
|   xor_ln90_202_fu_24857_p2       |     |        | xor_ln90_202       | xor       | auto                   | 0       |
|   and_ln90_101_fu_24862_p2       |     |        | and_ln90_101       | and       | auto                   | 0       |
|   xor_ln90_203_fu_24867_p2       |     |        | xor_ln90_203       | xor       | auto                   | 0       |
|   select_ln90_202_fu_24871_p3    |     |        | select_ln90_202    | select    | auto_sel               | 0       |
|   select_ln90_203_fu_24879_p3    |     |        | select_ln90_203    | select    | auto_sel               | 0       |
|   add_ln90_204_fu_22708_p2       |     |        | add_ln90_204       | add       | fabric                 | 0       |
|   add_ln90_205_fu_22714_p2       |     |        | add_ln90_205       | add       | fabric                 | 0       |
|   xor_ln90_204_fu_22736_p2       |     |        | xor_ln90_204       | xor       | auto                   | 0       |
|   and_ln90_102_fu_22742_p2       |     |        | and_ln90_102       | and       | auto                   | 0       |
|   xor_ln90_205_fu_22748_p2       |     |        | xor_ln90_205       | xor       | auto                   | 0       |
|   select_ln90_204_fu_22754_p3    |     |        | select_ln90_204    | select    | auto_sel               | 0       |
|   select_ln90_205_fu_22762_p3    |     |        | select_ln90_205    | select    | auto_sel               | 0       |
|   add_ln90_206_fu_22778_p2       |     |        | add_ln90_206       | add       | fabric                 | 0       |
|   add_ln90_207_fu_22784_p2       |     |        | add_ln90_207       | add       | fabric                 | 0       |
|   xor_ln90_206_fu_22806_p2       |     |        | xor_ln90_206       | xor       | auto                   | 0       |
|   and_ln90_103_fu_22812_p2       |     |        | and_ln90_103       | and       | auto                   | 0       |
|   xor_ln90_207_fu_22818_p2       |     |        | xor_ln90_207       | xor       | auto                   | 0       |
|   select_ln90_206_fu_22824_p3    |     |        | select_ln90_206    | select    | auto_sel               | 0       |
|   select_ln90_207_fu_22832_p3    |     |        | select_ln90_207    | select    | auto_sel               | 0       |
|   add_ln90_208_fu_22848_p2       |     |        | add_ln90_208       | add       | fabric                 | 0       |
|   add_ln90_209_fu_22854_p2       |     |        | add_ln90_209       | add       | fabric                 | 0       |
|   xor_ln90_208_fu_22876_p2       |     |        | xor_ln90_208       | xor       | auto                   | 0       |
|   and_ln90_104_fu_22882_p2       |     |        | and_ln90_104       | and       | auto                   | 0       |
|   xor_ln90_209_fu_22888_p2       |     |        | xor_ln90_209       | xor       | auto                   | 0       |
|   select_ln90_208_fu_22894_p3    |     |        | select_ln90_208    | select    | auto_sel               | 0       |
|   select_ln90_209_fu_22902_p3    |     |        | select_ln90_209    | select    | auto_sel               | 0       |
|   add_ln90_210_fu_22918_p2       |     |        | add_ln90_210       | add       | fabric                 | 0       |
|   add_ln90_211_fu_22924_p2       |     |        | add_ln90_211       | add       | fabric                 | 0       |
|   xor_ln90_210_fu_22946_p2       |     |        | xor_ln90_210       | xor       | auto                   | 0       |
|   and_ln90_105_fu_22952_p2       |     |        | and_ln90_105       | and       | auto                   | 0       |
|   xor_ln90_211_fu_22958_p2       |     |        | xor_ln90_211       | xor       | auto                   | 0       |
|   select_ln90_210_fu_22964_p3    |     |        | select_ln90_210    | select    | auto_sel               | 0       |
|   select_ln90_211_fu_22972_p3    |     |        | select_ln90_211    | select    | auto_sel               | 0       |
|   add_ln90_212_fu_22988_p2       |     |        | add_ln90_212       | add       | fabric                 | 0       |
|   add_ln90_213_fu_22994_p2       |     |        | add_ln90_213       | add       | fabric                 | 0       |
|   xor_ln90_212_fu_23016_p2       |     |        | xor_ln90_212       | xor       | auto                   | 0       |
|   and_ln90_106_fu_23022_p2       |     |        | and_ln90_106       | and       | auto                   | 0       |
|   xor_ln90_213_fu_23028_p2       |     |        | xor_ln90_213       | xor       | auto                   | 0       |
|   select_ln90_212_fu_23034_p3    |     |        | select_ln90_212    | select    | auto_sel               | 0       |
|   select_ln90_213_fu_23042_p3    |     |        | select_ln90_213    | select    | auto_sel               | 0       |
|   add_ln90_214_fu_23058_p2       |     |        | add_ln90_214       | add       | fabric                 | 0       |
|   add_ln90_215_fu_23064_p2       |     |        | add_ln90_215       | add       | fabric                 | 0       |
|   xor_ln90_214_fu_23086_p2       |     |        | xor_ln90_214       | xor       | auto                   | 0       |
|   and_ln90_107_fu_23092_p2       |     |        | and_ln90_107       | and       | auto                   | 0       |
|   xor_ln90_215_fu_23098_p2       |     |        | xor_ln90_215       | xor       | auto                   | 0       |
|   select_ln90_214_fu_23104_p3    |     |        | select_ln90_214    | select    | auto_sel               | 0       |
|   select_ln90_215_fu_23112_p3    |     |        | select_ln90_215    | select    | auto_sel               | 0       |
|   add_ln90_216_fu_23128_p2       |     |        | add_ln90_216       | add       | fabric                 | 0       |
|   add_ln90_217_fu_23134_p2       |     |        | add_ln90_217       | add       | fabric                 | 0       |
|   xor_ln90_216_fu_23156_p2       |     |        | xor_ln90_216       | xor       | auto                   | 0       |
|   and_ln90_108_fu_23162_p2       |     |        | and_ln90_108       | and       | auto                   | 0       |
|   xor_ln90_217_fu_23168_p2       |     |        | xor_ln90_217       | xor       | auto                   | 0       |
|   select_ln90_216_fu_23174_p3    |     |        | select_ln90_216    | select    | auto_sel               | 0       |
|   select_ln90_217_fu_23182_p3    |     |        | select_ln90_217    | select    | auto_sel               | 0       |
|   add_ln90_218_fu_23198_p2       |     |        | add_ln90_218       | add       | fabric                 | 0       |
|   add_ln90_219_fu_23204_p2       |     |        | add_ln90_219       | add       | fabric                 | 0       |
|   xor_ln90_218_fu_23226_p2       |     |        | xor_ln90_218       | xor       | auto                   | 0       |
|   and_ln90_109_fu_23232_p2       |     |        | and_ln90_109       | and       | auto                   | 0       |
|   xor_ln90_219_fu_23238_p2       |     |        | xor_ln90_219       | xor       | auto                   | 0       |
|   select_ln90_218_fu_23244_p3    |     |        | select_ln90_218    | select    | auto_sel               | 0       |
|   select_ln90_219_fu_23252_p3    |     |        | select_ln90_219    | select    | auto_sel               | 0       |
|   add_ln90_220_fu_23268_p2       |     |        | add_ln90_220       | add       | fabric                 | 0       |
|   add_ln90_221_fu_23274_p2       |     |        | add_ln90_221       | add       | fabric                 | 0       |
|   xor_ln90_220_fu_23296_p2       |     |        | xor_ln90_220       | xor       | auto                   | 0       |
|   and_ln90_110_fu_23302_p2       |     |        | and_ln90_110       | and       | auto                   | 0       |
|   xor_ln90_221_fu_23308_p2       |     |        | xor_ln90_221       | xor       | auto                   | 0       |
|   select_ln90_220_fu_23314_p3    |     |        | select_ln90_220    | select    | auto_sel               | 0       |
|   select_ln90_221_fu_23322_p3    |     |        | select_ln90_221    | select    | auto_sel               | 0       |
|   add_ln90_222_fu_23338_p2       |     |        | add_ln90_222       | add       | fabric                 | 0       |
|   add_ln90_223_fu_23344_p2       |     |        | add_ln90_223       | add       | fabric                 | 0       |
|   xor_ln90_222_fu_23366_p2       |     |        | xor_ln90_222       | xor       | auto                   | 0       |
|   and_ln90_111_fu_23372_p2       |     |        | and_ln90_111       | and       | auto                   | 0       |
|   xor_ln90_223_fu_23378_p2       |     |        | xor_ln90_223       | xor       | auto                   | 0       |
|   select_ln90_222_fu_23384_p3    |     |        | select_ln90_222    | select    | auto_sel               | 0       |
|   select_ln90_223_fu_23392_p3    |     |        | select_ln90_223    | select    | auto_sel               | 0       |
|   add_ln90_224_fu_23408_p2       |     |        | add_ln90_224       | add       | fabric                 | 0       |
|   add_ln90_225_fu_23414_p2       |     |        | add_ln90_225       | add       | fabric                 | 0       |
|   xor_ln90_224_fu_23436_p2       |     |        | xor_ln90_224       | xor       | auto                   | 0       |
|   and_ln90_112_fu_23442_p2       |     |        | and_ln90_112       | and       | auto                   | 0       |
|   xor_ln90_225_fu_23448_p2       |     |        | xor_ln90_225       | xor       | auto                   | 0       |
|   select_ln90_224_fu_23454_p3    |     |        | select_ln90_224    | select    | auto_sel               | 0       |
|   select_ln90_225_fu_23462_p3    |     |        | select_ln90_225    | select    | auto_sel               | 0       |
|   add_ln90_226_fu_23478_p2       |     |        | add_ln90_226       | add       | fabric                 | 0       |
|   add_ln90_227_fu_23484_p2       |     |        | add_ln90_227       | add       | fabric                 | 0       |
|   xor_ln90_226_fu_23506_p2       |     |        | xor_ln90_226       | xor       | auto                   | 0       |
|   and_ln90_113_fu_23512_p2       |     |        | and_ln90_113       | and       | auto                   | 0       |
|   xor_ln90_227_fu_23518_p2       |     |        | xor_ln90_227       | xor       | auto                   | 0       |
|   select_ln90_226_fu_23524_p3    |     |        | select_ln90_226    | select    | auto_sel               | 0       |
|   select_ln90_227_fu_23532_p3    |     |        | select_ln90_227    | select    | auto_sel               | 0       |
|   add_ln90_228_fu_23548_p2       |     |        | add_ln90_228       | add       | fabric                 | 0       |
|   add_ln90_229_fu_23554_p2       |     |        | add_ln90_229       | add       | fabric                 | 0       |
|   xor_ln90_228_fu_23576_p2       |     |        | xor_ln90_228       | xor       | auto                   | 0       |
|   and_ln90_114_fu_23582_p2       |     |        | and_ln90_114       | and       | auto                   | 0       |
|   xor_ln90_229_fu_23588_p2       |     |        | xor_ln90_229       | xor       | auto                   | 0       |
|   select_ln90_228_fu_23594_p3    |     |        | select_ln90_228    | select    | auto_sel               | 0       |
|   select_ln90_229_fu_23602_p3    |     |        | select_ln90_229    | select    | auto_sel               | 0       |
|   add_ln90_230_fu_23618_p2       |     |        | add_ln90_230       | add       | fabric                 | 0       |
|   add_ln90_231_fu_23624_p2       |     |        | add_ln90_231       | add       | fabric                 | 0       |
|   xor_ln90_230_fu_23646_p2       |     |        | xor_ln90_230       | xor       | auto                   | 0       |
|   and_ln90_115_fu_23652_p2       |     |        | and_ln90_115       | and       | auto                   | 0       |
|   xor_ln90_231_fu_23658_p2       |     |        | xor_ln90_231       | xor       | auto                   | 0       |
|   select_ln90_230_fu_23664_p3    |     |        | select_ln90_230    | select    | auto_sel               | 0       |
|   select_ln90_231_fu_23672_p3    |     |        | select_ln90_231    | select    | auto_sel               | 0       |
|   add_ln90_232_fu_23688_p2       |     |        | add_ln90_232       | add       | fabric                 | 0       |
|   add_ln90_233_fu_23694_p2       |     |        | add_ln90_233       | add       | fabric                 | 0       |
|   xor_ln90_232_fu_23716_p2       |     |        | xor_ln90_232       | xor       | auto                   | 0       |
|   and_ln90_116_fu_23722_p2       |     |        | and_ln90_116       | and       | auto                   | 0       |
|   xor_ln90_233_fu_23728_p2       |     |        | xor_ln90_233       | xor       | auto                   | 0       |
|   select_ln90_232_fu_23734_p3    |     |        | select_ln90_232    | select    | auto_sel               | 0       |
|   select_ln90_233_fu_23742_p3    |     |        | select_ln90_233    | select    | auto_sel               | 0       |
|   add_ln90_234_fu_23758_p2       |     |        | add_ln90_234       | add       | fabric                 | 0       |
|   add_ln90_235_fu_23764_p2       |     |        | add_ln90_235       | add       | fabric                 | 0       |
|   xor_ln90_234_fu_23786_p2       |     |        | xor_ln90_234       | xor       | auto                   | 0       |
|   and_ln90_117_fu_23792_p2       |     |        | and_ln90_117       | and       | auto                   | 0       |
|   xor_ln90_235_fu_23798_p2       |     |        | xor_ln90_235       | xor       | auto                   | 0       |
|   select_ln90_234_fu_23804_p3    |     |        | select_ln90_234    | select    | auto_sel               | 0       |
|   select_ln90_235_fu_23812_p3    |     |        | select_ln90_235    | select    | auto_sel               | 0       |
|   add_ln90_236_fu_24894_p2       |     |        | add_ln90_236       | add       | fabric                 | 0       |
|   add_ln90_237_fu_24900_p2       |     |        | add_ln90_237       | add       | fabric                 | 0       |
|   xor_ln90_236_fu_24922_p2       |     |        | xor_ln90_236       | xor       | auto                   | 0       |
|   and_ln90_118_fu_24928_p2       |     |        | and_ln90_118       | and       | auto                   | 0       |
|   xor_ln90_237_fu_24934_p2       |     |        | xor_ln90_237       | xor       | auto                   | 0       |
|   select_ln90_236_fu_24940_p3    |     |        | select_ln90_236    | select    | auto_sel               | 0       |
|   select_ln90_237_fu_24948_p3    |     |        | select_ln90_237    | select    | auto_sel               | 0       |
|   add_ln90_238_fu_24162_p2       |     |        | add_ln90_238       | add       | fabric                 | 0       |
|   add_ln90_239_fu_24166_p2       |     |        | add_ln90_239       | add       | fabric                 | 0       |
|   xor_ln90_238_fu_24188_p2       |     |        | xor_ln90_238       | xor       | auto                   | 0       |
|   and_ln90_119_fu_24194_p2       |     |        | and_ln90_119       | and       | auto                   | 0       |
|   xor_ln90_239_fu_24200_p2       |     |        | xor_ln90_239       | xor       | auto                   | 0       |
|   select_ln90_238_fu_24206_p3    |     |        | select_ln90_238    | select    | auto_sel               | 0       |
|   select_ln90_239_fu_24214_p3    |     |        | select_ln90_239    | select    | auto_sel               | 0       |
|   add_ln90_240_fu_24228_p2       |     |        | add_ln90_240       | add       | fabric                 | 0       |
|   add_ln90_241_fu_24232_p2       |     |        | add_ln90_241       | add       | fabric                 | 0       |
|   xor_ln90_240_fu_24254_p2       |     |        | xor_ln90_240       | xor       | auto                   | 0       |
|   and_ln90_120_fu_24260_p2       |     |        | and_ln90_120       | and       | auto                   | 0       |
|   xor_ln90_241_fu_24266_p2       |     |        | xor_ln90_241       | xor       | auto                   | 0       |
|   select_ln90_240_fu_24272_p3    |     |        | select_ln90_240    | select    | auto_sel               | 0       |
|   select_ln90_241_fu_24280_p3    |     |        | select_ln90_241    | select    | auto_sel               | 0       |
|   add_ln90_242_fu_24294_p2       |     |        | add_ln90_242       | add       | fabric                 | 0       |
|   add_ln90_243_fu_24298_p2       |     |        | add_ln90_243       | add       | fabric                 | 0       |
|   xor_ln90_242_fu_24320_p2       |     |        | xor_ln90_242       | xor       | auto                   | 0       |
|   and_ln90_121_fu_24326_p2       |     |        | and_ln90_121       | and       | auto                   | 0       |
|   xor_ln90_243_fu_24332_p2       |     |        | xor_ln90_243       | xor       | auto                   | 0       |
|   select_ln90_242_fu_24338_p3    |     |        | select_ln90_242    | select    | auto_sel               | 0       |
|   select_ln90_243_fu_24346_p3    |     |        | select_ln90_243    | select    | auto_sel               | 0       |
|   add_ln90_244_fu_24360_p2       |     |        | add_ln90_244       | add       | fabric                 | 0       |
|   add_ln90_245_fu_24364_p2       |     |        | add_ln90_245       | add       | fabric                 | 0       |
|   xor_ln90_244_fu_24386_p2       |     |        | xor_ln90_244       | xor       | auto                   | 0       |
|   and_ln90_122_fu_24392_p2       |     |        | and_ln90_122       | and       | auto                   | 0       |
|   xor_ln90_245_fu_24398_p2       |     |        | xor_ln90_245       | xor       | auto                   | 0       |
|   select_ln90_244_fu_24404_p3    |     |        | select_ln90_244    | select    | auto_sel               | 0       |
|   select_ln90_245_fu_24412_p3    |     |        | select_ln90_245    | select    | auto_sel               | 0       |
|   add_ln90_246_fu_24426_p2       |     |        | add_ln90_246       | add       | fabric                 | 0       |
|   add_ln90_247_fu_24430_p2       |     |        | add_ln90_247       | add       | fabric                 | 0       |
|   xor_ln90_246_fu_24452_p2       |     |        | xor_ln90_246       | xor       | auto                   | 0       |
|   and_ln90_123_fu_24458_p2       |     |        | and_ln90_123       | and       | auto                   | 0       |
|   xor_ln90_247_fu_24464_p2       |     |        | xor_ln90_247       | xor       | auto                   | 0       |
|   select_ln90_246_fu_24470_p3    |     |        | select_ln90_246    | select    | auto_sel               | 0       |
|   select_ln90_247_fu_24478_p3    |     |        | select_ln90_247    | select    | auto_sel               | 0       |
|   add_ln90_248_fu_24492_p2       |     |        | add_ln90_248       | add       | fabric                 | 0       |
|   add_ln90_249_fu_24496_p2       |     |        | add_ln90_249       | add       | fabric                 | 0       |
|   xor_ln90_248_fu_24518_p2       |     |        | xor_ln90_248       | xor       | auto                   | 0       |
|   and_ln90_124_fu_24524_p2       |     |        | and_ln90_124       | and       | auto                   | 0       |
|   xor_ln90_249_fu_24530_p2       |     |        | xor_ln90_249       | xor       | auto                   | 0       |
|   select_ln90_248_fu_24536_p3    |     |        | select_ln90_248    | select    | auto_sel               | 0       |
|   select_ln90_249_fu_24544_p3    |     |        | select_ln90_249    | select    | auto_sel               | 0       |
|   add_ln90_250_fu_24558_p2       |     |        | add_ln90_250       | add       | fabric                 | 0       |
|   add_ln90_251_fu_24562_p2       |     |        | add_ln90_251       | add       | fabric                 | 0       |
|   xor_ln90_250_fu_24584_p2       |     |        | xor_ln90_250       | xor       | auto                   | 0       |
|   and_ln90_125_fu_24590_p2       |     |        | and_ln90_125       | and       | auto                   | 0       |
|   xor_ln90_251_fu_24596_p2       |     |        | xor_ln90_251       | xor       | auto                   | 0       |
|   select_ln90_250_fu_24602_p3    |     |        | select_ln90_250    | select    | auto_sel               | 0       |
|   select_ln90_251_fu_24610_p3    |     |        | select_ln90_251    | select    | auto_sel               | 0       |
|   add_ln90_252_fu_24624_p2       |     |        | add_ln90_252       | add       | fabric                 | 0       |
|   add_ln90_253_fu_24628_p2       |     |        | add_ln90_253       | add       | fabric                 | 0       |
|   xor_ln90_252_fu_24650_p2       |     |        | xor_ln90_252       | xor       | auto                   | 0       |
|   and_ln90_126_fu_24656_p2       |     |        | and_ln90_126       | and       | auto                   | 0       |
|   xor_ln90_253_fu_24662_p2       |     |        | xor_ln90_253       | xor       | auto                   | 0       |
|   select_ln90_252_fu_24668_p3    |     |        | select_ln90_252    | select    | auto_sel               | 0       |
|   select_ln90_253_fu_24676_p3    |     |        | select_ln90_253    | select    | auto_sel               | 0       |
|   add_ln90_254_fu_24692_p2       |     |        | add_ln90_254       | add       | fabric                 | 0       |
|   add_ln90_255_fu_24698_p2       |     |        | add_ln90_255       | add       | fabric                 | 0       |
|   xor_ln90_254_fu_24956_p2       |     |        | xor_ln90_254       | xor       | auto                   | 0       |
|   and_ln90_127_fu_24961_p2       |     |        | and_ln90_127       | and       | auto                   | 0       |
|   xor_ln90_255_fu_24966_p2       |     |        | xor_ln90_255       | xor       | auto                   | 0       |
|   select_ln90_254_fu_24970_p3    |     |        | select_ln90_254    | select    | auto_sel               | 0       |
|   select_ln90_255_fu_24978_p3    |     |        | select_ln90_255    | select    | auto_sel               | 0       |
|   add_ln90_256_fu_24728_p2       |     |        | add_ln90_256       | add       | fabric                 | 0       |
|   add_ln90_257_fu_24734_p2       |     |        | add_ln90_257       | add       | fabric                 | 0       |
|   xor_ln90_256_fu_24985_p2       |     |        | xor_ln90_256       | xor       | auto                   | 0       |
|   and_ln90_128_fu_24990_p2       |     |        | and_ln90_128       | and       | auto                   | 0       |
|   xor_ln90_257_fu_24995_p2       |     |        | xor_ln90_257       | xor       | auto                   | 0       |
|   select_ln90_256_fu_24999_p3    |     |        | select_ln90_256    | select    | auto_sel               | 0       |
|   select_ln90_257_fu_25007_p3    |     |        | select_ln90_257    | select    | auto_sel               | 0       |
|   add_ln90_258_fu_24764_p2       |     |        | add_ln90_258       | add       | fabric                 | 0       |
|   add_ln90_259_fu_24770_p2       |     |        | add_ln90_259       | add       | fabric                 | 0       |
|   xor_ln90_258_fu_25014_p2       |     |        | xor_ln90_258       | xor       | auto                   | 0       |
|   and_ln90_129_fu_25019_p2       |     |        | and_ln90_129       | and       | auto                   | 0       |
|   xor_ln90_259_fu_25024_p2       |     |        | xor_ln90_259       | xor       | auto                   | 0       |
|   select_ln90_258_fu_25028_p3    |     |        | select_ln90_258    | select    | auto_sel               | 0       |
|   select_ln90_259_fu_25036_p3    |     |        | select_ln90_259    | select    | auto_sel               | 0       |
|   add_ln90_260_fu_24800_p2       |     |        | add_ln90_260       | add       | fabric                 | 0       |
|   add_ln90_261_fu_24806_p2       |     |        | add_ln90_261       | add       | fabric                 | 0       |
|   xor_ln90_260_fu_25043_p2       |     |        | xor_ln90_260       | xor       | auto                   | 0       |
|   and_ln90_130_fu_25048_p2       |     |        | and_ln90_130       | and       | auto                   | 0       |
|   xor_ln90_261_fu_25053_p2       |     |        | xor_ln90_261       | xor       | auto                   | 0       |
|   select_ln90_260_fu_25057_p3    |     |        | select_ln90_260    | select    | auto_sel               | 0       |
|   select_ln90_261_fu_25065_p3    |     |        | select_ln90_261    | select    | auto_sel               | 0       |
|   add_ln90_262_fu_25080_p2       |     |        | add_ln90_262       | add       | fabric                 | 0       |
|   add_ln90_263_fu_25086_p2       |     |        | add_ln90_263       | add       | fabric                 | 0       |
|   xor_ln90_262_fu_25108_p2       |     |        | xor_ln90_262       | xor       | auto                   | 0       |
|   and_ln90_131_fu_25114_p2       |     |        | and_ln90_131       | and       | auto                   | 0       |
|   xor_ln90_263_fu_25120_p2       |     |        | xor_ln90_263       | xor       | auto                   | 0       |
|   select_ln90_262_fu_25126_p3    |     |        | select_ln90_262    | select    | auto_sel               | 0       |
|   select_ln90_263_fu_25134_p3    |     |        | select_ln90_263    | select    | auto_sel               | 0       |
|   add_ln90_264_fu_25150_p2       |     |        | add_ln90_264       | add       | fabric                 | 0       |
|   add_ln90_265_fu_25156_p2       |     |        | add_ln90_265       | add       | fabric                 | 0       |
|   xor_ln90_264_fu_25178_p2       |     |        | xor_ln90_264       | xor       | auto                   | 0       |
|   and_ln90_132_fu_25184_p2       |     |        | and_ln90_132       | and       | auto                   | 0       |
|   xor_ln90_265_fu_25190_p2       |     |        | xor_ln90_265       | xor       | auto                   | 0       |
|   select_ln90_264_fu_25196_p3    |     |        | select_ln90_264    | select    | auto_sel               | 0       |
|   select_ln90_265_fu_25204_p3    |     |        | select_ln90_265    | select    | auto_sel               | 0       |
|   add_ln90_266_fu_25218_p2       |     |        | add_ln90_266       | add       | fabric                 | 0       |
|   add_ln90_267_fu_25222_p2       |     |        | add_ln90_267       | add       | fabric                 | 0       |
|   xor_ln90_266_fu_25244_p2       |     |        | xor_ln90_266       | xor       | auto                   | 0       |
|   and_ln90_133_fu_25250_p2       |     |        | and_ln90_133       | and       | auto                   | 0       |
|   xor_ln90_267_fu_25256_p2       |     |        | xor_ln90_267       | xor       | auto                   | 0       |
|   select_ln90_266_fu_25262_p3    |     |        | select_ln90_266    | select    | auto_sel               | 0       |
|   select_ln90_267_fu_25270_p3    |     |        | select_ln90_267    | select    | auto_sel               | 0       |
|   add_ln90_268_fu_25285_p2       |     |        | add_ln90_268       | add       | fabric                 | 0       |
|   add_ln90_269_fu_25290_p2       |     |        | add_ln90_269       | add       | fabric                 | 0       |
|   xor_ln90_268_fu_25312_p2       |     |        | xor_ln90_268       | xor       | auto                   | 0       |
|   and_ln90_134_fu_25317_p2       |     |        | and_ln90_134       | and       | auto                   | 0       |
|   xor_ln90_269_fu_25322_p2       |     |        | xor_ln90_269       | xor       | auto                   | 0       |
|   select_ln90_268_fu_25326_p3    |     |        | select_ln90_268    | select    | auto_sel               | 0       |
|   select_ln90_269_fu_25334_p3    |     |        | select_ln90_269    | select    | auto_sel               | 0       |
|   sub_ln257_fu_25350_p2          |     |        | sub_ln257          | sub       | fabric                 | 0       |
|   xor_ln257_fu_25376_p2          |     |        | xor_ln257          | xor       | auto                   | 0       |
|   and_ln257_fu_25382_p2          |     |        | and_ln257          | and       | auto                   | 0       |
|   xor_ln257_1_fu_25388_p2        |     |        | xor_ln257_1        | xor       | auto                   | 0       |
|   select_ln257_fu_25394_p3       |     |        | select_ln257       | select    | auto_sel               | 0       |
|   delta_over_alpha_1_fu_25402_p3 |     |        | delta_over_alpha_1 | select    | auto_sel               | 0       |
|   icmp_ln159_fu_25414_p2         |     |        | icmp_ln159         | setlt     | auto                   | 0       |
|   x_136_fu_25419_p3              |     |        | x_136              | select    | auto_sel               | 0       |
|   icmp_ln177_fu_25431_p2         |     |        | icmp_ln177         | setgt     | auto                   | 0       |
|   mul_32ns_38ns_69_3_1_U1        | 4   |        | mul_ln182          | mul       | auto                   | 2       |
|   z_fu_25469_p2                  |     |        | z                  | add       | fabric                 | 0       |
|   or_ln183_fu_25502_p2           |     |        | or_ln183           | or        | auto                   | 0       |
|   select_ln183_fu_25508_p3       |     |        | select_ln183       | select    | auto_sel               | 0       |
|   add_ln183_fu_25528_p2          |     |        | add_ln183          | add       | fabric                 | 0       |
|   icmp_ln183_fu_25577_p2         |     |        | icmp_ln183         | seteq     | auto                   | 0       |
|   icmp_ln183_1_fu_25582_p2       |     |        | icmp_ln183_1       | setne     | auto                   | 0       |
|   or_ln183_1_fu_25587_p2         |     |        | or_ln183_1         | or        | auto                   | 0       |
|   xor_ln183_fu_25592_p2          |     |        | xor_ln183          | xor       | auto                   | 0       |
|   and_ln183_fu_25597_p2          |     |        | and_ln183          | and       | auto                   | 0       |
|   and_ln183_1_fu_25603_p2        |     |        | and_ln183_1        | and       | auto                   | 0       |
|   xor_ln183_1_fu_25608_p2        |     |        | xor_ln183_1        | xor       | auto                   | 0       |
|   and_ln183_2_fu_25614_p2        |     |        | and_ln183_2        | and       | auto                   | 0       |
|   select_ln183_1_fu_25619_p3     |     |        | select_ln183_1     | select    | auto_sel               | 0       |
|   or_ln183_2_fu_25627_p2         |     |        | or_ln183_2         | or        | auto                   | 0       |
|   y_69_fu_25633_p3               |     |        | y_69               | select    | auto_sel               | 0       |
|   b0_1_fu_25808_p2               |     |        | b0_1               | add       | fabric                 | 0       |
|   xor_ln191_fu_25826_p2          |     |        | xor_ln191          | xor       | auto                   | 0       |
|   and_ln191_fu_25832_p2          |     |        | and_ln191          | and       | auto                   | 0       |
|   xor_ln191_1_fu_25837_p2        |     |        | xor_ln191_1        | xor       | auto                   | 0       |
|   or_ln191_22_fu_25842_p2        |     |        | or_ln191_22        | or        | auto                   | 0       |
|   xor_ln191_2_fu_25848_p2        |     |        | xor_ln191_2        | xor       | auto                   | 0       |
|   xor_ln191_4_fu_25853_p2        |     |        | xor_ln191_4        | xor       | auto                   | 0       |
|   xor_ln191_3_fu_25858_p2        |     |        | xor_ln191_3        | xor       | auto                   | 0       |
|   or_ln191_fu_25864_p2           |     |        | or_ln191           | or        | auto                   | 0       |
|   and_ln191_1_fu_25870_p2        |     |        | and_ln191_1        | and       | auto                   | 0       |
|   and_ln191_2_fu_25876_p2        |     |        | and_ln191_2        | and       | auto                   | 0       |
|   or_ln191_23_fu_25882_p2        |     |        | or_ln191_23        | or        | auto                   | 0       |
|   xor_ln191_5_fu_25888_p2        |     |        | xor_ln191_5        | xor       | auto                   | 0       |
|   and_ln191_3_fu_25894_p2        |     |        | and_ln191_3        | and       | auto                   | 0       |
|   select_ln191_fu_25899_p3       |     |        | select_ln191       | select    | auto_sel               | 0       |
|   or_ln191_1_fu_25907_p2         |     |        | or_ln191_1         | or        | auto                   | 0       |
|   b0_33_fu_25913_p3              |     |        | b0_33              | select    | auto_sel               | 0       |
|   mul_77s_40s_117_5_1_U3         | 9   |        | mul_ln191          | mul       | auto                   | 4       |
|   add_ln191_2_fu_25937_p2        |     |        | add_ln191_2        | add       | fabric                 | 0       |
|   b0_4_fu_26017_p2               |     |        | b0_4               | add       | fabric                 | 0       |
|   xor_ln191_6_fu_26030_p2        |     |        | xor_ln191_6        | xor       | auto                   | 0       |
|   and_ln191_4_fu_26036_p2        |     |        | and_ln191_4        | and       | auto                   | 0       |
|   icmp_ln191_fu_25979_p2         |     |        | icmp_ln191         | seteq     | auto                   | 0       |
|   icmp_ln191_1_fu_25995_p2       |     |        | icmp_ln191_1       | seteq     | auto                   | 0       |
|   icmp_ln191_2_fu_26001_p2       |     |        | icmp_ln191_2       | seteq     | auto                   | 0       |
|   select_ln191_2_fu_26049_p3     |     |        | select_ln191_2     | select    | auto_sel               | 0       |
|   xor_ln191_7_fu_26055_p2        |     |        | xor_ln191_7        | xor       | auto                   | 0       |
|   and_ln191_5_fu_26061_p2        |     |        | and_ln191_5        | and       | auto                   | 0       |
|   select_ln191_3_fu_26066_p3     |     |        | select_ln191_3     | select    | auto_sel               | 0       |
|   and_ln191_6_fu_26073_p2        |     |        | and_ln191_6        | and       | auto                   | 0       |
|   xor_ln191_8_fu_26078_p2        |     |        | xor_ln191_8        | xor       | auto                   | 0       |
|   or_ln191_2_fu_26084_p2         |     |        | or_ln191_2         | or        | auto                   | 0       |
|   xor_ln191_9_fu_26090_p2        |     |        | xor_ln191_9        | xor       | auto                   | 0       |
|   and_ln191_7_fu_26095_p2        |     |        | and_ln191_7        | and       | auto                   | 0       |
|   and_ln191_8_fu_26101_p2        |     |        | and_ln191_8        | and       | auto                   | 0       |
|   or_ln191_24_fu_26107_p2        |     |        | or_ln191_24        | or        | auto                   | 0       |
|   xor_ln191_10_fu_26113_p2       |     |        | xor_ln191_10       | xor       | auto                   | 0       |
|   and_ln191_9_fu_26119_p2        |     |        | and_ln191_9        | and       | auto                   | 0       |
|   select_ln191_4_fu_26124_p3     |     |        | select_ln191_4     | select    | auto_sel               | 0       |
|   or_ln191_3_fu_26132_p2         |     |        | or_ln191_3         | or        | auto                   | 0       |
|   b0_34_fu_26138_p3              |     |        | b0_34              | select    | auto_sel               | 0       |
|   mul_77s_40s_117_5_1_U3         | 9   |        | mul_ln191_1        | mul       | auto                   | 4       |
|   b0_7_fu_26211_p2               |     |        | b0_7               | add       | fabric                 | 0       |
|   xor_ln191_11_fu_26225_p2       |     |        | xor_ln191_11       | xor       | auto                   | 0       |
|   and_ln191_10_fu_26231_p2       |     |        | and_ln191_10       | and       | auto                   | 0       |
|   icmp_ln191_3_fu_26247_p2       |     |        | icmp_ln191_3       | seteq     | auto                   | 0       |
|   icmp_ln191_4_fu_26263_p2       |     |        | icmp_ln191_4       | seteq     | auto                   | 0       |
|   icmp_ln191_5_fu_26269_p2       |     |        | icmp_ln191_5       | seteq     | auto                   | 0       |
|   select_ln191_6_fu_26282_p3     |     |        | select_ln191_6     | select    | auto_sel               | 0       |
|   xor_ln191_12_fu_26287_p2       |     |        | xor_ln191_12       | xor       | auto                   | 0       |
|   and_ln191_11_fu_26293_p2       |     |        | and_ln191_11       | and       | auto                   | 0       |
|   select_ln191_7_fu_26298_p3     |     |        | select_ln191_7     | select    | auto_sel               | 0       |
|   and_ln191_12_fu_26304_p2       |     |        | and_ln191_12       | and       | auto                   | 0       |
|   xor_ln191_13_fu_26308_p2       |     |        | xor_ln191_13       | xor       | auto                   | 0       |
|   or_ln191_4_fu_26314_p2         |     |        | or_ln191_4         | or        | auto                   | 0       |
|   xor_ln191_14_fu_26319_p2       |     |        | xor_ln191_14       | xor       | auto                   | 0       |
|   and_ln191_13_fu_26324_p2       |     |        | and_ln191_13       | and       | auto                   | 0       |
|   and_ln191_14_fu_26330_p2       |     |        | and_ln191_14       | and       | auto                   | 0       |
|   or_ln191_25_fu_26335_p2        |     |        | or_ln191_25        | or        | auto                   | 0       |
|   xor_ln191_15_fu_26341_p2       |     |        | xor_ln191_15       | xor       | auto                   | 0       |
|   and_ln191_15_fu_26347_p2       |     |        | and_ln191_15       | and       | auto                   | 0       |
|   select_ln191_8_fu_26352_p3     |     |        | select_ln191_8     | select    | auto_sel               | 0       |
|   or_ln191_5_fu_26360_p2         |     |        | or_ln191_5         | or        | auto                   | 0       |
|   b0_35_fu_26366_p3              |     |        | b0_35              | select    | auto_sel               | 0       |
|   mul_77s_40s_117_5_1_U3         | 9   |        | mul_ln191_2        | mul       | auto                   | 4       |
|   b0_10_fu_26438_p2              |     |        | b0_10              | add       | fabric                 | 0       |
|   xor_ln191_16_fu_26452_p2       |     |        | xor_ln191_16       | xor       | auto                   | 0       |
|   and_ln191_16_fu_26458_p2       |     |        | and_ln191_16       | and       | auto                   | 0       |
|   icmp_ln191_6_fu_26474_p2       |     |        | icmp_ln191_6       | seteq     | auto                   | 0       |
|   icmp_ln191_7_fu_26490_p2       |     |        | icmp_ln191_7       | seteq     | auto                   | 0       |
|   icmp_ln191_8_fu_26496_p2       |     |        | icmp_ln191_8       | seteq     | auto                   | 0       |
|   select_ln191_10_fu_26509_p3    |     |        | select_ln191_10    | select    | auto_sel               | 0       |
|   xor_ln191_17_fu_26514_p2       |     |        | xor_ln191_17       | xor       | auto                   | 0       |
|   and_ln191_17_fu_26520_p2       |     |        | and_ln191_17       | and       | auto                   | 0       |
|   select_ln191_11_fu_26525_p3    |     |        | select_ln191_11    | select    | auto_sel               | 0       |
|   and_ln191_18_fu_26531_p2       |     |        | and_ln191_18       | and       | auto                   | 0       |
|   xor_ln191_18_fu_26535_p2       |     |        | xor_ln191_18       | xor       | auto                   | 0       |
|   or_ln191_6_fu_26541_p2         |     |        | or_ln191_6         | or        | auto                   | 0       |
|   xor_ln191_19_fu_26546_p2       |     |        | xor_ln191_19       | xor       | auto                   | 0       |
|   and_ln191_19_fu_26551_p2       |     |        | and_ln191_19       | and       | auto                   | 0       |
|   and_ln191_20_fu_26557_p2       |     |        | and_ln191_20       | and       | auto                   | 0       |
|   or_ln191_26_fu_26562_p2        |     |        | or_ln191_26        | or        | auto                   | 0       |
|   xor_ln191_20_fu_26568_p2       |     |        | xor_ln191_20       | xor       | auto                   | 0       |
|   and_ln191_21_fu_26574_p2       |     |        | and_ln191_21       | and       | auto                   | 0       |
|   select_ln191_12_fu_26579_p3    |     |        | select_ln191_12    | select    | auto_sel               | 0       |
|   or_ln191_7_fu_26587_p2         |     |        | or_ln191_7         | or        | auto                   | 0       |
|   b0_36_fu_26593_p3              |     |        | b0_36              | select    | auto_sel               | 0       |
|   mul_77s_40s_117_5_1_U3         | 9   |        | mul_ln191_3        | mul       | auto                   | 4       |
|   b0_13_fu_26665_p2              |     |        | b0_13              | add       | fabric                 | 0       |
|   xor_ln191_21_fu_26679_p2       |     |        | xor_ln191_21       | xor       | auto                   | 0       |
|   and_ln191_22_fu_26685_p2       |     |        | and_ln191_22       | and       | auto                   | 0       |
|   icmp_ln191_9_fu_26701_p2       |     |        | icmp_ln191_9       | seteq     | auto                   | 0       |
|   icmp_ln191_10_fu_26717_p2      |     |        | icmp_ln191_10      | seteq     | auto                   | 0       |
|   icmp_ln191_11_fu_26723_p2      |     |        | icmp_ln191_11      | seteq     | auto                   | 0       |
|   select_ln191_14_fu_26736_p3    |     |        | select_ln191_14    | select    | auto_sel               | 0       |
|   xor_ln191_22_fu_26741_p2       |     |        | xor_ln191_22       | xor       | auto                   | 0       |
|   and_ln191_23_fu_26747_p2       |     |        | and_ln191_23       | and       | auto                   | 0       |
|   select_ln191_15_fu_26752_p3    |     |        | select_ln191_15    | select    | auto_sel               | 0       |
|   and_ln191_24_fu_26758_p2       |     |        | and_ln191_24       | and       | auto                   | 0       |
|   xor_ln191_23_fu_26762_p2       |     |        | xor_ln191_23       | xor       | auto                   | 0       |
|   or_ln191_8_fu_26768_p2         |     |        | or_ln191_8         | or        | auto                   | 0       |
|   xor_ln191_24_fu_26773_p2       |     |        | xor_ln191_24       | xor       | auto                   | 0       |
|   and_ln191_25_fu_26778_p2       |     |        | and_ln191_25       | and       | auto                   | 0       |
|   and_ln191_26_fu_26784_p2       |     |        | and_ln191_26       | and       | auto                   | 0       |
|   or_ln191_27_fu_26789_p2        |     |        | or_ln191_27        | or        | auto                   | 0       |
|   xor_ln191_25_fu_26795_p2       |     |        | xor_ln191_25       | xor       | auto                   | 0       |
|   and_ln191_27_fu_26801_p2       |     |        | and_ln191_27       | and       | auto                   | 0       |
|   select_ln191_16_fu_26806_p3    |     |        | select_ln191_16    | select    | auto_sel               | 0       |
|   or_ln191_9_fu_26814_p2         |     |        | or_ln191_9         | or        | auto                   | 0       |
|   b0_37_fu_26820_p3              |     |        | b0_37              | select    | auto_sel               | 0       |
|   mul_77s_40s_117_5_1_U3         | 9   |        | mul_ln191_4        | mul       | auto                   | 4       |
|   b0_16_fu_26892_p2              |     |        | b0_16              | add       | fabric                 | 0       |
|   xor_ln191_26_fu_26906_p2       |     |        | xor_ln191_26       | xor       | auto                   | 0       |
|   and_ln191_28_fu_26912_p2       |     |        | and_ln191_28       | and       | auto                   | 0       |
|   icmp_ln191_12_fu_26928_p2      |     |        | icmp_ln191_12      | seteq     | auto                   | 0       |
|   icmp_ln191_13_fu_26944_p2      |     |        | icmp_ln191_13      | seteq     | auto                   | 0       |
|   icmp_ln191_14_fu_26950_p2      |     |        | icmp_ln191_14      | seteq     | auto                   | 0       |
|   select_ln191_18_fu_26963_p3    |     |        | select_ln191_18    | select    | auto_sel               | 0       |
|   xor_ln191_27_fu_26968_p2       |     |        | xor_ln191_27       | xor       | auto                   | 0       |
|   and_ln191_29_fu_26974_p2       |     |        | and_ln191_29       | and       | auto                   | 0       |
|   select_ln191_19_fu_26979_p3    |     |        | select_ln191_19    | select    | auto_sel               | 0       |
|   and_ln191_30_fu_26985_p2       |     |        | and_ln191_30       | and       | auto                   | 0       |
|   xor_ln191_28_fu_26989_p2       |     |        | xor_ln191_28       | xor       | auto                   | 0       |
|   or_ln191_10_fu_26995_p2        |     |        | or_ln191_10        | or        | auto                   | 0       |
|   xor_ln191_29_fu_27000_p2       |     |        | xor_ln191_29       | xor       | auto                   | 0       |
|   and_ln191_31_fu_27005_p2       |     |        | and_ln191_31       | and       | auto                   | 0       |
|   and_ln191_32_fu_27011_p2       |     |        | and_ln191_32       | and       | auto                   | 0       |
|   or_ln191_28_fu_27016_p2        |     |        | or_ln191_28        | or        | auto                   | 0       |
|   xor_ln191_30_fu_27022_p2       |     |        | xor_ln191_30       | xor       | auto                   | 0       |
|   and_ln191_33_fu_27028_p2       |     |        | and_ln191_33       | and       | auto                   | 0       |
|   select_ln191_20_fu_27033_p3    |     |        | select_ln191_20    | select    | auto_sel               | 0       |
|   or_ln191_11_fu_27041_p2        |     |        | or_ln191_11        | or        | auto                   | 0       |
|   b0_38_fu_27047_p3              |     |        | b0_38              | select    | auto_sel               | 0       |
|   mul_77s_40s_117_5_1_U3         | 9   |        | mul_ln191_5        | mul       | auto                   | 4       |
|   b0_19_fu_27119_p2              |     |        | b0_19              | add       | fabric                 | 0       |
|   xor_ln191_31_fu_27133_p2       |     |        | xor_ln191_31       | xor       | auto                   | 0       |
|   and_ln191_34_fu_27139_p2       |     |        | and_ln191_34       | and       | auto                   | 0       |
|   icmp_ln191_15_fu_27155_p2      |     |        | icmp_ln191_15      | seteq     | auto                   | 0       |
|   icmp_ln191_16_fu_27171_p2      |     |        | icmp_ln191_16      | seteq     | auto                   | 0       |
|   icmp_ln191_17_fu_27177_p2      |     |        | icmp_ln191_17      | seteq     | auto                   | 0       |
|   select_ln191_22_fu_27190_p3    |     |        | select_ln191_22    | select    | auto_sel               | 0       |
|   xor_ln191_32_fu_27195_p2       |     |        | xor_ln191_32       | xor       | auto                   | 0       |
|   and_ln191_35_fu_27201_p2       |     |        | and_ln191_35       | and       | auto                   | 0       |
|   select_ln191_23_fu_27206_p3    |     |        | select_ln191_23    | select    | auto_sel               | 0       |
|   and_ln191_36_fu_27212_p2       |     |        | and_ln191_36       | and       | auto                   | 0       |
|   xor_ln191_33_fu_27216_p2       |     |        | xor_ln191_33       | xor       | auto                   | 0       |
|   or_ln191_12_fu_27222_p2        |     |        | or_ln191_12        | or        | auto                   | 0       |
|   xor_ln191_34_fu_27227_p2       |     |        | xor_ln191_34       | xor       | auto                   | 0       |
|   and_ln191_37_fu_27232_p2       |     |        | and_ln191_37       | and       | auto                   | 0       |
|   and_ln191_38_fu_27238_p2       |     |        | and_ln191_38       | and       | auto                   | 0       |
|   or_ln191_29_fu_27243_p2        |     |        | or_ln191_29        | or        | auto                   | 0       |
|   xor_ln191_35_fu_27249_p2       |     |        | xor_ln191_35       | xor       | auto                   | 0       |
|   and_ln191_39_fu_27255_p2       |     |        | and_ln191_39       | and       | auto                   | 0       |
|   select_ln191_24_fu_27260_p3    |     |        | select_ln191_24    | select    | auto_sel               | 0       |
|   or_ln191_13_fu_27268_p2        |     |        | or_ln191_13        | or        | auto                   | 0       |
|   b0_39_fu_27274_p3              |     |        | b0_39              | select    | auto_sel               | 0       |
|   mul_77s_40s_117_5_1_U3         | 9   |        | mul_ln191_6        | mul       | auto                   | 4       |
|   b0_22_fu_27346_p2              |     |        | b0_22              | add       | fabric                 | 0       |
|   xor_ln191_36_fu_27360_p2       |     |        | xor_ln191_36       | xor       | auto                   | 0       |
|   and_ln191_40_fu_27366_p2       |     |        | and_ln191_40       | and       | auto                   | 0       |
|   icmp_ln191_18_fu_27382_p2      |     |        | icmp_ln191_18      | seteq     | auto                   | 0       |
|   icmp_ln191_19_fu_27398_p2      |     |        | icmp_ln191_19      | seteq     | auto                   | 0       |
|   icmp_ln191_20_fu_27404_p2      |     |        | icmp_ln191_20      | seteq     | auto                   | 0       |
|   select_ln191_26_fu_27417_p3    |     |        | select_ln191_26    | select    | auto_sel               | 0       |
|   xor_ln191_37_fu_27422_p2       |     |        | xor_ln191_37       | xor       | auto                   | 0       |
|   and_ln191_41_fu_27428_p2       |     |        | and_ln191_41       | and       | auto                   | 0       |
|   select_ln191_27_fu_27433_p3    |     |        | select_ln191_27    | select    | auto_sel               | 0       |
|   and_ln191_42_fu_27439_p2       |     |        | and_ln191_42       | and       | auto                   | 0       |
|   xor_ln191_38_fu_27443_p2       |     |        | xor_ln191_38       | xor       | auto                   | 0       |
|   or_ln191_14_fu_27449_p2        |     |        | or_ln191_14        | or        | auto                   | 0       |
|   xor_ln191_39_fu_27454_p2       |     |        | xor_ln191_39       | xor       | auto                   | 0       |
|   and_ln191_43_fu_27459_p2       |     |        | and_ln191_43       | and       | auto                   | 0       |
|   and_ln191_44_fu_27465_p2       |     |        | and_ln191_44       | and       | auto                   | 0       |
|   or_ln191_30_fu_27470_p2        |     |        | or_ln191_30        | or        | auto                   | 0       |
|   xor_ln191_40_fu_27476_p2       |     |        | xor_ln191_40       | xor       | auto                   | 0       |
|   and_ln191_45_fu_27482_p2       |     |        | and_ln191_45       | and       | auto                   | 0       |
|   select_ln191_28_fu_27487_p3    |     |        | select_ln191_28    | select    | auto_sel               | 0       |
|   or_ln191_15_fu_27495_p2        |     |        | or_ln191_15        | or        | auto                   | 0       |
|   b0_40_fu_27501_p3              |     |        | b0_40              | select    | auto_sel               | 0       |
|   mul_77s_40s_117_5_1_U3         | 9   |        | mul_ln191_7        | mul       | auto                   | 4       |
|   b0_25_fu_27573_p2              |     |        | b0_25              | add       | fabric                 | 0       |
|   xor_ln191_41_fu_27587_p2       |     |        | xor_ln191_41       | xor       | auto                   | 0       |
|   and_ln191_46_fu_27593_p2       |     |        | and_ln191_46       | and       | auto                   | 0       |
|   icmp_ln191_21_fu_27609_p2      |     |        | icmp_ln191_21      | seteq     | auto                   | 0       |
|   icmp_ln191_22_fu_27625_p2      |     |        | icmp_ln191_22      | seteq     | auto                   | 0       |
|   icmp_ln191_23_fu_27631_p2      |     |        | icmp_ln191_23      | seteq     | auto                   | 0       |
|   select_ln191_30_fu_27644_p3    |     |        | select_ln191_30    | select    | auto_sel               | 0       |
|   xor_ln191_42_fu_27649_p2       |     |        | xor_ln191_42       | xor       | auto                   | 0       |
|   and_ln191_47_fu_27655_p2       |     |        | and_ln191_47       | and       | auto                   | 0       |
|   select_ln191_31_fu_27660_p3    |     |        | select_ln191_31    | select    | auto_sel               | 0       |
|   and_ln191_48_fu_27666_p2       |     |        | and_ln191_48       | and       | auto                   | 0       |
|   xor_ln191_43_fu_27670_p2       |     |        | xor_ln191_43       | xor       | auto                   | 0       |
|   or_ln191_16_fu_27676_p2        |     |        | or_ln191_16        | or        | auto                   | 0       |
|   xor_ln191_44_fu_27681_p2       |     |        | xor_ln191_44       | xor       | auto                   | 0       |
|   and_ln191_49_fu_27686_p2       |     |        | and_ln191_49       | and       | auto                   | 0       |
|   and_ln191_50_fu_27692_p2       |     |        | and_ln191_50       | and       | auto                   | 0       |
|   or_ln191_31_fu_27697_p2        |     |        | or_ln191_31        | or        | auto                   | 0       |
|   xor_ln191_45_fu_27703_p2       |     |        | xor_ln191_45       | xor       | auto                   | 0       |
|   and_ln191_51_fu_27709_p2       |     |        | and_ln191_51       | and       | auto                   | 0       |
|   select_ln191_32_fu_27714_p3    |     |        | select_ln191_32    | select    | auto_sel               | 0       |
|   or_ln191_17_fu_27722_p2        |     |        | or_ln191_17        | or        | auto                   | 0       |
|   b0_41_fu_27728_p3              |     |        | b0_41              | select    | auto_sel               | 0       |
|   mul_77s_40s_117_5_1_U3         | 9   |        | mul_ln191_8        | mul       | auto                   | 4       |
|   b0_28_fu_27800_p2              |     |        | b0_28              | add       | fabric                 | 0       |
|   xor_ln191_46_fu_27814_p2       |     |        | xor_ln191_46       | xor       | auto                   | 0       |
|   and_ln191_52_fu_27820_p2       |     |        | and_ln191_52       | and       | auto                   | 0       |
|   icmp_ln191_24_fu_27836_p2      |     |        | icmp_ln191_24      | seteq     | auto                   | 0       |
|   icmp_ln191_25_fu_27852_p2      |     |        | icmp_ln191_25      | seteq     | auto                   | 0       |
|   icmp_ln191_26_fu_27858_p2      |     |        | icmp_ln191_26      | seteq     | auto                   | 0       |
|   select_ln191_34_fu_27871_p3    |     |        | select_ln191_34    | select    | auto_sel               | 0       |
|   xor_ln191_47_fu_27876_p2       |     |        | xor_ln191_47       | xor       | auto                   | 0       |
|   and_ln191_53_fu_27882_p2       |     |        | and_ln191_53       | and       | auto                   | 0       |
|   select_ln191_35_fu_27887_p3    |     |        | select_ln191_35    | select    | auto_sel               | 0       |
|   and_ln191_54_fu_27893_p2       |     |        | and_ln191_54       | and       | auto                   | 0       |
|   xor_ln191_48_fu_27897_p2       |     |        | xor_ln191_48       | xor       | auto                   | 0       |
|   or_ln191_18_fu_27903_p2        |     |        | or_ln191_18        | or        | auto                   | 0       |
|   xor_ln191_49_fu_27908_p2       |     |        | xor_ln191_49       | xor       | auto                   | 0       |
|   and_ln191_55_fu_27913_p2       |     |        | and_ln191_55       | and       | auto                   | 0       |
|   and_ln191_56_fu_27919_p2       |     |        | and_ln191_56       | and       | auto                   | 0       |
|   or_ln191_32_fu_27924_p2        |     |        | or_ln191_32        | or        | auto                   | 0       |
|   xor_ln191_50_fu_27930_p2       |     |        | xor_ln191_50       | xor       | auto                   | 0       |
|   and_ln191_57_fu_27936_p2       |     |        | and_ln191_57       | and       | auto                   | 0       |
|   select_ln191_36_fu_27941_p3    |     |        | select_ln191_36    | select    | auto_sel               | 0       |
|   or_ln191_19_fu_27949_p2        |     |        | or_ln191_19        | or        | auto                   | 0       |
|   b0_42_fu_27955_p3              |     |        | b0_42              | select    | auto_sel               | 0       |
|   mul_77s_40s_117_5_1_U3         | 9   |        | mul_ln191_9        | mul       | auto                   | 4       |
|   b0_31_fu_28027_p2              |     |        | b0_31              | add       | fabric                 | 0       |
|   xor_ln191_51_fu_28041_p2       |     |        | xor_ln191_51       | xor       | auto                   | 0       |
|   and_ln191_58_fu_28047_p2       |     |        | and_ln191_58       | and       | auto                   | 0       |
|   icmp_ln191_27_fu_28063_p2      |     |        | icmp_ln191_27      | seteq     | auto                   | 0       |
|   icmp_ln191_28_fu_28079_p2      |     |        | icmp_ln191_28      | seteq     | auto                   | 0       |
|   icmp_ln191_29_fu_28085_p2      |     |        | icmp_ln191_29      | seteq     | auto                   | 0       |
|   select_ln191_38_fu_28098_p3    |     |        | select_ln191_38    | select    | auto_sel               | 0       |
|   xor_ln191_52_fu_28103_p2       |     |        | xor_ln191_52       | xor       | auto                   | 0       |
|   and_ln191_59_fu_28109_p2       |     |        | and_ln191_59       | and       | auto                   | 0       |
|   select_ln191_39_fu_28114_p3    |     |        | select_ln191_39    | select    | auto_sel               | 0       |
|   and_ln191_60_fu_28120_p2       |     |        | and_ln191_60       | and       | auto                   | 0       |
|   xor_ln191_53_fu_28124_p2       |     |        | xor_ln191_53       | xor       | auto                   | 0       |
|   or_ln191_20_fu_28130_p2        |     |        | or_ln191_20        | or        | auto                   | 0       |
|   xor_ln191_54_fu_28135_p2       |     |        | xor_ln191_54       | xor       | auto                   | 0       |
|   and_ln191_61_fu_28140_p2       |     |        | and_ln191_61       | and       | auto                   | 0       |
|   and_ln191_62_fu_28146_p2       |     |        | and_ln191_62       | and       | auto                   | 0       |
|   or_ln191_33_fu_28151_p2        |     |        | or_ln191_33        | or        | auto                   | 0       |
|   xor_ln191_55_fu_28157_p2       |     |        | xor_ln191_55       | xor       | auto                   | 0       |
|   and_ln191_63_fu_28163_p2       |     |        | and_ln191_63       | and       | auto                   | 0       |
|   select_ln191_40_fu_28168_p3    |     |        | select_ln191_40    | select    | auto_sel               | 0       |
|   or_ln191_21_fu_28176_p2        |     |        | or_ln191_21        | or        | auto                   | 0       |
|   b0_43_fu_28182_p3              |     |        | b0_43              | select    | auto_sel               | 0       |
|   mul_40s_40s_80_3_1_U2          | 5   |        | mul_ln196          | mul       | auto                   | 2       |
|   p_1_fu_28257_p2                |     |        | p_1                | add       | fabric                 | 0       |
|   xor_ln196_fu_28271_p2          |     |        | xor_ln196          | xor       | auto                   | 0       |
|   and_ln196_fu_28277_p2          |     |        | and_ln196          | and       | auto                   | 0       |
|   icmp_ln196_fu_28293_p2         |     |        | icmp_ln196         | seteq     | auto                   | 0       |
|   icmp_ln196_1_fu_28309_p2       |     |        | icmp_ln196_1       | seteq     | auto                   | 0       |
|   icmp_ln196_2_fu_28315_p2       |     |        | icmp_ln196_2       | seteq     | auto                   | 0       |
|   select_ln196_fu_28328_p3       |     |        | select_ln196       | select    | auto_sel               | 0       |
|   xor_ln196_1_fu_28333_p2        |     |        | xor_ln196_1        | xor       | auto                   | 0       |
|   and_ln196_1_fu_28339_p2        |     |        | and_ln196_1        | and       | auto                   | 0       |
|   select_ln196_1_fu_28344_p3     |     |        | select_ln196_1     | select    | auto_sel               | 0       |
|   and_ln196_2_fu_28350_p2        |     |        | and_ln196_2        | and       | auto                   | 0       |
|   xor_ln196_2_fu_28354_p2        |     |        | xor_ln196_2        | xor       | auto                   | 0       |
|   or_ln196_fu_28360_p2           |     |        | or_ln196           | or        | auto                   | 0       |
|   xor_ln196_3_fu_28365_p2        |     |        | xor_ln196_3        | xor       | auto                   | 0       |
|   and_ln196_3_fu_28370_p2        |     |        | and_ln196_3        | and       | auto                   | 0       |
|   and_ln196_4_fu_28376_p2        |     |        | and_ln196_4        | and       | auto                   | 0       |
|   or_ln196_2_fu_28381_p2         |     |        | or_ln196_2         | or        | auto                   | 0       |
|   xor_ln196_4_fu_28387_p2        |     |        | xor_ln196_4        | xor       | auto                   | 0       |
|   and_ln196_5_fu_28393_p2        |     |        | and_ln196_5        | and       | auto                   | 0       |
|   select_ln196_2_fu_28398_p3     |     |        | select_ln196_2     | select    | auto_sel               | 0       |
|   or_ln196_1_fu_28406_p2         |     |        | or_ln196_1         | or        | auto                   | 0       |
|   p_2_fu_28412_p3                |     |        | p_2                | select    | auto_sel               | 0       |
|   icmp_ln198_fu_28419_p2         |     |        | icmp_ln198         | setlt     | auto                   | 0       |
|   icmp_ln202_fu_28435_p2         |     |        | icmp_ln202         | setgt     | auto                   | 0       |
|   p_4_fu_28479_p2                |     |        | p_4                | add       | fabric                 | 0       |
|   not_tmp_638_fu_28493_p2        |     |        | not_tmp_638        | xor       | auto                   | 0       |
|   empty_fu_28499_p2              |     |        | empty              | or        | auto                   | 0       |
|   or_ln206_fu_28505_p2           |     |        | or_ln206           | or        | auto                   | 0       |
|   xor_ln206_fu_28511_p2          |     |        | xor_ln206          | xor       | auto                   | 0       |
|   and_ln206_fu_28517_p2          |     |        | and_ln206          | and       | auto                   | 0       |
|   or_ln206_1_fu_28523_p2         |     |        | or_ln206_1         | or        | auto                   | 0       |
|   select_ln206_fu_28529_p3       |     |        | select_ln206       | select    | auto_sel               | 0       |
|   p_5_fu_28616_p6                |     |        | select_ln206_1     | select    | auto_sel               | 0       |
|   or_ln198_fu_28545_p2           |     |        | or_ln198           | or        | auto                   | 0       |
|   xor_ln198_fu_28550_p2          |     |        | xor_ln198          | xor       | auto                   | 0       |
|   and_ln202_fu_28556_p2          |     |        | and_ln202          | and       | auto                   | 0       |
|   or_ln202_fu_28562_p2           |     |        | or_ln202           | or        | auto                   | 0       |
|   xor_ln159_fu_28567_p2          |     |        | xor_ln159          | xor       | auto                   | 0       |
|   and_ln198_fu_28572_p2          |     |        | and_ln198          | and       | auto                   | 0       |
|   or_ln202_1_fu_28578_p2         |     |        | or_ln202_1         | or        | auto                   | 0       |
|   or_ln202_2_fu_28582_p2         |     |        | or_ln202_2         | or        | auto                   | 0       |
|   or_ln202_3_fu_28588_p2         |     |        | or_ln202_3         | or        | auto                   | 0       |
|   xor_ln202_fu_28594_p2          |     |        | xor_ln202          | xor       | auto                   | 0       |
|   and_ln206_1_fu_28600_p2        |     |        | and_ln206_1        | and       | auto                   | 0       |
|   sparsemux_9_3_32_1_1_U4        |     |        | p_5                | sparsemux | onehotencoding_realdef | 0       |
+----------------------------------+-----+--------+--------------------+-----------+------------------------+---------+


================================================================
== Storage Report
================================================================
  No bind storage info in design

================================================================
== Pragma Report
================================================================
* Valid Pragma Syntax
+-----------------+-------------------------------------+-----------------------------------------------------------+
| Type            | Options                             | Location                                                  |
+-----------------+-------------------------------------+-----------------------------------------------------------+
| INLINE          |                                     | in spin_value (src/uniform_move_hls.cpp:58)               |
| INLINE          |                                     | in edge_index (src/uniform_move_hls.cpp:65)               |
| INLINE          |                                     | in tree_sum (src/uniform_move_hls.cpp:77)                 |
| ARRAY_PARTITION | variable=x complete dim=1           | in tree_sum (src/uniform_move_hls.cpp:78)                 |
| ARRAY_PARTITION | variable=y complete dim=1           | in tree_sum (src/uniform_move_hls.cpp:85)                 |
| UNROLL          |                                     | in tree_sum (src/uniform_move_hls.cpp:88)                 |
| INLINE          |                                     | in field_delta_term (src/uniform_move_hls.cpp:103)        |
| INLINE          |                                     | in pair_delta_term (src/uniform_move_hls.cpp:112)         |
| INLINE          |                                     | in dense_energy_over_alpha (src/uniform_move_hls.cpp:126) |
| ARRAY_PARTITION | variable=h complete dim=1           | in dense_energy_over_alpha (src/uniform_move_hls.cpp:127) |
| ARRAY_PARTITION | variable=J_edges complete dim=1     | in dense_energy_over_alpha (src/uniform_move_hls.cpp:128) |
| ARRAY_PARTITION | variable=terms complete dim=1       | in dense_energy_over_alpha (src/uniform_move_hls.cpp:131) |
| UNROLL          |                                     | in dense_energy_over_alpha (src/uniform_move_hls.cpp:135) |
| UNROLL          |                                     | in dense_energy_over_alpha (src/uniform_move_hls.cpp:141) |
| UNROLL          |                                     | in dense_energy_over_alpha (src/uniform_move_hls.cpp:143) |
| INLINE          |                                     | in positive_part (src/uniform_move_hls.cpp:158)           |
| INLINE          |                                     | in chebyshev_g (src/uniform_move_hls.cpp:170)             |
| ARRAY_PARTITION | variable=CHEB_COEFFS complete dim=1 | in chebyshev_g (src/uniform_move_hls.cpp:171)             |
| UNROLL          |                                     | in chebyshev_g (src/uniform_move_hls.cpp:190)             |
| ARRAY_PARTITION | variable=h complete dim=1           | in uniform_move_operation (src/uniform_move_hls.cpp:246)  |
| ARRAY_PARTITION | variable=J_edges complete dim=1     | in uniform_move_operation (src/uniform_move_hls.cpp:247)  |
| INTERFACE       | ap_none port=new_spins              | in uniform_move_operation (src/uniform_move_hls.cpp:249)  |
| INTERFACE       | ap_none port=old_energy             | in uniform_move_operation (src/uniform_move_hls.cpp:250)  |
| INTERFACE       | ap_none port=new_energy             | in uniform_move_operation (src/uniform_move_hls.cpp:251)  |
| INTERFACE       | ap_none port=delta_x                | in uniform_move_operation (src/uniform_move_hls.cpp:252)  |
| INTERFACE       | ap_none port=accept_prob            | in uniform_move_operation (src/uniform_move_hls.cpp:253)  |
| INTERFACE       | ap_ctrl_none port=return            | in uniform_move_operation (src/uniform_move_hls.cpp:254)  |
+-----------------+-------------------------------------+-----------------------------------------------------------+


