

================================================================
== Vitis HLS Report for 'uniform_delta_energy'
================================================================
* Date:           Tue May 19 20:44:24 2026

* Version:        2025.2 (Build 6295257 on Nov 14 2025)
* Project:        hls_uniform_metropolis_step_N25
* Solution:       hls (Vivado IP Flow Target)
* Product family: virtexuplus
* Target device:  xcvu19p-fsva3824-2-e


================================================================
== Performance Estimates
================================================================
+ Timing: 
    * Summary: 
    +--------+---------+----------+------------+
    |  Clock |  Target | Estimated| Uncertainty|
    +--------+---------+----------+------------+
    |ap_clk  |  3.33 ns|  2.388 ns|     0.90 ns|
    +--------+---------+----------+------------+

+ Latency: 
    * Summary: 
    +---------+---------+----------+----------+-----+-----+---------+
    |  Latency (cycles) |  Latency (absolute) |  Interval | Pipeline|
    |   min   |   max   |    min   |    max   | min | max |   Type  |
    +---------+---------+----------+----------+-----+-----+---------+
    |      152|      152|  0.507 us|  0.507 us|  152|  152|       no|
    +---------+---------+----------+----------+-----+-----+---------+

    + Detail: 
        * Instance: 
        N/A

        * Loop: 
        N/A



================================================================
== Utilization Estimates
================================================================
* Summary: 
+---------------------+---------+------+---------+---------+-----+
|         Name        | BRAM_18K|  DSP |    FF   |   LUT   | URAM|
+---------------------+---------+------+---------+---------+-----+
|DSP                  |        -|     -|        -|        -|    -|
|Expression           |        -|     -|        0|    44043|    -|
|FIFO                 |        -|     -|        -|        -|    -|
|Instance             |        -|     -|        -|        -|    -|
|Memory               |        -|     -|        -|        -|    -|
|Multiplexer          |        -|     -|        0|      821|    -|
|Register             |        -|     -|     6753|        -|    -|
+---------------------+---------+------+---------+---------+-----+
|Total                |        0|     0|     6753|    44864|    0|
+---------------------+---------+------+---------+---------+-----+
|Available SLR        |     1080|   960|  2042880|  1021440|   80|
+---------------------+---------+------+---------+---------+-----+
|Utilization SLR (%)  |        0|     0|       ~0|        4|    0|
+---------------------+---------+------+---------+---------+-----+
|Available            |     4320|  3840|  8171520|  4085760|  320|
+---------------------+---------+------+---------+---------+-----+
|Utilization (%)      |        0|     0|       ~0|        1|    0|
+---------------------+---------+------+---------+---------+-----+

+ Detail: 
    * Instance: 
    N/A

    * DSP: 
    N/A

    * Memory: 
    N/A

    * FIFO: 
    N/A

    * Expression: 
    +---------------------------+----------+----+---+-----+------------+------------+
    |       Variable Name       | Operation| DSP| FF| LUT | Bitwidth P0| Bitwidth P1|
    +---------------------------+----------+----+---+-----+------------+------------+
    |add_ln183_10_fu_3285_p2    |         +|   0|  0|   40|          40|          40|
    |add_ln183_11_fu_3172_p2    |         +|   0|  0|   40|          40|          40|
    |add_ln183_12_fu_3178_p2    |         +|   0|  0|   40|          40|          40|
    |add_ln183_13_fu_3184_p2    |         +|   0|  0|   40|          40|          40|
    |add_ln183_14_fu_3190_p2    |         +|   0|  0|   40|          40|          40|
    |add_ln183_15_fu_3256_p2    |         +|   0|  0|   40|          40|          40|
    |add_ln183_16_fu_3196_p2    |         +|   0|  0|   47|          40|          40|
    |add_ln183_17_fu_3260_p2    |         +|   0|  0|   40|          40|          40|
    |add_ln183_18_fu_3264_p2    |         +|   0|  0|   40|          40|          40|
    |add_ln183_19_fu_3202_p2    |         +|   0|  0|   47|          40|          40|
    |add_ln183_1_fu_3236_p2     |         +|   0|  0|   40|          40|          40|
    |add_ln183_20_fu_3268_p2    |         +|   0|  0|   40|          40|          40|
    |add_ln183_21_fu_3273_p2    |         +|   0|  0|   40|          40|          40|
    |add_ln183_22_fu_3279_p2    |         +|   0|  0|   40|          40|          40|
    |add_ln183_23_fu_3289_p2    |         +|   0|  0|   40|          40|          40|
    |add_ln183_2_fu_3142_p2     |         +|   0|  0|   40|          40|          40|
    |add_ln183_3_fu_3148_p2     |         +|   0|  0|   40|          40|          40|
    |add_ln183_4_fu_3241_p2     |         +|   0|  0|   40|          40|          40|
    |add_ln183_5_fu_3154_p2     |         +|   0|  0|   47|          40|          40|
    |add_ln183_6_fu_3246_p2     |         +|   0|  0|   40|          40|          40|
    |add_ln183_7_fu_3160_p2     |         +|   0|  0|   40|          40|          40|
    |add_ln183_8_fu_3166_p2     |         +|   0|  0|   40|          40|          40|
    |add_ln183_9_fu_3251_p2     |         +|   0|  0|   40|          40|          40|
    |add_ln183_fu_3136_p2       |         +|   0|  0|   47|          40|          40|
    |add_ln195_fu_3298_p2       |         +|   0|  0|   40|          40|          40|
    |e_100_fu_4069_p2           |         +|   0|  0|   47|          40|          40|
    |e_103_fu_4092_p2           |         +|   0|  0|   47|          40|          40|
    |e_106_fu_4115_p2           |         +|   0|  0|   47|          40|          40|
    |e_109_fu_4138_p2           |         +|   0|  0|   47|          40|          40|
    |e_10_fu_3379_p2            |         +|   0|  0|   47|          40|          40|
    |e_112_fu_4161_p2           |         +|   0|  0|   47|          40|          40|
    |e_115_fu_4184_p2           |         +|   0|  0|   47|          40|          40|
    |e_118_fu_4207_p2           |         +|   0|  0|   47|          40|          40|
    |e_121_fu_4230_p2           |         +|   0|  0|   47|          40|          40|
    |e_124_fu_4253_p2           |         +|   0|  0|   47|          40|          40|
    |e_127_fu_4276_p2           |         +|   0|  0|   47|          40|          40|
    |e_130_fu_4299_p2           |         +|   0|  0|   47|          40|          40|
    |e_133_fu_4322_p2           |         +|   0|  0|   47|          40|          40|
    |e_136_fu_4345_p2           |         +|   0|  0|   47|          40|          40|
    |e_139_fu_4368_p2           |         +|   0|  0|   47|          40|          40|
    |e_13_fu_3402_p2            |         +|   0|  0|   47|          40|          40|
    |e_142_fu_4391_p2           |         +|   0|  0|   47|          40|          40|
    |e_145_fu_4414_p2           |         +|   0|  0|   47|          40|          40|
    |e_148_fu_4437_p2           |         +|   0|  0|   47|          40|          40|
    |e_151_fu_4460_p2           |         +|   0|  0|   47|          40|          40|
    |e_154_fu_4483_p2           |         +|   0|  0|   47|          40|          40|
    |e_157_fu_4506_p2           |         +|   0|  0|   47|          40|          40|
    |e_160_fu_4529_p2           |         +|   0|  0|   47|          40|          40|
    |e_163_fu_4552_p2           |         +|   0|  0|   47|          40|          40|
    |e_166_fu_4575_p2           |         +|   0|  0|   47|          40|          40|
    |e_169_fu_4598_p2           |         +|   0|  0|   47|          40|          40|
    |e_16_fu_3425_p2            |         +|   0|  0|   47|          40|          40|
    |e_172_fu_4621_p2           |         +|   0|  0|   47|          40|          40|
    |e_175_fu_4644_p2           |         +|   0|  0|   47|          40|          40|
    |e_178_fu_4667_p2           |         +|   0|  0|   47|          40|          40|
    |e_181_fu_4690_p2           |         +|   0|  0|   47|          40|          40|
    |e_184_fu_4713_p2           |         +|   0|  0|   47|          40|          40|
    |e_187_fu_4736_p2           |         +|   0|  0|   47|          40|          40|
    |e_190_fu_4759_p2           |         +|   0|  0|   47|          40|          40|
    |e_193_fu_4782_p2           |         +|   0|  0|   47|          40|          40|
    |e_196_fu_4805_p2           |         +|   0|  0|   47|          40|          40|
    |e_199_fu_4828_p2           |         +|   0|  0|   47|          40|          40|
    |e_19_fu_3448_p2            |         +|   0|  0|   47|          40|          40|
    |e_202_fu_4851_p2           |         +|   0|  0|   47|          40|          40|
    |e_205_fu_4874_p2           |         +|   0|  0|   47|          40|          40|
    |e_208_fu_4897_p2           |         +|   0|  0|   47|          40|          40|
    |e_211_fu_4920_p2           |         +|   0|  0|   47|          40|          40|
    |e_214_fu_4943_p2           |         +|   0|  0|   47|          40|          40|
    |e_217_fu_4966_p2           |         +|   0|  0|   47|          40|          40|
    |e_220_fu_4989_p2           |         +|   0|  0|   47|          40|          40|
    |e_223_fu_5012_p2           |         +|   0|  0|   47|          40|          40|
    |e_226_fu_5035_p2           |         +|   0|  0|   47|          40|          40|
    |e_229_fu_5058_p2           |         +|   0|  0|   47|          40|          40|
    |e_22_fu_3471_p2            |         +|   0|  0|   47|          40|          40|
    |e_232_fu_5081_p2           |         +|   0|  0|   47|          40|          40|
    |e_235_fu_5104_p2           |         +|   0|  0|   47|          40|          40|
    |e_238_fu_5127_p2           |         +|   0|  0|   47|          40|          40|
    |e_241_fu_5150_p2           |         +|   0|  0|   47|          40|          40|
    |e_244_fu_5173_p2           |         +|   0|  0|   47|          40|          40|
    |e_247_fu_5196_p2           |         +|   0|  0|   47|          40|          40|
    |e_250_fu_5219_p2           |         +|   0|  0|   47|          40|          40|
    |e_253_fu_5242_p2           |         +|   0|  0|   47|          40|          40|
    |e_256_fu_5265_p2           |         +|   0|  0|   47|          40|          40|
    |e_259_fu_5288_p2           |         +|   0|  0|   47|          40|          40|
    |e_25_fu_3494_p2            |         +|   0|  0|   47|          40|          40|
    |e_262_fu_5311_p2           |         +|   0|  0|   47|          40|          40|
    |e_265_fu_5334_p2           |         +|   0|  0|   47|          40|          40|
    |e_268_fu_5357_p2           |         +|   0|  0|   47|          40|          40|
    |e_271_fu_5380_p2           |         +|   0|  0|   47|          40|          40|
    |e_274_fu_5403_p2           |         +|   0|  0|   47|          40|          40|
    |e_277_fu_5426_p2           |         +|   0|  0|   47|          40|          40|
    |e_280_fu_5449_p2           |         +|   0|  0|   47|          40|          40|
    |e_283_fu_5472_p2           |         +|   0|  0|   47|          40|          40|
    |e_286_fu_5495_p2           |         +|   0|  0|   47|          40|          40|
    |e_289_fu_5518_p2           |         +|   0|  0|   47|          40|          40|
    |e_28_fu_3517_p2            |         +|   0|  0|   47|          40|          40|
    |e_292_fu_5541_p2           |         +|   0|  0|   47|          40|          40|
    |e_295_fu_5564_p2           |         +|   0|  0|   47|          40|          40|
    |e_298_fu_5587_p2           |         +|   0|  0|   47|          40|          40|
    |e_301_fu_5610_p2           |         +|   0|  0|   47|          40|          40|
    |e_304_fu_5633_p2           |         +|   0|  0|   47|          40|          40|
    |e_307_fu_5656_p2           |         +|   0|  0|   47|          40|          40|
    |e_310_fu_5679_p2           |         +|   0|  0|   47|          40|          40|
    |e_313_fu_5702_p2           |         +|   0|  0|   47|          40|          40|
    |e_316_fu_5725_p2           |         +|   0|  0|   47|          40|          40|
    |e_319_fu_5748_p2           |         +|   0|  0|   47|          40|          40|
    |e_31_fu_3540_p2            |         +|   0|  0|   47|          40|          40|
    |e_322_fu_5771_p2           |         +|   0|  0|   47|          40|          40|
    |e_325_fu_5794_p2           |         +|   0|  0|   47|          40|          40|
    |e_328_fu_5817_p2           |         +|   0|  0|   47|          40|          40|
    |e_331_fu_5840_p2           |         +|   0|  0|   47|          40|          40|
    |e_334_fu_5863_p2           |         +|   0|  0|   47|          40|          40|
    |e_337_fu_5886_p2           |         +|   0|  0|   47|          40|          40|
    |e_340_fu_5909_p2           |         +|   0|  0|   47|          40|          40|
    |e_343_fu_5932_p2           |         +|   0|  0|   47|          40|          40|
    |e_346_fu_5955_p2           |         +|   0|  0|   47|          40|          40|
    |e_349_fu_5978_p2           |         +|   0|  0|   47|          40|          40|
    |e_34_fu_3563_p2            |         +|   0|  0|   47|          40|          40|
    |e_352_fu_6001_p2           |         +|   0|  0|   47|          40|          40|
    |e_355_fu_6024_p2           |         +|   0|  0|   47|          40|          40|
    |e_358_fu_6047_p2           |         +|   0|  0|   47|          40|          40|
    |e_361_fu_6070_p2           |         +|   0|  0|   47|          40|          40|
    |e_364_fu_6093_p2           |         +|   0|  0|   47|          40|          40|
    |e_367_fu_6116_p2           |         +|   0|  0|   47|          40|          40|
    |e_370_fu_6139_p2           |         +|   0|  0|   47|          40|          40|
    |e_373_fu_6162_p2           |         +|   0|  0|   47|          40|          40|
    |e_376_fu_6185_p2           |         +|   0|  0|   47|          40|          40|
    |e_379_fu_6208_p2           |         +|   0|  0|   47|          40|          40|
    |e_37_fu_3586_p2            |         +|   0|  0|   47|          40|          40|
    |e_382_fu_6231_p2           |         +|   0|  0|   47|          40|          40|
    |e_385_fu_6254_p2           |         +|   0|  0|   47|          40|          40|
    |e_388_fu_6277_p2           |         +|   0|  0|   47|          40|          40|
    |e_391_fu_6300_p2           |         +|   0|  0|   47|          40|          40|
    |e_394_fu_6323_p2           |         +|   0|  0|   47|          40|          40|
    |e_397_fu_6346_p2           |         +|   0|  0|   47|          40|          40|
    |e_400_fu_6369_p2           |         +|   0|  0|   47|          40|          40|
    |e_403_fu_6392_p2           |         +|   0|  0|   47|          40|          40|
    |e_406_fu_6415_p2           |         +|   0|  0|   47|          40|          40|
    |e_409_fu_6438_p2           |         +|   0|  0|   47|          40|          40|
    |e_40_fu_3609_p2            |         +|   0|  0|   47|          40|          40|
    |e_412_fu_6461_p2           |         +|   0|  0|   47|          40|          40|
    |e_415_fu_6484_p2           |         +|   0|  0|   47|          40|          40|
    |e_418_fu_6507_p2           |         +|   0|  0|   47|          40|          40|
    |e_421_fu_6530_p2           |         +|   0|  0|   47|          40|          40|
    |e_424_fu_6553_p2           |         +|   0|  0|   47|          40|          40|
    |e_427_fu_6576_p2           |         +|   0|  0|   47|          40|          40|
    |e_430_fu_6599_p2           |         +|   0|  0|   47|          40|          40|
    |e_433_fu_6622_p2           |         +|   0|  0|   47|          40|          40|
    |e_436_fu_6645_p2           |         +|   0|  0|   47|          40|          40|
    |e_439_fu_6668_p2           |         +|   0|  0|   47|          40|          40|
    |e_43_fu_3632_p2            |         +|   0|  0|   47|          40|          40|
    |e_442_fu_6691_p2           |         +|   0|  0|   47|          40|          40|
    |e_445_fu_6714_p2           |         +|   0|  0|   47|          40|          40|
    |e_448_fu_6737_p2           |         +|   0|  0|   47|          40|          40|
    |e_451_fu_6760_p2           |         +|   0|  0|   47|          40|          40|
    |e_454_fu_6783_p2           |         +|   0|  0|   47|          40|          40|
    |e_457_fu_6806_p2           |         +|   0|  0|   47|          40|          40|
    |e_460_fu_6829_p2           |         +|   0|  0|   47|          40|          40|
    |e_463_fu_6852_p2           |         +|   0|  0|   47|          40|          40|
    |e_466_fu_6875_p2           |         +|   0|  0|   47|          40|          40|
    |e_469_fu_6898_p2           |         +|   0|  0|   47|          40|          40|
    |e_46_fu_3655_p2            |         +|   0|  0|   47|          40|          40|
    |e_472_fu_6921_p2           |         +|   0|  0|   47|          40|          40|
    |e_475_fu_6944_p2           |         +|   0|  0|   47|          40|          40|
    |e_478_fu_6967_p2           |         +|   0|  0|   47|          40|          40|
    |e_481_fu_6990_p2           |         +|   0|  0|   47|          40|          40|
    |e_484_fu_7013_p2           |         +|   0|  0|   47|          40|          40|
    |e_487_fu_7036_p2           |         +|   0|  0|   47|          40|          40|
    |e_490_fu_7059_p2           |         +|   0|  0|   47|          40|          40|
    |e_493_fu_7082_p2           |         +|   0|  0|   47|          40|          40|
    |e_496_fu_7105_p2           |         +|   0|  0|   47|          40|          40|
    |e_499_fu_7128_p2           |         +|   0|  0|   47|          40|          40|
    |e_49_fu_3678_p2            |         +|   0|  0|   47|          40|          40|
    |e_4_fu_3333_p2             |         +|   0|  0|   47|          40|          40|
    |e_502_fu_7151_p2           |         +|   0|  0|   47|          40|          40|
    |e_505_fu_7174_p2           |         +|   0|  0|   47|          40|          40|
    |e_508_fu_7197_p2           |         +|   0|  0|   47|          40|          40|
    |e_511_fu_7220_p2           |         +|   0|  0|   47|          40|          40|
    |e_514_fu_7243_p2           |         +|   0|  0|   47|          40|          40|
    |e_517_fu_7266_p2           |         +|   0|  0|   47|          40|          40|
    |e_520_fu_7289_p2           |         +|   0|  0|   47|          40|          40|
    |e_523_fu_7312_p2           |         +|   0|  0|   47|          40|          40|
    |e_526_fu_7335_p2           |         +|   0|  0|   47|          40|          40|
    |e_529_fu_7358_p2           |         +|   0|  0|   47|          40|          40|
    |e_52_fu_3701_p2            |         +|   0|  0|   47|          40|          40|
    |e_532_fu_7381_p2           |         +|   0|  0|   47|          40|          40|
    |e_535_fu_7404_p2           |         +|   0|  0|   47|          40|          40|
    |e_538_fu_7427_p2           |         +|   0|  0|   47|          40|          40|
    |e_541_fu_7450_p2           |         +|   0|  0|   47|          40|          40|
    |e_544_fu_7473_p2           |         +|   0|  0|   47|          40|          40|
    |e_547_fu_7496_p2           |         +|   0|  0|   47|          40|          40|
    |e_550_fu_7519_p2           |         +|   0|  0|   47|          40|          40|
    |e_553_fu_7542_p2           |         +|   0|  0|   47|          40|          40|
    |e_556_fu_7565_p2           |         +|   0|  0|   47|          40|          40|
    |e_559_fu_7588_p2           |         +|   0|  0|   47|          40|          40|
    |e_55_fu_3724_p2            |         +|   0|  0|   47|          40|          40|
    |e_562_fu_7611_p2           |         +|   0|  0|   47|          40|          40|
    |e_565_fu_7634_p2           |         +|   0|  0|   47|          40|          40|
    |e_568_fu_7657_p2           |         +|   0|  0|   47|          40|          40|
    |e_571_fu_7680_p2           |         +|   0|  0|   47|          40|          40|
    |e_574_fu_7703_p2           |         +|   0|  0|   47|          40|          40|
    |e_577_fu_7726_p2           |         +|   0|  0|   47|          40|          40|
    |e_580_fu_7749_p2           |         +|   0|  0|   47|          40|          40|
    |e_583_fu_7772_p2           |         +|   0|  0|   47|          40|          40|
    |e_586_fu_7795_p2           |         +|   0|  0|   47|          40|          40|
    |e_589_fu_7818_p2           |         +|   0|  0|   47|          40|          40|
    |e_58_fu_3747_p2            |         +|   0|  0|   47|          40|          40|
    |e_592_fu_7841_p2           |         +|   0|  0|   47|          40|          40|
    |e_595_fu_7864_p2           |         +|   0|  0|   47|          40|          40|
    |e_598_fu_7887_p2           |         +|   0|  0|   47|          40|          40|
    |e_601_fu_7910_p2           |         +|   0|  0|   47|          40|          40|
    |e_604_fu_7933_p2           |         +|   0|  0|   47|          40|          40|
    |e_607_fu_7956_p2           |         +|   0|  0|   47|          40|          40|
    |e_610_fu_7979_p2           |         +|   0|  0|   47|          40|          40|
    |e_613_fu_8002_p2           |         +|   0|  0|   47|          40|          40|
    |e_616_fu_8025_p2           |         +|   0|  0|   47|          40|          40|
    |e_619_fu_8048_p2           |         +|   0|  0|   47|          40|          40|
    |e_61_fu_3770_p2            |         +|   0|  0|   47|          40|          40|
    |e_622_fu_8071_p2           |         +|   0|  0|   47|          40|          40|
    |e_625_fu_8094_p2           |         +|   0|  0|   47|          40|          40|
    |e_628_fu_8117_p2           |         +|   0|  0|   47|          40|          40|
    |e_631_fu_8140_p2           |         +|   0|  0|   47|          40|          40|
    |e_634_fu_8163_p2           |         +|   0|  0|   47|          40|          40|
    |e_637_fu_8186_p2           |         +|   0|  0|   47|          40|          40|
    |e_640_fu_8209_p2           |         +|   0|  0|   47|          40|          40|
    |e_643_fu_8232_p2           |         +|   0|  0|   47|          40|          40|
    |e_646_fu_8255_p2           |         +|   0|  0|   47|          40|          40|
    |e_649_fu_8278_p2           |         +|   0|  0|   47|          40|          40|
    |e_64_fu_3793_p2            |         +|   0|  0|   47|          40|          40|
    |e_652_fu_8301_p2           |         +|   0|  0|   47|          40|          40|
    |e_655_fu_8324_p2           |         +|   0|  0|   47|          40|          40|
    |e_658_fu_8347_p2           |         +|   0|  0|   47|          40|          40|
    |e_661_fu_8370_p2           |         +|   0|  0|   47|          40|          40|
    |e_664_fu_8393_p2           |         +|   0|  0|   47|          40|          40|
    |e_667_fu_8416_p2           |         +|   0|  0|   47|          40|          40|
    |e_670_fu_8439_p2           |         +|   0|  0|   47|          40|          40|
    |e_673_fu_8462_p2           |         +|   0|  0|   47|          40|          40|
    |e_676_fu_8485_p2           |         +|   0|  0|   47|          40|          40|
    |e_679_fu_8508_p2           |         +|   0|  0|   47|          40|          40|
    |e_67_fu_3816_p2            |         +|   0|  0|   47|          40|          40|
    |e_682_fu_8531_p2           |         +|   0|  0|   47|          40|          40|
    |e_685_fu_8554_p2           |         +|   0|  0|   47|          40|          40|
    |e_688_fu_8577_p2           |         +|   0|  0|   47|          40|          40|
    |e_691_fu_8600_p2           |         +|   0|  0|   47|          40|          40|
    |e_694_fu_8623_p2           |         +|   0|  0|   47|          40|          40|
    |e_697_fu_8646_p2           |         +|   0|  0|   47|          40|          40|
    |e_700_fu_8669_p2           |         +|   0|  0|   47|          40|          40|
    |e_703_fu_8692_p2           |         +|   0|  0|   47|          40|          40|
    |e_706_fu_8715_p2           |         +|   0|  0|   47|          40|          40|
    |e_709_fu_8738_p2           |         +|   0|  0|   47|          40|          40|
    |e_70_fu_3839_p2            |         +|   0|  0|   47|          40|          40|
    |e_712_fu_8761_p2           |         +|   0|  0|   47|          40|          40|
    |e_715_fu_8784_p2           |         +|   0|  0|   47|          40|          40|
    |e_718_fu_8807_p2           |         +|   0|  0|   47|          40|          40|
    |e_721_fu_8830_p2           |         +|   0|  0|   47|          40|          40|
    |e_724_fu_8853_p2           |         +|   0|  0|   47|          40|          40|
    |e_727_fu_8876_p2           |         +|   0|  0|   47|          40|          40|
    |e_730_fu_8899_p2           |         +|   0|  0|   47|          40|          40|
    |e_733_fu_8922_p2           |         +|   0|  0|   47|          40|          40|
    |e_736_fu_8945_p2           |         +|   0|  0|   47|          40|          40|
    |e_739_fu_8968_p2           |         +|   0|  0|   47|          40|          40|
    |e_73_fu_3862_p2            |         +|   0|  0|   47|          40|          40|
    |e_742_fu_8991_p2           |         +|   0|  0|   47|          40|          40|
    |e_745_fu_9014_p2           |         +|   0|  0|   47|          40|          40|
    |e_748_fu_9037_p2           |         +|   0|  0|   47|          40|          40|
    |e_751_fu_9060_p2           |         +|   0|  0|   47|          40|          40|
    |e_754_fu_9083_p2           |         +|   0|  0|   47|          40|          40|
    |e_757_fu_9106_p2           |         +|   0|  0|   47|          40|          40|
    |e_760_fu_9129_p2           |         +|   0|  0|   47|          40|          40|
    |e_763_fu_9152_p2           |         +|   0|  0|   47|          40|          40|
    |e_766_fu_9175_p2           |         +|   0|  0|   47|          40|          40|
    |e_769_fu_9198_p2           |         +|   0|  0|   47|          40|          40|
    |e_76_fu_3885_p2            |         +|   0|  0|   47|          40|          40|
    |e_772_fu_9221_p2           |         +|   0|  0|   47|          40|          40|
    |e_775_fu_9244_p2           |         +|   0|  0|   47|          40|          40|
    |e_778_fu_9267_p2           |         +|   0|  0|   47|          40|          40|
    |e_781_fu_9290_p2           |         +|   0|  0|   47|          40|          40|
    |e_784_fu_9313_p2           |         +|   0|  0|   47|          40|          40|
    |e_787_fu_9336_p2           |         +|   0|  0|   47|          40|          40|
    |e_790_fu_9359_p2           |         +|   0|  0|   47|          40|          40|
    |e_793_fu_9382_p2           |         +|   0|  0|   47|          40|          40|
    |e_796_fu_9405_p2           |         +|   0|  0|   47|          40|          40|
    |e_799_fu_9428_p2           |         +|   0|  0|   47|          40|          40|
    |e_79_fu_3908_p2            |         +|   0|  0|   47|          40|          40|
    |e_7_fu_3356_p2             |         +|   0|  0|   47|          40|          40|
    |e_802_fu_9451_p2           |         +|   0|  0|   47|          40|          40|
    |e_805_fu_9474_p2           |         +|   0|  0|   47|          40|          40|
    |e_808_fu_9497_p2           |         +|   0|  0|   47|          40|          40|
    |e_811_fu_9520_p2           |         +|   0|  0|   47|          40|          40|
    |e_814_fu_9543_p2           |         +|   0|  0|   47|          40|          40|
    |e_817_fu_9566_p2           |         +|   0|  0|   47|          40|          40|
    |e_820_fu_9589_p2           |         +|   0|  0|   47|          40|          40|
    |e_823_fu_9612_p2           |         +|   0|  0|   47|          40|          40|
    |e_826_fu_9635_p2           |         +|   0|  0|   47|          40|          40|
    |e_829_fu_9658_p2           |         +|   0|  0|   47|          40|          40|
    |e_82_fu_3931_p2            |         +|   0|  0|   47|          40|          40|
    |e_832_fu_9681_p2           |         +|   0|  0|   47|          40|          40|
    |e_835_fu_9704_p2           |         +|   0|  0|   47|          40|          40|
    |e_838_fu_9727_p2           |         +|   0|  0|   47|          40|          40|
    |e_841_fu_9750_p2           |         +|   0|  0|   47|          40|          40|
    |e_844_fu_9773_p2           |         +|   0|  0|   47|          40|          40|
    |e_847_fu_9796_p2           |         +|   0|  0|   47|          40|          40|
    |e_850_fu_9819_p2           |         +|   0|  0|   47|          40|          40|
    |e_853_fu_9842_p2           |         +|   0|  0|   47|          40|          40|
    |e_856_fu_9865_p2           |         +|   0|  0|   47|          40|          40|
    |e_859_fu_9888_p2           |         +|   0|  0|   47|          40|          40|
    |e_85_fu_3954_p2            |         +|   0|  0|   47|          40|          40|
    |e_862_fu_9911_p2           |         +|   0|  0|   47|          40|          40|
    |e_865_fu_9934_p2           |         +|   0|  0|   47|          40|          40|
    |e_868_fu_9957_p2           |         +|   0|  0|   47|          40|          40|
    |e_871_fu_9980_p2           |         +|   0|  0|   47|          40|          40|
    |e_874_fu_10003_p2          |         +|   0|  0|   47|          40|          40|
    |e_877_fu_10026_p2          |         +|   0|  0|   47|          40|          40|
    |e_880_fu_10049_p2          |         +|   0|  0|   47|          40|          40|
    |e_883_fu_10072_p2          |         +|   0|  0|   47|          40|          40|
    |e_886_fu_10095_p2          |         +|   0|  0|   47|          40|          40|
    |e_889_fu_10118_p2          |         +|   0|  0|   47|          40|          40|
    |e_88_fu_3977_p2            |         +|   0|  0|   47|          40|          40|
    |e_892_fu_10141_p2          |         +|   0|  0|   47|          40|          40|
    |e_895_fu_10164_p2          |         +|   0|  0|   47|          40|          40|
    |e_898_fu_10187_p2          |         +|   0|  0|   47|          40|          40|
    |e_91_fu_4000_p2            |         +|   0|  0|   47|          40|          40|
    |e_94_fu_4023_p2            |         +|   0|  0|   47|          40|          40|
    |e_97_fu_4046_p2            |         +|   0|  0|   47|          40|          40|
    |e_102_fu_4086_p2           |         -|   0|  0|   47|          40|          40|
    |e_105_fu_4110_p2           |         -|   0|  0|   47|          40|          40|
    |e_108_fu_4132_p2           |         -|   0|  0|   47|          40|          40|
    |e_111_fu_4156_p2           |         -|   0|  0|   47|          40|          40|
    |e_114_fu_4178_p2           |         -|   0|  0|   47|          40|          40|
    |e_117_fu_4202_p2           |         -|   0|  0|   47|          40|          40|
    |e_120_fu_4224_p2           |         -|   0|  0|   47|          40|          40|
    |e_123_fu_4248_p2           |         -|   0|  0|   47|          40|          40|
    |e_126_fu_4270_p2           |         -|   0|  0|   47|          40|          40|
    |e_129_fu_4294_p2           |         -|   0|  0|   47|          40|          40|
    |e_12_fu_3396_p2            |         -|   0|  0|   47|          40|          40|
    |e_132_fu_4316_p2           |         -|   0|  0|   47|          40|          40|
    |e_135_fu_4340_p2           |         -|   0|  0|   47|          40|          40|
    |e_138_fu_4362_p2           |         -|   0|  0|   47|          40|          40|
    |e_141_fu_4386_p2           |         -|   0|  0|   47|          40|          40|
    |e_144_fu_4408_p2           |         -|   0|  0|   47|          40|          40|
    |e_147_fu_4432_p2           |         -|   0|  0|   47|          40|          40|
    |e_150_fu_4454_p2           |         -|   0|  0|   47|          40|          40|
    |e_153_fu_4478_p2           |         -|   0|  0|   47|          40|          40|
    |e_156_fu_4500_p2           |         -|   0|  0|   47|          40|          40|
    |e_159_fu_4524_p2           |         -|   0|  0|   47|          40|          40|
    |e_15_fu_3420_p2            |         -|   0|  0|   47|          40|          40|
    |e_162_fu_4546_p2           |         -|   0|  0|   47|          40|          40|
    |e_165_fu_4570_p2           |         -|   0|  0|   47|          40|          40|
    |e_168_fu_4592_p2           |         -|   0|  0|   47|          40|          40|
    |e_171_fu_4616_p2           |         -|   0|  0|   47|          40|          40|
    |e_174_fu_4638_p2           |         -|   0|  0|   47|          40|          40|
    |e_177_fu_4662_p2           |         -|   0|  0|   47|          40|          40|
    |e_180_fu_4684_p2           |         -|   0|  0|   47|          40|          40|
    |e_183_fu_4708_p2           |         -|   0|  0|   47|          40|          40|
    |e_186_fu_4730_p2           |         -|   0|  0|   47|          40|          40|
    |e_189_fu_4754_p2           |         -|   0|  0|   47|          40|          40|
    |e_18_fu_3442_p2            |         -|   0|  0|   47|          40|          40|
    |e_192_fu_4776_p2           |         -|   0|  0|   47|          40|          40|
    |e_195_fu_4800_p2           |         -|   0|  0|   47|          40|          40|
    |e_198_fu_4822_p2           |         -|   0|  0|   47|          40|          40|
    |e_1_fu_3310_p2             |         -|   0|  0|   47|          40|          40|
    |e_201_fu_4846_p2           |         -|   0|  0|   47|          40|          40|
    |e_204_fu_4868_p2           |         -|   0|  0|   47|          40|          40|
    |e_207_fu_4892_p2           |         -|   0|  0|   47|          40|          40|
    |e_210_fu_4914_p2           |         -|   0|  0|   47|          40|          40|
    |e_213_fu_4938_p2           |         -|   0|  0|   47|          40|          40|
    |e_216_fu_4960_p2           |         -|   0|  0|   47|          40|          40|
    |e_219_fu_4984_p2           |         -|   0|  0|   47|          40|          40|
    |e_21_fu_3466_p2            |         -|   0|  0|   47|          40|          40|
    |e_222_fu_5006_p2           |         -|   0|  0|   47|          40|          40|
    |e_225_fu_5030_p2           |         -|   0|  0|   47|          40|          40|
    |e_228_fu_5052_p2           |         -|   0|  0|   47|          40|          40|
    |e_231_fu_5076_p2           |         -|   0|  0|   47|          40|          40|
    |e_234_fu_5098_p2           |         -|   0|  0|   47|          40|          40|
    |e_237_fu_5122_p2           |         -|   0|  0|   47|          40|          40|
    |e_240_fu_5144_p2           |         -|   0|  0|   47|          40|          40|
    |e_243_fu_5168_p2           |         -|   0|  0|   47|          40|          40|
    |e_246_fu_5190_p2           |         -|   0|  0|   47|          40|          40|
    |e_249_fu_5214_p2           |         -|   0|  0|   47|          40|          40|
    |e_24_fu_3488_p2            |         -|   0|  0|   47|          40|          40|
    |e_252_fu_5236_p2           |         -|   0|  0|   47|          40|          40|
    |e_255_fu_5260_p2           |         -|   0|  0|   47|          40|          40|
    |e_258_fu_5282_p2           |         -|   0|  0|   47|          40|          40|
    |e_261_fu_5306_p2           |         -|   0|  0|   47|          40|          40|
    |e_264_fu_5328_p2           |         -|   0|  0|   47|          40|          40|
    |e_267_fu_5352_p2           |         -|   0|  0|   47|          40|          40|
    |e_270_fu_5374_p2           |         -|   0|  0|   47|          40|          40|
    |e_273_fu_5398_p2           |         -|   0|  0|   47|          40|          40|
    |e_276_fu_5420_p2           |         -|   0|  0|   47|          40|          40|
    |e_279_fu_5444_p2           |         -|   0|  0|   47|          40|          40|
    |e_27_fu_3512_p2            |         -|   0|  0|   47|          40|          40|
    |e_282_fu_5466_p2           |         -|   0|  0|   47|          40|          40|
    |e_285_fu_5490_p2           |         -|   0|  0|   47|          40|          40|
    |e_288_fu_5512_p2           |         -|   0|  0|   47|          40|          40|
    |e_291_fu_5536_p2           |         -|   0|  0|   47|          40|          40|
    |e_294_fu_5558_p2           |         -|   0|  0|   47|          40|          40|
    |e_297_fu_5582_p2           |         -|   0|  0|   47|          40|          40|
    |e_300_fu_5604_p2           |         -|   0|  0|   47|          40|          40|
    |e_303_fu_5628_p2           |         -|   0|  0|   47|          40|          40|
    |e_306_fu_5650_p2           |         -|   0|  0|   47|          40|          40|
    |e_309_fu_5674_p2           |         -|   0|  0|   47|          40|          40|
    |e_30_fu_3534_p2            |         -|   0|  0|   47|          40|          40|
    |e_312_fu_5696_p2           |         -|   0|  0|   47|          40|          40|
    |e_315_fu_5720_p2           |         -|   0|  0|   47|          40|          40|
    |e_318_fu_5742_p2           |         -|   0|  0|   47|          40|          40|
    |e_321_fu_5766_p2           |         -|   0|  0|   47|          40|          40|
    |e_324_fu_5788_p2           |         -|   0|  0|   47|          40|          40|
    |e_327_fu_5812_p2           |         -|   0|  0|   47|          40|          40|
    |e_330_fu_5834_p2           |         -|   0|  0|   47|          40|          40|
    |e_333_fu_5858_p2           |         -|   0|  0|   47|          40|          40|
    |e_336_fu_5880_p2           |         -|   0|  0|   47|          40|          40|
    |e_339_fu_5904_p2           |         -|   0|  0|   47|          40|          40|
    |e_33_fu_3558_p2            |         -|   0|  0|   47|          40|          40|
    |e_342_fu_5926_p2           |         -|   0|  0|   47|          40|          40|
    |e_345_fu_5950_p2           |         -|   0|  0|   47|          40|          40|
    |e_348_fu_5972_p2           |         -|   0|  0|   47|          40|          40|
    |e_351_fu_5996_p2           |         -|   0|  0|   47|          40|          40|
    |e_354_fu_6018_p2           |         -|   0|  0|   47|          40|          40|
    |e_357_fu_6042_p2           |         -|   0|  0|   47|          40|          40|
    |e_360_fu_6064_p2           |         -|   0|  0|   47|          40|          40|
    |e_363_fu_6088_p2           |         -|   0|  0|   47|          40|          40|
    |e_366_fu_6110_p2           |         -|   0|  0|   47|          40|          40|
    |e_369_fu_6134_p2           |         -|   0|  0|   47|          40|          40|
    |e_36_fu_3580_p2            |         -|   0|  0|   47|          40|          40|
    |e_372_fu_6156_p2           |         -|   0|  0|   47|          40|          40|
    |e_375_fu_6180_p2           |         -|   0|  0|   47|          40|          40|
    |e_378_fu_6202_p2           |         -|   0|  0|   47|          40|          40|
    |e_381_fu_6226_p2           |         -|   0|  0|   47|          40|          40|
    |e_384_fu_6248_p2           |         -|   0|  0|   47|          40|          40|
    |e_387_fu_6272_p2           |         -|   0|  0|   47|          40|          40|
    |e_390_fu_6294_p2           |         -|   0|  0|   47|          40|          40|
    |e_393_fu_6318_p2           |         -|   0|  0|   47|          40|          40|
    |e_396_fu_6340_p2           |         -|   0|  0|   47|          40|          40|
    |e_399_fu_6364_p2           |         -|   0|  0|   47|          40|          40|
    |e_39_fu_3604_p2            |         -|   0|  0|   47|          40|          40|
    |e_3_fu_3328_p2             |         -|   0|  0|   47|          40|          40|
    |e_402_fu_6386_p2           |         -|   0|  0|   47|          40|          40|
    |e_405_fu_6410_p2           |         -|   0|  0|   47|          40|          40|
    |e_408_fu_6432_p2           |         -|   0|  0|   47|          40|          40|
    |e_411_fu_6456_p2           |         -|   0|  0|   47|          40|          40|
    |e_414_fu_6478_p2           |         -|   0|  0|   47|          40|          40|
    |e_417_fu_6502_p2           |         -|   0|  0|   47|          40|          40|
    |e_420_fu_6524_p2           |         -|   0|  0|   47|          40|          40|
    |e_423_fu_6548_p2           |         -|   0|  0|   47|          40|          40|
    |e_426_fu_6570_p2           |         -|   0|  0|   47|          40|          40|
    |e_429_fu_6594_p2           |         -|   0|  0|   47|          40|          40|
    |e_42_fu_3626_p2            |         -|   0|  0|   47|          40|          40|
    |e_432_fu_6616_p2           |         -|   0|  0|   47|          40|          40|
    |e_435_fu_6640_p2           |         -|   0|  0|   47|          40|          40|
    |e_438_fu_6662_p2           |         -|   0|  0|   47|          40|          40|
    |e_441_fu_6686_p2           |         -|   0|  0|   47|          40|          40|
    |e_444_fu_6708_p2           |         -|   0|  0|   47|          40|          40|
    |e_447_fu_6732_p2           |         -|   0|  0|   47|          40|          40|
    |e_450_fu_6754_p2           |         -|   0|  0|   47|          40|          40|
    |e_453_fu_6778_p2           |         -|   0|  0|   47|          40|          40|
    |e_456_fu_6800_p2           |         -|   0|  0|   47|          40|          40|
    |e_459_fu_6824_p2           |         -|   0|  0|   47|          40|          40|
    |e_45_fu_3650_p2            |         -|   0|  0|   47|          40|          40|
    |e_462_fu_6846_p2           |         -|   0|  0|   47|          40|          40|
    |e_465_fu_6870_p2           |         -|   0|  0|   47|          40|          40|
    |e_468_fu_6892_p2           |         -|   0|  0|   47|          40|          40|
    |e_471_fu_6916_p2           |         -|   0|  0|   47|          40|          40|
    |e_474_fu_6938_p2           |         -|   0|  0|   47|          40|          40|
    |e_477_fu_6962_p2           |         -|   0|  0|   47|          40|          40|
    |e_480_fu_6984_p2           |         -|   0|  0|   47|          40|          40|
    |e_483_fu_7008_p2           |         -|   0|  0|   47|          40|          40|
    |e_486_fu_7030_p2           |         -|   0|  0|   47|          40|          40|
    |e_489_fu_7054_p2           |         -|   0|  0|   47|          40|          40|
    |e_48_fu_3672_p2            |         -|   0|  0|   47|          40|          40|
    |e_492_fu_7076_p2           |         -|   0|  0|   47|          40|          40|
    |e_495_fu_7100_p2           |         -|   0|  0|   47|          40|          40|
    |e_498_fu_7122_p2           |         -|   0|  0|   47|          40|          40|
    |e_501_fu_7146_p2           |         -|   0|  0|   47|          40|          40|
    |e_504_fu_7168_p2           |         -|   0|  0|   47|          40|          40|
    |e_507_fu_7192_p2           |         -|   0|  0|   47|          40|          40|
    |e_510_fu_7214_p2           |         -|   0|  0|   47|          40|          40|
    |e_513_fu_7238_p2           |         -|   0|  0|   47|          40|          40|
    |e_516_fu_7260_p2           |         -|   0|  0|   47|          40|          40|
    |e_519_fu_7284_p2           |         -|   0|  0|   47|          40|          40|
    |e_51_fu_3696_p2            |         -|   0|  0|   47|          40|          40|
    |e_522_fu_7306_p2           |         -|   0|  0|   47|          40|          40|
    |e_525_fu_7330_p2           |         -|   0|  0|   47|          40|          40|
    |e_528_fu_7352_p2           |         -|   0|  0|   47|          40|          40|
    |e_531_fu_7376_p2           |         -|   0|  0|   47|          40|          40|
    |e_534_fu_7398_p2           |         -|   0|  0|   47|          40|          40|
    |e_537_fu_7422_p2           |         -|   0|  0|   47|          40|          40|
    |e_540_fu_7444_p2           |         -|   0|  0|   47|          40|          40|
    |e_543_fu_7468_p2           |         -|   0|  0|   47|          40|          40|
    |e_546_fu_7490_p2           |         -|   0|  0|   47|          40|          40|
    |e_549_fu_7514_p2           |         -|   0|  0|   47|          40|          40|
    |e_54_fu_3718_p2            |         -|   0|  0|   47|          40|          40|
    |e_552_fu_7536_p2           |         -|   0|  0|   47|          40|          40|
    |e_555_fu_7560_p2           |         -|   0|  0|   47|          40|          40|
    |e_558_fu_7582_p2           |         -|   0|  0|   47|          40|          40|
    |e_561_fu_7606_p2           |         -|   0|  0|   47|          40|          40|
    |e_564_fu_7628_p2           |         -|   0|  0|   47|          40|          40|
    |e_567_fu_7652_p2           |         -|   0|  0|   47|          40|          40|
    |e_570_fu_7674_p2           |         -|   0|  0|   47|          40|          40|
    |e_573_fu_7698_p2           |         -|   0|  0|   47|          40|          40|
    |e_576_fu_7720_p2           |         -|   0|  0|   47|          40|          40|
    |e_579_fu_7744_p2           |         -|   0|  0|   47|          40|          40|
    |e_57_fu_3742_p2            |         -|   0|  0|   47|          40|          40|
    |e_582_fu_7766_p2           |         -|   0|  0|   47|          40|          40|
    |e_585_fu_7790_p2           |         -|   0|  0|   47|          40|          40|
    |e_588_fu_7812_p2           |         -|   0|  0|   47|          40|          40|
    |e_591_fu_7836_p2           |         -|   0|  0|   47|          40|          40|
    |e_594_fu_7858_p2           |         -|   0|  0|   47|          40|          40|
    |e_597_fu_7882_p2           |         -|   0|  0|   47|          40|          40|
    |e_600_fu_7904_p2           |         -|   0|  0|   47|          40|          40|
    |e_603_fu_7928_p2           |         -|   0|  0|   47|          40|          40|
    |e_606_fu_7950_p2           |         -|   0|  0|   47|          40|          40|
    |e_609_fu_7974_p2           |         -|   0|  0|   47|          40|          40|
    |e_60_fu_3764_p2            |         -|   0|  0|   47|          40|          40|
    |e_612_fu_7996_p2           |         -|   0|  0|   47|          40|          40|
    |e_615_fu_8020_p2           |         -|   0|  0|   47|          40|          40|
    |e_618_fu_8042_p2           |         -|   0|  0|   47|          40|          40|
    |e_621_fu_8066_p2           |         -|   0|  0|   47|          40|          40|
    |e_624_fu_8088_p2           |         -|   0|  0|   47|          40|          40|
    |e_627_fu_8112_p2           |         -|   0|  0|   47|          40|          40|
    |e_630_fu_8134_p2           |         -|   0|  0|   47|          40|          40|
    |e_633_fu_8158_p2           |         -|   0|  0|   47|          40|          40|
    |e_636_fu_8180_p2           |         -|   0|  0|   47|          40|          40|
    |e_639_fu_8204_p2           |         -|   0|  0|   47|          40|          40|
    |e_63_fu_3788_p2            |         -|   0|  0|   47|          40|          40|
    |e_642_fu_8226_p2           |         -|   0|  0|   47|          40|          40|
    |e_645_fu_8250_p2           |         -|   0|  0|   47|          40|          40|
    |e_648_fu_8272_p2           |         -|   0|  0|   47|          40|          40|
    |e_651_fu_8296_p2           |         -|   0|  0|   47|          40|          40|
    |e_654_fu_8318_p2           |         -|   0|  0|   47|          40|          40|
    |e_657_fu_8342_p2           |         -|   0|  0|   47|          40|          40|
    |e_660_fu_8364_p2           |         -|   0|  0|   47|          40|          40|
    |e_663_fu_8388_p2           |         -|   0|  0|   47|          40|          40|
    |e_666_fu_8410_p2           |         -|   0|  0|   47|          40|          40|
    |e_669_fu_8434_p2           |         -|   0|  0|   47|          40|          40|
    |e_66_fu_3810_p2            |         -|   0|  0|   47|          40|          40|
    |e_672_fu_8456_p2           |         -|   0|  0|   47|          40|          40|
    |e_675_fu_8480_p2           |         -|   0|  0|   47|          40|          40|
    |e_678_fu_8502_p2           |         -|   0|  0|   47|          40|          40|
    |e_681_fu_8526_p2           |         -|   0|  0|   47|          40|          40|
    |e_684_fu_8548_p2           |         -|   0|  0|   47|          40|          40|
    |e_687_fu_8572_p2           |         -|   0|  0|   47|          40|          40|
    |e_690_fu_8594_p2           |         -|   0|  0|   47|          40|          40|
    |e_693_fu_8618_p2           |         -|   0|  0|   47|          40|          40|
    |e_696_fu_8640_p2           |         -|   0|  0|   47|          40|          40|
    |e_699_fu_8664_p2           |         -|   0|  0|   47|          40|          40|
    |e_69_fu_3834_p2            |         -|   0|  0|   47|          40|          40|
    |e_6_fu_3350_p2             |         -|   0|  0|   47|          40|          40|
    |e_702_fu_8686_p2           |         -|   0|  0|   47|          40|          40|
    |e_705_fu_8710_p2           |         -|   0|  0|   47|          40|          40|
    |e_708_fu_8732_p2           |         -|   0|  0|   47|          40|          40|
    |e_711_fu_8756_p2           |         -|   0|  0|   47|          40|          40|
    |e_714_fu_8778_p2           |         -|   0|  0|   47|          40|          40|
    |e_717_fu_8802_p2           |         -|   0|  0|   47|          40|          40|
    |e_720_fu_8824_p2           |         -|   0|  0|   47|          40|          40|
    |e_723_fu_8848_p2           |         -|   0|  0|   47|          40|          40|
    |e_726_fu_8870_p2           |         -|   0|  0|   47|          40|          40|
    |e_729_fu_8894_p2           |         -|   0|  0|   47|          40|          40|
    |e_72_fu_3856_p2            |         -|   0|  0|   47|          40|          40|
    |e_732_fu_8916_p2           |         -|   0|  0|   47|          40|          40|
    |e_735_fu_8940_p2           |         -|   0|  0|   47|          40|          40|
    |e_738_fu_8962_p2           |         -|   0|  0|   47|          40|          40|
    |e_741_fu_8986_p2           |         -|   0|  0|   47|          40|          40|
    |e_744_fu_9008_p2           |         -|   0|  0|   47|          40|          40|
    |e_747_fu_9032_p2           |         -|   0|  0|   47|          40|          40|
    |e_750_fu_9054_p2           |         -|   0|  0|   47|          40|          40|
    |e_753_fu_9078_p2           |         -|   0|  0|   47|          40|          40|
    |e_756_fu_9100_p2           |         -|   0|  0|   47|          40|          40|
    |e_759_fu_9124_p2           |         -|   0|  0|   47|          40|          40|
    |e_75_fu_3880_p2            |         -|   0|  0|   47|          40|          40|
    |e_762_fu_9146_p2           |         -|   0|  0|   47|          40|          40|
    |e_765_fu_9170_p2           |         -|   0|  0|   47|          40|          40|
    |e_768_fu_9192_p2           |         -|   0|  0|   47|          40|          40|
    |e_771_fu_9216_p2           |         -|   0|  0|   47|          40|          40|
    |e_774_fu_9238_p2           |         -|   0|  0|   47|          40|          40|
    |e_777_fu_9262_p2           |         -|   0|  0|   47|          40|          40|
    |e_780_fu_9284_p2           |         -|   0|  0|   47|          40|          40|
    |e_783_fu_9308_p2           |         -|   0|  0|   47|          40|          40|
    |e_786_fu_9330_p2           |         -|   0|  0|   47|          40|          40|
    |e_789_fu_9354_p2           |         -|   0|  0|   47|          40|          40|
    |e_78_fu_3902_p2            |         -|   0|  0|   47|          40|          40|
    |e_792_fu_9376_p2           |         -|   0|  0|   47|          40|          40|
    |e_795_fu_9400_p2           |         -|   0|  0|   47|          40|          40|
    |e_798_fu_9422_p2           |         -|   0|  0|   47|          40|          40|
    |e_801_fu_9446_p2           |         -|   0|  0|   47|          40|          40|
    |e_804_fu_9468_p2           |         -|   0|  0|   47|          40|          40|
    |e_807_fu_9492_p2           |         -|   0|  0|   47|          40|          40|
    |e_810_fu_9514_p2           |         -|   0|  0|   47|          40|          40|
    |e_813_fu_9538_p2           |         -|   0|  0|   47|          40|          40|
    |e_816_fu_9560_p2           |         -|   0|  0|   47|          40|          40|
    |e_819_fu_9584_p2           |         -|   0|  0|   47|          40|          40|
    |e_81_fu_3926_p2            |         -|   0|  0|   47|          40|          40|
    |e_822_fu_9606_p2           |         -|   0|  0|   47|          40|          40|
    |e_825_fu_9630_p2           |         -|   0|  0|   47|          40|          40|
    |e_828_fu_9652_p2           |         -|   0|  0|   47|          40|          40|
    |e_831_fu_9676_p2           |         -|   0|  0|   47|          40|          40|
    |e_834_fu_9698_p2           |         -|   0|  0|   47|          40|          40|
    |e_837_fu_9722_p2           |         -|   0|  0|   47|          40|          40|
    |e_840_fu_9744_p2           |         -|   0|  0|   47|          40|          40|
    |e_843_fu_9768_p2           |         -|   0|  0|   47|          40|          40|
    |e_846_fu_9790_p2           |         -|   0|  0|   47|          40|          40|
    |e_849_fu_9814_p2           |         -|   0|  0|   47|          40|          40|
    |e_84_fu_3948_p2            |         -|   0|  0|   47|          40|          40|
    |e_852_fu_9836_p2           |         -|   0|  0|   47|          40|          40|
    |e_855_fu_9860_p2           |         -|   0|  0|   47|          40|          40|
    |e_858_fu_9882_p2           |         -|   0|  0|   47|          40|          40|
    |e_861_fu_9906_p2           |         -|   0|  0|   47|          40|          40|
    |e_864_fu_9928_p2           |         -|   0|  0|   47|          40|          40|
    |e_867_fu_9952_p2           |         -|   0|  0|   47|          40|          40|
    |e_870_fu_9974_p2           |         -|   0|  0|   47|          40|          40|
    |e_873_fu_9998_p2           |         -|   0|  0|   47|          40|          40|
    |e_876_fu_10020_p2          |         -|   0|  0|   47|          40|          40|
    |e_879_fu_10044_p2          |         -|   0|  0|   47|          40|          40|
    |e_87_fu_3972_p2            |         -|   0|  0|   47|          40|          40|
    |e_882_fu_10066_p2          |         -|   0|  0|   47|          40|          40|
    |e_885_fu_10090_p2          |         -|   0|  0|   47|          40|          40|
    |e_888_fu_10112_p2          |         -|   0|  0|   47|          40|          40|
    |e_891_fu_10136_p2          |         -|   0|  0|   47|          40|          40|
    |e_894_fu_10158_p2          |         -|   0|  0|   47|          40|          40|
    |e_897_fu_10182_p2          |         -|   0|  0|   47|          40|          40|
    |e_90_fu_3994_p2            |         -|   0|  0|   47|          40|          40|
    |e_93_fu_4018_p2            |         -|   0|  0|   47|          40|          40|
    |e_96_fu_4040_p2            |         -|   0|  0|   47|          40|          40|
    |e_99_fu_4064_p2            |         -|   0|  0|   47|          40|          40|
    |e_9_fu_3374_p2             |         -|   0|  0|   47|          40|          40|
    |e_fu_3304_p2               |         -|   0|  0|   40|           1|          40|
    |out_fu_10200_p2            |         -|   0|  0|   47|          40|          40|
    |sub_ln42_10_fu_2954_p2     |         -|   0|  0|   47|           1|          40|
    |sub_ln42_11_fu_2968_p2     |         -|   0|  0|   47|           1|          40|
    |sub_ln42_12_fu_3208_p2     |         -|   0|  0|   47|           1|          40|
    |sub_ln42_13_fu_2982_p2     |         -|   0|  0|   47|           1|          40|
    |sub_ln42_14_fu_2996_p2     |         -|   0|  0|   47|           1|          40|
    |sub_ln42_15_fu_3010_p2     |         -|   0|  0|   47|           1|          40|
    |sub_ln42_16_fu_3024_p2     |         -|   0|  0|   47|           1|          40|
    |sub_ln42_17_fu_3038_p2     |         -|   0|  0|   47|           1|          40|
    |sub_ln42_18_fu_3052_p2     |         -|   0|  0|   47|           1|          40|
    |sub_ln42_19_fu_3066_p2     |         -|   0|  0|   47|           1|          40|
    |sub_ln42_1_fu_2828_p2      |         -|   0|  0|   47|           1|          40|
    |sub_ln42_20_fu_3080_p2     |         -|   0|  0|   47|           1|          40|
    |sub_ln42_21_fu_3094_p2     |         -|   0|  0|   47|           1|          40|
    |sub_ln42_22_fu_3222_p2     |         -|   0|  0|   47|           1|          40|
    |sub_ln42_23_fu_3108_p2     |         -|   0|  0|   47|           1|          40|
    |sub_ln42_24_fu_3122_p2     |         -|   0|  0|   47|           1|          40|
    |sub_ln42_2_fu_2842_p2      |         -|   0|  0|   47|           1|          40|
    |sub_ln42_3_fu_2856_p2      |         -|   0|  0|   47|           1|          40|
    |sub_ln42_4_fu_2870_p2      |         -|   0|  0|   47|           1|          40|
    |sub_ln42_5_fu_2884_p2      |         -|   0|  0|   47|           1|          40|
    |sub_ln42_6_fu_2898_p2      |         -|   0|  0|   47|           1|          40|
    |sub_ln42_7_fu_2912_p2      |         -|   0|  0|   47|           1|          40|
    |sub_ln42_8_fu_2926_p2      |         -|   0|  0|   47|           1|          40|
    |sub_ln42_9_fu_2940_p2      |         -|   0|  0|   47|           1|          40|
    |sub_ln42_fu_2814_p2        |         -|   0|  0|   47|           1|          40|
    |e_101_fu_4074_p3           |    select|   0|  0|   40|           1|          40|
    |e_104_fu_4098_p3           |    select|   0|  0|   40|           1|          40|
    |e_107_fu_4120_p3           |    select|   0|  0|   40|           1|          40|
    |e_110_fu_4144_p3           |    select|   0|  0|   40|           1|          40|
    |e_113_fu_4166_p3           |    select|   0|  0|   40|           1|          40|
    |e_116_fu_4190_p3           |    select|   0|  0|   40|           1|          40|
    |e_119_fu_4212_p3           |    select|   0|  0|   40|           1|          40|
    |e_11_fu_3384_p3            |    select|   0|  0|   40|           1|          40|
    |e_122_fu_4236_p3           |    select|   0|  0|   40|           1|          40|
    |e_125_fu_4258_p3           |    select|   0|  0|   40|           1|          40|
    |e_128_fu_4282_p3           |    select|   0|  0|   40|           1|          40|
    |e_131_fu_4304_p3           |    select|   0|  0|   40|           1|          40|
    |e_134_fu_4328_p3           |    select|   0|  0|   40|           1|          40|
    |e_137_fu_4350_p3           |    select|   0|  0|   40|           1|          40|
    |e_140_fu_4374_p3           |    select|   0|  0|   40|           1|          40|
    |e_143_fu_4396_p3           |    select|   0|  0|   40|           1|          40|
    |e_146_fu_4420_p3           |    select|   0|  0|   40|           1|          40|
    |e_149_fu_4442_p3           |    select|   0|  0|   40|           1|          40|
    |e_14_fu_3408_p3            |    select|   0|  0|   40|           1|          40|
    |e_152_fu_4466_p3           |    select|   0|  0|   40|           1|          40|
    |e_155_fu_4488_p3           |    select|   0|  0|   40|           1|          40|
    |e_158_fu_4512_p3           |    select|   0|  0|   40|           1|          40|
    |e_161_fu_4534_p3           |    select|   0|  0|   40|           1|          40|
    |e_164_fu_4558_p3           |    select|   0|  0|   40|           1|          40|
    |e_167_fu_4580_p3           |    select|   0|  0|   40|           1|          40|
    |e_170_fu_4604_p3           |    select|   0|  0|   40|           1|          40|
    |e_173_fu_4626_p3           |    select|   0|  0|   40|           1|          40|
    |e_176_fu_4650_p3           |    select|   0|  0|   40|           1|          40|
    |e_179_fu_4672_p3           |    select|   0|  0|   40|           1|          40|
    |e_17_fu_3430_p3            |    select|   0|  0|   40|           1|          40|
    |e_182_fu_4696_p3           |    select|   0|  0|   40|           1|          40|
    |e_185_fu_4718_p3           |    select|   0|  0|   40|           1|          40|
    |e_188_fu_4742_p3           |    select|   0|  0|   40|           1|          40|
    |e_191_fu_4764_p3           |    select|   0|  0|   40|           1|          40|
    |e_194_fu_4788_p3           |    select|   0|  0|   40|           1|          40|
    |e_197_fu_4810_p3           |    select|   0|  0|   40|           1|          40|
    |e_200_fu_4834_p3           |    select|   0|  0|   40|           1|          40|
    |e_203_fu_4856_p3           |    select|   0|  0|   40|           1|          40|
    |e_206_fu_4880_p3           |    select|   0|  0|   40|           1|          40|
    |e_209_fu_4902_p3           |    select|   0|  0|   40|           1|          40|
    |e_20_fu_3454_p3            |    select|   0|  0|   40|           1|          40|
    |e_212_fu_4926_p3           |    select|   0|  0|   40|           1|          40|
    |e_215_fu_4948_p3           |    select|   0|  0|   40|           1|          40|
    |e_218_fu_4972_p3           |    select|   0|  0|   40|           1|          40|
    |e_221_fu_4994_p3           |    select|   0|  0|   40|           1|          40|
    |e_224_fu_5018_p3           |    select|   0|  0|   40|           1|          40|
    |e_227_fu_5040_p3           |    select|   0|  0|   40|           1|          40|
    |e_230_fu_5064_p3           |    select|   0|  0|   40|           1|          40|
    |e_233_fu_5086_p3           |    select|   0|  0|   40|           1|          40|
    |e_236_fu_5110_p3           |    select|   0|  0|   40|           1|          40|
    |e_239_fu_5132_p3           |    select|   0|  0|   40|           1|          40|
    |e_23_fu_3476_p3            |    select|   0|  0|   40|           1|          40|
    |e_242_fu_5156_p3           |    select|   0|  0|   40|           1|          40|
    |e_245_fu_5178_p3           |    select|   0|  0|   40|           1|          40|
    |e_248_fu_5202_p3           |    select|   0|  0|   40|           1|          40|
    |e_251_fu_5224_p3           |    select|   0|  0|   40|           1|          40|
    |e_254_fu_5248_p3           |    select|   0|  0|   40|           1|          40|
    |e_257_fu_5270_p3           |    select|   0|  0|   40|           1|          40|
    |e_260_fu_5294_p3           |    select|   0|  0|   40|           1|          40|
    |e_263_fu_5316_p3           |    select|   0|  0|   40|           1|          40|
    |e_266_fu_5340_p3           |    select|   0|  0|   40|           1|          40|
    |e_269_fu_5362_p3           |    select|   0|  0|   40|           1|          40|
    |e_26_fu_3500_p3            |    select|   0|  0|   40|           1|          40|
    |e_272_fu_5386_p3           |    select|   0|  0|   40|           1|          40|
    |e_275_fu_5408_p3           |    select|   0|  0|   40|           1|          40|
    |e_278_fu_5432_p3           |    select|   0|  0|   40|           1|          40|
    |e_281_fu_5454_p3           |    select|   0|  0|   40|           1|          40|
    |e_284_fu_5478_p3           |    select|   0|  0|   40|           1|          40|
    |e_287_fu_5500_p3           |    select|   0|  0|   40|           1|          40|
    |e_290_fu_5524_p3           |    select|   0|  0|   40|           1|          40|
    |e_293_fu_5546_p3           |    select|   0|  0|   40|           1|          40|
    |e_296_fu_5570_p3           |    select|   0|  0|   40|           1|          40|
    |e_299_fu_5592_p3           |    select|   0|  0|   40|           1|          40|
    |e_29_fu_3522_p3            |    select|   0|  0|   40|           1|          40|
    |e_2_fu_3316_p3             |    select|   0|  0|   40|           1|          40|
    |e_302_fu_5616_p3           |    select|   0|  0|   40|           1|          40|
    |e_305_fu_5638_p3           |    select|   0|  0|   40|           1|          40|
    |e_308_fu_5662_p3           |    select|   0|  0|   40|           1|          40|
    |e_311_fu_5684_p3           |    select|   0|  0|   40|           1|          40|
    |e_314_fu_5708_p3           |    select|   0|  0|   40|           1|          40|
    |e_317_fu_5730_p3           |    select|   0|  0|   40|           1|          40|
    |e_320_fu_5754_p3           |    select|   0|  0|   40|           1|          40|
    |e_323_fu_5776_p3           |    select|   0|  0|   40|           1|          40|
    |e_326_fu_5800_p3           |    select|   0|  0|   40|           1|          40|
    |e_329_fu_5822_p3           |    select|   0|  0|   40|           1|          40|
    |e_32_fu_3546_p3            |    select|   0|  0|   40|           1|          40|
    |e_332_fu_5846_p3           |    select|   0|  0|   40|           1|          40|
    |e_335_fu_5868_p3           |    select|   0|  0|   40|           1|          40|
    |e_338_fu_5892_p3           |    select|   0|  0|   40|           1|          40|
    |e_341_fu_5914_p3           |    select|   0|  0|   40|           1|          40|
    |e_344_fu_5938_p3           |    select|   0|  0|   40|           1|          40|
    |e_347_fu_5960_p3           |    select|   0|  0|   40|           1|          40|
    |e_350_fu_5984_p3           |    select|   0|  0|   40|           1|          40|
    |e_353_fu_6006_p3           |    select|   0|  0|   40|           1|          40|
    |e_356_fu_6030_p3           |    select|   0|  0|   40|           1|          40|
    |e_359_fu_6052_p3           |    select|   0|  0|   40|           1|          40|
    |e_35_fu_3568_p3            |    select|   0|  0|   40|           1|          40|
    |e_362_fu_6076_p3           |    select|   0|  0|   40|           1|          40|
    |e_365_fu_6098_p3           |    select|   0|  0|   40|           1|          40|
    |e_368_fu_6122_p3           |    select|   0|  0|   40|           1|          40|
    |e_371_fu_6144_p3           |    select|   0|  0|   40|           1|          40|
    |e_374_fu_6168_p3           |    select|   0|  0|   40|           1|          40|
    |e_377_fu_6190_p3           |    select|   0|  0|   40|           1|          40|
    |e_380_fu_6214_p3           |    select|   0|  0|   40|           1|          40|
    |e_383_fu_6236_p3           |    select|   0|  0|   40|           1|          40|
    |e_386_fu_6260_p3           |    select|   0|  0|   40|           1|          40|
    |e_389_fu_6282_p3           |    select|   0|  0|   40|           1|          40|
    |e_38_fu_3592_p3            |    select|   0|  0|   40|           1|          40|
    |e_392_fu_6306_p3           |    select|   0|  0|   40|           1|          40|
    |e_395_fu_6328_p3           |    select|   0|  0|   40|           1|          40|
    |e_398_fu_6352_p3           |    select|   0|  0|   40|           1|          40|
    |e_401_fu_6374_p3           |    select|   0|  0|   40|           1|          40|
    |e_404_fu_6398_p3           |    select|   0|  0|   40|           1|          40|
    |e_407_fu_6420_p3           |    select|   0|  0|   40|           1|          40|
    |e_410_fu_6444_p3           |    select|   0|  0|   40|           1|          40|
    |e_413_fu_6466_p3           |    select|   0|  0|   40|           1|          40|
    |e_416_fu_6490_p3           |    select|   0|  0|   40|           1|          40|
    |e_419_fu_6512_p3           |    select|   0|  0|   40|           1|          40|
    |e_41_fu_3614_p3            |    select|   0|  0|   40|           1|          40|
    |e_422_fu_6536_p3           |    select|   0|  0|   40|           1|          40|
    |e_425_fu_6558_p3           |    select|   0|  0|   40|           1|          40|
    |e_428_fu_6582_p3           |    select|   0|  0|   40|           1|          40|
    |e_431_fu_6604_p3           |    select|   0|  0|   40|           1|          40|
    |e_434_fu_6628_p3           |    select|   0|  0|   40|           1|          40|
    |e_437_fu_6650_p3           |    select|   0|  0|   40|           1|          40|
    |e_440_fu_6674_p3           |    select|   0|  0|   40|           1|          40|
    |e_443_fu_6696_p3           |    select|   0|  0|   40|           1|          40|
    |e_446_fu_6720_p3           |    select|   0|  0|   40|           1|          40|
    |e_449_fu_6742_p3           |    select|   0|  0|   40|           1|          40|
    |e_44_fu_3638_p3            |    select|   0|  0|   40|           1|          40|
    |e_452_fu_6766_p3           |    select|   0|  0|   40|           1|          40|
    |e_455_fu_6788_p3           |    select|   0|  0|   40|           1|          40|
    |e_458_fu_6812_p3           |    select|   0|  0|   40|           1|          40|
    |e_461_fu_6834_p3           |    select|   0|  0|   40|           1|          40|
    |e_464_fu_6858_p3           |    select|   0|  0|   40|           1|          40|
    |e_467_fu_6880_p3           |    select|   0|  0|   40|           1|          40|
    |e_470_fu_6904_p3           |    select|   0|  0|   40|           1|          40|
    |e_473_fu_6926_p3           |    select|   0|  0|   40|           1|          40|
    |e_476_fu_6950_p3           |    select|   0|  0|   40|           1|          40|
    |e_479_fu_6972_p3           |    select|   0|  0|   40|           1|          40|
    |e_47_fu_3660_p3            |    select|   0|  0|   40|           1|          40|
    |e_482_fu_6996_p3           |    select|   0|  0|   40|           1|          40|
    |e_485_fu_7018_p3           |    select|   0|  0|   40|           1|          40|
    |e_488_fu_7042_p3           |    select|   0|  0|   40|           1|          40|
    |e_491_fu_7064_p3           |    select|   0|  0|   40|           1|          40|
    |e_494_fu_7088_p3           |    select|   0|  0|   40|           1|          40|
    |e_497_fu_7110_p3           |    select|   0|  0|   40|           1|          40|
    |e_500_fu_7134_p3           |    select|   0|  0|   40|           1|          40|
    |e_503_fu_7156_p3           |    select|   0|  0|   40|           1|          40|
    |e_506_fu_7180_p3           |    select|   0|  0|   40|           1|          40|
    |e_509_fu_7202_p3           |    select|   0|  0|   40|           1|          40|
    |e_50_fu_3684_p3            |    select|   0|  0|   40|           1|          40|
    |e_512_fu_7226_p3           |    select|   0|  0|   40|           1|          40|
    |e_515_fu_7248_p3           |    select|   0|  0|   40|           1|          40|
    |e_518_fu_7272_p3           |    select|   0|  0|   40|           1|          40|
    |e_521_fu_7294_p3           |    select|   0|  0|   40|           1|          40|
    |e_524_fu_7318_p3           |    select|   0|  0|   40|           1|          40|
    |e_527_fu_7340_p3           |    select|   0|  0|   40|           1|          40|
    |e_530_fu_7364_p3           |    select|   0|  0|   40|           1|          40|
    |e_533_fu_7386_p3           |    select|   0|  0|   40|           1|          40|
    |e_536_fu_7410_p3           |    select|   0|  0|   40|           1|          40|
    |e_539_fu_7432_p3           |    select|   0|  0|   40|           1|          40|
    |e_53_fu_3706_p3            |    select|   0|  0|   40|           1|          40|
    |e_542_fu_7456_p3           |    select|   0|  0|   40|           1|          40|
    |e_545_fu_7478_p3           |    select|   0|  0|   40|           1|          40|
    |e_548_fu_7502_p3           |    select|   0|  0|   40|           1|          40|
    |e_551_fu_7524_p3           |    select|   0|  0|   40|           1|          40|
    |e_554_fu_7548_p3           |    select|   0|  0|   40|           1|          40|
    |e_557_fu_7570_p3           |    select|   0|  0|   40|           1|          40|
    |e_560_fu_7594_p3           |    select|   0|  0|   40|           1|          40|
    |e_563_fu_7616_p3           |    select|   0|  0|   40|           1|          40|
    |e_566_fu_7640_p3           |    select|   0|  0|   40|           1|          40|
    |e_569_fu_7662_p3           |    select|   0|  0|   40|           1|          40|
    |e_56_fu_3730_p3            |    select|   0|  0|   40|           1|          40|
    |e_572_fu_7686_p3           |    select|   0|  0|   40|           1|          40|
    |e_575_fu_7708_p3           |    select|   0|  0|   40|           1|          40|
    |e_578_fu_7732_p3           |    select|   0|  0|   40|           1|          40|
    |e_581_fu_7754_p3           |    select|   0|  0|   40|           1|          40|
    |e_584_fu_7778_p3           |    select|   0|  0|   40|           1|          40|
    |e_587_fu_7800_p3           |    select|   0|  0|   40|           1|          40|
    |e_590_fu_7824_p3           |    select|   0|  0|   40|           1|          40|
    |e_593_fu_7846_p3           |    select|   0|  0|   40|           1|          40|
    |e_596_fu_7870_p3           |    select|   0|  0|   40|           1|          40|
    |e_599_fu_7892_p3           |    select|   0|  0|   40|           1|          40|
    |e_59_fu_3752_p3            |    select|   0|  0|   40|           1|          40|
    |e_5_fu_3338_p3             |    select|   0|  0|   40|           1|          40|
    |e_602_fu_7916_p3           |    select|   0|  0|   40|           1|          40|
    |e_605_fu_7938_p3           |    select|   0|  0|   40|           1|          40|
    |e_608_fu_7962_p3           |    select|   0|  0|   40|           1|          40|
    |e_611_fu_7984_p3           |    select|   0|  0|   40|           1|          40|
    |e_614_fu_8008_p3           |    select|   0|  0|   40|           1|          40|
    |e_617_fu_8030_p3           |    select|   0|  0|   40|           1|          40|
    |e_620_fu_8054_p3           |    select|   0|  0|   40|           1|          40|
    |e_623_fu_8076_p3           |    select|   0|  0|   40|           1|          40|
    |e_626_fu_8100_p3           |    select|   0|  0|   40|           1|          40|
    |e_629_fu_8122_p3           |    select|   0|  0|   40|           1|          40|
    |e_62_fu_3776_p3            |    select|   0|  0|   40|           1|          40|
    |e_632_fu_8146_p3           |    select|   0|  0|   40|           1|          40|
    |e_635_fu_8168_p3           |    select|   0|  0|   40|           1|          40|
    |e_638_fu_8192_p3           |    select|   0|  0|   40|           1|          40|
    |e_641_fu_8214_p3           |    select|   0|  0|   40|           1|          40|
    |e_644_fu_8238_p3           |    select|   0|  0|   40|           1|          40|
    |e_647_fu_8260_p3           |    select|   0|  0|   40|           1|          40|
    |e_650_fu_8284_p3           |    select|   0|  0|   40|           1|          40|
    |e_653_fu_8306_p3           |    select|   0|  0|   40|           1|          40|
    |e_656_fu_8330_p3           |    select|   0|  0|   40|           1|          40|
    |e_659_fu_8352_p3           |    select|   0|  0|   40|           1|          40|
    |e_65_fu_3798_p3            |    select|   0|  0|   40|           1|          40|
    |e_662_fu_8376_p3           |    select|   0|  0|   40|           1|          40|
    |e_665_fu_8398_p3           |    select|   0|  0|   40|           1|          40|
    |e_668_fu_8422_p3           |    select|   0|  0|   40|           1|          40|
    |e_671_fu_8444_p3           |    select|   0|  0|   40|           1|          40|
    |e_674_fu_8468_p3           |    select|   0|  0|   40|           1|          40|
    |e_677_fu_8490_p3           |    select|   0|  0|   40|           1|          40|
    |e_680_fu_8514_p3           |    select|   0|  0|   40|           1|          40|
    |e_683_fu_8536_p3           |    select|   0|  0|   40|           1|          40|
    |e_686_fu_8560_p3           |    select|   0|  0|   40|           1|          40|
    |e_689_fu_8582_p3           |    select|   0|  0|   40|           1|          40|
    |e_68_fu_3822_p3            |    select|   0|  0|   40|           1|          40|
    |e_692_fu_8606_p3           |    select|   0|  0|   40|           1|          40|
    |e_695_fu_8628_p3           |    select|   0|  0|   40|           1|          40|
    |e_698_fu_8652_p3           |    select|   0|  0|   40|           1|          40|
    |e_701_fu_8674_p3           |    select|   0|  0|   40|           1|          40|
    |e_704_fu_8698_p3           |    select|   0|  0|   40|           1|          40|
    |e_707_fu_8720_p3           |    select|   0|  0|   40|           1|          40|
    |e_710_fu_8744_p3           |    select|   0|  0|   40|           1|          40|
    |e_713_fu_8766_p3           |    select|   0|  0|   40|           1|          40|
    |e_716_fu_8790_p3           |    select|   0|  0|   40|           1|          40|
    |e_719_fu_8812_p3           |    select|   0|  0|   40|           1|          40|
    |e_71_fu_3844_p3            |    select|   0|  0|   40|           1|          40|
    |e_722_fu_8836_p3           |    select|   0|  0|   40|           1|          40|
    |e_725_fu_8858_p3           |    select|   0|  0|   40|           1|          40|
    |e_728_fu_8882_p3           |    select|   0|  0|   40|           1|          40|
    |e_731_fu_8904_p3           |    select|   0|  0|   40|           1|          40|
    |e_734_fu_8928_p3           |    select|   0|  0|   40|           1|          40|
    |e_737_fu_8950_p3           |    select|   0|  0|   40|           1|          40|
    |e_740_fu_8974_p3           |    select|   0|  0|   40|           1|          40|
    |e_743_fu_8996_p3           |    select|   0|  0|   40|           1|          40|
    |e_746_fu_9020_p3           |    select|   0|  0|   40|           1|          40|
    |e_749_fu_9042_p3           |    select|   0|  0|   40|           1|          40|
    |e_74_fu_3868_p3            |    select|   0|  0|   40|           1|          40|
    |e_752_fu_9066_p3           |    select|   0|  0|   40|           1|          40|
    |e_755_fu_9088_p3           |    select|   0|  0|   40|           1|          40|
    |e_758_fu_9112_p3           |    select|   0|  0|   40|           1|          40|
    |e_761_fu_9134_p3           |    select|   0|  0|   40|           1|          40|
    |e_764_fu_9158_p3           |    select|   0|  0|   40|           1|          40|
    |e_767_fu_9180_p3           |    select|   0|  0|   40|           1|          40|
    |e_770_fu_9204_p3           |    select|   0|  0|   40|           1|          40|
    |e_773_fu_9226_p3           |    select|   0|  0|   40|           1|          40|
    |e_776_fu_9250_p3           |    select|   0|  0|   40|           1|          40|
    |e_779_fu_9272_p3           |    select|   0|  0|   40|           1|          40|
    |e_77_fu_3890_p3            |    select|   0|  0|   40|           1|          40|
    |e_782_fu_9296_p3           |    select|   0|  0|   40|           1|          40|
    |e_785_fu_9318_p3           |    select|   0|  0|   40|           1|          40|
    |e_788_fu_9342_p3           |    select|   0|  0|   40|           1|          40|
    |e_791_fu_9364_p3           |    select|   0|  0|   40|           1|          40|
    |e_794_fu_9388_p3           |    select|   0|  0|   40|           1|          40|
    |e_797_fu_9410_p3           |    select|   0|  0|   40|           1|          40|
    |e_800_fu_9434_p3           |    select|   0|  0|   40|           1|          40|
    |e_803_fu_9456_p3           |    select|   0|  0|   40|           1|          40|
    |e_806_fu_9480_p3           |    select|   0|  0|   40|           1|          40|
    |e_809_fu_9502_p3           |    select|   0|  0|   40|           1|          40|
    |e_80_fu_3914_p3            |    select|   0|  0|   40|           1|          40|
    |e_812_fu_9526_p3           |    select|   0|  0|   40|           1|          40|
    |e_815_fu_9548_p3           |    select|   0|  0|   40|           1|          40|
    |e_818_fu_9572_p3           |    select|   0|  0|   40|           1|          40|
    |e_821_fu_9594_p3           |    select|   0|  0|   40|           1|          40|
    |e_824_fu_9618_p3           |    select|   0|  0|   40|           1|          40|
    |e_827_fu_9640_p3           |    select|   0|  0|   40|           1|          40|
    |e_830_fu_9664_p3           |    select|   0|  0|   40|           1|          40|
    |e_833_fu_9686_p3           |    select|   0|  0|   40|           1|          40|
    |e_836_fu_9710_p3           |    select|   0|  0|   40|           1|          40|
    |e_839_fu_9732_p3           |    select|   0|  0|   40|           1|          40|
    |e_83_fu_3936_p3            |    select|   0|  0|   40|           1|          40|
    |e_842_fu_9756_p3           |    select|   0|  0|   40|           1|          40|
    |e_845_fu_9778_p3           |    select|   0|  0|   40|           1|          40|
    |e_848_fu_9802_p3           |    select|   0|  0|   40|           1|          40|
    |e_851_fu_9824_p3           |    select|   0|  0|   40|           1|          40|
    |e_854_fu_9848_p3           |    select|   0|  0|   40|           1|          40|
    |e_857_fu_9870_p3           |    select|   0|  0|   40|           1|          40|
    |e_860_fu_9894_p3           |    select|   0|  0|   40|           1|          40|
    |e_863_fu_9916_p3           |    select|   0|  0|   40|           1|          40|
    |e_866_fu_9940_p3           |    select|   0|  0|   40|           1|          40|
    |e_869_fu_9962_p3           |    select|   0|  0|   40|           1|          40|
    |e_86_fu_3960_p3            |    select|   0|  0|   40|           1|          40|
    |e_872_fu_9986_p3           |    select|   0|  0|   40|           1|          40|
    |e_875_fu_10008_p3          |    select|   0|  0|   40|           1|          40|
    |e_878_fu_10032_p3          |    select|   0|  0|   40|           1|          40|
    |e_881_fu_10054_p3          |    select|   0|  0|   40|           1|          40|
    |e_884_fu_10078_p3          |    select|   0|  0|   40|           1|          40|
    |e_887_fu_10100_p3          |    select|   0|  0|   40|           1|          40|
    |e_890_fu_10124_p3          |    select|   0|  0|   40|           1|          40|
    |e_893_fu_10146_p3          |    select|   0|  0|   40|           1|          40|
    |e_896_fu_10170_p3          |    select|   0|  0|   40|           1|          40|
    |e_899_fu_10192_p3          |    select|   0|  0|   40|           1|          40|
    |e_89_fu_3982_p3            |    select|   0|  0|   40|           1|          40|
    |e_8_fu_3362_p3             |    select|   0|  0|   40|           1|          40|
    |e_92_fu_4006_p3            |    select|   0|  0|   40|           1|          40|
    |e_95_fu_4028_p3            |    select|   0|  0|   40|           1|          40|
    |e_98_fu_4052_p3            |    select|   0|  0|   40|           1|          40|
    |term_10_fu_2960_p3         |    select|   0|  0|   40|           1|          40|
    |term_11_fu_2974_p3         |    select|   0|  0|   40|           1|          40|
    |term_12_fu_3214_p3         |    select|   0|  0|   40|           1|          40|
    |term_13_fu_2988_p3         |    select|   0|  0|   40|           1|          40|
    |term_14_fu_3002_p3         |    select|   0|  0|   40|           1|          40|
    |term_15_fu_3016_p3         |    select|   0|  0|   40|           1|          40|
    |term_16_fu_3030_p3         |    select|   0|  0|   40|           1|          40|
    |term_17_fu_3044_p3         |    select|   0|  0|   40|           1|          40|
    |term_18_fu_3058_p3         |    select|   0|  0|   40|           1|          40|
    |term_19_fu_3072_p3         |    select|   0|  0|   40|           1|          40|
    |term_1_fu_2834_p3          |    select|   0|  0|   40|           1|          40|
    |term_20_fu_3086_p3         |    select|   0|  0|   40|           1|          40|
    |term_21_fu_3100_p3         |    select|   0|  0|   40|           1|          40|
    |term_22_fu_3228_p3         |    select|   0|  0|   40|           1|          40|
    |term_23_fu_3114_p3         |    select|   0|  0|   40|           1|          40|
    |term_24_fu_3128_p3         |    select|   0|  0|   40|           1|          40|
    |term_2_fu_2848_p3          |    select|   0|  0|   40|           1|          40|
    |term_3_fu_2862_p3          |    select|   0|  0|   40|           1|          40|
    |term_4_fu_2876_p3          |    select|   0|  0|   40|           1|          40|
    |term_5_fu_2890_p3          |    select|   0|  0|   40|           1|          40|
    |term_6_fu_2904_p3          |    select|   0|  0|   40|           1|          40|
    |term_7_fu_2918_p3          |    select|   0|  0|   40|           1|          40|
    |term_8_fu_2932_p3          |    select|   0|  0|   40|           1|          40|
    |term_9_fu_2946_p3          |    select|   0|  0|   40|           1|          40|
    |term_fu_2820_p3            |    select|   0|  0|   40|           1|          40|
    |xor_ln194_100_fu_5600_p2   |       xor|   0|  0|    2|           1|           1|
    |xor_ln194_101_fu_5624_p2   |       xor|   0|  0|    2|           1|           1|
    |xor_ln194_102_fu_5646_p2   |       xor|   0|  0|    2|           1|           1|
    |xor_ln194_103_fu_5670_p2   |       xor|   0|  0|    2|           1|           1|
    |xor_ln194_104_fu_5692_p2   |       xor|   0|  0|    2|           1|           1|
    |xor_ln194_105_fu_5716_p2   |       xor|   0|  0|    2|           1|           1|
    |xor_ln194_106_fu_5738_p2   |       xor|   0|  0|    2|           1|           1|
    |xor_ln194_107_fu_5762_p2   |       xor|   0|  0|    2|           1|           1|
    |xor_ln194_108_fu_5784_p2   |       xor|   0|  0|    2|           1|           1|
    |xor_ln194_109_fu_5808_p2   |       xor|   0|  0|    2|           1|           1|
    |xor_ln194_10_fu_3530_p2    |       xor|   0|  0|    2|           1|           1|
    |xor_ln194_110_fu_5830_p2   |       xor|   0|  0|    2|           1|           1|
    |xor_ln194_111_fu_5854_p2   |       xor|   0|  0|    2|           1|           1|
    |xor_ln194_112_fu_5876_p2   |       xor|   0|  0|    2|           1|           1|
    |xor_ln194_113_fu_5900_p2   |       xor|   0|  0|    2|           1|           1|
    |xor_ln194_114_fu_5922_p2   |       xor|   0|  0|    2|           1|           1|
    |xor_ln194_115_fu_5946_p2   |       xor|   0|  0|    2|           1|           1|
    |xor_ln194_116_fu_5968_p2   |       xor|   0|  0|    2|           1|           1|
    |xor_ln194_117_fu_5992_p2   |       xor|   0|  0|    2|           1|           1|
    |xor_ln194_118_fu_6014_p2   |       xor|   0|  0|    2|           1|           1|
    |xor_ln194_119_fu_6038_p2   |       xor|   0|  0|    2|           1|           1|
    |xor_ln194_11_fu_3554_p2    |       xor|   0|  0|    2|           1|           1|
    |xor_ln194_120_fu_6060_p2   |       xor|   0|  0|    2|           1|           1|
    |xor_ln194_121_fu_6084_p2   |       xor|   0|  0|    2|           1|           1|
    |xor_ln194_122_fu_6106_p2   |       xor|   0|  0|    2|           1|           1|
    |xor_ln194_123_fu_6130_p2   |       xor|   0|  0|    2|           1|           1|
    |xor_ln194_124_fu_6152_p2   |       xor|   0|  0|    2|           1|           1|
    |xor_ln194_125_fu_6176_p2   |       xor|   0|  0|    2|           1|           1|
    |xor_ln194_126_fu_6198_p2   |       xor|   0|  0|    2|           1|           1|
    |xor_ln194_127_fu_6222_p2   |       xor|   0|  0|    2|           1|           1|
    |xor_ln194_128_fu_6244_p2   |       xor|   0|  0|    2|           1|           1|
    |xor_ln194_129_fu_6268_p2   |       xor|   0|  0|    2|           1|           1|
    |xor_ln194_12_fu_3576_p2    |       xor|   0|  0|    2|           1|           1|
    |xor_ln194_130_fu_6290_p2   |       xor|   0|  0|    2|           1|           1|
    |xor_ln194_131_fu_6314_p2   |       xor|   0|  0|    2|           1|           1|
    |xor_ln194_132_fu_6336_p2   |       xor|   0|  0|    2|           1|           1|
    |xor_ln194_133_fu_6360_p2   |       xor|   0|  0|    2|           1|           1|
    |xor_ln194_134_fu_6382_p2   |       xor|   0|  0|    2|           1|           1|
    |xor_ln194_135_fu_6406_p2   |       xor|   0|  0|    2|           1|           1|
    |xor_ln194_136_fu_6428_p2   |       xor|   0|  0|    2|           1|           1|
    |xor_ln194_137_fu_6452_p2   |       xor|   0|  0|    2|           1|           1|
    |xor_ln194_138_fu_6474_p2   |       xor|   0|  0|    2|           1|           1|
    |xor_ln194_139_fu_6498_p2   |       xor|   0|  0|    2|           1|           1|
    |xor_ln194_13_fu_3600_p2    |       xor|   0|  0|    2|           1|           1|
    |xor_ln194_140_fu_6520_p2   |       xor|   0|  0|    2|           1|           1|
    |xor_ln194_141_fu_6544_p2   |       xor|   0|  0|    2|           1|           1|
    |xor_ln194_142_fu_6566_p2   |       xor|   0|  0|    2|           1|           1|
    |xor_ln194_143_fu_6590_p2   |       xor|   0|  0|    2|           1|           1|
    |xor_ln194_144_fu_6612_p2   |       xor|   0|  0|    2|           1|           1|
    |xor_ln194_145_fu_6636_p2   |       xor|   0|  0|    2|           1|           1|
    |xor_ln194_146_fu_6658_p2   |       xor|   0|  0|    2|           1|           1|
    |xor_ln194_147_fu_6682_p2   |       xor|   0|  0|    2|           1|           1|
    |xor_ln194_148_fu_6704_p2   |       xor|   0|  0|    2|           1|           1|
    |xor_ln194_149_fu_6728_p2   |       xor|   0|  0|    2|           1|           1|
    |xor_ln194_14_fu_3622_p2    |       xor|   0|  0|    2|           1|           1|
    |xor_ln194_150_fu_6750_p2   |       xor|   0|  0|    2|           1|           1|
    |xor_ln194_151_fu_6774_p2   |       xor|   0|  0|    2|           1|           1|
    |xor_ln194_152_fu_6796_p2   |       xor|   0|  0|    2|           1|           1|
    |xor_ln194_153_fu_6820_p2   |       xor|   0|  0|    2|           1|           1|
    |xor_ln194_154_fu_6842_p2   |       xor|   0|  0|    2|           1|           1|
    |xor_ln194_155_fu_6866_p2   |       xor|   0|  0|    2|           1|           1|
    |xor_ln194_156_fu_6888_p2   |       xor|   0|  0|    2|           1|           1|
    |xor_ln194_157_fu_6912_p2   |       xor|   0|  0|    2|           1|           1|
    |xor_ln194_158_fu_6934_p2   |       xor|   0|  0|    2|           1|           1|
    |xor_ln194_159_fu_6958_p2   |       xor|   0|  0|    2|           1|           1|
    |xor_ln194_15_fu_3646_p2    |       xor|   0|  0|    2|           1|           1|
    |xor_ln194_160_fu_6980_p2   |       xor|   0|  0|    2|           1|           1|
    |xor_ln194_161_fu_7004_p2   |       xor|   0|  0|    2|           1|           1|
    |xor_ln194_162_fu_7026_p2   |       xor|   0|  0|    2|           1|           1|
    |xor_ln194_163_fu_7050_p2   |       xor|   0|  0|    2|           1|           1|
    |xor_ln194_164_fu_7072_p2   |       xor|   0|  0|    2|           1|           1|
    |xor_ln194_165_fu_7096_p2   |       xor|   0|  0|    2|           1|           1|
    |xor_ln194_166_fu_7118_p2   |       xor|   0|  0|    2|           1|           1|
    |xor_ln194_167_fu_7142_p2   |       xor|   0|  0|    2|           1|           1|
    |xor_ln194_168_fu_7164_p2   |       xor|   0|  0|    2|           1|           1|
    |xor_ln194_169_fu_7188_p2   |       xor|   0|  0|    2|           1|           1|
    |xor_ln194_16_fu_3668_p2    |       xor|   0|  0|    2|           1|           1|
    |xor_ln194_170_fu_7210_p2   |       xor|   0|  0|    2|           1|           1|
    |xor_ln194_171_fu_7234_p2   |       xor|   0|  0|    2|           1|           1|
    |xor_ln194_172_fu_7256_p2   |       xor|   0|  0|    2|           1|           1|
    |xor_ln194_173_fu_7280_p2   |       xor|   0|  0|    2|           1|           1|
    |xor_ln194_174_fu_7302_p2   |       xor|   0|  0|    2|           1|           1|
    |xor_ln194_175_fu_7326_p2   |       xor|   0|  0|    2|           1|           1|
    |xor_ln194_176_fu_7348_p2   |       xor|   0|  0|    2|           1|           1|
    |xor_ln194_177_fu_7372_p2   |       xor|   0|  0|    2|           1|           1|
    |xor_ln194_178_fu_7394_p2   |       xor|   0|  0|    2|           1|           1|
    |xor_ln194_179_fu_7418_p2   |       xor|   0|  0|    2|           1|           1|
    |xor_ln194_17_fu_3692_p2    |       xor|   0|  0|    2|           1|           1|
    |xor_ln194_180_fu_7440_p2   |       xor|   0|  0|    2|           1|           1|
    |xor_ln194_181_fu_7464_p2   |       xor|   0|  0|    2|           1|           1|
    |xor_ln194_182_fu_7486_p2   |       xor|   0|  0|    2|           1|           1|
    |xor_ln194_183_fu_7510_p2   |       xor|   0|  0|    2|           1|           1|
    |xor_ln194_184_fu_7532_p2   |       xor|   0|  0|    2|           1|           1|
    |xor_ln194_185_fu_7556_p2   |       xor|   0|  0|    2|           1|           1|
    |xor_ln194_186_fu_7578_p2   |       xor|   0|  0|    2|           1|           1|
    |xor_ln194_187_fu_7602_p2   |       xor|   0|  0|    2|           1|           1|
    |xor_ln194_188_fu_7624_p2   |       xor|   0|  0|    2|           1|           1|
    |xor_ln194_189_fu_7648_p2   |       xor|   0|  0|    2|           1|           1|
    |xor_ln194_18_fu_3714_p2    |       xor|   0|  0|    2|           1|           1|
    |xor_ln194_190_fu_7670_p2   |       xor|   0|  0|    2|           1|           1|
    |xor_ln194_191_fu_7694_p2   |       xor|   0|  0|    2|           1|           1|
    |xor_ln194_192_fu_7716_p2   |       xor|   0|  0|    2|           1|           1|
    |xor_ln194_193_fu_7740_p2   |       xor|   0|  0|    2|           1|           1|
    |xor_ln194_194_fu_7762_p2   |       xor|   0|  0|    2|           1|           1|
    |xor_ln194_195_fu_7786_p2   |       xor|   0|  0|    2|           1|           1|
    |xor_ln194_196_fu_7808_p2   |       xor|   0|  0|    2|           1|           1|
    |xor_ln194_197_fu_7832_p2   |       xor|   0|  0|    2|           1|           1|
    |xor_ln194_198_fu_7854_p2   |       xor|   0|  0|    2|           1|           1|
    |xor_ln194_199_fu_7878_p2   |       xor|   0|  0|    2|           1|           1|
    |xor_ln194_19_fu_3738_p2    |       xor|   0|  0|    2|           1|           1|
    |xor_ln194_1_fu_3324_p2     |       xor|   0|  0|    2|           1|           1|
    |xor_ln194_200_fu_7900_p2   |       xor|   0|  0|    2|           1|           1|
    |xor_ln194_201_fu_7924_p2   |       xor|   0|  0|    2|           1|           1|
    |xor_ln194_202_fu_7946_p2   |       xor|   0|  0|    2|           1|           1|
    |xor_ln194_203_fu_7970_p2   |       xor|   0|  0|    2|           1|           1|
    |xor_ln194_204_fu_7992_p2   |       xor|   0|  0|    2|           1|           1|
    |xor_ln194_205_fu_8016_p2   |       xor|   0|  0|    2|           1|           1|
    |xor_ln194_206_fu_8038_p2   |       xor|   0|  0|    2|           1|           1|
    |xor_ln194_207_fu_8062_p2   |       xor|   0|  0|    2|           1|           1|
    |xor_ln194_208_fu_8084_p2   |       xor|   0|  0|    2|           1|           1|
    |xor_ln194_209_fu_8108_p2   |       xor|   0|  0|    2|           1|           1|
    |xor_ln194_20_fu_3760_p2    |       xor|   0|  0|    2|           1|           1|
    |xor_ln194_210_fu_8130_p2   |       xor|   0|  0|    2|           1|           1|
    |xor_ln194_211_fu_8154_p2   |       xor|   0|  0|    2|           1|           1|
    |xor_ln194_212_fu_8176_p2   |       xor|   0|  0|    2|           1|           1|
    |xor_ln194_213_fu_8200_p2   |       xor|   0|  0|    2|           1|           1|
    |xor_ln194_214_fu_8222_p2   |       xor|   0|  0|    2|           1|           1|
    |xor_ln194_215_fu_8246_p2   |       xor|   0|  0|    2|           1|           1|
    |xor_ln194_216_fu_8268_p2   |       xor|   0|  0|    2|           1|           1|
    |xor_ln194_217_fu_8292_p2   |       xor|   0|  0|    2|           1|           1|
    |xor_ln194_218_fu_8314_p2   |       xor|   0|  0|    2|           1|           1|
    |xor_ln194_219_fu_8338_p2   |       xor|   0|  0|    2|           1|           1|
    |xor_ln194_21_fu_3784_p2    |       xor|   0|  0|    2|           1|           1|
    |xor_ln194_220_fu_8360_p2   |       xor|   0|  0|    2|           1|           1|
    |xor_ln194_221_fu_8384_p2   |       xor|   0|  0|    2|           1|           1|
    |xor_ln194_222_fu_8406_p2   |       xor|   0|  0|    2|           1|           1|
    |xor_ln194_223_fu_8430_p2   |       xor|   0|  0|    2|           1|           1|
    |xor_ln194_224_fu_8452_p2   |       xor|   0|  0|    2|           1|           1|
    |xor_ln194_225_fu_8476_p2   |       xor|   0|  0|    2|           1|           1|
    |xor_ln194_226_fu_8498_p2   |       xor|   0|  0|    2|           1|           1|
    |xor_ln194_227_fu_8522_p2   |       xor|   0|  0|    2|           1|           1|
    |xor_ln194_228_fu_8544_p2   |       xor|   0|  0|    2|           1|           1|
    |xor_ln194_229_fu_8568_p2   |       xor|   0|  0|    2|           1|           1|
    |xor_ln194_22_fu_3806_p2    |       xor|   0|  0|    2|           1|           1|
    |xor_ln194_230_fu_8590_p2   |       xor|   0|  0|    2|           1|           1|
    |xor_ln194_231_fu_8614_p2   |       xor|   0|  0|    2|           1|           1|
    |xor_ln194_232_fu_8636_p2   |       xor|   0|  0|    2|           1|           1|
    |xor_ln194_233_fu_8660_p2   |       xor|   0|  0|    2|           1|           1|
    |xor_ln194_234_fu_8682_p2   |       xor|   0|  0|    2|           1|           1|
    |xor_ln194_235_fu_8706_p2   |       xor|   0|  0|    2|           1|           1|
    |xor_ln194_236_fu_8728_p2   |       xor|   0|  0|    2|           1|           1|
    |xor_ln194_237_fu_8752_p2   |       xor|   0|  0|    2|           1|           1|
    |xor_ln194_238_fu_8774_p2   |       xor|   0|  0|    2|           1|           1|
    |xor_ln194_239_fu_8798_p2   |       xor|   0|  0|    2|           1|           1|
    |xor_ln194_23_fu_3830_p2    |       xor|   0|  0|    2|           1|           1|
    |xor_ln194_240_fu_8820_p2   |       xor|   0|  0|    2|           1|           1|
    |xor_ln194_241_fu_8844_p2   |       xor|   0|  0|    2|           1|           1|
    |xor_ln194_242_fu_8866_p2   |       xor|   0|  0|    2|           1|           1|
    |xor_ln194_243_fu_8890_p2   |       xor|   0|  0|    2|           1|           1|
    |xor_ln194_244_fu_8912_p2   |       xor|   0|  0|    2|           1|           1|
    |xor_ln194_245_fu_8936_p2   |       xor|   0|  0|    2|           1|           1|
    |xor_ln194_246_fu_8958_p2   |       xor|   0|  0|    2|           1|           1|
    |xor_ln194_247_fu_8982_p2   |       xor|   0|  0|    2|           1|           1|
    |xor_ln194_248_fu_9004_p2   |       xor|   0|  0|    2|           1|           1|
    |xor_ln194_249_fu_9028_p2   |       xor|   0|  0|    2|           1|           1|
    |xor_ln194_24_fu_3852_p2    |       xor|   0|  0|    2|           1|           1|
    |xor_ln194_250_fu_9050_p2   |       xor|   0|  0|    2|           1|           1|
    |xor_ln194_251_fu_9074_p2   |       xor|   0|  0|    2|           1|           1|
    |xor_ln194_252_fu_9096_p2   |       xor|   0|  0|    2|           1|           1|
    |xor_ln194_253_fu_9120_p2   |       xor|   0|  0|    2|           1|           1|
    |xor_ln194_254_fu_9142_p2   |       xor|   0|  0|    2|           1|           1|
    |xor_ln194_255_fu_9166_p2   |       xor|   0|  0|    2|           1|           1|
    |xor_ln194_256_fu_9188_p2   |       xor|   0|  0|    2|           1|           1|
    |xor_ln194_257_fu_9212_p2   |       xor|   0|  0|    2|           1|           1|
    |xor_ln194_258_fu_9234_p2   |       xor|   0|  0|    2|           1|           1|
    |xor_ln194_259_fu_9258_p2   |       xor|   0|  0|    2|           1|           1|
    |xor_ln194_25_fu_3876_p2    |       xor|   0|  0|    2|           1|           1|
    |xor_ln194_260_fu_9280_p2   |       xor|   0|  0|    2|           1|           1|
    |xor_ln194_261_fu_9304_p2   |       xor|   0|  0|    2|           1|           1|
    |xor_ln194_262_fu_9326_p2   |       xor|   0|  0|    2|           1|           1|
    |xor_ln194_263_fu_9350_p2   |       xor|   0|  0|    2|           1|           1|
    |xor_ln194_264_fu_9372_p2   |       xor|   0|  0|    2|           1|           1|
    |xor_ln194_265_fu_9396_p2   |       xor|   0|  0|    2|           1|           1|
    |xor_ln194_266_fu_9418_p2   |       xor|   0|  0|    2|           1|           1|
    |xor_ln194_267_fu_9442_p2   |       xor|   0|  0|    2|           1|           1|
    |xor_ln194_268_fu_9464_p2   |       xor|   0|  0|    2|           1|           1|
    |xor_ln194_269_fu_9488_p2   |       xor|   0|  0|    2|           1|           1|
    |xor_ln194_26_fu_3898_p2    |       xor|   0|  0|    2|           1|           1|
    |xor_ln194_270_fu_9510_p2   |       xor|   0|  0|    2|           1|           1|
    |xor_ln194_271_fu_9534_p2   |       xor|   0|  0|    2|           1|           1|
    |xor_ln194_272_fu_9556_p2   |       xor|   0|  0|    2|           1|           1|
    |xor_ln194_273_fu_9580_p2   |       xor|   0|  0|    2|           1|           1|
    |xor_ln194_274_fu_9602_p2   |       xor|   0|  0|    2|           1|           1|
    |xor_ln194_275_fu_9626_p2   |       xor|   0|  0|    2|           1|           1|
    |xor_ln194_276_fu_9648_p2   |       xor|   0|  0|    2|           1|           1|
    |xor_ln194_277_fu_9672_p2   |       xor|   0|  0|    2|           1|           1|
    |xor_ln194_278_fu_9694_p2   |       xor|   0|  0|    2|           1|           1|
    |xor_ln194_279_fu_9718_p2   |       xor|   0|  0|    2|           1|           1|
    |xor_ln194_27_fu_3922_p2    |       xor|   0|  0|    2|           1|           1|
    |xor_ln194_280_fu_9740_p2   |       xor|   0|  0|    2|           1|           1|
    |xor_ln194_281_fu_9764_p2   |       xor|   0|  0|    2|           1|           1|
    |xor_ln194_282_fu_9786_p2   |       xor|   0|  0|    2|           1|           1|
    |xor_ln194_283_fu_9810_p2   |       xor|   0|  0|    2|           1|           1|
    |xor_ln194_284_fu_9832_p2   |       xor|   0|  0|    2|           1|           1|
    |xor_ln194_285_fu_9856_p2   |       xor|   0|  0|    2|           1|           1|
    |xor_ln194_286_fu_9878_p2   |       xor|   0|  0|    2|           1|           1|
    |xor_ln194_287_fu_9902_p2   |       xor|   0|  0|    2|           1|           1|
    |xor_ln194_288_fu_9924_p2   |       xor|   0|  0|    2|           1|           1|
    |xor_ln194_289_fu_9948_p2   |       xor|   0|  0|    2|           1|           1|
    |xor_ln194_28_fu_3944_p2    |       xor|   0|  0|    2|           1|           1|
    |xor_ln194_290_fu_9970_p2   |       xor|   0|  0|    2|           1|           1|
    |xor_ln194_291_fu_9994_p2   |       xor|   0|  0|    2|           1|           1|
    |xor_ln194_292_fu_10016_p2  |       xor|   0|  0|    2|           1|           1|
    |xor_ln194_293_fu_10040_p2  |       xor|   0|  0|    2|           1|           1|
    |xor_ln194_294_fu_10062_p2  |       xor|   0|  0|    2|           1|           1|
    |xor_ln194_295_fu_10086_p2  |       xor|   0|  0|    2|           1|           1|
    |xor_ln194_296_fu_10108_p2  |       xor|   0|  0|    2|           1|           1|
    |xor_ln194_297_fu_10132_p2  |       xor|   0|  0|    2|           1|           1|
    |xor_ln194_298_fu_10154_p2  |       xor|   0|  0|    2|           1|           1|
    |xor_ln194_299_fu_10178_p2  |       xor|   0|  0|    2|           1|           1|
    |xor_ln194_29_fu_3968_p2    |       xor|   0|  0|    2|           1|           1|
    |xor_ln194_2_fu_3346_p2     |       xor|   0|  0|    2|           1|           1|
    |xor_ln194_30_fu_3990_p2    |       xor|   0|  0|    2|           1|           1|
    |xor_ln194_31_fu_4014_p2    |       xor|   0|  0|    2|           1|           1|
    |xor_ln194_32_fu_4036_p2    |       xor|   0|  0|    2|           1|           1|
    |xor_ln194_33_fu_4060_p2    |       xor|   0|  0|    2|           1|           1|
    |xor_ln194_34_fu_4082_p2    |       xor|   0|  0|    2|           1|           1|
    |xor_ln194_35_fu_4106_p2    |       xor|   0|  0|    2|           1|           1|
    |xor_ln194_36_fu_4128_p2    |       xor|   0|  0|    2|           1|           1|
    |xor_ln194_37_fu_4152_p2    |       xor|   0|  0|    2|           1|           1|
    |xor_ln194_38_fu_4174_p2    |       xor|   0|  0|    2|           1|           1|
    |xor_ln194_39_fu_4198_p2    |       xor|   0|  0|    2|           1|           1|
    |xor_ln194_3_fu_3370_p2     |       xor|   0|  0|    2|           1|           1|
    |xor_ln194_40_fu_4220_p2    |       xor|   0|  0|    2|           1|           1|
    |xor_ln194_41_fu_4244_p2    |       xor|   0|  0|    2|           1|           1|
    |xor_ln194_42_fu_4266_p2    |       xor|   0|  0|    2|           1|           1|
    |xor_ln194_43_fu_4290_p2    |       xor|   0|  0|    2|           1|           1|
    |xor_ln194_44_fu_4312_p2    |       xor|   0|  0|    2|           1|           1|
    |xor_ln194_45_fu_4336_p2    |       xor|   0|  0|    2|           1|           1|
    |xor_ln194_46_fu_4358_p2    |       xor|   0|  0|    2|           1|           1|
    |xor_ln194_47_fu_4382_p2    |       xor|   0|  0|    2|           1|           1|
    |xor_ln194_48_fu_4404_p2    |       xor|   0|  0|    2|           1|           1|
    |xor_ln194_49_fu_4428_p2    |       xor|   0|  0|    2|           1|           1|
    |xor_ln194_4_fu_3392_p2     |       xor|   0|  0|    2|           1|           1|
    |xor_ln194_50_fu_4450_p2    |       xor|   0|  0|    2|           1|           1|
    |xor_ln194_51_fu_4474_p2    |       xor|   0|  0|    2|           1|           1|
    |xor_ln194_52_fu_4496_p2    |       xor|   0|  0|    2|           1|           1|
    |xor_ln194_53_fu_4520_p2    |       xor|   0|  0|    2|           1|           1|
    |xor_ln194_54_fu_4542_p2    |       xor|   0|  0|    2|           1|           1|
    |xor_ln194_55_fu_4566_p2    |       xor|   0|  0|    2|           1|           1|
    |xor_ln194_56_fu_4588_p2    |       xor|   0|  0|    2|           1|           1|
    |xor_ln194_57_fu_4612_p2    |       xor|   0|  0|    2|           1|           1|
    |xor_ln194_58_fu_4634_p2    |       xor|   0|  0|    2|           1|           1|
    |xor_ln194_59_fu_4658_p2    |       xor|   0|  0|    2|           1|           1|
    |xor_ln194_5_fu_3416_p2     |       xor|   0|  0|    2|           1|           1|
    |xor_ln194_60_fu_4680_p2    |       xor|   0|  0|    2|           1|           1|
    |xor_ln194_61_fu_4704_p2    |       xor|   0|  0|    2|           1|           1|
    |xor_ln194_62_fu_4726_p2    |       xor|   0|  0|    2|           1|           1|
    |xor_ln194_63_fu_4750_p2    |       xor|   0|  0|    2|           1|           1|
    |xor_ln194_64_fu_4772_p2    |       xor|   0|  0|    2|           1|           1|
    |xor_ln194_65_fu_4796_p2    |       xor|   0|  0|    2|           1|           1|
    |xor_ln194_66_fu_4818_p2    |       xor|   0|  0|    2|           1|           1|
    |xor_ln194_67_fu_4842_p2    |       xor|   0|  0|    2|           1|           1|
    |xor_ln194_68_fu_4864_p2    |       xor|   0|  0|    2|           1|           1|
    |xor_ln194_69_fu_4888_p2    |       xor|   0|  0|    2|           1|           1|
    |xor_ln194_6_fu_3438_p2     |       xor|   0|  0|    2|           1|           1|
    |xor_ln194_70_fu_4910_p2    |       xor|   0|  0|    2|           1|           1|
    |xor_ln194_71_fu_4934_p2    |       xor|   0|  0|    2|           1|           1|
    |xor_ln194_72_fu_4956_p2    |       xor|   0|  0|    2|           1|           1|
    |xor_ln194_73_fu_4980_p2    |       xor|   0|  0|    2|           1|           1|
    |xor_ln194_74_fu_5002_p2    |       xor|   0|  0|    2|           1|           1|
    |xor_ln194_75_fu_5026_p2    |       xor|   0|  0|    2|           1|           1|
    |xor_ln194_76_fu_5048_p2    |       xor|   0|  0|    2|           1|           1|
    |xor_ln194_77_fu_5072_p2    |       xor|   0|  0|    2|           1|           1|
    |xor_ln194_78_fu_5094_p2    |       xor|   0|  0|    2|           1|           1|
    |xor_ln194_79_fu_5118_p2    |       xor|   0|  0|    2|           1|           1|
    |xor_ln194_7_fu_3462_p2     |       xor|   0|  0|    2|           1|           1|
    |xor_ln194_80_fu_5140_p2    |       xor|   0|  0|    2|           1|           1|
    |xor_ln194_81_fu_5164_p2    |       xor|   0|  0|    2|           1|           1|
    |xor_ln194_82_fu_5186_p2    |       xor|   0|  0|    2|           1|           1|
    |xor_ln194_83_fu_5210_p2    |       xor|   0|  0|    2|           1|           1|
    |xor_ln194_84_fu_5232_p2    |       xor|   0|  0|    2|           1|           1|
    |xor_ln194_85_fu_5256_p2    |       xor|   0|  0|    2|           1|           1|
    |xor_ln194_86_fu_5278_p2    |       xor|   0|  0|    2|           1|           1|
    |xor_ln194_87_fu_5302_p2    |       xor|   0|  0|    2|           1|           1|
    |xor_ln194_88_fu_5324_p2    |       xor|   0|  0|    2|           1|           1|
    |xor_ln194_89_fu_5348_p2    |       xor|   0|  0|    2|           1|           1|
    |xor_ln194_8_fu_3484_p2     |       xor|   0|  0|    2|           1|           1|
    |xor_ln194_90_fu_5370_p2    |       xor|   0|  0|    2|           1|           1|
    |xor_ln194_91_fu_5394_p2    |       xor|   0|  0|    2|           1|           1|
    |xor_ln194_92_fu_5416_p2    |       xor|   0|  0|    2|           1|           1|
    |xor_ln194_93_fu_5440_p2    |       xor|   0|  0|    2|           1|           1|
    |xor_ln194_94_fu_5462_p2    |       xor|   0|  0|    2|           1|           1|
    |xor_ln194_95_fu_5486_p2    |       xor|   0|  0|    2|           1|           1|
    |xor_ln194_96_fu_5508_p2    |       xor|   0|  0|    2|           1|           1|
    |xor_ln194_97_fu_5532_p2    |       xor|   0|  0|    2|           1|           1|
    |xor_ln194_98_fu_5554_p2    |       xor|   0|  0|    2|           1|           1|
    |xor_ln194_99_fu_5578_p2    |       xor|   0|  0|    2|           1|           1|
    |xor_ln194_9_fu_3508_p2     |       xor|   0|  0|    2|           1|           1|
    |xor_ln194_fu_3294_p2       |       xor|   0|  0|    2|           1|           1|
    +---------------------------+----------+----+---+-----+------------+------------+
    |Total                      |          |   0|  0|44043|       25651|       39340|
    +---------------------------+----------+----+---+-----+------------+------------+

    * Multiplexer: 
    +-----------+-----+-----------+-----+-----------+
    |    Name   | LUT | Input Size| Bits| Total Bits|
    +-----------+-----+-----------+-----+-----------+
    |ap_NS_fsm  |  812|        154|    1|        154|
    |ap_return  |    9|          2|   40|         80|
    +-----------+-----+-----------+-----+-----------+
    |Total      |  821|        156|   41|        234|
    +-----------+-----+-----------+-----+-----------+

    * Register: 
    +------------------------+-----+----+-----+-----------+
    |          Name          |  FF | LUT| Bits| Const Bits|
    +------------------------+-----+----+-----+-----------+
    |add_ln183_12_reg_10885  |   40|   0|   40|          0|
    |add_ln183_14_reg_10890  |   40|   0|   40|          0|
    |add_ln183_16_reg_10895  |   40|   0|   40|          0|
    |add_ln183_19_reg_10900  |   40|   0|   40|          0|
    |add_ln183_22_reg_10971  |   40|   0|   40|          0|
    |add_ln183_3_reg_10870   |   40|   0|   40|          0|
    |add_ln183_4_reg_10961   |   40|   0|   40|          0|
    |add_ln183_5_reg_10875   |   40|   0|   40|          0|
    |add_ln183_8_reg_10880   |   40|   0|   40|          0|
    |add_ln183_9_reg_10966   |   40|   0|   40|          0|
    |add_ln183_reg_10865     |   40|   0|   40|          0|
    |ap_CS_fsm               |  153|   0|  153|          0|
    |ap_return_preg          |   40|   0|   40|          0|
    |e_104_reg_11078         |   40|   0|   40|          0|
    |e_110_reg_11084         |   40|   0|   40|          0|
    |e_116_reg_11090         |   40|   0|   40|          0|
    |e_122_reg_11096         |   40|   0|   40|          0|
    |e_128_reg_11102         |   40|   0|   40|          0|
    |e_134_reg_11108         |   40|   0|   40|          0|
    |e_140_reg_11114         |   40|   0|   40|          0|
    |e_146_reg_11120         |   40|   0|   40|          0|
    |e_14_reg_10988          |   40|   0|   40|          0|
    |e_152_reg_11126         |   40|   0|   40|          0|
    |e_158_reg_11132         |   40|   0|   40|          0|
    |e_164_reg_11138         |   40|   0|   40|          0|
    |e_170_reg_11144         |   40|   0|   40|          0|
    |e_176_reg_11150         |   40|   0|   40|          0|
    |e_182_reg_11156         |   40|   0|   40|          0|
    |e_188_reg_11162         |   40|   0|   40|          0|
    |e_194_reg_11168         |   40|   0|   40|          0|
    |e_200_reg_11174         |   40|   0|   40|          0|
    |e_206_reg_11180         |   40|   0|   40|          0|
    |e_20_reg_10994          |   40|   0|   40|          0|
    |e_212_reg_11186         |   40|   0|   40|          0|
    |e_218_reg_11192         |   40|   0|   40|          0|
    |e_224_reg_11198         |   40|   0|   40|          0|
    |e_230_reg_11204         |   40|   0|   40|          0|
    |e_236_reg_11210         |   40|   0|   40|          0|
    |e_242_reg_11216         |   40|   0|   40|          0|
    |e_248_reg_11222         |   40|   0|   40|          0|
    |e_254_reg_11228         |   40|   0|   40|          0|
    |e_260_reg_11234         |   40|   0|   40|          0|
    |e_266_reg_11240         |   40|   0|   40|          0|
    |e_26_reg_11000          |   40|   0|   40|          0|
    |e_272_reg_11246         |   40|   0|   40|          0|
    |e_278_reg_11252         |   40|   0|   40|          0|
    |e_284_reg_11258         |   40|   0|   40|          0|
    |e_290_reg_11264         |   40|   0|   40|          0|
    |e_296_reg_11270         |   40|   0|   40|          0|
    |e_2_reg_10976           |   40|   0|   40|          0|
    |e_302_reg_11276         |   40|   0|   40|          0|
    |e_308_reg_11282         |   40|   0|   40|          0|
    |e_314_reg_11288         |   40|   0|   40|          0|
    |e_320_reg_11294         |   40|   0|   40|          0|
    |e_326_reg_11300         |   40|   0|   40|          0|
    |e_32_reg_11006          |   40|   0|   40|          0|
    |e_332_reg_11306         |   40|   0|   40|          0|
    |e_338_reg_11312         |   40|   0|   40|          0|
    |e_344_reg_11318         |   40|   0|   40|          0|
    |e_350_reg_11324         |   40|   0|   40|          0|
    |e_356_reg_11330         |   40|   0|   40|          0|
    |e_362_reg_11336         |   40|   0|   40|          0|
    |e_368_reg_11342         |   40|   0|   40|          0|
    |e_374_reg_11348         |   40|   0|   40|          0|
    |e_380_reg_11354         |   40|   0|   40|          0|
    |e_386_reg_11360         |   40|   0|   40|          0|
    |e_38_reg_11012          |   40|   0|   40|          0|
    |e_392_reg_11366         |   40|   0|   40|          0|
    |e_398_reg_11372         |   40|   0|   40|          0|
    |e_404_reg_11378         |   40|   0|   40|          0|
    |e_410_reg_11384         |   40|   0|   40|          0|
    |e_416_reg_11390         |   40|   0|   40|          0|
    |e_422_reg_11396         |   40|   0|   40|          0|
    |e_428_reg_11402         |   40|   0|   40|          0|
    |e_434_reg_11408         |   40|   0|   40|          0|
    |e_440_reg_11414         |   40|   0|   40|          0|
    |e_446_reg_11420         |   40|   0|   40|          0|
    |e_44_reg_11018          |   40|   0|   40|          0|
    |e_452_reg_11426         |   40|   0|   40|          0|
    |e_458_reg_11432         |   40|   0|   40|          0|
    |e_464_reg_11438         |   40|   0|   40|          0|
    |e_470_reg_11444         |   40|   0|   40|          0|
    |e_476_reg_11450         |   40|   0|   40|          0|
    |e_482_reg_11456         |   40|   0|   40|          0|
    |e_488_reg_11462         |   40|   0|   40|          0|
    |e_494_reg_11468         |   40|   0|   40|          0|
    |e_500_reg_11474         |   40|   0|   40|          0|
    |e_506_reg_11480         |   40|   0|   40|          0|
    |e_50_reg_11024          |   40|   0|   40|          0|
    |e_512_reg_11486         |   40|   0|   40|          0|
    |e_518_reg_11492         |   40|   0|   40|          0|
    |e_524_reg_11498         |   40|   0|   40|          0|
    |e_530_reg_11504         |   40|   0|   40|          0|
    |e_536_reg_11510         |   40|   0|   40|          0|
    |e_542_reg_11516         |   40|   0|   40|          0|
    |e_548_reg_11522         |   40|   0|   40|          0|
    |e_554_reg_11528         |   40|   0|   40|          0|
    |e_560_reg_11534         |   40|   0|   40|          0|
    |e_566_reg_11540         |   40|   0|   40|          0|
    |e_56_reg_11030          |   40|   0|   40|          0|
    |e_572_reg_11546         |   40|   0|   40|          0|
    |e_578_reg_11552         |   40|   0|   40|          0|
    |e_584_reg_11558         |   40|   0|   40|          0|
    |e_590_reg_11564         |   40|   0|   40|          0|
    |e_596_reg_11570         |   40|   0|   40|          0|
    |e_602_reg_11576         |   40|   0|   40|          0|
    |e_608_reg_11582         |   40|   0|   40|          0|
    |e_614_reg_11588         |   40|   0|   40|          0|
    |e_620_reg_11594         |   40|   0|   40|          0|
    |e_626_reg_11600         |   40|   0|   40|          0|
    |e_62_reg_11036          |   40|   0|   40|          0|
    |e_632_reg_11606         |   40|   0|   40|          0|
    |e_638_reg_11612         |   40|   0|   40|          0|
    |e_644_reg_11618         |   40|   0|   40|          0|
    |e_650_reg_11624         |   40|   0|   40|          0|
    |e_656_reg_11630         |   40|   0|   40|          0|
    |e_662_reg_11636         |   40|   0|   40|          0|
    |e_668_reg_11642         |   40|   0|   40|          0|
    |e_674_reg_11648         |   40|   0|   40|          0|
    |e_680_reg_11654         |   40|   0|   40|          0|
    |e_686_reg_11660         |   40|   0|   40|          0|
    |e_68_reg_11042          |   40|   0|   40|          0|
    |e_692_reg_11666         |   40|   0|   40|          0|
    |e_698_reg_11672         |   40|   0|   40|          0|
    |e_704_reg_11678         |   40|   0|   40|          0|
    |e_710_reg_11684         |   40|   0|   40|          0|
    |e_716_reg_11690         |   40|   0|   40|          0|
    |e_722_reg_11696         |   40|   0|   40|          0|
    |e_728_reg_11702         |   40|   0|   40|          0|
    |e_734_reg_11708         |   40|   0|   40|          0|
    |e_740_reg_11714         |   40|   0|   40|          0|
    |e_746_reg_11720         |   40|   0|   40|          0|
    |e_74_reg_11048          |   40|   0|   40|          0|
    |e_752_reg_11726         |   40|   0|   40|          0|
    |e_758_reg_11732         |   40|   0|   40|          0|
    |e_764_reg_11738         |   40|   0|   40|          0|
    |e_770_reg_11744         |   40|   0|   40|          0|
    |e_776_reg_11750         |   40|   0|   40|          0|
    |e_782_reg_11756         |   40|   0|   40|          0|
    |e_788_reg_11762         |   40|   0|   40|          0|
    |e_794_reg_11768         |   40|   0|   40|          0|
    |e_800_reg_11774         |   40|   0|   40|          0|
    |e_806_reg_11780         |   40|   0|   40|          0|
    |e_80_reg_11054          |   40|   0|   40|          0|
    |e_812_reg_11786         |   40|   0|   40|          0|
    |e_818_reg_11792         |   40|   0|   40|          0|
    |e_824_reg_11798         |   40|   0|   40|          0|
    |e_830_reg_11804         |   40|   0|   40|          0|
    |e_836_reg_11810         |   40|   0|   40|          0|
    |e_842_reg_11816         |   40|   0|   40|          0|
    |e_848_reg_11822         |   40|   0|   40|          0|
    |e_854_reg_11828         |   40|   0|   40|          0|
    |e_860_reg_11834         |   40|   0|   40|          0|
    |e_866_reg_11840         |   40|   0|   40|          0|
    |e_86_reg_11060          |   40|   0|   40|          0|
    |e_872_reg_11846         |   40|   0|   40|          0|
    |e_878_reg_11852         |   40|   0|   40|          0|
    |e_884_reg_11858         |   40|   0|   40|          0|
    |e_890_reg_11864         |   40|   0|   40|          0|
    |e_896_reg_11870         |   40|   0|   40|          0|
    |e_8_reg_10982           |   40|   0|   40|          0|
    |e_92_reg_11066          |   40|   0|   40|          0|
    |e_98_reg_11072          |   40|   0|   40|          0|
    |term_11_reg_10860       |   40|   0|   40|          0|
    |term_6_reg_10850        |   40|   0|   40|          0|
    |term_9_reg_10855        |   40|   0|   40|          0|
    +------------------------+-----+----+-----+-----------+
    |Total                   | 6753|   0| 6753|          0|
    +------------------------+-----+----+-----+-----------+



================================================================
== Interface
================================================================
* Summary: 
+-------------+-----+-----+------------+----------------------+--------------+
|  RTL Ports  | Dir | Bits|  Protocol  |     Source Object    |    C Type    |
+-------------+-----+-----+------------+----------------------+--------------+
|ap_clk       |   in|    1|  ap_ctrl_hs|  uniform_delta_energy|  return value|
|ap_rst       |   in|    1|  ap_ctrl_hs|  uniform_delta_energy|  return value|
|ap_start     |   in|    1|  ap_ctrl_hs|  uniform_delta_energy|  return value|
|ap_done      |  out|    1|  ap_ctrl_hs|  uniform_delta_energy|  return value|
|ap_idle      |  out|    1|  ap_ctrl_hs|  uniform_delta_energy|  return value|
|ap_ready     |  out|    1|  ap_ctrl_hs|  uniform_delta_energy|  return value|
|ap_return    |  out|   40|  ap_ctrl_hs|  uniform_delta_energy|  return value|
|J_0_1_val    |   in|   40|     ap_none|             J_0_1_val|        scalar|
|J_0_2_val    |   in|   40|     ap_none|             J_0_2_val|        scalar|
|J_0_3_val    |   in|   40|     ap_none|             J_0_3_val|        scalar|
|J_0_4_val    |   in|   40|     ap_none|             J_0_4_val|        scalar|
|J_0_5_val    |   in|   40|     ap_none|             J_0_5_val|        scalar|
|J_0_6_val    |   in|   40|     ap_none|             J_0_6_val|        scalar|
|J_0_7_val    |   in|   40|     ap_none|             J_0_7_val|        scalar|
|J_0_8_val    |   in|   40|     ap_none|             J_0_8_val|        scalar|
|J_0_9_val    |   in|   40|     ap_none|             J_0_9_val|        scalar|
|J_0_10_val   |   in|   40|     ap_none|            J_0_10_val|        scalar|
|J_0_11_val   |   in|   40|     ap_none|            J_0_11_val|        scalar|
|J_0_12_val   |   in|   40|     ap_none|            J_0_12_val|        scalar|
|J_0_13_val   |   in|   40|     ap_none|            J_0_13_val|        scalar|
|J_0_14_val   |   in|   40|     ap_none|            J_0_14_val|        scalar|
|J_0_15_val   |   in|   40|     ap_none|            J_0_15_val|        scalar|
|J_0_16_val   |   in|   40|     ap_none|            J_0_16_val|        scalar|
|J_0_17_val   |   in|   40|     ap_none|            J_0_17_val|        scalar|
|J_0_18_val   |   in|   40|     ap_none|            J_0_18_val|        scalar|
|J_0_19_val   |   in|   40|     ap_none|            J_0_19_val|        scalar|
|J_0_20_val   |   in|   40|     ap_none|            J_0_20_val|        scalar|
|J_0_21_val   |   in|   40|     ap_none|            J_0_21_val|        scalar|
|J_0_22_val   |   in|   40|     ap_none|            J_0_22_val|        scalar|
|J_0_23_val   |   in|   40|     ap_none|            J_0_23_val|        scalar|
|J_0_24_val   |   in|   40|     ap_none|            J_0_24_val|        scalar|
|J_1_2_val    |   in|   40|     ap_none|             J_1_2_val|        scalar|
|J_1_3_val    |   in|   40|     ap_none|             J_1_3_val|        scalar|
|J_1_4_val    |   in|   40|     ap_none|             J_1_4_val|        scalar|
|J_1_5_val    |   in|   40|     ap_none|             J_1_5_val|        scalar|
|J_1_6_val    |   in|   40|     ap_none|             J_1_6_val|        scalar|
|J_1_7_val    |   in|   40|     ap_none|             J_1_7_val|        scalar|
|J_1_8_val    |   in|   40|     ap_none|             J_1_8_val|        scalar|
|J_1_9_val    |   in|   40|     ap_none|             J_1_9_val|        scalar|
|J_1_10_val   |   in|   40|     ap_none|            J_1_10_val|        scalar|
|J_1_11_val   |   in|   40|     ap_none|            J_1_11_val|        scalar|
|J_1_12_val   |   in|   40|     ap_none|            J_1_12_val|        scalar|
|J_1_13_val   |   in|   40|     ap_none|            J_1_13_val|        scalar|
|J_1_14_val   |   in|   40|     ap_none|            J_1_14_val|        scalar|
|J_1_15_val   |   in|   40|     ap_none|            J_1_15_val|        scalar|
|J_1_16_val   |   in|   40|     ap_none|            J_1_16_val|        scalar|
|J_1_17_val   |   in|   40|     ap_none|            J_1_17_val|        scalar|
|J_1_18_val   |   in|   40|     ap_none|            J_1_18_val|        scalar|
|J_1_19_val   |   in|   40|     ap_none|            J_1_19_val|        scalar|
|J_1_20_val   |   in|   40|     ap_none|            J_1_20_val|        scalar|
|J_1_21_val   |   in|   40|     ap_none|            J_1_21_val|        scalar|
|J_1_22_val   |   in|   40|     ap_none|            J_1_22_val|        scalar|
|J_1_23_val   |   in|   40|     ap_none|            J_1_23_val|        scalar|
|J_1_24_val   |   in|   40|     ap_none|            J_1_24_val|        scalar|
|J_2_3_val    |   in|   40|     ap_none|             J_2_3_val|        scalar|
|J_2_4_val    |   in|   40|     ap_none|             J_2_4_val|        scalar|
|J_2_5_val    |   in|   40|     ap_none|             J_2_5_val|        scalar|
|J_2_6_val    |   in|   40|     ap_none|             J_2_6_val|        scalar|
|J_2_7_val    |   in|   40|     ap_none|             J_2_7_val|        scalar|
|J_2_8_val    |   in|   40|     ap_none|             J_2_8_val|        scalar|
|J_2_9_val    |   in|   40|     ap_none|             J_2_9_val|        scalar|
|J_2_10_val   |   in|   40|     ap_none|            J_2_10_val|        scalar|
|J_2_11_val   |   in|   40|     ap_none|            J_2_11_val|        scalar|
|J_2_12_val   |   in|   40|     ap_none|            J_2_12_val|        scalar|
|J_2_13_val   |   in|   40|     ap_none|            J_2_13_val|        scalar|
|J_2_14_val   |   in|   40|     ap_none|            J_2_14_val|        scalar|
|J_2_15_val   |   in|   40|     ap_none|            J_2_15_val|        scalar|
|J_2_16_val   |   in|   40|     ap_none|            J_2_16_val|        scalar|
|J_2_17_val   |   in|   40|     ap_none|            J_2_17_val|        scalar|
|J_2_18_val   |   in|   40|     ap_none|            J_2_18_val|        scalar|
|J_2_19_val   |   in|   40|     ap_none|            J_2_19_val|        scalar|
|J_2_20_val   |   in|   40|     ap_none|            J_2_20_val|        scalar|
|J_2_21_val   |   in|   40|     ap_none|            J_2_21_val|        scalar|
|J_2_22_val   |   in|   40|     ap_none|            J_2_22_val|        scalar|
|J_2_23_val   |   in|   40|     ap_none|            J_2_23_val|        scalar|
|J_2_24_val   |   in|   40|     ap_none|            J_2_24_val|        scalar|
|J_3_4_val    |   in|   40|     ap_none|             J_3_4_val|        scalar|
|J_3_5_val    |   in|   40|     ap_none|             J_3_5_val|        scalar|
|J_3_6_val    |   in|   40|     ap_none|             J_3_6_val|        scalar|
|J_3_7_val    |   in|   40|     ap_none|             J_3_7_val|        scalar|
|J_3_8_val    |   in|   40|     ap_none|             J_3_8_val|        scalar|
|J_3_9_val    |   in|   40|     ap_none|             J_3_9_val|        scalar|
|J_3_10_val   |   in|   40|     ap_none|            J_3_10_val|        scalar|
|J_3_11_val   |   in|   40|     ap_none|            J_3_11_val|        scalar|
|J_3_12_val   |   in|   40|     ap_none|            J_3_12_val|        scalar|
|J_3_13_val   |   in|   40|     ap_none|            J_3_13_val|        scalar|
|J_3_14_val   |   in|   40|     ap_none|            J_3_14_val|        scalar|
|J_3_15_val   |   in|   40|     ap_none|            J_3_15_val|        scalar|
|J_3_16_val   |   in|   40|     ap_none|            J_3_16_val|        scalar|
|J_3_17_val   |   in|   40|     ap_none|            J_3_17_val|        scalar|
|J_3_18_val   |   in|   40|     ap_none|            J_3_18_val|        scalar|
|J_3_19_val   |   in|   40|     ap_none|            J_3_19_val|        scalar|
|J_3_20_val   |   in|   40|     ap_none|            J_3_20_val|        scalar|
|J_3_21_val   |   in|   40|     ap_none|            J_3_21_val|        scalar|
|J_3_22_val   |   in|   40|     ap_none|            J_3_22_val|        scalar|
|J_3_23_val   |   in|   40|     ap_none|            J_3_23_val|        scalar|
|J_3_24_val   |   in|   40|     ap_none|            J_3_24_val|        scalar|
|J_4_5_val    |   in|   40|     ap_none|             J_4_5_val|        scalar|
|J_4_6_val    |   in|   40|     ap_none|             J_4_6_val|        scalar|
|J_4_7_val    |   in|   40|     ap_none|             J_4_7_val|        scalar|
|J_4_8_val    |   in|   40|     ap_none|             J_4_8_val|        scalar|
|J_4_9_val    |   in|   40|     ap_none|             J_4_9_val|        scalar|
|J_4_10_val   |   in|   40|     ap_none|            J_4_10_val|        scalar|
|J_4_11_val   |   in|   40|     ap_none|            J_4_11_val|        scalar|
|J_4_12_val   |   in|   40|     ap_none|            J_4_12_val|        scalar|
|J_4_13_val   |   in|   40|     ap_none|            J_4_13_val|        scalar|
|J_4_14_val   |   in|   40|     ap_none|            J_4_14_val|        scalar|
|J_4_15_val   |   in|   40|     ap_none|            J_4_15_val|        scalar|
|J_4_16_val   |   in|   40|     ap_none|            J_4_16_val|        scalar|
|J_4_17_val   |   in|   40|     ap_none|            J_4_17_val|        scalar|
|J_4_18_val   |   in|   40|     ap_none|            J_4_18_val|        scalar|
|J_4_19_val   |   in|   40|     ap_none|            J_4_19_val|        scalar|
|J_4_20_val   |   in|   40|     ap_none|            J_4_20_val|        scalar|
|J_4_21_val   |   in|   40|     ap_none|            J_4_21_val|        scalar|
|J_4_22_val   |   in|   40|     ap_none|            J_4_22_val|        scalar|
|J_4_23_val   |   in|   40|     ap_none|            J_4_23_val|        scalar|
|J_4_24_val   |   in|   40|     ap_none|            J_4_24_val|        scalar|
|J_5_6_val    |   in|   40|     ap_none|             J_5_6_val|        scalar|
|J_5_7_val    |   in|   40|     ap_none|             J_5_7_val|        scalar|
|J_5_8_val    |   in|   40|     ap_none|             J_5_8_val|        scalar|
|J_5_9_val    |   in|   40|     ap_none|             J_5_9_val|        scalar|
|J_5_10_val   |   in|   40|     ap_none|            J_5_10_val|        scalar|
|J_5_11_val   |   in|   40|     ap_none|            J_5_11_val|        scalar|
|J_5_12_val   |   in|   40|     ap_none|            J_5_12_val|        scalar|
|J_5_13_val   |   in|   40|     ap_none|            J_5_13_val|        scalar|
|J_5_14_val   |   in|   40|     ap_none|            J_5_14_val|        scalar|
|J_5_15_val   |   in|   40|     ap_none|            J_5_15_val|        scalar|
|J_5_16_val   |   in|   40|     ap_none|            J_5_16_val|        scalar|
|J_5_17_val   |   in|   40|     ap_none|            J_5_17_val|        scalar|
|J_5_18_val   |   in|   40|     ap_none|            J_5_18_val|        scalar|
|J_5_19_val   |   in|   40|     ap_none|            J_5_19_val|        scalar|
|J_5_20_val   |   in|   40|     ap_none|            J_5_20_val|        scalar|
|J_5_21_val   |   in|   40|     ap_none|            J_5_21_val|        scalar|
|J_5_22_val   |   in|   40|     ap_none|            J_5_22_val|        scalar|
|J_5_23_val   |   in|   40|     ap_none|            J_5_23_val|        scalar|
|J_5_24_val   |   in|   40|     ap_none|            J_5_24_val|        scalar|
|J_6_7_val    |   in|   40|     ap_none|             J_6_7_val|        scalar|
|J_6_8_val    |   in|   40|     ap_none|             J_6_8_val|        scalar|
|J_6_9_val    |   in|   40|     ap_none|             J_6_9_val|        scalar|
|J_6_10_val   |   in|   40|     ap_none|            J_6_10_val|        scalar|
|J_6_11_val   |   in|   40|     ap_none|            J_6_11_val|        scalar|
|J_6_12_val   |   in|   40|     ap_none|            J_6_12_val|        scalar|
|J_6_13_val   |   in|   40|     ap_none|            J_6_13_val|        scalar|
|J_6_14_val   |   in|   40|     ap_none|            J_6_14_val|        scalar|
|J_6_15_val   |   in|   40|     ap_none|            J_6_15_val|        scalar|
|J_6_16_val   |   in|   40|     ap_none|            J_6_16_val|        scalar|
|J_6_17_val   |   in|   40|     ap_none|            J_6_17_val|        scalar|
|J_6_18_val   |   in|   40|     ap_none|            J_6_18_val|        scalar|
|J_6_19_val   |   in|   40|     ap_none|            J_6_19_val|        scalar|
|J_6_20_val   |   in|   40|     ap_none|            J_6_20_val|        scalar|
|J_6_21_val   |   in|   40|     ap_none|            J_6_21_val|        scalar|
|J_6_22_val   |   in|   40|     ap_none|            J_6_22_val|        scalar|
|J_6_23_val   |   in|   40|     ap_none|            J_6_23_val|        scalar|
|J_6_24_val   |   in|   40|     ap_none|            J_6_24_val|        scalar|
|J_7_8_val    |   in|   40|     ap_none|             J_7_8_val|        scalar|
|J_7_9_val    |   in|   40|     ap_none|             J_7_9_val|        scalar|
|J_7_10_val   |   in|   40|     ap_none|            J_7_10_val|        scalar|
|J_7_11_val   |   in|   40|     ap_none|            J_7_11_val|        scalar|
|J_7_12_val   |   in|   40|     ap_none|            J_7_12_val|        scalar|
|J_7_13_val   |   in|   40|     ap_none|            J_7_13_val|        scalar|
|J_7_14_val   |   in|   40|     ap_none|            J_7_14_val|        scalar|
|J_7_15_val   |   in|   40|     ap_none|            J_7_15_val|        scalar|
|J_7_16_val   |   in|   40|     ap_none|            J_7_16_val|        scalar|
|J_7_17_val   |   in|   40|     ap_none|            J_7_17_val|        scalar|
|J_7_18_val   |   in|   40|     ap_none|            J_7_18_val|        scalar|
|J_7_19_val   |   in|   40|     ap_none|            J_7_19_val|        scalar|
|J_7_20_val   |   in|   40|     ap_none|            J_7_20_val|        scalar|
|J_7_21_val   |   in|   40|     ap_none|            J_7_21_val|        scalar|
|J_7_22_val   |   in|   40|     ap_none|            J_7_22_val|        scalar|
|J_7_23_val   |   in|   40|     ap_none|            J_7_23_val|        scalar|
|J_7_24_val   |   in|   40|     ap_none|            J_7_24_val|        scalar|
|J_8_9_val    |   in|   40|     ap_none|             J_8_9_val|        scalar|
|J_8_10_val   |   in|   40|     ap_none|            J_8_10_val|        scalar|
|J_8_11_val   |   in|   40|     ap_none|            J_8_11_val|        scalar|
|J_8_12_val   |   in|   40|     ap_none|            J_8_12_val|        scalar|
|J_8_13_val   |   in|   40|     ap_none|            J_8_13_val|        scalar|
|J_8_14_val   |   in|   40|     ap_none|            J_8_14_val|        scalar|
|J_8_15_val   |   in|   40|     ap_none|            J_8_15_val|        scalar|
|J_8_16_val   |   in|   40|     ap_none|            J_8_16_val|        scalar|
|J_8_17_val   |   in|   40|     ap_none|            J_8_17_val|        scalar|
|J_8_18_val   |   in|   40|     ap_none|            J_8_18_val|        scalar|
|J_8_19_val   |   in|   40|     ap_none|            J_8_19_val|        scalar|
|J_8_20_val   |   in|   40|     ap_none|            J_8_20_val|        scalar|
|J_8_21_val   |   in|   40|     ap_none|            J_8_21_val|        scalar|
|J_8_22_val   |   in|   40|     ap_none|            J_8_22_val|        scalar|
|J_8_23_val   |   in|   40|     ap_none|            J_8_23_val|        scalar|
|J_8_24_val   |   in|   40|     ap_none|            J_8_24_val|        scalar|
|J_9_10_val   |   in|   40|     ap_none|            J_9_10_val|        scalar|
|J_9_11_val   |   in|   40|     ap_none|            J_9_11_val|        scalar|
|J_9_12_val   |   in|   40|     ap_none|            J_9_12_val|        scalar|
|J_9_13_val   |   in|   40|     ap_none|            J_9_13_val|        scalar|
|J_9_14_val   |   in|   40|     ap_none|            J_9_14_val|        scalar|
|J_9_15_val   |   in|   40|     ap_none|            J_9_15_val|        scalar|
|J_9_16_val   |   in|   40|     ap_none|            J_9_16_val|        scalar|
|J_9_17_val   |   in|   40|     ap_none|            J_9_17_val|        scalar|
|J_9_18_val   |   in|   40|     ap_none|            J_9_18_val|        scalar|
|J_9_19_val   |   in|   40|     ap_none|            J_9_19_val|        scalar|
|J_9_20_val   |   in|   40|     ap_none|            J_9_20_val|        scalar|
|J_9_21_val   |   in|   40|     ap_none|            J_9_21_val|        scalar|
|J_9_22_val   |   in|   40|     ap_none|            J_9_22_val|        scalar|
|J_9_23_val   |   in|   40|     ap_none|            J_9_23_val|        scalar|
|J_9_24_val   |   in|   40|     ap_none|            J_9_24_val|        scalar|
|J_10_11_val  |   in|   40|     ap_none|           J_10_11_val|        scalar|
|J_10_12_val  |   in|   40|     ap_none|           J_10_12_val|        scalar|
|J_10_13_val  |   in|   40|     ap_none|           J_10_13_val|        scalar|
|J_10_14_val  |   in|   40|     ap_none|           J_10_14_val|        scalar|
|J_10_15_val  |   in|   40|     ap_none|           J_10_15_val|        scalar|
|J_10_16_val  |   in|   40|     ap_none|           J_10_16_val|        scalar|
|J_10_17_val  |   in|   40|     ap_none|           J_10_17_val|        scalar|
|J_10_18_val  |   in|   40|     ap_none|           J_10_18_val|        scalar|
|J_10_19_val  |   in|   40|     ap_none|           J_10_19_val|        scalar|
|J_10_20_val  |   in|   40|     ap_none|           J_10_20_val|        scalar|
|J_10_21_val  |   in|   40|     ap_none|           J_10_21_val|        scalar|
|J_10_22_val  |   in|   40|     ap_none|           J_10_22_val|        scalar|
|J_10_23_val  |   in|   40|     ap_none|           J_10_23_val|        scalar|
|J_10_24_val  |   in|   40|     ap_none|           J_10_24_val|        scalar|
|J_11_12_val  |   in|   40|     ap_none|           J_11_12_val|        scalar|
|J_11_13_val  |   in|   40|     ap_none|           J_11_13_val|        scalar|
|J_11_14_val  |   in|   40|     ap_none|           J_11_14_val|        scalar|
|J_11_15_val  |   in|   40|     ap_none|           J_11_15_val|        scalar|
|J_11_16_val  |   in|   40|     ap_none|           J_11_16_val|        scalar|
|J_11_17_val  |   in|   40|     ap_none|           J_11_17_val|        scalar|
|J_11_18_val  |   in|   40|     ap_none|           J_11_18_val|        scalar|
|J_11_19_val  |   in|   40|     ap_none|           J_11_19_val|        scalar|
|J_11_20_val  |   in|   40|     ap_none|           J_11_20_val|        scalar|
|J_11_21_val  |   in|   40|     ap_none|           J_11_21_val|        scalar|
|J_11_22_val  |   in|   40|     ap_none|           J_11_22_val|        scalar|
|J_11_23_val  |   in|   40|     ap_none|           J_11_23_val|        scalar|
|J_11_24_val  |   in|   40|     ap_none|           J_11_24_val|        scalar|
|J_12_13_val  |   in|   40|     ap_none|           J_12_13_val|        scalar|
|J_12_14_val  |   in|   40|     ap_none|           J_12_14_val|        scalar|
|J_12_15_val  |   in|   40|     ap_none|           J_12_15_val|        scalar|
|J_12_16_val  |   in|   40|     ap_none|           J_12_16_val|        scalar|
|J_12_17_val  |   in|   40|     ap_none|           J_12_17_val|        scalar|
|J_12_18_val  |   in|   40|     ap_none|           J_12_18_val|        scalar|
|J_12_19_val  |   in|   40|     ap_none|           J_12_19_val|        scalar|
|J_12_20_val  |   in|   40|     ap_none|           J_12_20_val|        scalar|
|J_12_21_val  |   in|   40|     ap_none|           J_12_21_val|        scalar|
|J_12_22_val  |   in|   40|     ap_none|           J_12_22_val|        scalar|
|J_12_23_val  |   in|   40|     ap_none|           J_12_23_val|        scalar|
|J_12_24_val  |   in|   40|     ap_none|           J_12_24_val|        scalar|
|J_13_14_val  |   in|   40|     ap_none|           J_13_14_val|        scalar|
|J_13_15_val  |   in|   40|     ap_none|           J_13_15_val|        scalar|
|J_13_16_val  |   in|   40|     ap_none|           J_13_16_val|        scalar|
|J_13_17_val  |   in|   40|     ap_none|           J_13_17_val|        scalar|
|J_13_18_val  |   in|   40|     ap_none|           J_13_18_val|        scalar|
|J_13_19_val  |   in|   40|     ap_none|           J_13_19_val|        scalar|
|J_13_20_val  |   in|   40|     ap_none|           J_13_20_val|        scalar|
|J_13_21_val  |   in|   40|     ap_none|           J_13_21_val|        scalar|
|J_13_22_val  |   in|   40|     ap_none|           J_13_22_val|        scalar|
|J_13_23_val  |   in|   40|     ap_none|           J_13_23_val|        scalar|
|J_13_24_val  |   in|   40|     ap_none|           J_13_24_val|        scalar|
|J_14_15_val  |   in|   40|     ap_none|           J_14_15_val|        scalar|
|J_14_16_val  |   in|   40|     ap_none|           J_14_16_val|        scalar|
|J_14_17_val  |   in|   40|     ap_none|           J_14_17_val|        scalar|
|J_14_18_val  |   in|   40|     ap_none|           J_14_18_val|        scalar|
|J_14_19_val  |   in|   40|     ap_none|           J_14_19_val|        scalar|
|J_14_20_val  |   in|   40|     ap_none|           J_14_20_val|        scalar|
|J_14_21_val  |   in|   40|     ap_none|           J_14_21_val|        scalar|
|J_14_22_val  |   in|   40|     ap_none|           J_14_22_val|        scalar|
|J_14_23_val  |   in|   40|     ap_none|           J_14_23_val|        scalar|
|J_14_24_val  |   in|   40|     ap_none|           J_14_24_val|        scalar|
|J_15_16_val  |   in|   40|     ap_none|           J_15_16_val|        scalar|
|J_15_17_val  |   in|   40|     ap_none|           J_15_17_val|        scalar|
|J_15_18_val  |   in|   40|     ap_none|           J_15_18_val|        scalar|
|J_15_19_val  |   in|   40|     ap_none|           J_15_19_val|        scalar|
|J_15_20_val  |   in|   40|     ap_none|           J_15_20_val|        scalar|
|J_15_21_val  |   in|   40|     ap_none|           J_15_21_val|        scalar|
|J_15_22_val  |   in|   40|     ap_none|           J_15_22_val|        scalar|
|J_15_23_val  |   in|   40|     ap_none|           J_15_23_val|        scalar|
|J_15_24_val  |   in|   40|     ap_none|           J_15_24_val|        scalar|
|J_16_17_val  |   in|   40|     ap_none|           J_16_17_val|        scalar|
|J_16_18_val  |   in|   40|     ap_none|           J_16_18_val|        scalar|
|J_16_19_val  |   in|   40|     ap_none|           J_16_19_val|        scalar|
|J_16_20_val  |   in|   40|     ap_none|           J_16_20_val|        scalar|
|J_16_21_val  |   in|   40|     ap_none|           J_16_21_val|        scalar|
|J_16_22_val  |   in|   40|     ap_none|           J_16_22_val|        scalar|
|J_16_23_val  |   in|   40|     ap_none|           J_16_23_val|        scalar|
|J_16_24_val  |   in|   40|     ap_none|           J_16_24_val|        scalar|
|J_17_18_val  |   in|   40|     ap_none|           J_17_18_val|        scalar|
|J_17_19_val  |   in|   40|     ap_none|           J_17_19_val|        scalar|
|J_17_20_val  |   in|   40|     ap_none|           J_17_20_val|        scalar|
|J_17_21_val  |   in|   40|     ap_none|           J_17_21_val|        scalar|
|J_17_22_val  |   in|   40|     ap_none|           J_17_22_val|        scalar|
|J_17_23_val  |   in|   40|     ap_none|           J_17_23_val|        scalar|
|J_17_24_val  |   in|   40|     ap_none|           J_17_24_val|        scalar|
|J_18_19_val  |   in|   40|     ap_none|           J_18_19_val|        scalar|
|J_18_20_val  |   in|   40|     ap_none|           J_18_20_val|        scalar|
|J_18_21_val  |   in|   40|     ap_none|           J_18_21_val|        scalar|
|J_18_22_val  |   in|   40|     ap_none|           J_18_22_val|        scalar|
|J_18_23_val  |   in|   40|     ap_none|           J_18_23_val|        scalar|
|J_18_24_val  |   in|   40|     ap_none|           J_18_24_val|        scalar|
|J_19_20_val  |   in|   40|     ap_none|           J_19_20_val|        scalar|
|J_19_21_val  |   in|   40|     ap_none|           J_19_21_val|        scalar|
|J_19_22_val  |   in|   40|     ap_none|           J_19_22_val|        scalar|
|J_19_23_val  |   in|   40|     ap_none|           J_19_23_val|        scalar|
|J_19_24_val  |   in|   40|     ap_none|           J_19_24_val|        scalar|
|J_20_21_val  |   in|   40|     ap_none|           J_20_21_val|        scalar|
|J_20_22_val  |   in|   40|     ap_none|           J_20_22_val|        scalar|
|J_20_23_val  |   in|   40|     ap_none|           J_20_23_val|        scalar|
|J_20_24_val  |   in|   40|     ap_none|           J_20_24_val|        scalar|
|J_21_22_val  |   in|   40|     ap_none|           J_21_22_val|        scalar|
|J_21_23_val  |   in|   40|     ap_none|           J_21_23_val|        scalar|
|J_21_24_val  |   in|   40|     ap_none|           J_21_24_val|        scalar|
|J_22_23_val  |   in|   40|     ap_none|           J_22_23_val|        scalar|
|J_22_24_val  |   in|   40|     ap_none|           J_22_24_val|        scalar|
|J_23_24_val  |   in|   40|     ap_none|           J_23_24_val|        scalar|
|h_0_val      |   in|   40|     ap_none|               h_0_val|        scalar|
|h_1_val      |   in|   40|     ap_none|               h_1_val|        scalar|
|h_2_val      |   in|   40|     ap_none|               h_2_val|        scalar|
|h_3_val      |   in|   40|     ap_none|               h_3_val|        scalar|
|h_4_val      |   in|   40|     ap_none|               h_4_val|        scalar|
|h_5_val      |   in|   40|     ap_none|               h_5_val|        scalar|
|h_6_val      |   in|   40|     ap_none|               h_6_val|        scalar|
|h_7_val      |   in|   40|     ap_none|               h_7_val|        scalar|
|h_8_val      |   in|   40|     ap_none|               h_8_val|        scalar|
|h_9_val      |   in|   40|     ap_none|               h_9_val|        scalar|
|h_10_val     |   in|   40|     ap_none|              h_10_val|        scalar|
|h_11_val     |   in|   40|     ap_none|              h_11_val|        scalar|
|h_12_val     |   in|   40|     ap_none|              h_12_val|        scalar|
|h_13_val     |   in|   40|     ap_none|              h_13_val|        scalar|
|h_14_val     |   in|   40|     ap_none|              h_14_val|        scalar|
|h_15_val     |   in|   40|     ap_none|              h_15_val|        scalar|
|h_16_val     |   in|   40|     ap_none|              h_16_val|        scalar|
|h_17_val     |   in|   40|     ap_none|              h_17_val|        scalar|
|h_18_val     |   in|   40|     ap_none|              h_18_val|        scalar|
|h_19_val     |   in|   40|     ap_none|              h_19_val|        scalar|
|h_20_val     |   in|   40|     ap_none|              h_20_val|        scalar|
|h_21_val     |   in|   40|     ap_none|              h_21_val|        scalar|
|h_22_val     |   in|   40|     ap_none|              h_22_val|        scalar|
|h_23_val     |   in|   40|     ap_none|              h_23_val|        scalar|
|h_24_val     |   in|   40|     ap_none|              h_24_val|        scalar|
|y_0_val      |   in|    1|     ap_none|               y_0_val|        scalar|
|y_1_val      |   in|    1|     ap_none|               y_1_val|        scalar|
|y_2_val      |   in|    1|     ap_none|               y_2_val|        scalar|
|y_3_val      |   in|    1|     ap_none|               y_3_val|        scalar|
|y_4_val      |   in|    1|     ap_none|               y_4_val|        scalar|
|y_5_val      |   in|    1|     ap_none|               y_5_val|        scalar|
|y_6_val      |   in|    1|     ap_none|               y_6_val|        scalar|
|y_7_val      |   in|    1|     ap_none|               y_7_val|        scalar|
|y_8_val      |   in|    1|     ap_none|               y_8_val|        scalar|
|y_9_val      |   in|    1|     ap_none|               y_9_val|        scalar|
|y_10_val     |   in|    1|     ap_none|              y_10_val|        scalar|
|y_11_val     |   in|    1|     ap_none|              y_11_val|        scalar|
|y_12_val     |   in|    1|     ap_none|              y_12_val|        scalar|
|y_13_val     |   in|    1|     ap_none|              y_13_val|        scalar|
|y_14_val     |   in|    1|     ap_none|              y_14_val|        scalar|
|y_15_val     |   in|    1|     ap_none|              y_15_val|        scalar|
|y_16_val     |   in|    1|     ap_none|              y_16_val|        scalar|
|y_17_val     |   in|    1|     ap_none|              y_17_val|        scalar|
|y_18_val     |   in|    1|     ap_none|              y_18_val|        scalar|
|y_19_val     |   in|    1|     ap_none|              y_19_val|        scalar|
|y_20_val     |   in|    1|     ap_none|              y_20_val|        scalar|
|y_21_val     |   in|    1|     ap_none|              y_21_val|        scalar|
|y_22_val     |   in|    1|     ap_none|              y_22_val|        scalar|
|y_23_val     |   in|    1|     ap_none|              y_23_val|        scalar|
|y_24_val     |   in|    1|     ap_none|              y_24_val|        scalar|
|old_energy   |   in|   40|     ap_none|            old_energy|        scalar|
+-------------+-----+-----+------------+----------------------+--------------+

