

================================================================
== Vitis HLS Report for 'local_spin_flip_operation'
================================================================
* Date:           Thu May 28 14:38:40 2026

* Version:        2025.2 (Build 6295257 on Nov 14 2025)
* Project:        hls_local_spin_flip_operation_N32_FRAC65
* Solution:       hls (Vivado IP Flow Target)
* Product family: virtexuplus
* Target device:  xcvu19p-fsva3824-2-e


================================================================
== Performance Estimates
================================================================
+ Timing: 
    * Summary: 
    +--------+---------+----------+------------+
    |  Clock |  Target | Estimated| Uncertainty|
    +--------+---------+----------+------------+
    |ap_clk  |  3.33 ns|  2.410 ns|     0.90 ns|
    +--------+---------+----------+------------+

+ Latency: 
    * Summary: 
    +---------+---------+----------+----------+-----+-----+---------+
    |  Latency (cycles) |  Latency (absolute) |  Interval | Pipeline|
    |   min   |   max   |    min   |    max   | min | max |   Type  |
    +---------+---------+----------+----------+-----+-----+---------+
    |       95|       95|  0.317 us|  0.317 us|   96|   96|       no|
    +---------+---------+----------+----------+-----+-----+---------+

    + Detail: 
        * Instance: 
        N/A

        * Loop: 
        N/A



================================================================
== Utilization Estimates
================================================================
* Summary: 
+---------------------+---------+------+---------+---------+-----+
|         Name        | BRAM_18K|  DSP |    FF   |   LUT   | URAM|
+---------------------+---------+------+---------+---------+-----+
|DSP                  |        -|     -|        -|        -|    -|
|Expression           |        -|     -|        0|    92950|    -|
|FIFO                 |        -|     -|        -|        -|    -|
|Instance             |        -|  1042|    29059|    16359|    -|
|Memory               |        -|     -|        -|        -|    -|
|Multiplexer          |        -|     -|        0|      558|    -|
|Register             |        -|     -|    16767|        -|    -|
+---------------------+---------+------+---------+---------+-----+
|Total                |        0|  1042|    45826|   109867|    0|
+---------------------+---------+------+---------+---------+-----+
|Available SLR        |     1080|   960|  2042880|  1021440|   80|
+---------------------+---------+------+---------+---------+-----+
|Utilization SLR (%)  |        0|   108|        2|       10|    0|
+---------------------+---------+------+---------+---------+-----+
|Available            |     4320|  3840|  8171520|  4085760|  320|
+---------------------+---------+------+---------+---------+-----+
|Utilization (%)      |        0|    27|       ~0|        2|    0|
+---------------------+---------+------+---------+---------+-----+

+ Detail: 
    * Instance: 
    +--------------------------+----------------------+---------+----+-----+-----+-----+
    |         Instance         |        Module        | BRAM_18K| DSP|  FF | LUT | URAM|
    +--------------------------+----------------------+---------+----+-----+-----+-----+
    |mul_33ns_40ns_71_2_1_U1   |mul_33ns_40ns_71_2_1  |        0|   4|  197|   80|    0|
    |mul_40s_40s_80_2_1_U2     |mul_40s_40s_80_2_1    |        0|   5|  197|   80|    0|
    |mul_66s_66ns_132_5_1_U3   |mul_66s_66ns_132_5_1  |        0|  16|  441|  249|    0|
    |mul_66s_66ns_132_5_1_U4   |mul_66s_66ns_132_5_1  |        0|  16|  441|  249|    0|
    |mul_66s_66ns_132_5_1_U5   |mul_66s_66ns_132_5_1  |        0|  16|  441|  249|    0|
    |mul_66s_66ns_132_5_1_U6   |mul_66s_66ns_132_5_1  |        0|  16|  441|  249|    0|
    |mul_66s_66ns_132_5_1_U7   |mul_66s_66ns_132_5_1  |        0|  16|  441|  249|    0|
    |mul_66s_66ns_132_5_1_U8   |mul_66s_66ns_132_5_1  |        0|  16|  441|  249|    0|
    |mul_66s_66ns_132_5_1_U9   |mul_66s_66ns_132_5_1  |        0|  16|  441|  249|    0|
    |mul_66s_66ns_132_5_1_U10  |mul_66s_66ns_132_5_1  |        0|  16|  441|  249|    0|
    |mul_66s_66ns_132_5_1_U11  |mul_66s_66ns_132_5_1  |        0|  16|  441|  249|    0|
    |mul_66s_66ns_132_5_1_U12  |mul_66s_66ns_132_5_1  |        0|  16|  441|  249|    0|
    |mul_66s_66ns_132_5_1_U13  |mul_66s_66ns_132_5_1  |        0|  16|  441|  249|    0|
    |mul_66s_66ns_132_5_1_U14  |mul_66s_66ns_132_5_1  |        0|  16|  441|  249|    0|
    |mul_66s_66ns_132_5_1_U15  |mul_66s_66ns_132_5_1  |        0|  16|  441|  249|    0|
    |mul_66s_66ns_132_5_1_U16  |mul_66s_66ns_132_5_1  |        0|  16|  441|  249|    0|
    |mul_66s_66ns_132_5_1_U17  |mul_66s_66ns_132_5_1  |        0|  16|  441|  249|    0|
    |mul_66s_66ns_132_5_1_U18  |mul_66s_66ns_132_5_1  |        0|  16|  441|  249|    0|
    |mul_66s_66ns_132_5_1_U19  |mul_66s_66ns_132_5_1  |        0|  16|  441|  249|    0|
    |mul_66s_66ns_132_5_1_U20  |mul_66s_66ns_132_5_1  |        0|  16|  441|  249|    0|
    |mul_66s_66ns_132_5_1_U21  |mul_66s_66ns_132_5_1  |        0|  16|  441|  249|    0|
    |mul_66s_66ns_132_5_1_U22  |mul_66s_66ns_132_5_1  |        0|  16|  441|  249|    0|
    |mul_66s_66ns_132_5_1_U23  |mul_66s_66ns_132_5_1  |        0|  16|  441|  249|    0|
    |mul_66s_66ns_132_5_1_U24  |mul_66s_66ns_132_5_1  |        0|  16|  441|  249|    0|
    |mul_66s_66ns_132_5_1_U25  |mul_66s_66ns_132_5_1  |        0|  16|  441|  249|    0|
    |mul_66s_66ns_132_5_1_U26  |mul_66s_66ns_132_5_1  |        0|  16|  441|  249|    0|
    |mul_66s_66ns_132_5_1_U27  |mul_66s_66ns_132_5_1  |        0|  16|  441|  249|    0|
    |mul_66s_66ns_132_5_1_U28  |mul_66s_66ns_132_5_1  |        0|  16|  441|  249|    0|
    |mul_66s_66ns_132_5_1_U29  |mul_66s_66ns_132_5_1  |        0|  16|  441|  249|    0|
    |mul_66s_66ns_132_5_1_U30  |mul_66s_66ns_132_5_1  |        0|  16|  441|  249|    0|
    |mul_66s_66ns_132_5_1_U31  |mul_66s_66ns_132_5_1  |        0|  16|  441|  249|    0|
    |mul_66s_66ns_132_5_1_U32  |mul_66s_66ns_132_5_1  |        0|  16|  441|  249|    0|
    |mul_66s_66ns_132_5_1_U33  |mul_66s_66ns_132_5_1  |        0|  16|  441|  249|    0|
    |mul_66s_66ns_132_5_1_U34  |mul_66s_66ns_132_5_1  |        0|  16|  441|  249|    0|
    |mul_66s_66s_132_5_1_U35   |mul_66s_66s_132_5_1   |        0|  16|  441|  249|    0|
    |mul_66s_66s_132_5_1_U36   |mul_66s_66s_132_5_1   |        0|  16|  441|  249|    0|
    |mul_66s_66s_132_5_1_U37   |mul_66s_66s_132_5_1   |        0|  16|  441|  249|    0|
    |mul_66s_66s_132_5_1_U38   |mul_66s_66s_132_5_1   |        0|  16|  441|  249|    0|
    |mul_66s_66s_132_5_1_U39   |mul_66s_66s_132_5_1   |        0|  16|  441|  249|    0|
    |mul_66s_66s_132_5_1_U40   |mul_66s_66s_132_5_1   |        0|  16|  441|  249|    0|
    |mul_66s_66s_132_5_1_U41   |mul_66s_66s_132_5_1   |        0|  16|  441|  249|    0|
    |mul_66s_66s_132_5_1_U42   |mul_66s_66s_132_5_1   |        0|  16|  441|  249|    0|
    |mul_66s_66s_132_5_1_U43   |mul_66s_66s_132_5_1   |        0|  16|  441|  249|    0|
    |mul_66s_66s_132_5_1_U44   |mul_66s_66s_132_5_1   |        0|  16|  441|  249|    0|
    |mul_66s_66s_132_5_1_U45   |mul_66s_66s_132_5_1   |        0|  16|  441|  249|    0|
    |mul_66s_66s_132_5_1_U46   |mul_66s_66s_132_5_1   |        0|  16|  441|  249|    0|
    |mul_66s_66s_132_5_1_U47   |mul_66s_66s_132_5_1   |        0|  16|  441|  249|    0|
    |mul_66s_66s_132_5_1_U48   |mul_66s_66s_132_5_1   |        0|  16|  441|  249|    0|
    |mul_66s_66s_132_5_1_U49   |mul_66s_66s_132_5_1   |        0|  16|  441|  249|    0|
    |mul_66s_66s_132_5_1_U50   |mul_66s_66s_132_5_1   |        0|  16|  441|  249|    0|
    |mul_66s_66s_132_5_1_U51   |mul_66s_66s_132_5_1   |        0|  16|  441|  249|    0|
    |mul_66s_66s_132_5_1_U52   |mul_66s_66s_132_5_1   |        0|  16|  441|  249|    0|
    |mul_66s_66s_132_5_1_U53   |mul_66s_66s_132_5_1   |        0|  16|  441|  249|    0|
    |mul_66s_66s_132_5_1_U54   |mul_66s_66s_132_5_1   |        0|  16|  441|  249|    0|
    |mul_66s_66s_132_5_1_U55   |mul_66s_66s_132_5_1   |        0|  16|  441|  249|    0|
    |mul_66s_66s_132_5_1_U56   |mul_66s_66s_132_5_1   |        0|  16|  441|  249|    0|
    |mul_66s_66s_132_5_1_U57   |mul_66s_66s_132_5_1   |        0|  16|  441|  249|    0|
    |mul_66s_66s_132_5_1_U58   |mul_66s_66s_132_5_1   |        0|  16|  441|  249|    0|
    |mul_66s_66s_132_5_1_U59   |mul_66s_66s_132_5_1   |        0|  16|  441|  249|    0|
    |mul_66s_66s_132_5_1_U60   |mul_66s_66s_132_5_1   |        0|  16|  441|  249|    0|
    |mul_66s_66s_132_5_1_U61   |mul_66s_66s_132_5_1   |        0|  16|  441|  249|    0|
    |mul_66s_66s_132_5_1_U62   |mul_66s_66s_132_5_1   |        0|  16|  441|  249|    0|
    |mul_66s_66s_132_5_1_U63   |mul_66s_66s_132_5_1   |        0|  16|  441|  249|    0|
    |mul_66s_66s_132_5_1_U64   |mul_66s_66s_132_5_1   |        0|  16|  441|  249|    0|
    |mul_66s_66s_132_5_1_U65   |mul_66s_66s_132_5_1   |        0|  16|  441|  249|    0|
    |mul_66s_66s_132_5_1_U66   |mul_66s_66s_132_5_1   |        0|  16|  441|  249|    0|
    |mul_77s_40s_117_5_1_U67   |mul_77s_40s_117_5_1   |        0|   9|  441|  249|    0|
    |sparsemux_9_3_32_1_1_U68  |sparsemux_9_3_32_1_1  |        0|   0|    0|   14|    0|
    +--------------------------+----------------------+---------+----+-----+-----+-----+
    |Total                     |                      |        0|1042|29059|16359|    0|
    +--------------------------+----------------------+---------+----+-----+-----+-----+

    * DSP: 
    N/A

    * Memory: 
    N/A

    * FIFO: 
    N/A

    * Expression: 
    +--------------------------------+----------+----+---+-----+------------+------------+
    |          Variable Name         | Operation| DSP| FF| LUT | Bitwidth P0| Bitwidth P1|
    +--------------------------------+----------+----+---+-----+------------+------------+
    |add_ln104_10_fu_20321_p2        |         +|   0|  0|   74|          67|          67|
    |add_ln104_11_fu_20387_p2        |         +|   0|  0|   74|          67|          67|
    |add_ln104_12_fu_20453_p2        |         +|   0|  0|   74|          67|          67|
    |add_ln104_13_fu_20519_p2        |         +|   0|  0|   74|          67|          67|
    |add_ln104_14_fu_20585_p2        |         +|   0|  0|   74|          67|          67|
    |add_ln104_15_fu_20651_p2        |         +|   0|  0|   74|          67|          67|
    |add_ln104_16_fu_20717_p2        |         +|   0|  0|   74|          67|          67|
    |add_ln104_17_fu_20783_p2        |         +|   0|  0|   74|          67|          67|
    |add_ln104_18_fu_20849_p2        |         +|   0|  0|   74|          67|          67|
    |add_ln104_19_fu_20915_p2        |         +|   0|  0|   74|          67|          67|
    |add_ln104_1_fu_19727_p2         |         +|   0|  0|   74|          67|          67|
    |add_ln104_20_fu_20981_p2        |         +|   0|  0|   74|          67|          67|
    |add_ln104_21_fu_21047_p2        |         +|   0|  0|   74|          67|          67|
    |add_ln104_22_fu_21113_p2        |         +|   0|  0|   74|          67|          67|
    |add_ln104_23_fu_21179_p2        |         +|   0|  0|   74|          67|          67|
    |add_ln104_24_fu_21245_p2        |         +|   0|  0|   74|          67|          67|
    |add_ln104_25_fu_21311_p2        |         +|   0|  0|   74|          67|          67|
    |add_ln104_26_fu_21377_p2        |         +|   0|  0|   74|          67|          67|
    |add_ln104_27_fu_21443_p2        |         +|   0|  0|   74|          67|          67|
    |add_ln104_28_fu_21509_p2        |         +|   0|  0|   74|          67|          67|
    |add_ln104_29_fu_21575_p2        |         +|   0|  0|   74|          67|          67|
    |add_ln104_2_fu_19793_p2         |         +|   0|  0|   74|          67|          67|
    |add_ln104_30_fu_21641_p2        |         +|   0|  0|   74|          67|          67|
    |add_ln104_31_fu_21707_p2        |         +|   0|  0|   74|          67|          67|
    |add_ln104_32_fu_19657_p2        |         +|   0|  0|   73|          66|          66|
    |add_ln104_33_fu_19723_p2        |         +|   0|  0|   73|          66|          66|
    |add_ln104_34_fu_19789_p2        |         +|   0|  0|   73|          66|          66|
    |add_ln104_35_fu_19855_p2        |         +|   0|  0|   73|          66|          66|
    |add_ln104_36_fu_19921_p2        |         +|   0|  0|   73|          66|          66|
    |add_ln104_37_fu_19987_p2        |         +|   0|  0|   73|          66|          66|
    |add_ln104_38_fu_20053_p2        |         +|   0|  0|   73|          66|          66|
    |add_ln104_39_fu_20119_p2        |         +|   0|  0|   73|          66|          66|
    |add_ln104_3_fu_19859_p2         |         +|   0|  0|   74|          67|          67|
    |add_ln104_40_fu_20185_p2        |         +|   0|  0|   73|          66|          66|
    |add_ln104_41_fu_20251_p2        |         +|   0|  0|   73|          66|          66|
    |add_ln104_42_fu_20317_p2        |         +|   0|  0|   73|          66|          66|
    |add_ln104_43_fu_20383_p2        |         +|   0|  0|   73|          66|          66|
    |add_ln104_44_fu_20449_p2        |         +|   0|  0|   73|          66|          66|
    |add_ln104_45_fu_20515_p2        |         +|   0|  0|   73|          66|          66|
    |add_ln104_46_fu_20581_p2        |         +|   0|  0|   73|          66|          66|
    |add_ln104_47_fu_20647_p2        |         +|   0|  0|   73|          66|          66|
    |add_ln104_48_fu_20713_p2        |         +|   0|  0|   73|          66|          66|
    |add_ln104_49_fu_20779_p2        |         +|   0|  0|   73|          66|          66|
    |add_ln104_4_fu_19925_p2         |         +|   0|  0|   74|          67|          67|
    |add_ln104_50_fu_20845_p2        |         +|   0|  0|   73|          66|          66|
    |add_ln104_51_fu_20911_p2        |         +|   0|  0|   73|          66|          66|
    |add_ln104_52_fu_20977_p2        |         +|   0|  0|   73|          66|          66|
    |add_ln104_53_fu_21043_p2        |         +|   0|  0|   73|          66|          66|
    |add_ln104_54_fu_21109_p2        |         +|   0|  0|   73|          66|          66|
    |add_ln104_55_fu_21175_p2        |         +|   0|  0|   73|          66|          66|
    |add_ln104_56_fu_21241_p2        |         +|   0|  0|   73|          66|          66|
    |add_ln104_57_fu_21307_p2        |         +|   0|  0|   73|          66|          66|
    |add_ln104_58_fu_21373_p2        |         +|   0|  0|   73|          66|          66|
    |add_ln104_59_fu_21439_p2        |         +|   0|  0|   73|          66|          66|
    |add_ln104_5_fu_19991_p2         |         +|   0|  0|   74|          67|          67|
    |add_ln104_60_fu_21505_p2        |         +|   0|  0|   73|          66|          66|
    |add_ln104_61_fu_21571_p2        |         +|   0|  0|   73|          66|          66|
    |add_ln104_62_fu_21637_p2        |         +|   0|  0|   73|          66|          66|
    |add_ln104_63_fu_21703_p2        |         +|   0|  0|   73|          66|          66|
    |add_ln104_6_fu_20057_p2         |         +|   0|  0|   74|          67|          67|
    |add_ln104_7_fu_20123_p2         |         +|   0|  0|   74|          67|          67|
    |add_ln104_8_fu_20189_p2         |         +|   0|  0|   74|          67|          67|
    |add_ln104_9_fu_20255_p2         |         +|   0|  0|   74|          67|          67|
    |add_ln104_fu_19661_p2           |         +|   0|  0|   74|          67|          67|
    |add_ln204_10_fu_16152_p2        |         +|   0|  0|   73|          66|          66|
    |add_ln204_11_fu_16313_p2        |         +|   0|  0|   73|          66|          66|
    |add_ln204_12_fu_16474_p2        |         +|   0|  0|   73|          66|          66|
    |add_ln204_13_fu_16635_p2        |         +|   0|  0|   73|          66|          66|
    |add_ln204_14_fu_16796_p2        |         +|   0|  0|   73|          66|          66|
    |add_ln204_15_fu_16957_p2        |         +|   0|  0|   73|          66|          66|
    |add_ln204_16_fu_17118_p2        |         +|   0|  0|   73|          66|          66|
    |add_ln204_17_fu_17279_p2        |         +|   0|  0|   73|          66|          66|
    |add_ln204_18_fu_17440_p2        |         +|   0|  0|   73|          66|          66|
    |add_ln204_19_fu_17601_p2        |         +|   0|  0|   73|          66|          66|
    |add_ln204_1_fu_14703_p2         |         +|   0|  0|   73|          66|          66|
    |add_ln204_20_fu_17762_p2        |         +|   0|  0|   73|          66|          66|
    |add_ln204_21_fu_17923_p2        |         +|   0|  0|   73|          66|          66|
    |add_ln204_22_fu_18084_p2        |         +|   0|  0|   73|          66|          66|
    |add_ln204_23_fu_18245_p2        |         +|   0|  0|   73|          66|          66|
    |add_ln204_24_fu_18406_p2        |         +|   0|  0|   73|          66|          66|
    |add_ln204_25_fu_18567_p2        |         +|   0|  0|   73|          66|          66|
    |add_ln204_26_fu_18728_p2        |         +|   0|  0|   73|          66|          66|
    |add_ln204_27_fu_18889_p2        |         +|   0|  0|   73|          66|          66|
    |add_ln204_28_fu_19050_p2        |         +|   0|  0|   73|          66|          66|
    |add_ln204_29_fu_19211_p2        |         +|   0|  0|   73|          66|          66|
    |add_ln204_2_fu_14864_p2         |         +|   0|  0|   73|          66|          66|
    |add_ln204_30_fu_19372_p2        |         +|   0|  0|   73|          66|          66|
    |add_ln204_31_fu_19533_p2        |         +|   0|  0|   73|          66|          66|
    |add_ln204_3_fu_15025_p2         |         +|   0|  0|   73|          66|          66|
    |add_ln204_4_fu_15186_p2         |         +|   0|  0|   73|          66|          66|
    |add_ln204_5_fu_15347_p2         |         +|   0|  0|   73|          66|          66|
    |add_ln204_6_fu_15508_p2         |         +|   0|  0|   73|          66|          66|
    |add_ln204_7_fu_15669_p2         |         +|   0|  0|   73|          66|          66|
    |add_ln204_8_fu_15830_p2         |         +|   0|  0|   73|          66|          66|
    |add_ln204_9_fu_15991_p2         |         +|   0|  0|   73|          66|          66|
    |add_ln204_fu_14542_p2           |         +|   0|  0|   73|          66|          66|
    |add_ln250_fu_21978_p2           |         +|   0|  0|   40|          33|          33|
    |add_ln253_fu_22073_p2           |         +|   0|  0|  101|          78|          74|
    |add_ln263_10_fu_23421_p2        |         +|   0|  0|  117|         117|         102|
    |add_ln263_12_fu_23655_p2        |         +|   0|  0|  117|         117|         104|
    |add_ln263_14_fu_23889_p2        |         +|   0|  0|  117|         117|         105|
    |add_ln263_16_fu_24123_p2        |         +|   0|  0|  117|         117|         107|
    |add_ln263_18_fu_24357_p2        |         +|   0|  0|  117|         117|         106|
    |add_ln263_1_fu_22215_p2         |         +|   0|  0|   95|          95|          95|
    |add_ln263_20_fu_24591_p2        |         +|   0|  0|  117|         117|         108|
    |add_ln263_2_fu_22489_p2         |         +|   0|  0|  124|         117|          94|
    |add_ln263_3_fu_22232_p2         |         +|   0|  0|   95|          95|          95|
    |add_ln263_4_fu_22719_p2         |         +|   0|  0|  117|         117|          98|
    |add_ln263_5_fu_22266_p2         |         +|   0|  0|   95|          95|          95|
    |add_ln263_6_fu_22953_p2         |         +|   0|  0|  117|         117|          98|
    |add_ln263_7_fu_22316_p2         |         +|   0|  0|   95|          95|          95|
    |add_ln263_8_fu_23187_p2         |         +|   0|  0|  117|         117|         101|
    |add_ln263_fu_22322_p2           |         +|   0|  0|   95|          95|          93|
    |add_ln269_fu_24812_p2           |         +|   0|  0|   80|          80|          70|
    |b0_10_fu_22997_p2               |         +|   0|  0|   47|          40|          40|
    |b0_13_fu_23231_p2               |         +|   0|  0|   47|          40|          40|
    |b0_16_fu_23465_p2               |         +|   0|  0|   47|          40|          40|
    |b0_19_fu_23699_p2               |         +|   0|  0|   47|          40|          40|
    |b0_1_fu_22360_p2                |         +|   0|  0|   31|          24|          24|
    |b0_22_fu_23933_p2               |         +|   0|  0|   47|          40|          40|
    |b0_25_fu_24167_p2               |         +|   0|  0|   47|          40|          40|
    |b0_28_fu_24401_p2               |         +|   0|  0|   47|          40|          40|
    |b0_31_fu_24635_p2               |         +|   0|  0|   47|          40|          40|
    |b0_4_fu_22569_p2                |         +|   0|  0|   47|          40|          40|
    |b0_7_fu_22763_p2                |         +|   0|  0|   47|          40|          40|
    |p_1_fu_24872_p2                 |         +|   0|  0|   47|          40|          40|
    |p_4_fu_25105_p2                 |         +|   0|  0|   39|          32|          32|
    |z_fu_22009_p2                   |         +|   0|  0|   46|          39|          39|
    |sub_ln209_fu_21766_p2           |         -|   0|  0|   74|           1|          67|
    |sub_ln263_10_fu_22283_p2        |         -|   0|  0|   95|          95|          95|
    |sub_ln263_11_fu_22299_p2        |         -|   0|  0|   95|          95|          95|
    |sub_ln263_1_fu_22947_p2         |         -|   0|  0|  117|         117|         117|
    |sub_ln263_2_fu_23181_p2         |         -|   0|  0|  117|         117|         117|
    |sub_ln263_3_fu_23415_p2         |         -|   0|  0|  117|         117|         117|
    |sub_ln263_4_fu_23649_p2         |         -|   0|  0|  117|         117|         117|
    |sub_ln263_5_fu_23883_p2         |         -|   0|  0|  117|         117|         117|
    |sub_ln263_6_fu_24117_p2         |         -|   0|  0|  117|         117|         117|
    |sub_ln263_7_fu_24351_p2         |         -|   0|  0|  117|         117|         117|
    |sub_ln263_8_fu_24585_p2         |         -|   0|  0|  117|         117|         117|
    |sub_ln263_9_fu_22249_p2         |         -|   0|  0|   95|          95|          95|
    |sub_ln263_fu_22713_p2           |         -|   0|  0|  117|         117|         117|
    |sub_ln269_fu_24828_p2           |         -|   0|  0|   80|          80|          80|
    |and_ln104_10_fu_20349_p2        |       and|   0|  0|    2|           1|           1|
    |and_ln104_11_fu_20415_p2        |       and|   0|  0|    2|           1|           1|
    |and_ln104_12_fu_20481_p2        |       and|   0|  0|    2|           1|           1|
    |and_ln104_13_fu_20547_p2        |       and|   0|  0|    2|           1|           1|
    |and_ln104_14_fu_20613_p2        |       and|   0|  0|    2|           1|           1|
    |and_ln104_15_fu_20679_p2        |       and|   0|  0|    2|           1|           1|
    |and_ln104_16_fu_20745_p2        |       and|   0|  0|    2|           1|           1|
    |and_ln104_17_fu_20811_p2        |       and|   0|  0|    2|           1|           1|
    |and_ln104_18_fu_20877_p2        |       and|   0|  0|    2|           1|           1|
    |and_ln104_19_fu_20943_p2        |       and|   0|  0|    2|           1|           1|
    |and_ln104_1_fu_19755_p2         |       and|   0|  0|    2|           1|           1|
    |and_ln104_20_fu_21009_p2        |       and|   0|  0|    2|           1|           1|
    |and_ln104_21_fu_21075_p2        |       and|   0|  0|    2|           1|           1|
    |and_ln104_22_fu_21141_p2        |       and|   0|  0|    2|           1|           1|
    |and_ln104_23_fu_21207_p2        |       and|   0|  0|    2|           1|           1|
    |and_ln104_24_fu_21273_p2        |       and|   0|  0|    2|           1|           1|
    |and_ln104_25_fu_21339_p2        |       and|   0|  0|    2|           1|           1|
    |and_ln104_26_fu_21405_p2        |       and|   0|  0|    2|           1|           1|
    |and_ln104_27_fu_21471_p2        |       and|   0|  0|    2|           1|           1|
    |and_ln104_28_fu_21537_p2        |       and|   0|  0|    2|           1|           1|
    |and_ln104_29_fu_21603_p2        |       and|   0|  0|    2|           1|           1|
    |and_ln104_2_fu_19821_p2         |       and|   0|  0|    2|           1|           1|
    |and_ln104_30_fu_21669_p2        |       and|   0|  0|    2|           1|           1|
    |and_ln104_31_fu_21735_p2        |       and|   0|  0|    2|           1|           1|
    |and_ln104_3_fu_19887_p2         |       and|   0|  0|    2|           1|           1|
    |and_ln104_4_fu_19953_p2         |       and|   0|  0|    2|           1|           1|
    |and_ln104_5_fu_20019_p2         |       and|   0|  0|    2|           1|           1|
    |and_ln104_6_fu_20085_p2         |       and|   0|  0|    2|           1|           1|
    |and_ln104_7_fu_20151_p2         |       and|   0|  0|    2|           1|           1|
    |and_ln104_8_fu_20217_p2         |       and|   0|  0|    2|           1|           1|
    |and_ln104_9_fu_20283_p2         |       and|   0|  0|    2|           1|           1|
    |and_ln104_fu_19689_p2           |       and|   0|  0|    2|           1|           1|
    |and_ln204_100_fu_18587_p2       |       and|   0|  0|    2|           1|           1|
    |and_ln204_101_fu_18639_p2       |       and|   0|  0|    2|           1|           1|
    |and_ln204_102_fu_18645_p2       |       and|   0|  0|    2|           1|           1|
    |and_ln204_103_fu_18657_p2       |       and|   0|  0|    2|           1|           1|
    |and_ln204_104_fu_18748_p2       |       and|   0|  0|    2|           1|           1|
    |and_ln204_105_fu_18800_p2       |       and|   0|  0|    2|           1|           1|
    |and_ln204_106_fu_18806_p2       |       and|   0|  0|    2|           1|           1|
    |and_ln204_107_fu_18818_p2       |       and|   0|  0|    2|           1|           1|
    |and_ln204_108_fu_18909_p2       |       and|   0|  0|    2|           1|           1|
    |and_ln204_109_fu_18961_p2       |       and|   0|  0|    2|           1|           1|
    |and_ln204_10_fu_14942_p2        |       and|   0|  0|    2|           1|           1|
    |and_ln204_110_fu_18967_p2       |       and|   0|  0|    2|           1|           1|
    |and_ln204_111_fu_18979_p2       |       and|   0|  0|    2|           1|           1|
    |and_ln204_112_fu_19070_p2       |       and|   0|  0|    2|           1|           1|
    |and_ln204_113_fu_19122_p2       |       and|   0|  0|    2|           1|           1|
    |and_ln204_114_fu_19128_p2       |       and|   0|  0|    2|           1|           1|
    |and_ln204_115_fu_19140_p2       |       and|   0|  0|    2|           1|           1|
    |and_ln204_116_fu_19231_p2       |       and|   0|  0|    2|           1|           1|
    |and_ln204_117_fu_19283_p2       |       and|   0|  0|    2|           1|           1|
    |and_ln204_118_fu_19289_p2       |       and|   0|  0|    2|           1|           1|
    |and_ln204_119_fu_19301_p2       |       and|   0|  0|    2|           1|           1|
    |and_ln204_11_fu_14954_p2        |       and|   0|  0|    2|           1|           1|
    |and_ln204_120_fu_19392_p2       |       and|   0|  0|    2|           1|           1|
    |and_ln204_121_fu_19444_p2       |       and|   0|  0|    2|           1|           1|
    |and_ln204_122_fu_19450_p2       |       and|   0|  0|    2|           1|           1|
    |and_ln204_123_fu_19462_p2       |       and|   0|  0|    2|           1|           1|
    |and_ln204_124_fu_19553_p2       |       and|   0|  0|    2|           1|           1|
    |and_ln204_125_fu_19605_p2       |       and|   0|  0|    2|           1|           1|
    |and_ln204_126_fu_19611_p2       |       and|   0|  0|    2|           1|           1|
    |and_ln204_127_fu_19623_p2       |       and|   0|  0|    2|           1|           1|
    |and_ln204_12_fu_15045_p2        |       and|   0|  0|    2|           1|           1|
    |and_ln204_13_fu_15097_p2        |       and|   0|  0|    2|           1|           1|
    |and_ln204_14_fu_15103_p2        |       and|   0|  0|    2|           1|           1|
    |and_ln204_15_fu_15115_p2        |       and|   0|  0|    2|           1|           1|
    |and_ln204_16_fu_15206_p2        |       and|   0|  0|    2|           1|           1|
    |and_ln204_17_fu_15258_p2        |       and|   0|  0|    2|           1|           1|
    |and_ln204_18_fu_15264_p2        |       and|   0|  0|    2|           1|           1|
    |and_ln204_19_fu_15276_p2        |       and|   0|  0|    2|           1|           1|
    |and_ln204_1_fu_14614_p2         |       and|   0|  0|    2|           1|           1|
    |and_ln204_20_fu_15367_p2        |       and|   0|  0|    2|           1|           1|
    |and_ln204_21_fu_15419_p2        |       and|   0|  0|    2|           1|           1|
    |and_ln204_22_fu_15425_p2        |       and|   0|  0|    2|           1|           1|
    |and_ln204_23_fu_15437_p2        |       and|   0|  0|    2|           1|           1|
    |and_ln204_24_fu_15528_p2        |       and|   0|  0|    2|           1|           1|
    |and_ln204_25_fu_15580_p2        |       and|   0|  0|    2|           1|           1|
    |and_ln204_26_fu_15586_p2        |       and|   0|  0|    2|           1|           1|
    |and_ln204_27_fu_15598_p2        |       and|   0|  0|    2|           1|           1|
    |and_ln204_28_fu_15689_p2        |       and|   0|  0|    2|           1|           1|
    |and_ln204_29_fu_15741_p2        |       and|   0|  0|    2|           1|           1|
    |and_ln204_2_fu_14620_p2         |       and|   0|  0|    2|           1|           1|
    |and_ln204_30_fu_15747_p2        |       and|   0|  0|    2|           1|           1|
    |and_ln204_31_fu_15759_p2        |       and|   0|  0|    2|           1|           1|
    |and_ln204_32_fu_15850_p2        |       and|   0|  0|    2|           1|           1|
    |and_ln204_33_fu_15902_p2        |       and|   0|  0|    2|           1|           1|
    |and_ln204_34_fu_15908_p2        |       and|   0|  0|    2|           1|           1|
    |and_ln204_35_fu_15920_p2        |       and|   0|  0|    2|           1|           1|
    |and_ln204_36_fu_16011_p2        |       and|   0|  0|    2|           1|           1|
    |and_ln204_37_fu_16063_p2        |       and|   0|  0|    2|           1|           1|
    |and_ln204_38_fu_16069_p2        |       and|   0|  0|    2|           1|           1|
    |and_ln204_39_fu_16081_p2        |       and|   0|  0|    2|           1|           1|
    |and_ln204_3_fu_14632_p2         |       and|   0|  0|    2|           1|           1|
    |and_ln204_40_fu_16172_p2        |       and|   0|  0|    2|           1|           1|
    |and_ln204_41_fu_16224_p2        |       and|   0|  0|    2|           1|           1|
    |and_ln204_42_fu_16230_p2        |       and|   0|  0|    2|           1|           1|
    |and_ln204_43_fu_16242_p2        |       and|   0|  0|    2|           1|           1|
    |and_ln204_44_fu_16333_p2        |       and|   0|  0|    2|           1|           1|
    |and_ln204_45_fu_16385_p2        |       and|   0|  0|    2|           1|           1|
    |and_ln204_46_fu_16391_p2        |       and|   0|  0|    2|           1|           1|
    |and_ln204_47_fu_16403_p2        |       and|   0|  0|    2|           1|           1|
    |and_ln204_48_fu_16494_p2        |       and|   0|  0|    2|           1|           1|
    |and_ln204_49_fu_16546_p2        |       and|   0|  0|    2|           1|           1|
    |and_ln204_4_fu_14723_p2         |       and|   0|  0|    2|           1|           1|
    |and_ln204_50_fu_16552_p2        |       and|   0|  0|    2|           1|           1|
    |and_ln204_51_fu_16564_p2        |       and|   0|  0|    2|           1|           1|
    |and_ln204_52_fu_16655_p2        |       and|   0|  0|    2|           1|           1|
    |and_ln204_53_fu_16707_p2        |       and|   0|  0|    2|           1|           1|
    |and_ln204_54_fu_16713_p2        |       and|   0|  0|    2|           1|           1|
    |and_ln204_55_fu_16725_p2        |       and|   0|  0|    2|           1|           1|
    |and_ln204_56_fu_16816_p2        |       and|   0|  0|    2|           1|           1|
    |and_ln204_57_fu_16868_p2        |       and|   0|  0|    2|           1|           1|
    |and_ln204_58_fu_16874_p2        |       and|   0|  0|    2|           1|           1|
    |and_ln204_59_fu_16886_p2        |       and|   0|  0|    2|           1|           1|
    |and_ln204_5_fu_14775_p2         |       and|   0|  0|    2|           1|           1|
    |and_ln204_60_fu_16977_p2        |       and|   0|  0|    2|           1|           1|
    |and_ln204_61_fu_17029_p2        |       and|   0|  0|    2|           1|           1|
    |and_ln204_62_fu_17035_p2        |       and|   0|  0|    2|           1|           1|
    |and_ln204_63_fu_17047_p2        |       and|   0|  0|    2|           1|           1|
    |and_ln204_64_fu_17138_p2        |       and|   0|  0|    2|           1|           1|
    |and_ln204_65_fu_17190_p2        |       and|   0|  0|    2|           1|           1|
    |and_ln204_66_fu_17196_p2        |       and|   0|  0|    2|           1|           1|
    |and_ln204_67_fu_17208_p2        |       and|   0|  0|    2|           1|           1|
    |and_ln204_68_fu_17299_p2        |       and|   0|  0|    2|           1|           1|
    |and_ln204_69_fu_17351_p2        |       and|   0|  0|    2|           1|           1|
    |and_ln204_6_fu_14781_p2         |       and|   0|  0|    2|           1|           1|
    |and_ln204_70_fu_17357_p2        |       and|   0|  0|    2|           1|           1|
    |and_ln204_71_fu_17369_p2        |       and|   0|  0|    2|           1|           1|
    |and_ln204_72_fu_17460_p2        |       and|   0|  0|    2|           1|           1|
    |and_ln204_73_fu_17512_p2        |       and|   0|  0|    2|           1|           1|
    |and_ln204_74_fu_17518_p2        |       and|   0|  0|    2|           1|           1|
    |and_ln204_75_fu_17530_p2        |       and|   0|  0|    2|           1|           1|
    |and_ln204_76_fu_17621_p2        |       and|   0|  0|    2|           1|           1|
    |and_ln204_77_fu_17673_p2        |       and|   0|  0|    2|           1|           1|
    |and_ln204_78_fu_17679_p2        |       and|   0|  0|    2|           1|           1|
    |and_ln204_79_fu_17691_p2        |       and|   0|  0|    2|           1|           1|
    |and_ln204_7_fu_14793_p2         |       and|   0|  0|    2|           1|           1|
    |and_ln204_80_fu_17782_p2        |       and|   0|  0|    2|           1|           1|
    |and_ln204_81_fu_17834_p2        |       and|   0|  0|    2|           1|           1|
    |and_ln204_82_fu_17840_p2        |       and|   0|  0|    2|           1|           1|
    |and_ln204_83_fu_17852_p2        |       and|   0|  0|    2|           1|           1|
    |and_ln204_84_fu_17943_p2        |       and|   0|  0|    2|           1|           1|
    |and_ln204_85_fu_17995_p2        |       and|   0|  0|    2|           1|           1|
    |and_ln204_86_fu_18001_p2        |       and|   0|  0|    2|           1|           1|
    |and_ln204_87_fu_18013_p2        |       and|   0|  0|    2|           1|           1|
    |and_ln204_88_fu_18104_p2        |       and|   0|  0|    2|           1|           1|
    |and_ln204_89_fu_18156_p2        |       and|   0|  0|    2|           1|           1|
    |and_ln204_8_fu_14884_p2         |       and|   0|  0|    2|           1|           1|
    |and_ln204_90_fu_18162_p2        |       and|   0|  0|    2|           1|           1|
    |and_ln204_91_fu_18174_p2        |       and|   0|  0|    2|           1|           1|
    |and_ln204_92_fu_18265_p2        |       and|   0|  0|    2|           1|           1|
    |and_ln204_93_fu_18317_p2        |       and|   0|  0|    2|           1|           1|
    |and_ln204_94_fu_18323_p2        |       and|   0|  0|    2|           1|           1|
    |and_ln204_95_fu_18335_p2        |       and|   0|  0|    2|           1|           1|
    |and_ln204_96_fu_18426_p2        |       and|   0|  0|    2|           1|           1|
    |and_ln204_97_fu_18478_p2        |       and|   0|  0|    2|           1|           1|
    |and_ln204_98_fu_18484_p2        |       and|   0|  0|    2|           1|           1|
    |and_ln204_99_fu_18496_p2        |       and|   0|  0|    2|           1|           1|
    |and_ln204_9_fu_14936_p2         |       and|   0|  0|    2|           1|           1|
    |and_ln204_fu_14562_p2           |       and|   0|  0|    2|           1|           1|
    |and_ln209_1_fu_21810_p2         |       and|   0|  0|    2|           1|           1|
    |and_ln209_fu_21798_p2           |       and|   0|  0|    2|           1|           1|
    |and_ln212_fu_14105_p2           |       and|   0|  0|   32|          32|          32|
    |and_ln214_fu_21890_p2           |       and|   0|  0|    2|           1|           1|
    |and_ln253_1_fu_22153_p2         |       and|   0|  0|    2|           1|           1|
    |and_ln253_2_fu_22165_p2         |       and|   0|  0|    2|           1|           1|
    |and_ln253_fu_22147_p2           |       and|   0|  0|    2|           1|           1|
    |and_ln263_10_fu_22783_p2        |       and|   0|  0|    2|           1|           1|
    |and_ln263_11_fu_22849_p2        |       and|   0|  0|    2|           1|           1|
    |and_ln263_12_fu_22893_p2        |       and|   0|  0|    2|           1|           1|
    |and_ln263_13_fu_22881_p2        |       and|   0|  0|    2|           1|           1|
    |and_ln263_14_fu_22887_p2        |       and|   0|  0|    2|           1|           1|
    |and_ln263_15_fu_22908_p2        |       and|   0|  0|    2|           1|           1|
    |and_ln263_16_fu_23017_p2        |       and|   0|  0|    2|           1|           1|
    |and_ln263_17_fu_23083_p2        |       and|   0|  0|    2|           1|           1|
    |and_ln263_18_fu_23127_p2        |       and|   0|  0|    2|           1|           1|
    |and_ln263_19_fu_23115_p2        |       and|   0|  0|    2|           1|           1|
    |and_ln263_1_fu_22422_p2         |       and|   0|  0|    2|           1|           1|
    |and_ln263_20_fu_23121_p2        |       and|   0|  0|    2|           1|           1|
    |and_ln263_21_fu_23142_p2        |       and|   0|  0|    2|           1|           1|
    |and_ln263_22_fu_23251_p2        |       and|   0|  0|    2|           1|           1|
    |and_ln263_23_fu_23317_p2        |       and|   0|  0|    2|           1|           1|
    |and_ln263_24_fu_23361_p2        |       and|   0|  0|    2|           1|           1|
    |and_ln263_25_fu_23349_p2        |       and|   0|  0|    2|           1|           1|
    |and_ln263_26_fu_23355_p2        |       and|   0|  0|    2|           1|           1|
    |and_ln263_27_fu_23376_p2        |       and|   0|  0|    2|           1|           1|
    |and_ln263_28_fu_23485_p2        |       and|   0|  0|    2|           1|           1|
    |and_ln263_29_fu_23551_p2        |       and|   0|  0|    2|           1|           1|
    |and_ln263_2_fu_22428_p2         |       and|   0|  0|    2|           1|           1|
    |and_ln263_30_fu_23595_p2        |       and|   0|  0|    2|           1|           1|
    |and_ln263_31_fu_23583_p2        |       and|   0|  0|    2|           1|           1|
    |and_ln263_32_fu_23589_p2        |       and|   0|  0|    2|           1|           1|
    |and_ln263_33_fu_23610_p2        |       and|   0|  0|    2|           1|           1|
    |and_ln263_34_fu_23719_p2        |       and|   0|  0|    2|           1|           1|
    |and_ln263_35_fu_23785_p2        |       and|   0|  0|    2|           1|           1|
    |and_ln263_36_fu_23829_p2        |       and|   0|  0|    2|           1|           1|
    |and_ln263_37_fu_23817_p2        |       and|   0|  0|    2|           1|           1|
    |and_ln263_38_fu_23823_p2        |       and|   0|  0|    2|           1|           1|
    |and_ln263_39_fu_23844_p2        |       and|   0|  0|    2|           1|           1|
    |and_ln263_3_fu_22446_p2         |       and|   0|  0|    2|           1|           1|
    |and_ln263_40_fu_23953_p2        |       and|   0|  0|    2|           1|           1|
    |and_ln263_41_fu_24019_p2        |       and|   0|  0|    2|           1|           1|
    |and_ln263_42_fu_24063_p2        |       and|   0|  0|    2|           1|           1|
    |and_ln263_43_fu_24051_p2        |       and|   0|  0|    2|           1|           1|
    |and_ln263_44_fu_24057_p2        |       and|   0|  0|    2|           1|           1|
    |and_ln263_45_fu_24078_p2        |       and|   0|  0|    2|           1|           1|
    |and_ln263_46_fu_24187_p2        |       and|   0|  0|    2|           1|           1|
    |and_ln263_47_fu_24253_p2        |       and|   0|  0|    2|           1|           1|
    |and_ln263_48_fu_24297_p2        |       and|   0|  0|    2|           1|           1|
    |and_ln263_49_fu_24285_p2        |       and|   0|  0|    2|           1|           1|
    |and_ln263_4_fu_22588_p2         |       and|   0|  0|    2|           1|           1|
    |and_ln263_50_fu_24291_p2        |       and|   0|  0|    2|           1|           1|
    |and_ln263_51_fu_24312_p2        |       and|   0|  0|    2|           1|           1|
    |and_ln263_52_fu_24421_p2        |       and|   0|  0|    2|           1|           1|
    |and_ln263_53_fu_24487_p2        |       and|   0|  0|    2|           1|           1|
    |and_ln263_54_fu_24531_p2        |       and|   0|  0|    2|           1|           1|
    |and_ln263_55_fu_24519_p2        |       and|   0|  0|    2|           1|           1|
    |and_ln263_56_fu_24525_p2        |       and|   0|  0|    2|           1|           1|
    |and_ln263_57_fu_24546_p2        |       and|   0|  0|    2|           1|           1|
    |and_ln263_58_fu_24655_p2        |       and|   0|  0|    2|           1|           1|
    |and_ln263_59_fu_24721_p2        |       and|   0|  0|    2|           1|           1|
    |and_ln263_5_fu_22613_p2         |       and|   0|  0|    2|           1|           1|
    |and_ln263_60_fu_24765_p2        |       and|   0|  0|    2|           1|           1|
    |and_ln263_61_fu_24753_p2        |       and|   0|  0|    2|           1|           1|
    |and_ln263_62_fu_24759_p2        |       and|   0|  0|    2|           1|           1|
    |and_ln263_63_fu_24780_p2        |       and|   0|  0|    2|           1|           1|
    |and_ln263_6_fu_22625_p2         |       and|   0|  0|    2|           1|           1|
    |and_ln263_7_fu_22647_p2         |       and|   0|  0|    2|           1|           1|
    |and_ln263_8_fu_22653_p2         |       and|   0|  0|    2|           1|           1|
    |and_ln263_9_fu_22671_p2         |       and|   0|  0|    2|           1|           1|
    |and_ln263_fu_22384_p2           |       and|   0|  0|    2|           1|           1|
    |and_ln269_1_fu_24958_p2         |       and|   0|  0|    2|           1|           1|
    |and_ln269_2_fu_24972_p2         |       and|   0|  0|    2|           1|           1|
    |and_ln269_3_fu_24996_p2         |       and|   0|  0|    2|           1|           1|
    |and_ln269_4_fu_25002_p2         |       and|   0|  0|    2|           1|           1|
    |and_ln269_5_fu_25020_p2         |       and|   0|  0|    2|           1|           1|
    |and_ln269_fu_24892_p2           |       and|   0|  0|    2|           1|           1|
    |and_ln272_fu_25198_p2           |       and|   0|  0|    2|           1|           1|
    |and_ln276_fu_25182_p2           |       and|   0|  0|    2|           1|           1|
    |and_ln280_1_fu_25226_p2         |       and|   0|  0|    2|           1|           1|
    |and_ln280_fu_25143_p2           |       and|   0|  0|    2|           1|           1|
    |icmp_ln238_fu_21940_p2          |      icmp|   0|  0|   72|          65|           1|
    |icmp_ln244_fu_21946_p2          |      icmp|   0|  0|   72|          65|          59|
    |icmp_ln253_1_fu_22123_p2        |      icmp|   0|  0|    9|           2|           2|
    |icmp_ln253_2_fu_22129_p2        |      icmp|   0|  0|    9|           2|           1|
    |icmp_ln253_fu_22024_p2          |      icmp|   0|  0|   10|           3|           1|
    |icmp_ln263_10_fu_23291_p2       |      icmp|   0|  0|   12|           5|           2|
    |icmp_ln263_11_fu_23297_p2       |      icmp|   0|  0|   12|           5|           1|
    |icmp_ln263_12_fu_23509_p2       |      icmp|   0|  0|   12|           4|           2|
    |icmp_ln263_13_fu_23525_p2       |      icmp|   0|  0|   12|           5|           2|
    |icmp_ln263_14_fu_23531_p2       |      icmp|   0|  0|   12|           5|           1|
    |icmp_ln263_15_fu_23743_p2       |      icmp|   0|  0|   12|           4|           2|
    |icmp_ln263_16_fu_23759_p2       |      icmp|   0|  0|   12|           5|           2|
    |icmp_ln263_17_fu_23765_p2       |      icmp|   0|  0|   12|           5|           1|
    |icmp_ln263_18_fu_23977_p2       |      icmp|   0|  0|   12|           4|           2|
    |icmp_ln263_19_fu_23993_p2       |      icmp|   0|  0|   12|           5|           2|
    |icmp_ln263_1_fu_22547_p2        |      icmp|   0|  0|   12|           5|           2|
    |icmp_ln263_20_fu_23999_p2       |      icmp|   0|  0|   12|           5|           1|
    |icmp_ln263_21_fu_24211_p2       |      icmp|   0|  0|   12|           4|           2|
    |icmp_ln263_22_fu_24227_p2       |      icmp|   0|  0|   12|           5|           2|
    |icmp_ln263_23_fu_24233_p2       |      icmp|   0|  0|   12|           5|           1|
    |icmp_ln263_24_fu_24445_p2       |      icmp|   0|  0|   12|           4|           2|
    |icmp_ln263_25_fu_24461_p2       |      icmp|   0|  0|   12|           5|           2|
    |icmp_ln263_26_fu_24467_p2       |      icmp|   0|  0|   12|           5|           1|
    |icmp_ln263_27_fu_24679_p2       |      icmp|   0|  0|   12|           4|           2|
    |icmp_ln263_28_fu_24695_p2       |      icmp|   0|  0|   12|           5|           2|
    |icmp_ln263_29_fu_24701_p2       |      icmp|   0|  0|   12|           5|           1|
    |icmp_ln263_2_fu_22553_p2        |      icmp|   0|  0|   12|           5|           1|
    |icmp_ln263_3_fu_22807_p2        |      icmp|   0|  0|   12|           4|           2|
    |icmp_ln263_4_fu_22823_p2        |      icmp|   0|  0|   12|           5|           2|
    |icmp_ln263_5_fu_22829_p2        |      icmp|   0|  0|   12|           5|           1|
    |icmp_ln263_6_fu_23041_p2        |      icmp|   0|  0|   12|           4|           2|
    |icmp_ln263_7_fu_23057_p2        |      icmp|   0|  0|   12|           5|           2|
    |icmp_ln263_8_fu_23063_p2        |      icmp|   0|  0|   12|           5|           1|
    |icmp_ln263_9_fu_23275_p2        |      icmp|   0|  0|   12|           4|           2|
    |icmp_ln263_fu_22531_p2          |      icmp|   0|  0|   12|           4|           2|
    |icmp_ln269_1_fu_24932_p2        |      icmp|   0|  0|   12|           4|           2|
    |icmp_ln269_2_fu_24938_p2        |      icmp|   0|  0|   12|           4|           1|
    |icmp_ln269_fu_24916_p2          |      icmp|   0|  0|   10|           3|           2|
    |icmp_ln272_fu_25045_p2          |      icmp|   0|  0|   47|          40|           1|
    |icmp_ln276_fu_25061_p2          |      icmp|   0|  0|   12|           4|           1|
    |selected_bit_fu_14111_p2        |      icmp|   0|  0|   39|          32|           1|
    |empty_fu_25125_p2               |        or|   0|  0|    2|           1|           1|
    |or_ln157_100_fu_12449_p2        |        or|   0|  0|    2|           1|           1|
    |or_ln157_101_fu_12575_p2        |        or|   0|  0|    2|           1|           1|
    |or_ln157_102_fu_12637_p2        |        or|   0|  0|    2|           1|           1|
    |or_ln157_103_fu_12675_p2        |        or|   0|  0|    2|           1|           1|
    |or_ln157_104_fu_12729_p2        |        or|   0|  0|    2|           1|           1|
    |or_ln157_105_fu_12855_p2        |        or|   0|  0|    2|           1|           1|
    |or_ln157_106_fu_12917_p2        |        or|   0|  0|    2|           1|           1|
    |or_ln157_107_fu_12955_p2        |        or|   0|  0|    2|           1|           1|
    |or_ln157_108_fu_13001_p2        |        or|   0|  0|    2|           1|           1|
    |or_ln157_109_fu_13127_p2        |        or|   0|  0|    2|           1|           1|
    |or_ln157_10_fu_5321_p2          |        or|   0|  0|    2|           1|           1|
    |or_ln157_110_fu_13197_p2        |        or|   0|  0|    2|           1|           1|
    |or_ln157_111_fu_13235_p2        |        or|   0|  0|    2|           1|           1|
    |or_ln157_112_fu_13281_p2        |        or|   0|  0|    2|           1|           1|
    |or_ln157_113_fu_13407_p2        |        or|   0|  0|    2|           1|           1|
    |or_ln157_114_fu_13477_p2        |        or|   0|  0|    2|           1|           1|
    |or_ln157_115_fu_13515_p2        |        or|   0|  0|    2|           1|           1|
    |or_ln157_116_fu_13553_p2        |        or|   0|  0|    2|           1|           1|
    |or_ln157_117_fu_13687_p2        |        or|   0|  0|    2|           1|           1|
    |or_ln157_118_fu_13757_p2        |        or|   0|  0|    2|           1|           1|
    |or_ln157_119_fu_13795_p2        |        or|   0|  0|    2|           1|           1|
    |or_ln157_11_fu_5335_p2          |        or|   0|  0|    2|           1|           1|
    |or_ln157_120_fu_13833_p2        |        or|   0|  0|    2|           1|           1|
    |or_ln157_121_fu_13967_p2        |        or|   0|  0|    2|           1|           1|
    |or_ln157_122_fu_14037_p2        |        or|   0|  0|    2|           1|           1|
    |or_ln157_123_fu_14075_p2        |        or|   0|  0|    2|           1|           1|
    |or_ln157_12_fu_5349_p2          |        or|   0|  0|    2|           1|           1|
    |or_ln157_13_fu_5363_p2          |        or|   0|  0|    2|           1|           1|
    |or_ln157_14_fu_5377_p2          |        or|   0|  0|    2|           1|           1|
    |or_ln157_15_fu_5399_p2          |        or|   0|  0|    2|           1|           1|
    |or_ln157_16_fu_5413_p2          |        or|   0|  0|    2|           1|           1|
    |or_ln157_17_fu_5427_p2          |        or|   0|  0|    2|           1|           1|
    |or_ln157_18_fu_5441_p2          |        or|   0|  0|    2|           1|           1|
    |or_ln157_19_fu_5455_p2          |        or|   0|  0|    2|           1|           1|
    |or_ln157_1_fu_5195_p2           |        or|   0|  0|    2|           1|           1|
    |or_ln157_20_fu_5469_p2          |        or|   0|  0|    2|           1|           1|
    |or_ln157_21_fu_5483_p2          |        or|   0|  0|    2|           1|           1|
    |or_ln157_22_fu_5505_p2          |        or|   0|  0|    2|           1|           1|
    |or_ln157_23_fu_5519_p2          |        or|   0|  0|    2|           1|           1|
    |or_ln157_24_fu_5533_p2          |        or|   0|  0|    2|           1|           1|
    |or_ln157_25_fu_5555_p2          |        or|   0|  0|    2|           1|           1|
    |or_ln157_26_fu_5957_p2          |        or|   0|  0|    2|           1|           1|
    |or_ln157_27_fu_6219_p2          |        or|   0|  0|    2|           1|           1|
    |or_ln157_28_fu_6473_p2          |        or|   0|  0|    2|           1|           1|
    |or_ln157_29_fu_6551_p2          |        or|   0|  0|    2|           1|           1|
    |or_ln157_2_fu_5209_p2           |        or|   0|  0|    2|           1|           1|
    |or_ln157_30_fu_6741_p2          |        or|   0|  0|    2|           1|           1|
    |or_ln157_31_fu_6819_p2          |        or|   0|  0|    2|           1|           1|
    |or_ln157_32_fu_7001_p2          |        or|   0|  0|    2|           1|           1|
    |or_ln157_33_fu_7087_p2          |        or|   0|  0|    2|           1|           1|
    |or_ln157_34_fu_7269_p2          |        or|   0|  0|    2|           1|           1|
    |or_ln157_35_fu_7355_p2          |        or|   0|  0|    2|           1|           1|
    |or_ln157_36_fu_7529_p2          |        or|   0|  0|    2|           1|           1|
    |or_ln157_37_fu_7615_p2          |        or|   0|  0|    2|           1|           1|
    |or_ln157_38_fu_7661_p2          |        or|   0|  0|    2|           1|           1|
    |or_ln157_39_fu_7803_p2          |        or|   0|  0|    2|           1|           1|
    |or_ln157_3_fu_5223_p2           |        or|   0|  0|    2|           1|           1|
    |or_ln157_40_fu_7889_p2          |        or|   0|  0|    2|           1|           1|
    |or_ln157_41_fu_7935_p2          |        or|   0|  0|    2|           1|           1|
    |or_ln157_42_fu_8069_p2          |        or|   0|  0|    2|           1|           1|
    |or_ln157_43_fu_8163_p2          |        or|   0|  0|    2|           1|           1|
    |or_ln157_44_fu_8209_p2          |        or|   0|  0|    2|           1|           1|
    |or_ln157_45_fu_8343_p2          |        or|   0|  0|    2|           1|           1|
    |or_ln157_46_fu_8437_p2          |        or|   0|  0|    2|           1|           1|
    |or_ln157_47_fu_8483_p2          |        or|   0|  0|    2|           1|           1|
    |or_ln157_48_fu_8609_p2          |        or|   0|  0|    2|           1|           1|
    |or_ln157_49_fu_8703_p2          |        or|   0|  0|    2|           1|           1|
    |or_ln157_4_fu_5237_p2           |        or|   0|  0|    2|           1|           1|
    |or_ln157_50_fu_8757_p2          |        or|   0|  0|    2|           1|           1|
    |or_ln157_51_fu_8883_p2          |        or|   0|  0|    2|           1|           1|
    |or_ln157_52_fu_8977_p2          |        or|   0|  0|    2|           1|           1|
    |or_ln157_53_fu_9031_p2          |        or|   0|  0|    2|           1|           1|
    |or_ln157_54_fu_9149_p2          |        or|   0|  0|    2|           1|           1|
    |or_ln157_55_fu_9251_p2          |        or|   0|  0|    2|           1|           1|
    |or_ln157_56_fu_9305_p2          |        or|   0|  0|    2|           1|           1|
    |or_ln157_57_fu_9423_p2          |        or|   0|  0|    2|           1|           1|
    |or_ln157_58_fu_9525_p2          |        or|   0|  0|    2|           1|           1|
    |or_ln157_59_fu_9579_p2          |        or|   0|  0|    2|           1|           1|
    |or_ln157_5_fu_5251_p2           |        or|   0|  0|    2|           1|           1|
    |or_ln157_60_fu_9689_p2          |        or|   0|  0|    2|           1|           1|
    |or_ln157_61_fu_9791_p2          |        or|   0|  0|    2|           1|           1|
    |or_ln157_62_fu_9845_p2          |        or|   0|  0|    2|           1|           1|
    |or_ln157_63_fu_9875_p2          |        or|   0|  0|    2|           1|           1|
    |or_ln157_64_fu_9969_p2          |        or|   0|  0|    2|           1|           1|
    |or_ln157_65_fu_10071_p2         |        or|   0|  0|    2|           1|           1|
    |or_ln157_66_fu_10125_p2         |        or|   0|  0|    2|           1|           1|
    |or_ln157_67_fu_10155_p2         |        or|   0|  0|    2|           1|           1|
    |or_ln157_68_fu_10241_p2         |        or|   0|  0|    2|           1|           1|
    |or_ln157_69_fu_10351_p2         |        or|   0|  0|    2|           1|           1|
    |or_ln157_6_fu_5265_p2           |        or|   0|  0|    2|           1|           1|
    |or_ln157_70_fu_10405_p2         |        or|   0|  0|    2|           1|           1|
    |or_ln157_71_fu_10435_p2         |        or|   0|  0|    2|           1|           1|
    |or_ln157_72_fu_10521_p2         |        or|   0|  0|    2|           1|           1|
    |or_ln157_73_fu_10631_p2         |        or|   0|  0|    2|           1|           1|
    |or_ln157_74_fu_10685_p2         |        or|   0|  0|    2|           1|           1|
    |or_ln157_75_fu_10715_p2         |        or|   0|  0|    2|           1|           1|
    |or_ln157_76_fu_10793_p2         |        or|   0|  0|    2|           1|           1|
    |or_ln157_77_fu_10903_p2         |        or|   0|  0|    2|           1|           1|
    |or_ln157_78_fu_10965_p2         |        or|   0|  0|    2|           1|           1|
    |or_ln157_79_fu_10995_p2         |        or|   0|  0|    2|           1|           1|
    |or_ln157_7_fu_5279_p2           |        or|   0|  0|    2|           1|           1|
    |or_ln157_80_fu_11073_p2         |        or|   0|  0|    2|           1|           1|
    |or_ln157_81_fu_11183_p2         |        or|   0|  0|    2|           1|           1|
    |or_ln157_82_fu_11245_p2         |        or|   0|  0|    2|           1|           1|
    |or_ln157_83_fu_11275_p2         |        or|   0|  0|    2|           1|           1|
    |or_ln157_84_fu_11345_p2         |        or|   0|  0|    2|           1|           1|
    |or_ln157_85_fu_11463_p2         |        or|   0|  0|    2|           1|           1|
    |or_ln157_86_fu_11525_p2         |        or|   0|  0|    2|           1|           1|
    |or_ln157_87_fu_11555_p2         |        or|   0|  0|    2|           1|           1|
    |or_ln157_88_fu_11625_p2         |        or|   0|  0|    2|           1|           1|
    |or_ln157_89_fu_11743_p2         |        or|   0|  0|    2|           1|           1|
    |or_ln157_8_fu_5293_p2           |        or|   0|  0|    2|           1|           1|
    |or_ln157_90_fu_11805_p2         |        or|   0|  0|    2|           1|           1|
    |or_ln157_91_fu_11835_p2         |        or|   0|  0|    2|           1|           1|
    |or_ln157_92_fu_11897_p2         |        or|   0|  0|    2|           1|           1|
    |or_ln157_93_fu_12015_p2         |        or|   0|  0|    2|           1|           1|
    |or_ln157_94_fu_12077_p2         |        or|   0|  0|    2|           1|           1|
    |or_ln157_95_fu_12115_p2         |        or|   0|  0|    2|           1|           1|
    |or_ln157_96_fu_12177_p2         |        or|   0|  0|    2|           1|           1|
    |or_ln157_97_fu_12295_p2         |        or|   0|  0|    2|           1|           1|
    |or_ln157_98_fu_12357_p2         |        or|   0|  0|    2|           1|           1|
    |or_ln157_99_fu_12395_p2         |        or|   0|  0|    2|           1|           1|
    |or_ln157_9_fu_5307_p2           |        or|   0|  0|    2|           1|           1|
    |or_ln157_fu_5181_p2             |        or|   0|  0|    2|           1|           1|
    |or_ln204_10_fu_15091_p2         |        or|   0|  0|    2|           1|           1|
    |or_ln204_11_fu_15129_p2         |        or|   0|  0|    2|           1|           1|
    |or_ln204_12_fu_15240_p2         |        or|   0|  0|    2|           1|           1|
    |or_ln204_13_fu_15252_p2         |        or|   0|  0|    2|           1|           1|
    |or_ln204_14_fu_15290_p2         |        or|   0|  0|    2|           1|           1|
    |or_ln204_15_fu_15401_p2         |        or|   0|  0|    2|           1|           1|
    |or_ln204_16_fu_15413_p2         |        or|   0|  0|    2|           1|           1|
    |or_ln204_17_fu_15451_p2         |        or|   0|  0|    2|           1|           1|
    |or_ln204_18_fu_15562_p2         |        or|   0|  0|    2|           1|           1|
    |or_ln204_19_fu_15574_p2         |        or|   0|  0|    2|           1|           1|
    |or_ln204_1_fu_14608_p2          |        or|   0|  0|    2|           1|           1|
    |or_ln204_20_fu_15612_p2         |        or|   0|  0|    2|           1|           1|
    |or_ln204_21_fu_15723_p2         |        or|   0|  0|    2|           1|           1|
    |or_ln204_22_fu_15735_p2         |        or|   0|  0|    2|           1|           1|
    |or_ln204_23_fu_15773_p2         |        or|   0|  0|    2|           1|           1|
    |or_ln204_24_fu_15884_p2         |        or|   0|  0|    2|           1|           1|
    |or_ln204_25_fu_15896_p2         |        or|   0|  0|    2|           1|           1|
    |or_ln204_26_fu_15934_p2         |        or|   0|  0|    2|           1|           1|
    |or_ln204_27_fu_16045_p2         |        or|   0|  0|    2|           1|           1|
    |or_ln204_28_fu_16057_p2         |        or|   0|  0|    2|           1|           1|
    |or_ln204_29_fu_16095_p2         |        or|   0|  0|    2|           1|           1|
    |or_ln204_2_fu_14646_p2          |        or|   0|  0|    2|           1|           1|
    |or_ln204_30_fu_16206_p2         |        or|   0|  0|    2|           1|           1|
    |or_ln204_31_fu_16218_p2         |        or|   0|  0|    2|           1|           1|
    |or_ln204_32_fu_16256_p2         |        or|   0|  0|    2|           1|           1|
    |or_ln204_33_fu_16367_p2         |        or|   0|  0|    2|           1|           1|
    |or_ln204_34_fu_16379_p2         |        or|   0|  0|    2|           1|           1|
    |or_ln204_35_fu_16417_p2         |        or|   0|  0|    2|           1|           1|
    |or_ln204_36_fu_16528_p2         |        or|   0|  0|    2|           1|           1|
    |or_ln204_37_fu_16540_p2         |        or|   0|  0|    2|           1|           1|
    |or_ln204_38_fu_16578_p2         |        or|   0|  0|    2|           1|           1|
    |or_ln204_39_fu_16689_p2         |        or|   0|  0|    2|           1|           1|
    |or_ln204_3_fu_14757_p2          |        or|   0|  0|    2|           1|           1|
    |or_ln204_40_fu_16701_p2         |        or|   0|  0|    2|           1|           1|
    |or_ln204_41_fu_16739_p2         |        or|   0|  0|    2|           1|           1|
    |or_ln204_42_fu_16850_p2         |        or|   0|  0|    2|           1|           1|
    |or_ln204_43_fu_16862_p2         |        or|   0|  0|    2|           1|           1|
    |or_ln204_44_fu_16900_p2         |        or|   0|  0|    2|           1|           1|
    |or_ln204_45_fu_17011_p2         |        or|   0|  0|    2|           1|           1|
    |or_ln204_46_fu_17023_p2         |        or|   0|  0|    2|           1|           1|
    |or_ln204_47_fu_17061_p2         |        or|   0|  0|    2|           1|           1|
    |or_ln204_48_fu_17172_p2         |        or|   0|  0|    2|           1|           1|
    |or_ln204_49_fu_17184_p2         |        or|   0|  0|    2|           1|           1|
    |or_ln204_4_fu_14769_p2          |        or|   0|  0|    2|           1|           1|
    |or_ln204_50_fu_17222_p2         |        or|   0|  0|    2|           1|           1|
    |or_ln204_51_fu_17333_p2         |        or|   0|  0|    2|           1|           1|
    |or_ln204_52_fu_17345_p2         |        or|   0|  0|    2|           1|           1|
    |or_ln204_53_fu_17383_p2         |        or|   0|  0|    2|           1|           1|
    |or_ln204_54_fu_17494_p2         |        or|   0|  0|    2|           1|           1|
    |or_ln204_55_fu_17506_p2         |        or|   0|  0|    2|           1|           1|
    |or_ln204_56_fu_17544_p2         |        or|   0|  0|    2|           1|           1|
    |or_ln204_57_fu_17655_p2         |        or|   0|  0|    2|           1|           1|
    |or_ln204_58_fu_17667_p2         |        or|   0|  0|    2|           1|           1|
    |or_ln204_59_fu_17705_p2         |        or|   0|  0|    2|           1|           1|
    |or_ln204_5_fu_14807_p2          |        or|   0|  0|    2|           1|           1|
    |or_ln204_60_fu_17816_p2         |        or|   0|  0|    2|           1|           1|
    |or_ln204_61_fu_17828_p2         |        or|   0|  0|    2|           1|           1|
    |or_ln204_62_fu_17866_p2         |        or|   0|  0|    2|           1|           1|
    |or_ln204_63_fu_17977_p2         |        or|   0|  0|    2|           1|           1|
    |or_ln204_64_fu_17989_p2         |        or|   0|  0|    2|           1|           1|
    |or_ln204_65_fu_18027_p2         |        or|   0|  0|    2|           1|           1|
    |or_ln204_66_fu_18138_p2         |        or|   0|  0|    2|           1|           1|
    |or_ln204_67_fu_18150_p2         |        or|   0|  0|    2|           1|           1|
    |or_ln204_68_fu_18188_p2         |        or|   0|  0|    2|           1|           1|
    |or_ln204_69_fu_18299_p2         |        or|   0|  0|    2|           1|           1|
    |or_ln204_6_fu_14918_p2          |        or|   0|  0|    2|           1|           1|
    |or_ln204_70_fu_18311_p2         |        or|   0|  0|    2|           1|           1|
    |or_ln204_71_fu_18349_p2         |        or|   0|  0|    2|           1|           1|
    |or_ln204_72_fu_18460_p2         |        or|   0|  0|    2|           1|           1|
    |or_ln204_73_fu_18472_p2         |        or|   0|  0|    2|           1|           1|
    |or_ln204_74_fu_18510_p2         |        or|   0|  0|    2|           1|           1|
    |or_ln204_75_fu_18621_p2         |        or|   0|  0|    2|           1|           1|
    |or_ln204_76_fu_18633_p2         |        or|   0|  0|    2|           1|           1|
    |or_ln204_77_fu_18671_p2         |        or|   0|  0|    2|           1|           1|
    |or_ln204_78_fu_18782_p2         |        or|   0|  0|    2|           1|           1|
    |or_ln204_79_fu_18794_p2         |        or|   0|  0|    2|           1|           1|
    |or_ln204_7_fu_14930_p2          |        or|   0|  0|    2|           1|           1|
    |or_ln204_80_fu_18832_p2         |        or|   0|  0|    2|           1|           1|
    |or_ln204_81_fu_18943_p2         |        or|   0|  0|    2|           1|           1|
    |or_ln204_82_fu_18955_p2         |        or|   0|  0|    2|           1|           1|
    |or_ln204_83_fu_18993_p2         |        or|   0|  0|    2|           1|           1|
    |or_ln204_84_fu_19104_p2         |        or|   0|  0|    2|           1|           1|
    |or_ln204_85_fu_19116_p2         |        or|   0|  0|    2|           1|           1|
    |or_ln204_86_fu_19154_p2         |        or|   0|  0|    2|           1|           1|
    |or_ln204_87_fu_19265_p2         |        or|   0|  0|    2|           1|           1|
    |or_ln204_88_fu_19277_p2         |        or|   0|  0|    2|           1|           1|
    |or_ln204_89_fu_19315_p2         |        or|   0|  0|    2|           1|           1|
    |or_ln204_8_fu_14968_p2          |        or|   0|  0|    2|           1|           1|
    |or_ln204_90_fu_19426_p2         |        or|   0|  0|    2|           1|           1|
    |or_ln204_91_fu_19438_p2         |        or|   0|  0|    2|           1|           1|
    |or_ln204_92_fu_19476_p2         |        or|   0|  0|    2|           1|           1|
    |or_ln204_93_fu_19587_p2         |        or|   0|  0|    2|           1|           1|
    |or_ln204_94_fu_19599_p2         |        or|   0|  0|    2|           1|           1|
    |or_ln204_95_fu_19637_p2         |        or|   0|  0|    2|           1|           1|
    |or_ln204_9_fu_15079_p2          |        or|   0|  0|    2|           1|           1|
    |or_ln204_fu_14596_p2            |        or|   0|  0|    2|           1|           1|
    |or_ln209_fu_21828_p2            |        or|   0|  0|    2|           1|           1|
    |or_ln253_1_fu_22135_p2          |        or|   0|  0|    2|           1|           1|
    |or_ln253_2_fu_22179_p2          |        or|   0|  0|    2|           1|           1|
    |or_ln253_fu_22048_p2            |        or|   0|  0|    2|           1|           1|
    |or_ln263_10_fu_23571_p2         |        or|   0|  0|    2|           1|           1|
    |or_ln263_11_fu_23622_p2         |        or|   0|  0|    2|           1|           1|
    |or_ln263_12_fu_23805_p2         |        or|   0|  0|    2|           1|           1|
    |or_ln263_13_fu_23856_p2         |        or|   0|  0|    2|           1|           1|
    |or_ln263_14_fu_24039_p2         |        or|   0|  0|    2|           1|           1|
    |or_ln263_15_fu_24090_p2         |        or|   0|  0|    2|           1|           1|
    |or_ln263_16_fu_24273_p2         |        or|   0|  0|    2|           1|           1|
    |or_ln263_17_fu_24324_p2         |        or|   0|  0|    2|           1|           1|
    |or_ln263_18_fu_24507_p2         |        or|   0|  0|    2|           1|           1|
    |or_ln263_19_fu_24558_p2         |        or|   0|  0|    2|           1|           1|
    |or_ln263_1_fu_22459_p2          |        or|   0|  0|    2|           1|           1|
    |or_ln263_20_fu_24741_p2         |        or|   0|  0|    2|           1|           1|
    |or_ln263_21_fu_24792_p2         |        or|   0|  0|    2|           1|           1|
    |or_ln263_22_fu_22394_p2         |        or|   0|  0|    2|           1|           1|
    |or_ln263_23_fu_22434_p2         |        or|   0|  0|    2|           1|           1|
    |or_ln263_24_fu_22659_p2         |        or|   0|  0|    2|           1|           1|
    |or_ln263_25_fu_22897_p2         |        or|   0|  0|    2|           1|           1|
    |or_ln263_26_fu_23131_p2         |        or|   0|  0|    2|           1|           1|
    |or_ln263_27_fu_23365_p2         |        or|   0|  0|    2|           1|           1|
    |or_ln263_28_fu_23599_p2         |        or|   0|  0|    2|           1|           1|
    |or_ln263_29_fu_23833_p2         |        or|   0|  0|    2|           1|           1|
    |or_ln263_2_fu_22636_p2          |        or|   0|  0|    2|           1|           1|
    |or_ln263_30_fu_24067_p2         |        or|   0|  0|    2|           1|           1|
    |or_ln263_31_fu_24301_p2         |        or|   0|  0|    2|           1|           1|
    |or_ln263_32_fu_24535_p2         |        or|   0|  0|    2|           1|           1|
    |or_ln263_33_fu_24769_p2         |        or|   0|  0|    2|           1|           1|
    |or_ln263_3_fu_22684_p2          |        or|   0|  0|    2|           1|           1|
    |or_ln263_4_fu_22869_p2          |        or|   0|  0|    2|           1|           1|
    |or_ln263_5_fu_22920_p2          |        or|   0|  0|    2|           1|           1|
    |or_ln263_6_fu_23103_p2          |        or|   0|  0|    2|           1|           1|
    |or_ln263_7_fu_23154_p2          |        or|   0|  0|    2|           1|           1|
    |or_ln263_8_fu_23337_p2          |        or|   0|  0|    2|           1|           1|
    |or_ln263_9_fu_23388_p2          |        or|   0|  0|    2|           1|           1|
    |or_ln263_fu_22416_p2            |        or|   0|  0|    2|           1|           1|
    |or_ln269_1_fu_25026_p2          |        or|   0|  0|    2|           1|           1|
    |or_ln269_2_fu_25008_p2          |        or|   0|  0|    2|           1|           1|
    |or_ln269_fu_24984_p2            |        or|   0|  0|    2|           1|           1|
    |or_ln272_fu_25171_p2            |        or|   0|  0|    2|           1|           1|
    |or_ln276_1_fu_25204_p2          |        or|   0|  0|    2|           1|           1|
    |or_ln276_2_fu_25208_p2          |        or|   0|  0|    2|           1|           1|
    |or_ln276_3_fu_25214_p2          |        or|   0|  0|    2|           1|           1|
    |or_ln276_fu_25188_p2            |        or|   0|  0|    2|           1|           1|
    |or_ln280_1_fu_25149_p2          |        or|   0|  0|    2|           1|           1|
    |or_ln280_fu_25131_p2            |        or|   0|  0|    2|           1|           1|
    |b0_33_fu_22465_p3               |    select|   0|  0|   40|           1|          40|
    |b0_34_fu_22690_p3               |    select|   0|  0|   40|           1|          40|
    |b0_35_fu_22925_p3               |    select|   0|  0|   40|           1|          40|
    |b0_36_fu_23159_p3               |    select|   0|  0|   40|           1|          40|
    |b0_37_fu_23393_p3               |    select|   0|  0|   40|           1|          40|
    |b0_38_fu_23627_p3               |    select|   0|  0|   40|           1|          40|
    |b0_39_fu_23861_p3               |    select|   0|  0|   40|           1|          40|
    |b0_40_fu_24095_p3               |    select|   0|  0|   40|           1|          40|
    |b0_41_fu_24329_p3               |    select|   0|  0|   40|           1|          40|
    |b0_42_fu_24563_p3               |    select|   0|  0|   40|           1|          40|
    |b0_43_fu_24797_p3               |    select|   0|  0|   40|           1|          40|
    |delta_over_alpha_1_fu_21907_p3  |    select|   0|  0|   64|           1|          66|
    |field_over_alpha_fu_21755_p3    |    select|   0|  0|   64|           1|          66|
    |out_11_fu_14312_p3              |    select|   0|  0|   64|           1|          66|
    |out_13_fu_14319_p3              |    select|   0|  0|   64|           1|          66|
    |out_15_fu_14326_p3              |    select|   0|  0|   64|           1|          66|
    |out_17_fu_14333_p3              |    select|   0|  0|   64|           1|          66|
    |out_19_fu_14340_p3              |    select|   0|  0|   64|           1|          66|
    |out_1_fu_14277_p3               |    select|   0|  0|   64|           1|          66|
    |out_21_fu_14347_p3              |    select|   0|  0|   64|           1|          66|
    |out_23_fu_14354_p3              |    select|   0|  0|   64|           1|          66|
    |out_25_fu_14361_p3              |    select|   0|  0|   64|           1|          66|
    |out_27_fu_14368_p3              |    select|   0|  0|   64|           1|          66|
    |out_29_fu_14374_p3              |    select|   0|  0|   64|           1|          66|
    |out_31_fu_14381_p3              |    select|   0|  0|   64|           1|          66|
    |out_33_fu_14388_p3              |    select|   0|  0|   64|           1|          66|
    |out_35_fu_14395_p3              |    select|   0|  0|   64|           1|          66|
    |out_37_fu_14402_p3              |    select|   0|  0|   64|           1|          66|
    |out_39_fu_14409_p3              |    select|   0|  0|   64|           1|          66|
    |out_3_fu_14284_p3               |    select|   0|  0|   64|           1|          66|
    |out_41_fu_14416_p3              |    select|   0|  0|   64|           1|          66|
    |out_43_fu_14423_p3              |    select|   0|  0|   64|           1|          66|
    |out_45_fu_14430_p3              |    select|   0|  0|   64|           1|          66|
    |out_47_fu_14437_p3              |    select|   0|  0|   64|           1|          66|
    |out_49_fu_14444_p3              |    select|   0|  0|   64|           1|          66|
    |out_51_fu_14451_p3              |    select|   0|  0|   64|           1|          66|
    |out_53_fu_14457_p3              |    select|   0|  0|   64|           1|          66|
    |out_55_fu_14464_p3              |    select|   0|  0|   64|           1|          66|
    |out_57_fu_14471_p3              |    select|   0|  0|   64|           1|          66|
    |out_591_fu_14492_p3             |    select|   0|  0|   64|           1|          66|
    |out_59_fu_14478_p3              |    select|   0|  0|   64|           1|          66|
    |out_5_fu_14291_p3               |    select|   0|  0|   64|           1|          66|
    |out_61_fu_14485_p3              |    select|   0|  0|   64|           1|          66|
    |out_7_fu_14298_p3               |    select|   0|  0|   64|           1|          66|
    |out_9_fu_14305_p3               |    select|   0|  0|   64|           1|          66|
    |p_2_fu_25039_p3                 |    select|   0|  0|   40|           1|          40|
    |p_5_fu_25242_p6                 |    select|   0|  0|   32|           1|          32|
    |select_ln104_10_fu_20031_p3     |    select|   0|  0|   65|           1|          65|
    |select_ln104_11_fu_20039_p3     |    select|   0|  0|   64|           1|          66|
    |select_ln104_12_fu_20097_p3     |    select|   0|  0|   65|           1|          65|
    |select_ln104_13_fu_20105_p3     |    select|   0|  0|   64|           1|          66|
    |select_ln104_14_fu_20163_p3     |    select|   0|  0|   65|           1|          65|
    |select_ln104_15_fu_20171_p3     |    select|   0|  0|   64|           1|          66|
    |select_ln104_16_fu_20229_p3     |    select|   0|  0|   65|           1|          65|
    |select_ln104_17_fu_20237_p3     |    select|   0|  0|   64|           1|          66|
    |select_ln104_18_fu_20295_p3     |    select|   0|  0|   65|           1|          65|
    |select_ln104_19_fu_20303_p3     |    select|   0|  0|   64|           1|          66|
    |select_ln104_1_fu_19709_p3      |    select|   0|  0|   64|           1|          66|
    |select_ln104_20_fu_20361_p3     |    select|   0|  0|   65|           1|          65|
    |select_ln104_21_fu_20369_p3     |    select|   0|  0|   64|           1|          66|
    |select_ln104_22_fu_20427_p3     |    select|   0|  0|   65|           1|          65|
    |select_ln104_23_fu_20435_p3     |    select|   0|  0|   64|           1|          66|
    |select_ln104_24_fu_20493_p3     |    select|   0|  0|   65|           1|          65|
    |select_ln104_25_fu_20501_p3     |    select|   0|  0|   64|           1|          66|
    |select_ln104_26_fu_20559_p3     |    select|   0|  0|   65|           1|          65|
    |select_ln104_27_fu_20567_p3     |    select|   0|  0|   64|           1|          66|
    |select_ln104_28_fu_20625_p3     |    select|   0|  0|   65|           1|          65|
    |select_ln104_29_fu_20633_p3     |    select|   0|  0|   64|           1|          66|
    |select_ln104_2_fu_19767_p3      |    select|   0|  0|   65|           1|          65|
    |select_ln104_30_fu_20691_p3     |    select|   0|  0|   65|           1|          65|
    |select_ln104_31_fu_20699_p3     |    select|   0|  0|   64|           1|          66|
    |select_ln104_32_fu_20757_p3     |    select|   0|  0|   65|           1|          65|
    |select_ln104_33_fu_20765_p3     |    select|   0|  0|   64|           1|          66|
    |select_ln104_34_fu_20823_p3     |    select|   0|  0|   65|           1|          65|
    |select_ln104_35_fu_20831_p3     |    select|   0|  0|   64|           1|          66|
    |select_ln104_36_fu_20889_p3     |    select|   0|  0|   65|           1|          65|
    |select_ln104_37_fu_20897_p3     |    select|   0|  0|   64|           1|          66|
    |select_ln104_38_fu_20955_p3     |    select|   0|  0|   65|           1|          65|
    |select_ln104_39_fu_20963_p3     |    select|   0|  0|   64|           1|          66|
    |select_ln104_3_fu_19775_p3      |    select|   0|  0|   64|           1|          66|
    |select_ln104_40_fu_21021_p3     |    select|   0|  0|   65|           1|          65|
    |select_ln104_41_fu_21029_p3     |    select|   0|  0|   64|           1|          66|
    |select_ln104_42_fu_21087_p3     |    select|   0|  0|   65|           1|          65|
    |select_ln104_43_fu_21095_p3     |    select|   0|  0|   64|           1|          66|
    |select_ln104_44_fu_21153_p3     |    select|   0|  0|   65|           1|          65|
    |select_ln104_45_fu_21161_p3     |    select|   0|  0|   64|           1|          66|
    |select_ln104_46_fu_21219_p3     |    select|   0|  0|   65|           1|          65|
    |select_ln104_47_fu_21227_p3     |    select|   0|  0|   64|           1|          66|
    |select_ln104_48_fu_21285_p3     |    select|   0|  0|   65|           1|          65|
    |select_ln104_49_fu_21293_p3     |    select|   0|  0|   64|           1|          66|
    |select_ln104_4_fu_19833_p3      |    select|   0|  0|   65|           1|          65|
    |select_ln104_50_fu_21351_p3     |    select|   0|  0|   65|           1|          65|
    |select_ln104_51_fu_21359_p3     |    select|   0|  0|   64|           1|          66|
    |select_ln104_52_fu_21417_p3     |    select|   0|  0|   65|           1|          65|
    |select_ln104_53_fu_21425_p3     |    select|   0|  0|   64|           1|          66|
    |select_ln104_54_fu_21483_p3     |    select|   0|  0|   65|           1|          65|
    |select_ln104_55_fu_21491_p3     |    select|   0|  0|   64|           1|          66|
    |select_ln104_56_fu_21549_p3     |    select|   0|  0|   65|           1|          65|
    |select_ln104_57_fu_21557_p3     |    select|   0|  0|   64|           1|          66|
    |select_ln104_58_fu_21615_p3     |    select|   0|  0|   65|           1|          65|
    |select_ln104_59_fu_21623_p3     |    select|   0|  0|   64|           1|          66|
    |select_ln104_5_fu_19841_p3      |    select|   0|  0|   64|           1|          66|
    |select_ln104_60_fu_21681_p3     |    select|   0|  0|   65|           1|          65|
    |select_ln104_61_fu_21689_p3     |    select|   0|  0|   64|           1|          66|
    |select_ln104_62_fu_21747_p3     |    select|   0|  0|   65|           1|          65|
    |select_ln104_6_fu_19899_p3      |    select|   0|  0|   65|           1|          65|
    |select_ln104_7_fu_19907_p3      |    select|   0|  0|   64|           1|          66|
    |select_ln104_8_fu_19965_p3      |    select|   0|  0|   65|           1|          65|
    |select_ln104_9_fu_19973_p3      |    select|   0|  0|   64|           1|          66|
    |select_ln104_fu_19701_p3        |    select|   0|  0|   65|           1|          65|
    |select_ln157_100_fu_6155_p3     |    select|   0|  0|   64|           1|          66|
    |select_ln157_101_fu_6163_p3     |    select|   0|  0|   64|           1|          66|
    |select_ln157_102_fu_6171_p3     |    select|   0|  0|   64|           1|          66|
    |select_ln157_103_fu_6179_p3     |    select|   0|  0|   64|           1|          66|
    |select_ln157_104_fu_6187_p3     |    select|   0|  0|   64|           1|          66|
    |select_ln157_105_fu_6195_p3     |    select|   0|  0|   64|           1|          66|
    |select_ln157_106_fu_6203_p3     |    select|   0|  0|   64|           1|          66|
    |select_ln157_107_fu_6211_p3     |    select|   0|  0|   64|           1|          66|
    |select_ln157_108_fu_6225_p3     |    select|   0|  0|   64|           1|          66|
    |select_ln157_109_fu_6233_p3     |    select|   0|  0|   64|           1|          66|
    |select_ln157_10_fu_5313_p3      |    select|   0|  0|   64|           1|          66|
    |select_ln157_110_fu_6241_p3     |    select|   0|  0|   64|           1|          66|
    |select_ln157_111_fu_6249_p3     |    select|   0|  0|   64|           1|          66|
    |select_ln157_112_fu_6257_p3     |    select|   0|  0|   64|           1|          66|
    |select_ln157_113_fu_6265_p3     |    select|   0|  0|   64|           1|          66|
    |select_ln157_114_fu_6273_p3     |    select|   0|  0|   64|           1|          66|
    |select_ln157_115_fu_6281_p3     |    select|   0|  0|   64|           1|          66|
    |select_ln157_116_fu_6289_p3     |    select|   0|  0|   64|           1|          66|
    |select_ln157_117_fu_6297_p3     |    select|   0|  0|   64|           1|          66|
    |select_ln157_118_fu_6305_p3     |    select|   0|  0|   64|           1|          66|
    |select_ln157_119_fu_6313_p3     |    select|   0|  0|   64|           1|          66|
    |select_ln157_11_fu_5327_p3      |    select|   0|  0|   64|           1|          66|
    |select_ln157_120_fu_6321_p3     |    select|   0|  0|   64|           1|          66|
    |select_ln157_121_fu_6329_p3     |    select|   0|  0|   64|           1|          66|
    |select_ln157_122_fu_6337_p3     |    select|   0|  0|   64|           1|          66|
    |select_ln157_124_fu_6361_p3     |    select|   0|  0|   64|           1|          66|
    |select_ln157_125_fu_6369_p3     |    select|   0|  0|   64|           1|          66|
    |select_ln157_126_fu_6377_p3     |    select|   0|  0|   64|           1|          66|
    |select_ln157_127_fu_6385_p3     |    select|   0|  0|   64|           1|          66|
    |select_ln157_128_fu_6393_p3     |    select|   0|  0|   64|           1|          66|
    |select_ln157_129_fu_6401_p3     |    select|   0|  0|   64|           1|          66|
    |select_ln157_12_fu_5341_p3      |    select|   0|  0|   64|           1|          66|
    |select_ln157_130_fu_6409_p3     |    select|   0|  0|   64|           1|          66|
    |select_ln157_131_fu_6417_p3     |    select|   0|  0|   64|           1|          66|
    |select_ln157_132_fu_6425_p3     |    select|   0|  0|   64|           1|          66|
    |select_ln157_133_fu_6433_p3     |    select|   0|  0|   64|           1|          66|
    |select_ln157_134_fu_6441_p3     |    select|   0|  0|   64|           1|          66|
    |select_ln157_135_fu_6449_p3     |    select|   0|  0|   64|           1|          66|
    |select_ln157_136_fu_6457_p3     |    select|   0|  0|   64|           1|          66|
    |select_ln157_137_fu_6465_p3     |    select|   0|  0|   64|           1|          66|
    |select_ln157_138_fu_6479_p3     |    select|   0|  0|   64|           1|          66|
    |select_ln157_139_fu_6487_p3     |    select|   0|  0|   64|           1|          66|
    |select_ln157_13_fu_5355_p3      |    select|   0|  0|   64|           1|          66|
    |select_ln157_140_fu_6495_p3     |    select|   0|  0|   64|           1|          66|
    |select_ln157_141_fu_6503_p3     |    select|   0|  0|   64|           1|          66|
    |select_ln157_142_fu_6511_p3     |    select|   0|  0|   64|           1|          66|
    |select_ln157_143_fu_6519_p3     |    select|   0|  0|   64|           1|          66|
    |select_ln157_144_fu_6527_p3     |    select|   0|  0|   64|           1|          66|
    |select_ln157_145_fu_6535_p3     |    select|   0|  0|   64|           1|          66|
    |select_ln157_146_fu_6543_p3     |    select|   0|  0|   64|           1|          66|
    |select_ln157_147_fu_6557_p3     |    select|   0|  0|   64|           1|          66|
    |select_ln157_148_fu_6565_p3     |    select|   0|  0|   64|           1|          66|
    |select_ln157_149_fu_6573_p3     |    select|   0|  0|   64|           1|          66|
    |select_ln157_14_fu_5369_p3      |    select|   0|  0|   64|           1|          66|
    |select_ln157_150_fu_6581_p3     |    select|   0|  0|   64|           1|          66|
    |select_ln157_151_fu_6589_p3     |    select|   0|  0|   64|           1|          66|
    |select_ln157_152_fu_6597_p3     |    select|   0|  0|   64|           1|          66|
    |select_ln157_153_fu_6605_p3     |    select|   0|  0|   64|           1|          66|
    |select_ln157_155_fu_6629_p3     |    select|   0|  0|   64|           1|          66|
    |select_ln157_156_fu_6637_p3     |    select|   0|  0|   64|           1|          66|
    |select_ln157_157_fu_6645_p3     |    select|   0|  0|   64|           1|          66|
    |select_ln157_158_fu_6653_p3     |    select|   0|  0|   64|           1|          66|
    |select_ln157_159_fu_6661_p3     |    select|   0|  0|   64|           1|          66|
    |select_ln157_15_fu_5383_p3      |    select|   0|  0|   64|           1|          66|
    |select_ln157_160_fu_6669_p3     |    select|   0|  0|   64|           1|          66|
    |select_ln157_161_fu_6677_p3     |    select|   0|  0|   64|           1|          66|
    |select_ln157_162_fu_6685_p3     |    select|   0|  0|   64|           1|          66|
    |select_ln157_163_fu_6693_p3     |    select|   0|  0|   64|           1|          66|
    |select_ln157_164_fu_6701_p3     |    select|   0|  0|   64|           1|          66|
    |select_ln157_165_fu_6709_p3     |    select|   0|  0|   64|           1|          66|
    |select_ln157_166_fu_6717_p3     |    select|   0|  0|   64|           1|          66|
    |select_ln157_167_fu_6725_p3     |    select|   0|  0|   64|           1|          66|
    |select_ln157_168_fu_6733_p3     |    select|   0|  0|   64|           1|          66|
    |select_ln157_169_fu_6747_p3     |    select|   0|  0|   64|           1|          66|
    |select_ln157_16_fu_5391_p3      |    select|   0|  0|   64|           1|          66|
    |select_ln157_170_fu_6755_p3     |    select|   0|  0|   64|           1|          66|
    |select_ln157_171_fu_6763_p3     |    select|   0|  0|   64|           1|          66|
    |select_ln157_172_fu_6771_p3     |    select|   0|  0|   64|           1|          66|
    |select_ln157_173_fu_6779_p3     |    select|   0|  0|   64|           1|          66|
    |select_ln157_174_fu_6787_p3     |    select|   0|  0|   64|           1|          66|
    |select_ln157_175_fu_6795_p3     |    select|   0|  0|   64|           1|          66|
    |select_ln157_176_fu_6803_p3     |    select|   0|  0|   64|           1|          66|
    |select_ln157_177_fu_6811_p3     |    select|   0|  0|   64|           1|          66|
    |select_ln157_178_fu_6825_p3     |    select|   0|  0|   64|           1|          66|
    |select_ln157_179_fu_6833_p3     |    select|   0|  0|   64|           1|          66|
    |select_ln157_17_fu_5405_p3      |    select|   0|  0|   64|           1|          66|
    |select_ln157_180_fu_6841_p3     |    select|   0|  0|   64|           1|          66|
    |select_ln157_181_fu_6849_p3     |    select|   0|  0|   64|           1|          66|
    |select_ln157_182_fu_6857_p3     |    select|   0|  0|   64|           1|          66|
    |select_ln157_183_fu_6865_p3     |    select|   0|  0|   64|           1|          66|
    |select_ln157_184_fu_6873_p3     |    select|   0|  0|   64|           1|          66|
    |select_ln157_186_fu_6897_p3     |    select|   0|  0|   64|           1|          66|
    |select_ln157_187_fu_6905_p3     |    select|   0|  0|   64|           1|          66|
    |select_ln157_188_fu_6913_p3     |    select|   0|  0|   64|           1|          66|
    |select_ln157_189_fu_6921_p3     |    select|   0|  0|   64|           1|          66|
    |select_ln157_18_fu_5419_p3      |    select|   0|  0|   64|           1|          66|
    |select_ln157_190_fu_6929_p3     |    select|   0|  0|   64|           1|          66|
    |select_ln157_191_fu_6937_p3     |    select|   0|  0|   64|           1|          66|
    |select_ln157_192_fu_6945_p3     |    select|   0|  0|   64|           1|          66|
    |select_ln157_193_fu_6953_p3     |    select|   0|  0|   64|           1|          66|
    |select_ln157_194_fu_6961_p3     |    select|   0|  0|   64|           1|          66|
    |select_ln157_195_fu_6969_p3     |    select|   0|  0|   64|           1|          66|
    |select_ln157_196_fu_6977_p3     |    select|   0|  0|   64|           1|          66|
    |select_ln157_197_fu_6985_p3     |    select|   0|  0|   64|           1|          66|
    |select_ln157_198_fu_6993_p3     |    select|   0|  0|   64|           1|          66|
    |select_ln157_199_fu_7007_p3     |    select|   0|  0|   64|           1|          66|
    |select_ln157_19_fu_5433_p3      |    select|   0|  0|   64|           1|          66|
    |select_ln157_1_fu_5187_p3       |    select|   0|  0|   64|           1|          66|
    |select_ln157_200_fu_7015_p3     |    select|   0|  0|   64|           1|          66|
    |select_ln157_201_fu_7023_p3     |    select|   0|  0|   64|           1|          66|
    |select_ln157_202_fu_7031_p3     |    select|   0|  0|   64|           1|          66|
    |select_ln157_203_fu_7039_p3     |    select|   0|  0|   64|           1|          66|
    |select_ln157_204_fu_7047_p3     |    select|   0|  0|   64|           1|          66|
    |select_ln157_205_fu_7055_p3     |    select|   0|  0|   64|           1|          66|
    |select_ln157_206_fu_7063_p3     |    select|   0|  0|   64|           1|          66|
    |select_ln157_207_fu_7071_p3     |    select|   0|  0|   64|           1|          66|
    |select_ln157_208_fu_7079_p3     |    select|   0|  0|   64|           1|          66|
    |select_ln157_209_fu_7093_p3     |    select|   0|  0|   64|           1|          66|
    |select_ln157_20_fu_5447_p3      |    select|   0|  0|   64|           1|          66|
    |select_ln157_210_fu_7101_p3     |    select|   0|  0|   64|           1|          66|
    |select_ln157_211_fu_7109_p3     |    select|   0|  0|   64|           1|          66|
    |select_ln157_212_fu_7117_p3     |    select|   0|  0|   64|           1|          66|
    |select_ln157_213_fu_7125_p3     |    select|   0|  0|   64|           1|          66|
    |select_ln157_214_fu_7133_p3     |    select|   0|  0|   64|           1|          66|
    |select_ln157_215_fu_7141_p3     |    select|   0|  0|   64|           1|          66|
    |select_ln157_217_fu_7165_p3     |    select|   0|  0|   64|           1|          66|
    |select_ln157_218_fu_7173_p3     |    select|   0|  0|   64|           1|          66|
    |select_ln157_219_fu_7181_p3     |    select|   0|  0|   64|           1|          66|
    |select_ln157_21_fu_5461_p3      |    select|   0|  0|   64|           1|          66|
    |select_ln157_220_fu_7189_p3     |    select|   0|  0|   64|           1|          66|
    |select_ln157_221_fu_7197_p3     |    select|   0|  0|   64|           1|          66|
    |select_ln157_222_fu_7205_p3     |    select|   0|  0|   64|           1|          66|
    |select_ln157_223_fu_7213_p3     |    select|   0|  0|   64|           1|          66|
    |select_ln157_224_fu_7221_p3     |    select|   0|  0|   64|           1|          66|
    |select_ln157_225_fu_7229_p3     |    select|   0|  0|   64|           1|          66|
    |select_ln157_226_fu_7237_p3     |    select|   0|  0|   64|           1|          66|
    |select_ln157_227_fu_7245_p3     |    select|   0|  0|   64|           1|          66|
    |select_ln157_228_fu_7253_p3     |    select|   0|  0|   64|           1|          66|
    |select_ln157_229_fu_7261_p3     |    select|   0|  0|   64|           1|          66|
    |select_ln157_22_fu_5475_p3      |    select|   0|  0|   64|           1|          66|
    |select_ln157_230_fu_7275_p3     |    select|   0|  0|   64|           1|          66|
    |select_ln157_231_fu_7283_p3     |    select|   0|  0|   64|           1|          66|
    |select_ln157_232_fu_7291_p3     |    select|   0|  0|   64|           1|          66|
    |select_ln157_233_fu_7299_p3     |    select|   0|  0|   64|           1|          66|
    |select_ln157_234_fu_7307_p3     |    select|   0|  0|   64|           1|          66|
    |select_ln157_235_fu_7315_p3     |    select|   0|  0|   64|           1|          66|
    |select_ln157_236_fu_7323_p3     |    select|   0|  0|   64|           1|          66|
    |select_ln157_237_fu_7331_p3     |    select|   0|  0|   64|           1|          66|
    |select_ln157_238_fu_7339_p3     |    select|   0|  0|   64|           1|          66|
    |select_ln157_239_fu_7347_p3     |    select|   0|  0|   64|           1|          66|
    |select_ln157_23_fu_5489_p3      |    select|   0|  0|   64|           1|          66|
    |select_ln157_240_fu_7361_p3     |    select|   0|  0|   64|           1|          66|
    |select_ln157_241_fu_7369_p3     |    select|   0|  0|   64|           1|          66|
    |select_ln157_242_fu_7377_p3     |    select|   0|  0|   64|           1|          66|
    |select_ln157_243_fu_7385_p3     |    select|   0|  0|   64|           1|          66|
    |select_ln157_244_fu_7393_p3     |    select|   0|  0|   64|           1|          66|
    |select_ln157_245_fu_7401_p3     |    select|   0|  0|   64|           1|          66|
    |select_ln157_246_fu_7409_p3     |    select|   0|  0|   64|           1|          66|
    |select_ln157_248_fu_7433_p3     |    select|   0|  0|   64|           1|          66|
    |select_ln157_249_fu_7441_p3     |    select|   0|  0|   64|           1|          66|
    |select_ln157_24_fu_5497_p3      |    select|   0|  0|   64|           1|          66|
    |select_ln157_250_fu_7449_p3     |    select|   0|  0|   64|           1|          66|
    |select_ln157_251_fu_7457_p3     |    select|   0|  0|   64|           1|          66|
    |select_ln157_252_fu_7465_p3     |    select|   0|  0|   64|           1|          66|
    |select_ln157_253_fu_7473_p3     |    select|   0|  0|   64|           1|          66|
    |select_ln157_254_fu_7481_p3     |    select|   0|  0|   64|           1|          66|
    |select_ln157_255_fu_7489_p3     |    select|   0|  0|   64|           1|          66|
    |select_ln157_256_fu_7497_p3     |    select|   0|  0|   64|           1|          66|
    |select_ln157_257_fu_7505_p3     |    select|   0|  0|   64|           1|          66|
    |select_ln157_258_fu_7513_p3     |    select|   0|  0|   64|           1|          66|
    |select_ln157_259_fu_7521_p3     |    select|   0|  0|   64|           1|          66|
    |select_ln157_25_fu_5511_p3      |    select|   0|  0|   64|           1|          66|
    |select_ln157_260_fu_7535_p3     |    select|   0|  0|   64|           1|          66|
    |select_ln157_261_fu_7543_p3     |    select|   0|  0|   64|           1|          66|
    |select_ln157_262_fu_7551_p3     |    select|   0|  0|   64|           1|          66|
    |select_ln157_263_fu_7559_p3     |    select|   0|  0|   64|           1|          66|
    |select_ln157_264_fu_7567_p3     |    select|   0|  0|   64|           1|          66|
    |select_ln157_265_fu_7575_p3     |    select|   0|  0|   64|           1|          66|
    |select_ln157_266_fu_7583_p3     |    select|   0|  0|   64|           1|          66|
    |select_ln157_267_fu_7591_p3     |    select|   0|  0|   64|           1|          66|
    |select_ln157_268_fu_7599_p3     |    select|   0|  0|   64|           1|          66|
    |select_ln157_269_fu_7607_p3     |    select|   0|  0|   64|           1|          66|
    |select_ln157_26_fu_5525_p3      |    select|   0|  0|   64|           1|          66|
    |select_ln157_270_fu_7621_p3     |    select|   0|  0|   64|           1|          66|
    |select_ln157_271_fu_7629_p3     |    select|   0|  0|   64|           1|          66|
    |select_ln157_272_fu_7637_p3     |    select|   0|  0|   64|           1|          66|
    |select_ln157_273_fu_7645_p3     |    select|   0|  0|   64|           1|          66|
    |select_ln157_274_fu_7653_p3     |    select|   0|  0|   64|           1|          66|
    |select_ln157_275_fu_7667_p3     |    select|   0|  0|   64|           1|          66|
    |select_ln157_276_fu_7675_p3     |    select|   0|  0|   64|           1|          66|
    |select_ln157_277_fu_7683_p3     |    select|   0|  0|   64|           1|          66|
    |select_ln157_279_fu_7707_p3     |    select|   0|  0|   64|           1|          66|
    |select_ln157_27_fu_5539_p3      |    select|   0|  0|   64|           1|          66|
    |select_ln157_280_fu_7715_p3     |    select|   0|  0|   64|           1|          66|
    |select_ln157_281_fu_7723_p3     |    select|   0|  0|   64|           1|          66|
    |select_ln157_282_fu_7731_p3     |    select|   0|  0|   64|           1|          66|
    |select_ln157_283_fu_7739_p3     |    select|   0|  0|   64|           1|          66|
    |select_ln157_284_fu_7747_p3     |    select|   0|  0|   64|           1|          66|
    |select_ln157_285_fu_7755_p3     |    select|   0|  0|   64|           1|          66|
    |select_ln157_286_fu_7763_p3     |    select|   0|  0|   64|           1|          66|
    |select_ln157_287_fu_7771_p3     |    select|   0|  0|   64|           1|          66|
    |select_ln157_288_fu_7779_p3     |    select|   0|  0|   64|           1|          66|
    |select_ln157_289_fu_7787_p3     |    select|   0|  0|   64|           1|          66|
    |select_ln157_28_fu_5547_p3      |    select|   0|  0|   64|           1|          66|
    |select_ln157_290_fu_7795_p3     |    select|   0|  0|   64|           1|          66|
    |select_ln157_291_fu_7809_p3     |    select|   0|  0|   64|           1|          66|
    |select_ln157_292_fu_7817_p3     |    select|   0|  0|   64|           1|          66|
    |select_ln157_293_fu_7825_p3     |    select|   0|  0|   64|           1|          66|
    |select_ln157_294_fu_7833_p3     |    select|   0|  0|   64|           1|          66|
    |select_ln157_295_fu_7841_p3     |    select|   0|  0|   64|           1|          66|
    |select_ln157_296_fu_7849_p3     |    select|   0|  0|   64|           1|          66|
    |select_ln157_297_fu_7857_p3     |    select|   0|  0|   64|           1|          66|
    |select_ln157_298_fu_7865_p3     |    select|   0|  0|   64|           1|          66|
    |select_ln157_299_fu_7873_p3     |    select|   0|  0|   64|           1|          66|
    |select_ln157_29_fu_5561_p3      |    select|   0|  0|   64|           1|          66|
    |select_ln157_2_fu_5201_p3       |    select|   0|  0|   64|           1|          66|
    |select_ln157_300_fu_7881_p3     |    select|   0|  0|   64|           1|          66|
    |select_ln157_301_fu_7895_p3     |    select|   0|  0|   64|           1|          66|
    |select_ln157_302_fu_7903_p3     |    select|   0|  0|   64|           1|          66|
    |select_ln157_303_fu_7911_p3     |    select|   0|  0|   64|           1|          66|
    |select_ln157_304_fu_7919_p3     |    select|   0|  0|   64|           1|          66|
    |select_ln157_305_fu_7927_p3     |    select|   0|  0|   64|           1|          66|
    |select_ln157_306_fu_7941_p3     |    select|   0|  0|   64|           1|          66|
    |select_ln157_307_fu_7949_p3     |    select|   0|  0|   64|           1|          66|
    |select_ln157_308_fu_7957_p3     |    select|   0|  0|   64|           1|          66|
    |select_ln157_310_fu_7981_p3     |    select|   0|  0|   64|           1|          66|
    |select_ln157_311_fu_7989_p3     |    select|   0|  0|   64|           1|          66|
    |select_ln157_312_fu_7997_p3     |    select|   0|  0|   64|           1|          66|
    |select_ln157_313_fu_8005_p3     |    select|   0|  0|   64|           1|          66|
    |select_ln157_314_fu_8013_p3     |    select|   0|  0|   64|           1|          66|
    |select_ln157_315_fu_8021_p3     |    select|   0|  0|   64|           1|          66|
    |select_ln157_316_fu_8029_p3     |    select|   0|  0|   64|           1|          66|
    |select_ln157_317_fu_8037_p3     |    select|   0|  0|   64|           1|          66|
    |select_ln157_318_fu_8045_p3     |    select|   0|  0|   64|           1|          66|
    |select_ln157_319_fu_8053_p3     |    select|   0|  0|   64|           1|          66|
    |select_ln157_31_fu_5581_p3      |    select|   0|  0|   64|           1|          66|
    |select_ln157_320_fu_8061_p3     |    select|   0|  0|   64|           1|          66|
    |select_ln157_321_fu_8075_p3     |    select|   0|  0|   64|           1|          66|
    |select_ln157_322_fu_8083_p3     |    select|   0|  0|   64|           1|          66|
    |select_ln157_323_fu_8091_p3     |    select|   0|  0|   64|           1|          66|
    |select_ln157_324_fu_8099_p3     |    select|   0|  0|   64|           1|          66|
    |select_ln157_325_fu_8107_p3     |    select|   0|  0|   64|           1|          66|
    |select_ln157_326_fu_8115_p3     |    select|   0|  0|   64|           1|          66|
    |select_ln157_327_fu_8123_p3     |    select|   0|  0|   64|           1|          66|
    |select_ln157_328_fu_8131_p3     |    select|   0|  0|   64|           1|          66|
    |select_ln157_329_fu_8139_p3     |    select|   0|  0|   64|           1|          66|
    |select_ln157_32_fu_5589_p3      |    select|   0|  0|   64|           1|          66|
    |select_ln157_330_fu_8147_p3     |    select|   0|  0|   64|           1|          66|
    |select_ln157_331_fu_8155_p3     |    select|   0|  0|   64|           1|          66|
    |select_ln157_332_fu_8169_p3     |    select|   0|  0|   64|           1|          66|
    |select_ln157_333_fu_8177_p3     |    select|   0|  0|   64|           1|          66|
    |select_ln157_334_fu_8185_p3     |    select|   0|  0|   64|           1|          66|
    |select_ln157_335_fu_8193_p3     |    select|   0|  0|   64|           1|          66|
    |select_ln157_336_fu_8201_p3     |    select|   0|  0|   64|           1|          66|
    |select_ln157_337_fu_8215_p3     |    select|   0|  0|   64|           1|          66|
    |select_ln157_338_fu_8223_p3     |    select|   0|  0|   64|           1|          66|
    |select_ln157_339_fu_8231_p3     |    select|   0|  0|   64|           1|          66|
    |select_ln157_33_fu_5597_p3      |    select|   0|  0|   64|           1|          66|
    |select_ln157_341_fu_8255_p3     |    select|   0|  0|   64|           1|          66|
    |select_ln157_342_fu_8263_p3     |    select|   0|  0|   64|           1|          66|
    |select_ln157_343_fu_8271_p3     |    select|   0|  0|   64|           1|          66|
    |select_ln157_344_fu_8279_p3     |    select|   0|  0|   64|           1|          66|
    |select_ln157_345_fu_8287_p3     |    select|   0|  0|   64|           1|          66|
    |select_ln157_346_fu_8295_p3     |    select|   0|  0|   64|           1|          66|
    |select_ln157_347_fu_8303_p3     |    select|   0|  0|   64|           1|          66|
    |select_ln157_348_fu_8311_p3     |    select|   0|  0|   64|           1|          66|
    |select_ln157_349_fu_8319_p3     |    select|   0|  0|   64|           1|          66|
    |select_ln157_34_fu_5605_p3      |    select|   0|  0|   64|           1|          66|
    |select_ln157_350_fu_8327_p3     |    select|   0|  0|   64|           1|          66|
    |select_ln157_351_fu_8335_p3     |    select|   0|  0|   64|           1|          66|
    |select_ln157_352_fu_8349_p3     |    select|   0|  0|   64|           1|          66|
    |select_ln157_353_fu_8357_p3     |    select|   0|  0|   64|           1|          66|
    |select_ln157_354_fu_8365_p3     |    select|   0|  0|   64|           1|          66|
    |select_ln157_355_fu_8373_p3     |    select|   0|  0|   64|           1|          66|
    |select_ln157_356_fu_8381_p3     |    select|   0|  0|   64|           1|          66|
    |select_ln157_357_fu_8389_p3     |    select|   0|  0|   64|           1|          66|
    |select_ln157_358_fu_8397_p3     |    select|   0|  0|   64|           1|          66|
    |select_ln157_359_fu_8405_p3     |    select|   0|  0|   64|           1|          66|
    |select_ln157_35_fu_5613_p3      |    select|   0|  0|   64|           1|          66|
    |select_ln157_360_fu_8413_p3     |    select|   0|  0|   64|           1|          66|
    |select_ln157_361_fu_8421_p3     |    select|   0|  0|   64|           1|          66|
    |select_ln157_362_fu_8429_p3     |    select|   0|  0|   64|           1|          66|
    |select_ln157_363_fu_8443_p3     |    select|   0|  0|   64|           1|          66|
    |select_ln157_364_fu_8451_p3     |    select|   0|  0|   64|           1|          66|
    |select_ln157_365_fu_8459_p3     |    select|   0|  0|   64|           1|          66|
    |select_ln157_366_fu_8467_p3     |    select|   0|  0|   64|           1|          66|
    |select_ln157_367_fu_8475_p3     |    select|   0|  0|   64|           1|          66|
    |select_ln157_368_fu_8489_p3     |    select|   0|  0|   64|           1|          66|
    |select_ln157_369_fu_8497_p3     |    select|   0|  0|   64|           1|          66|
    |select_ln157_36_fu_5621_p3      |    select|   0|  0|   64|           1|          66|
    |select_ln157_370_fu_8505_p3     |    select|   0|  0|   64|           1|          66|
    |select_ln157_372_fu_8529_p3     |    select|   0|  0|   64|           1|          66|
    |select_ln157_373_fu_8537_p3     |    select|   0|  0|   64|           1|          66|
    |select_ln157_374_fu_8545_p3     |    select|   0|  0|   64|           1|          66|
    |select_ln157_375_fu_8553_p3     |    select|   0|  0|   64|           1|          66|
    |select_ln157_376_fu_8561_p3     |    select|   0|  0|   64|           1|          66|
    |select_ln157_377_fu_8569_p3     |    select|   0|  0|   64|           1|          66|
    |select_ln157_378_fu_8577_p3     |    select|   0|  0|   64|           1|          66|
    |select_ln157_379_fu_8585_p3     |    select|   0|  0|   64|           1|          66|
    |select_ln157_37_fu_5629_p3      |    select|   0|  0|   64|           1|          66|
    |select_ln157_380_fu_8593_p3     |    select|   0|  0|   64|           1|          66|
    |select_ln157_381_fu_8601_p3     |    select|   0|  0|   64|           1|          66|
    |select_ln157_382_fu_8615_p3     |    select|   0|  0|   64|           1|          66|
    |select_ln157_383_fu_8623_p3     |    select|   0|  0|   64|           1|          66|
    |select_ln157_384_fu_8631_p3     |    select|   0|  0|   64|           1|          66|
    |select_ln157_385_fu_8639_p3     |    select|   0|  0|   64|           1|          66|
    |select_ln157_386_fu_8647_p3     |    select|   0|  0|   64|           1|          66|
    |select_ln157_387_fu_8655_p3     |    select|   0|  0|   64|           1|          66|
    |select_ln157_388_fu_8663_p3     |    select|   0|  0|   64|           1|          66|
    |select_ln157_389_fu_8671_p3     |    select|   0|  0|   64|           1|          66|
    |select_ln157_38_fu_5637_p3      |    select|   0|  0|   64|           1|          66|
    |select_ln157_390_fu_8679_p3     |    select|   0|  0|   64|           1|          66|
    |select_ln157_391_fu_8687_p3     |    select|   0|  0|   64|           1|          66|
    |select_ln157_392_fu_8695_p3     |    select|   0|  0|   64|           1|          66|
    |select_ln157_393_fu_8709_p3     |    select|   0|  0|   64|           1|          66|
    |select_ln157_394_fu_8717_p3     |    select|   0|  0|   64|           1|          66|
    |select_ln157_395_fu_8725_p3     |    select|   0|  0|   64|           1|          66|
    |select_ln157_396_fu_8733_p3     |    select|   0|  0|   64|           1|          66|
    |select_ln157_397_fu_8741_p3     |    select|   0|  0|   64|           1|          66|
    |select_ln157_398_fu_8749_p3     |    select|   0|  0|   64|           1|          66|
    |select_ln157_399_fu_8763_p3     |    select|   0|  0|   64|           1|          66|
    |select_ln157_39_fu_5645_p3      |    select|   0|  0|   64|           1|          66|
    |select_ln157_3_fu_5215_p3       |    select|   0|  0|   64|           1|          66|
    |select_ln157_400_fu_8771_p3     |    select|   0|  0|   64|           1|          66|
    |select_ln157_401_fu_8779_p3     |    select|   0|  0|   64|           1|          66|
    |select_ln157_403_fu_8803_p3     |    select|   0|  0|   64|           1|          66|
    |select_ln157_404_fu_8811_p3     |    select|   0|  0|   64|           1|          66|
    |select_ln157_405_fu_8819_p3     |    select|   0|  0|   64|           1|          66|
    |select_ln157_406_fu_8827_p3     |    select|   0|  0|   64|           1|          66|
    |select_ln157_407_fu_8835_p3     |    select|   0|  0|   64|           1|          66|
    |select_ln157_408_fu_8843_p3     |    select|   0|  0|   64|           1|          66|
    |select_ln157_409_fu_8851_p3     |    select|   0|  0|   64|           1|          66|
    |select_ln157_40_fu_5653_p3      |    select|   0|  0|   64|           1|          66|
    |select_ln157_410_fu_8859_p3     |    select|   0|  0|   64|           1|          66|
    |select_ln157_411_fu_8867_p3     |    select|   0|  0|   64|           1|          66|
    |select_ln157_412_fu_8875_p3     |    select|   0|  0|   64|           1|          66|
    |select_ln157_413_fu_8889_p3     |    select|   0|  0|   64|           1|          66|
    |select_ln157_414_fu_8897_p3     |    select|   0|  0|   64|           1|          66|
    |select_ln157_415_fu_8905_p3     |    select|   0|  0|   64|           1|          66|
    |select_ln157_416_fu_8913_p3     |    select|   0|  0|   64|           1|          66|
    |select_ln157_417_fu_8921_p3     |    select|   0|  0|   64|           1|          66|
    |select_ln157_418_fu_8929_p3     |    select|   0|  0|   64|           1|          66|
    |select_ln157_419_fu_8937_p3     |    select|   0|  0|   64|           1|          66|
    |select_ln157_41_fu_5661_p3      |    select|   0|  0|   64|           1|          66|
    |select_ln157_420_fu_8945_p3     |    select|   0|  0|   64|           1|          66|
    |select_ln157_421_fu_8953_p3     |    select|   0|  0|   64|           1|          66|
    |select_ln157_422_fu_8961_p3     |    select|   0|  0|   64|           1|          66|
    |select_ln157_423_fu_8969_p3     |    select|   0|  0|   64|           1|          66|
    |select_ln157_424_fu_8983_p3     |    select|   0|  0|   64|           1|          66|
    |select_ln157_425_fu_8991_p3     |    select|   0|  0|   64|           1|          66|
    |select_ln157_426_fu_8999_p3     |    select|   0|  0|   64|           1|          66|
    |select_ln157_427_fu_9007_p3     |    select|   0|  0|   64|           1|          66|
    |select_ln157_428_fu_9015_p3     |    select|   0|  0|   64|           1|          66|
    |select_ln157_429_fu_9023_p3     |    select|   0|  0|   64|           1|          66|
    |select_ln157_42_fu_5669_p3      |    select|   0|  0|   64|           1|          66|
    |select_ln157_430_fu_9037_p3     |    select|   0|  0|   64|           1|          66|
    |select_ln157_431_fu_9045_p3     |    select|   0|  0|   64|           1|          66|
    |select_ln157_432_fu_9053_p3     |    select|   0|  0|   64|           1|          66|
    |select_ln157_434_fu_9077_p3     |    select|   0|  0|   64|           1|          66|
    |select_ln157_435_fu_9085_p3     |    select|   0|  0|   64|           1|          66|
    |select_ln157_436_fu_9093_p3     |    select|   0|  0|   64|           1|          66|
    |select_ln157_437_fu_9101_p3     |    select|   0|  0|   64|           1|          66|
    |select_ln157_438_fu_9109_p3     |    select|   0|  0|   64|           1|          66|
    |select_ln157_439_fu_9117_p3     |    select|   0|  0|   64|           1|          66|
    |select_ln157_43_fu_5677_p3      |    select|   0|  0|   64|           1|          66|
    |select_ln157_440_fu_9125_p3     |    select|   0|  0|   64|           1|          66|
    |select_ln157_441_fu_9133_p3     |    select|   0|  0|   64|           1|          66|
    |select_ln157_442_fu_9141_p3     |    select|   0|  0|   64|           1|          66|
    |select_ln157_443_fu_9155_p3     |    select|   0|  0|   64|           1|          66|
    |select_ln157_444_fu_9163_p3     |    select|   0|  0|   64|           1|          66|
    |select_ln157_445_fu_9171_p3     |    select|   0|  0|   64|           1|          66|
    |select_ln157_446_fu_9179_p3     |    select|   0|  0|   64|           1|          66|
    |select_ln157_447_fu_9187_p3     |    select|   0|  0|   64|           1|          66|
    |select_ln157_448_fu_9195_p3     |    select|   0|  0|   64|           1|          66|
    |select_ln157_449_fu_9203_p3     |    select|   0|  0|   64|           1|          66|
    |select_ln157_44_fu_5685_p3      |    select|   0|  0|   64|           1|          66|
    |select_ln157_450_fu_9211_p3     |    select|   0|  0|   64|           1|          66|
    |select_ln157_451_fu_9219_p3     |    select|   0|  0|   64|           1|          66|
    |select_ln157_452_fu_9227_p3     |    select|   0|  0|   64|           1|          66|
    |select_ln157_453_fu_9235_p3     |    select|   0|  0|   64|           1|          66|
    |select_ln157_454_fu_9243_p3     |    select|   0|  0|   64|           1|          66|
    |select_ln157_455_fu_9257_p3     |    select|   0|  0|   64|           1|          66|
    |select_ln157_456_fu_9265_p3     |    select|   0|  0|   64|           1|          66|
    |select_ln157_457_fu_9273_p3     |    select|   0|  0|   64|           1|          66|
    |select_ln157_458_fu_9281_p3     |    select|   0|  0|   64|           1|          66|
    |select_ln157_459_fu_9289_p3     |    select|   0|  0|   64|           1|          66|
    |select_ln157_45_fu_5693_p3      |    select|   0|  0|   64|           1|          66|
    |select_ln157_460_fu_9297_p3     |    select|   0|  0|   64|           1|          66|
    |select_ln157_461_fu_9311_p3     |    select|   0|  0|   64|           1|          66|
    |select_ln157_462_fu_9319_p3     |    select|   0|  0|   64|           1|          66|
    |select_ln157_463_fu_9327_p3     |    select|   0|  0|   64|           1|          66|
    |select_ln157_465_fu_9351_p3     |    select|   0|  0|   64|           1|          66|
    |select_ln157_466_fu_9359_p3     |    select|   0|  0|   64|           1|          66|
    |select_ln157_467_fu_9367_p3     |    select|   0|  0|   64|           1|          66|
    |select_ln157_468_fu_9375_p3     |    select|   0|  0|   64|           1|          66|
    |select_ln157_469_fu_9383_p3     |    select|   0|  0|   64|           1|          66|
    |select_ln157_46_fu_5701_p3      |    select|   0|  0|   64|           1|          66|
    |select_ln157_470_fu_9391_p3     |    select|   0|  0|   64|           1|          66|
    |select_ln157_471_fu_9399_p3     |    select|   0|  0|   64|           1|          66|
    |select_ln157_472_fu_9407_p3     |    select|   0|  0|   64|           1|          66|
    |select_ln157_473_fu_9415_p3     |    select|   0|  0|   64|           1|          66|
    |select_ln157_474_fu_9429_p3     |    select|   0|  0|   64|           1|          66|
    |select_ln157_475_fu_9437_p3     |    select|   0|  0|   64|           1|          66|
    |select_ln157_476_fu_9445_p3     |    select|   0|  0|   64|           1|          66|
    |select_ln157_477_fu_9453_p3     |    select|   0|  0|   64|           1|          66|
    |select_ln157_478_fu_9461_p3     |    select|   0|  0|   64|           1|          66|
    |select_ln157_479_fu_9469_p3     |    select|   0|  0|   64|           1|          66|
    |select_ln157_47_fu_5709_p3      |    select|   0|  0|   64|           1|          66|
    |select_ln157_480_fu_9477_p3     |    select|   0|  0|   64|           1|          66|
    |select_ln157_481_fu_9485_p3     |    select|   0|  0|   64|           1|          66|
    |select_ln157_482_fu_9493_p3     |    select|   0|  0|   64|           1|          66|
    |select_ln157_483_fu_9501_p3     |    select|   0|  0|   64|           1|          66|
    |select_ln157_484_fu_9509_p3     |    select|   0|  0|   64|           1|          66|
    |select_ln157_485_fu_9517_p3     |    select|   0|  0|   64|           1|          66|
    |select_ln157_486_fu_9531_p3     |    select|   0|  0|   64|           1|          66|
    |select_ln157_487_fu_9539_p3     |    select|   0|  0|   64|           1|          66|
    |select_ln157_488_fu_9547_p3     |    select|   0|  0|   64|           1|          66|
    |select_ln157_489_fu_9555_p3     |    select|   0|  0|   64|           1|          66|
    |select_ln157_48_fu_5717_p3      |    select|   0|  0|   64|           1|          66|
    |select_ln157_490_fu_9563_p3     |    select|   0|  0|   64|           1|          66|
    |select_ln157_491_fu_9571_p3     |    select|   0|  0|   64|           1|          66|
    |select_ln157_492_fu_9585_p3     |    select|   0|  0|   64|           1|          66|
    |select_ln157_493_fu_9593_p3     |    select|   0|  0|   64|           1|          66|
    |select_ln157_494_fu_9601_p3     |    select|   0|  0|   64|           1|          66|
    |select_ln157_496_fu_9625_p3     |    select|   0|  0|   64|           1|          66|
    |select_ln157_497_fu_9633_p3     |    select|   0|  0|   64|           1|          66|
    |select_ln157_498_fu_9641_p3     |    select|   0|  0|   64|           1|          66|
    |select_ln157_499_fu_9649_p3     |    select|   0|  0|   64|           1|          66|
    |select_ln157_49_fu_5725_p3      |    select|   0|  0|   64|           1|          66|
    |select_ln157_4_fu_5229_p3       |    select|   0|  0|   64|           1|          66|
    |select_ln157_500_fu_9657_p3     |    select|   0|  0|   64|           1|          66|
    |select_ln157_501_fu_9665_p3     |    select|   0|  0|   64|           1|          66|
    |select_ln157_502_fu_9673_p3     |    select|   0|  0|   64|           1|          66|
    |select_ln157_503_fu_9681_p3     |    select|   0|  0|   64|           1|          66|
    |select_ln157_504_fu_9695_p3     |    select|   0|  0|   64|           1|          66|
    |select_ln157_505_fu_9703_p3     |    select|   0|  0|   64|           1|          66|
    |select_ln157_506_fu_9711_p3     |    select|   0|  0|   64|           1|          66|
    |select_ln157_507_fu_9719_p3     |    select|   0|  0|   64|           1|          66|
    |select_ln157_508_fu_9727_p3     |    select|   0|  0|   64|           1|          66|
    |select_ln157_509_fu_9735_p3     |    select|   0|  0|   64|           1|          66|
    |select_ln157_50_fu_5733_p3      |    select|   0|  0|   64|           1|          66|
    |select_ln157_510_fu_9743_p3     |    select|   0|  0|   64|           1|          66|
    |select_ln157_511_fu_9751_p3     |    select|   0|  0|   64|           1|          66|
    |select_ln157_512_fu_9759_p3     |    select|   0|  0|   64|           1|          66|
    |select_ln157_513_fu_9767_p3     |    select|   0|  0|   64|           1|          66|
    |select_ln157_514_fu_9775_p3     |    select|   0|  0|   64|           1|          66|
    |select_ln157_515_fu_9783_p3     |    select|   0|  0|   64|           1|          66|
    |select_ln157_516_fu_9797_p3     |    select|   0|  0|   64|           1|          66|
    |select_ln157_517_fu_9805_p3     |    select|   0|  0|   64|           1|          66|
    |select_ln157_518_fu_9813_p3     |    select|   0|  0|   64|           1|          66|
    |select_ln157_519_fu_9821_p3     |    select|   0|  0|   64|           1|          66|
    |select_ln157_51_fu_5741_p3      |    select|   0|  0|   64|           1|          66|
    |select_ln157_520_fu_9829_p3     |    select|   0|  0|   64|           1|          66|
    |select_ln157_521_fu_9837_p3     |    select|   0|  0|   64|           1|          66|
    |select_ln157_522_fu_9851_p3     |    select|   0|  0|   64|           1|          66|
    |select_ln157_523_fu_9859_p3     |    select|   0|  0|   64|           1|          66|
    |select_ln157_524_fu_9867_p3     |    select|   0|  0|   64|           1|          66|
    |select_ln157_525_fu_9881_p3     |    select|   0|  0|   64|           1|          66|
    |select_ln157_527_fu_9905_p3     |    select|   0|  0|   64|           1|          66|
    |select_ln157_528_fu_9913_p3     |    select|   0|  0|   64|           1|          66|
    |select_ln157_529_fu_9921_p3     |    select|   0|  0|   64|           1|          66|
    |select_ln157_52_fu_5749_p3      |    select|   0|  0|   64|           1|          66|
    |select_ln157_530_fu_9929_p3     |    select|   0|  0|   64|           1|          66|
    |select_ln157_531_fu_9937_p3     |    select|   0|  0|   64|           1|          66|
    |select_ln157_532_fu_9945_p3     |    select|   0|  0|   64|           1|          66|
    |select_ln157_533_fu_9953_p3     |    select|   0|  0|   64|           1|          66|
    |select_ln157_534_fu_9961_p3     |    select|   0|  0|   64|           1|          66|
    |select_ln157_535_fu_9975_p3     |    select|   0|  0|   64|           1|          66|
    |select_ln157_536_fu_9983_p3     |    select|   0|  0|   64|           1|          66|
    |select_ln157_537_fu_9991_p3     |    select|   0|  0|   64|           1|          66|
    |select_ln157_538_fu_9999_p3     |    select|   0|  0|   64|           1|          66|
    |select_ln157_539_fu_10007_p3    |    select|   0|  0|   64|           1|          66|
    |select_ln157_53_fu_5757_p3      |    select|   0|  0|   64|           1|          66|
    |select_ln157_540_fu_10015_p3    |    select|   0|  0|   64|           1|          66|
    |select_ln157_541_fu_10023_p3    |    select|   0|  0|   64|           1|          66|
    |select_ln157_542_fu_10031_p3    |    select|   0|  0|   64|           1|          66|
    |select_ln157_543_fu_10039_p3    |    select|   0|  0|   64|           1|          66|
    |select_ln157_544_fu_10047_p3    |    select|   0|  0|   64|           1|          66|
    |select_ln157_545_fu_10055_p3    |    select|   0|  0|   64|           1|          66|
    |select_ln157_546_fu_10063_p3    |    select|   0|  0|   64|           1|          66|
    |select_ln157_547_fu_10077_p3    |    select|   0|  0|   64|           1|          66|
    |select_ln157_548_fu_10085_p3    |    select|   0|  0|   64|           1|          66|
    |select_ln157_549_fu_10093_p3    |    select|   0|  0|   64|           1|          66|
    |select_ln157_54_fu_5765_p3      |    select|   0|  0|   64|           1|          66|
    |select_ln157_550_fu_10101_p3    |    select|   0|  0|   64|           1|          66|
    |select_ln157_551_fu_10109_p3    |    select|   0|  0|   64|           1|          66|
    |select_ln157_552_fu_10117_p3    |    select|   0|  0|   64|           1|          66|
    |select_ln157_553_fu_10131_p3    |    select|   0|  0|   64|           1|          66|
    |select_ln157_554_fu_10139_p3    |    select|   0|  0|   64|           1|          66|
    |select_ln157_555_fu_10147_p3    |    select|   0|  0|   64|           1|          66|
    |select_ln157_556_fu_10161_p3    |    select|   0|  0|   64|           1|          66|
    |select_ln157_558_fu_10185_p3    |    select|   0|  0|   64|           1|          66|
    |select_ln157_559_fu_10193_p3    |    select|   0|  0|   64|           1|          66|
    |select_ln157_55_fu_5773_p3      |    select|   0|  0|   64|           1|          66|
    |select_ln157_560_fu_10201_p3    |    select|   0|  0|   64|           1|          66|
    |select_ln157_561_fu_10209_p3    |    select|   0|  0|   64|           1|          66|
    |select_ln157_562_fu_10217_p3    |    select|   0|  0|   64|           1|          66|
    |select_ln157_563_fu_10225_p3    |    select|   0|  0|   64|           1|          66|
    |select_ln157_564_fu_10233_p3    |    select|   0|  0|   64|           1|          66|
    |select_ln157_565_fu_10247_p3    |    select|   0|  0|   64|           1|          66|
    |select_ln157_566_fu_10255_p3    |    select|   0|  0|   64|           1|          66|
    |select_ln157_567_fu_10263_p3    |    select|   0|  0|   64|           1|          66|
    |select_ln157_568_fu_10271_p3    |    select|   0|  0|   64|           1|          66|
    |select_ln157_569_fu_10279_p3    |    select|   0|  0|   64|           1|          66|
    |select_ln157_56_fu_5781_p3      |    select|   0|  0|   64|           1|          66|
    |select_ln157_570_fu_10287_p3    |    select|   0|  0|   64|           1|          66|
    |select_ln157_571_fu_10295_p3    |    select|   0|  0|   64|           1|          66|
    |select_ln157_572_fu_10303_p3    |    select|   0|  0|   64|           1|          66|
    |select_ln157_573_fu_10311_p3    |    select|   0|  0|   64|           1|          66|
    |select_ln157_574_fu_10319_p3    |    select|   0|  0|   64|           1|          66|
    |select_ln157_575_fu_10327_p3    |    select|   0|  0|   64|           1|          66|
    |select_ln157_576_fu_10335_p3    |    select|   0|  0|   64|           1|          66|
    |select_ln157_577_fu_10343_p3    |    select|   0|  0|   64|           1|          66|
    |select_ln157_578_fu_10357_p3    |    select|   0|  0|   64|           1|          66|
    |select_ln157_579_fu_10365_p3    |    select|   0|  0|   64|           1|          66|
    |select_ln157_57_fu_5789_p3      |    select|   0|  0|   64|           1|          66|
    |select_ln157_580_fu_10373_p3    |    select|   0|  0|   64|           1|          66|
    |select_ln157_581_fu_10381_p3    |    select|   0|  0|   64|           1|          66|
    |select_ln157_582_fu_10389_p3    |    select|   0|  0|   64|           1|          66|
    |select_ln157_583_fu_10397_p3    |    select|   0|  0|   64|           1|          66|
    |select_ln157_584_fu_10411_p3    |    select|   0|  0|   64|           1|          66|
    |select_ln157_585_fu_10419_p3    |    select|   0|  0|   64|           1|          66|
    |select_ln157_586_fu_10427_p3    |    select|   0|  0|   64|           1|          66|
    |select_ln157_587_fu_10441_p3    |    select|   0|  0|   64|           1|          66|
    |select_ln157_589_fu_10465_p3    |    select|   0|  0|   64|           1|          66|
    |select_ln157_58_fu_5797_p3      |    select|   0|  0|   64|           1|          66|
    |select_ln157_590_fu_10473_p3    |    select|   0|  0|   64|           1|          66|
    |select_ln157_591_fu_10481_p3    |    select|   0|  0|   64|           1|          66|
    |select_ln157_592_fu_10489_p3    |    select|   0|  0|   64|           1|          66|
    |select_ln157_593_fu_10497_p3    |    select|   0|  0|   64|           1|          66|
    |select_ln157_594_fu_10505_p3    |    select|   0|  0|   64|           1|          66|
    |select_ln157_595_fu_10513_p3    |    select|   0|  0|   64|           1|          66|
    |select_ln157_596_fu_10527_p3    |    select|   0|  0|   64|           1|          66|
    |select_ln157_597_fu_10535_p3    |    select|   0|  0|   64|           1|          66|
    |select_ln157_598_fu_10543_p3    |    select|   0|  0|   64|           1|          66|
    |select_ln157_599_fu_10551_p3    |    select|   0|  0|   64|           1|          66|
    |select_ln157_59_fu_5805_p3      |    select|   0|  0|   64|           1|          66|
    |select_ln157_5_fu_5243_p3       |    select|   0|  0|   64|           1|          66|
    |select_ln157_600_fu_10559_p3    |    select|   0|  0|   64|           1|          66|
    |select_ln157_601_fu_10567_p3    |    select|   0|  0|   64|           1|          66|
    |select_ln157_602_fu_10575_p3    |    select|   0|  0|   64|           1|          66|
    |select_ln157_603_fu_10583_p3    |    select|   0|  0|   64|           1|          66|
    |select_ln157_604_fu_10591_p3    |    select|   0|  0|   64|           1|          66|
    |select_ln157_605_fu_10599_p3    |    select|   0|  0|   64|           1|          66|
    |select_ln157_606_fu_10607_p3    |    select|   0|  0|   64|           1|          66|
    |select_ln157_607_fu_10615_p3    |    select|   0|  0|   64|           1|          66|
    |select_ln157_608_fu_10623_p3    |    select|   0|  0|   64|           1|          66|
    |select_ln157_609_fu_10637_p3    |    select|   0|  0|   64|           1|          66|
    |select_ln157_60_fu_5813_p3      |    select|   0|  0|   64|           1|          66|
    |select_ln157_610_fu_10645_p3    |    select|   0|  0|   64|           1|          66|
    |select_ln157_611_fu_10653_p3    |    select|   0|  0|   64|           1|          66|
    |select_ln157_612_fu_10661_p3    |    select|   0|  0|   64|           1|          66|
    |select_ln157_613_fu_10669_p3    |    select|   0|  0|   64|           1|          66|
    |select_ln157_614_fu_10677_p3    |    select|   0|  0|   64|           1|          66|
    |select_ln157_615_fu_10691_p3    |    select|   0|  0|   64|           1|          66|
    |select_ln157_616_fu_10699_p3    |    select|   0|  0|   64|           1|          66|
    |select_ln157_617_fu_10707_p3    |    select|   0|  0|   64|           1|          66|
    |select_ln157_618_fu_10721_p3    |    select|   0|  0|   64|           1|          66|
    |select_ln157_620_fu_10745_p3    |    select|   0|  0|   64|           1|          66|
    |select_ln157_621_fu_10753_p3    |    select|   0|  0|   64|           1|          66|
    |select_ln157_622_fu_10761_p3    |    select|   0|  0|   64|           1|          66|
    |select_ln157_623_fu_10769_p3    |    select|   0|  0|   64|           1|          66|
    |select_ln157_624_fu_10777_p3    |    select|   0|  0|   64|           1|          66|
    |select_ln157_625_fu_10785_p3    |    select|   0|  0|   64|           1|          66|
    |select_ln157_626_fu_10799_p3    |    select|   0|  0|   64|           1|          66|
    |select_ln157_627_fu_10807_p3    |    select|   0|  0|   64|           1|          66|
    |select_ln157_628_fu_10815_p3    |    select|   0|  0|   64|           1|          66|
    |select_ln157_629_fu_10823_p3    |    select|   0|  0|   64|           1|          66|
    |select_ln157_62_fu_5837_p3      |    select|   0|  0|   64|           1|          66|
    |select_ln157_630_fu_10831_p3    |    select|   0|  0|   64|           1|          66|
    |select_ln157_631_fu_10839_p3    |    select|   0|  0|   64|           1|          66|
    |select_ln157_632_fu_10847_p3    |    select|   0|  0|   64|           1|          66|
    |select_ln157_633_fu_10855_p3    |    select|   0|  0|   64|           1|          66|
    |select_ln157_634_fu_10863_p3    |    select|   0|  0|   64|           1|          66|
    |select_ln157_635_fu_10871_p3    |    select|   0|  0|   64|           1|          66|
    |select_ln157_636_fu_10879_p3    |    select|   0|  0|   64|           1|          66|
    |select_ln157_637_fu_10887_p3    |    select|   0|  0|   64|           1|          66|
    |select_ln157_638_fu_10895_p3    |    select|   0|  0|   64|           1|          66|
    |select_ln157_639_fu_10909_p3    |    select|   0|  0|   64|           1|          66|
    |select_ln157_63_fu_5845_p3      |    select|   0|  0|   64|           1|          66|
    |select_ln157_640_fu_10917_p3    |    select|   0|  0|   64|           1|          66|
    |select_ln157_641_fu_10925_p3    |    select|   0|  0|   64|           1|          66|
    |select_ln157_642_fu_10933_p3    |    select|   0|  0|   64|           1|          66|
    |select_ln157_643_fu_10941_p3    |    select|   0|  0|   64|           1|          66|
    |select_ln157_644_fu_10949_p3    |    select|   0|  0|   64|           1|          66|
    |select_ln157_645_fu_10957_p3    |    select|   0|  0|   64|           1|          66|
    |select_ln157_646_fu_10971_p3    |    select|   0|  0|   64|           1|          66|
    |select_ln157_647_fu_10979_p3    |    select|   0|  0|   64|           1|          66|
    |select_ln157_648_fu_10987_p3    |    select|   0|  0|   64|           1|          66|
    |select_ln157_649_fu_11001_p3    |    select|   0|  0|   64|           1|          66|
    |select_ln157_64_fu_5853_p3      |    select|   0|  0|   64|           1|          66|
    |select_ln157_651_fu_11025_p3    |    select|   0|  0|   64|           1|          66|
    |select_ln157_652_fu_11033_p3    |    select|   0|  0|   64|           1|          66|
    |select_ln157_653_fu_11041_p3    |    select|   0|  0|   64|           1|          66|
    |select_ln157_654_fu_11049_p3    |    select|   0|  0|   64|           1|          66|
    |select_ln157_655_fu_11057_p3    |    select|   0|  0|   64|           1|          66|
    |select_ln157_656_fu_11065_p3    |    select|   0|  0|   64|           1|          66|
    |select_ln157_657_fu_11079_p3    |    select|   0|  0|   64|           1|          66|
    |select_ln157_658_fu_11087_p3    |    select|   0|  0|   64|           1|          66|
    |select_ln157_659_fu_11095_p3    |    select|   0|  0|   64|           1|          66|
    |select_ln157_65_fu_5861_p3      |    select|   0|  0|   64|           1|          66|
    |select_ln157_660_fu_11103_p3    |    select|   0|  0|   64|           1|          66|
    |select_ln157_661_fu_11111_p3    |    select|   0|  0|   64|           1|          66|
    |select_ln157_662_fu_11119_p3    |    select|   0|  0|   64|           1|          66|
    |select_ln157_663_fu_11127_p3    |    select|   0|  0|   64|           1|          66|
    |select_ln157_664_fu_11135_p3    |    select|   0|  0|   64|           1|          66|
    |select_ln157_665_fu_11143_p3    |    select|   0|  0|   64|           1|          66|
    |select_ln157_666_fu_11151_p3    |    select|   0|  0|   64|           1|          66|
    |select_ln157_667_fu_11159_p3    |    select|   0|  0|   64|           1|          66|
    |select_ln157_668_fu_11167_p3    |    select|   0|  0|   64|           1|          66|
    |select_ln157_669_fu_11175_p3    |    select|   0|  0|   64|           1|          66|
    |select_ln157_66_fu_5869_p3      |    select|   0|  0|   64|           1|          66|
    |select_ln157_670_fu_11189_p3    |    select|   0|  0|   64|           1|          66|
    |select_ln157_671_fu_11197_p3    |    select|   0|  0|   64|           1|          66|
    |select_ln157_672_fu_11205_p3    |    select|   0|  0|   64|           1|          66|
    |select_ln157_673_fu_11213_p3    |    select|   0|  0|   64|           1|          66|
    |select_ln157_674_fu_11221_p3    |    select|   0|  0|   64|           1|          66|
    |select_ln157_675_fu_11229_p3    |    select|   0|  0|   64|           1|          66|
    |select_ln157_676_fu_11237_p3    |    select|   0|  0|   64|           1|          66|
    |select_ln157_677_fu_11251_p3    |    select|   0|  0|   64|           1|          66|
    |select_ln157_678_fu_11259_p3    |    select|   0|  0|   64|           1|          66|
    |select_ln157_679_fu_11267_p3    |    select|   0|  0|   64|           1|          66|
    |select_ln157_67_fu_5877_p3      |    select|   0|  0|   64|           1|          66|
    |select_ln157_680_fu_11281_p3    |    select|   0|  0|   64|           1|          66|
    |select_ln157_682_fu_11305_p3    |    select|   0|  0|   64|           1|          66|
    |select_ln157_683_fu_11313_p3    |    select|   0|  0|   64|           1|          66|
    |select_ln157_684_fu_11321_p3    |    select|   0|  0|   64|           1|          66|
    |select_ln157_685_fu_11329_p3    |    select|   0|  0|   64|           1|          66|
    |select_ln157_686_fu_11337_p3    |    select|   0|  0|   64|           1|          66|
    |select_ln157_687_fu_11351_p3    |    select|   0|  0|   64|           1|          66|
    |select_ln157_688_fu_11359_p3    |    select|   0|  0|   64|           1|          66|
    |select_ln157_689_fu_11367_p3    |    select|   0|  0|   64|           1|          66|
    |select_ln157_68_fu_5885_p3      |    select|   0|  0|   64|           1|          66|
    |select_ln157_690_fu_11375_p3    |    select|   0|  0|   64|           1|          66|
    |select_ln157_691_fu_11383_p3    |    select|   0|  0|   64|           1|          66|
    |select_ln157_692_fu_11391_p3    |    select|   0|  0|   64|           1|          66|
    |select_ln157_693_fu_11399_p3    |    select|   0|  0|   64|           1|          66|
    |select_ln157_694_fu_11407_p3    |    select|   0|  0|   64|           1|          66|
    |select_ln157_695_fu_11415_p3    |    select|   0|  0|   64|           1|          66|
    |select_ln157_696_fu_11423_p3    |    select|   0|  0|   64|           1|          66|
    |select_ln157_697_fu_11431_p3    |    select|   0|  0|   64|           1|          66|
    |select_ln157_698_fu_11439_p3    |    select|   0|  0|   64|           1|          66|
    |select_ln157_699_fu_11447_p3    |    select|   0|  0|   64|           1|          66|
    |select_ln157_69_fu_5893_p3      |    select|   0|  0|   64|           1|          66|
    |select_ln157_6_fu_5257_p3       |    select|   0|  0|   64|           1|          66|
    |select_ln157_700_fu_11455_p3    |    select|   0|  0|   64|           1|          66|
    |select_ln157_701_fu_11469_p3    |    select|   0|  0|   64|           1|          66|
    |select_ln157_702_fu_11477_p3    |    select|   0|  0|   64|           1|          66|
    |select_ln157_703_fu_11485_p3    |    select|   0|  0|   64|           1|          66|
    |select_ln157_704_fu_11493_p3    |    select|   0|  0|   64|           1|          66|
    |select_ln157_705_fu_11501_p3    |    select|   0|  0|   64|           1|          66|
    |select_ln157_706_fu_11509_p3    |    select|   0|  0|   64|           1|          66|
    |select_ln157_707_fu_11517_p3    |    select|   0|  0|   64|           1|          66|
    |select_ln157_708_fu_11531_p3    |    select|   0|  0|   64|           1|          66|
    |select_ln157_709_fu_11539_p3    |    select|   0|  0|   64|           1|          66|
    |select_ln157_70_fu_5901_p3      |    select|   0|  0|   64|           1|          66|
    |select_ln157_710_fu_11547_p3    |    select|   0|  0|   64|           1|          66|
    |select_ln157_711_fu_11561_p3    |    select|   0|  0|   64|           1|          66|
    |select_ln157_713_fu_11585_p3    |    select|   0|  0|   64|           1|          66|
    |select_ln157_714_fu_11593_p3    |    select|   0|  0|   64|           1|          66|
    |select_ln157_715_fu_11601_p3    |    select|   0|  0|   64|           1|          66|
    |select_ln157_716_fu_11609_p3    |    select|   0|  0|   64|           1|          66|
    |select_ln157_717_fu_11617_p3    |    select|   0|  0|   64|           1|          66|
    |select_ln157_718_fu_11631_p3    |    select|   0|  0|   64|           1|          66|
    |select_ln157_719_fu_11639_p3    |    select|   0|  0|   64|           1|          66|
    |select_ln157_71_fu_5909_p3      |    select|   0|  0|   64|           1|          66|
    |select_ln157_720_fu_11647_p3    |    select|   0|  0|   64|           1|          66|
    |select_ln157_721_fu_11655_p3    |    select|   0|  0|   64|           1|          66|
    |select_ln157_722_fu_11663_p3    |    select|   0|  0|   64|           1|          66|
    |select_ln157_723_fu_11671_p3    |    select|   0|  0|   64|           1|          66|
    |select_ln157_724_fu_11679_p3    |    select|   0|  0|   64|           1|          66|
    |select_ln157_725_fu_11687_p3    |    select|   0|  0|   64|           1|          66|
    |select_ln157_726_fu_11695_p3    |    select|   0|  0|   64|           1|          66|
    |select_ln157_727_fu_11703_p3    |    select|   0|  0|   64|           1|          66|
    |select_ln157_728_fu_11711_p3    |    select|   0|  0|   64|           1|          66|
    |select_ln157_729_fu_11719_p3    |    select|   0|  0|   64|           1|          66|
    |select_ln157_72_fu_5917_p3      |    select|   0|  0|   64|           1|          66|
    |select_ln157_730_fu_11727_p3    |    select|   0|  0|   64|           1|          66|
    |select_ln157_731_fu_11735_p3    |    select|   0|  0|   64|           1|          66|
    |select_ln157_732_fu_11749_p3    |    select|   0|  0|   64|           1|          66|
    |select_ln157_733_fu_11757_p3    |    select|   0|  0|   64|           1|          66|
    |select_ln157_734_fu_11765_p3    |    select|   0|  0|   64|           1|          66|
    |select_ln157_735_fu_11773_p3    |    select|   0|  0|   64|           1|          66|
    |select_ln157_736_fu_11781_p3    |    select|   0|  0|   64|           1|          66|
    |select_ln157_737_fu_11789_p3    |    select|   0|  0|   64|           1|          66|
    |select_ln157_738_fu_11797_p3    |    select|   0|  0|   64|           1|          66|
    |select_ln157_739_fu_11811_p3    |    select|   0|  0|   64|           1|          66|
    |select_ln157_73_fu_5925_p3      |    select|   0|  0|   64|           1|          66|
    |select_ln157_740_fu_11819_p3    |    select|   0|  0|   64|           1|          66|
    |select_ln157_741_fu_11827_p3    |    select|   0|  0|   64|           1|          66|
    |select_ln157_742_fu_11841_p3    |    select|   0|  0|   64|           1|          66|
    |select_ln157_744_fu_11865_p3    |    select|   0|  0|   64|           1|          66|
    |select_ln157_745_fu_11873_p3    |    select|   0|  0|   64|           1|          66|
    |select_ln157_746_fu_11881_p3    |    select|   0|  0|   64|           1|          66|
    |select_ln157_747_fu_11889_p3    |    select|   0|  0|   64|           1|          66|
    |select_ln157_748_fu_11903_p3    |    select|   0|  0|   64|           1|          66|
    |select_ln157_749_fu_11911_p3    |    select|   0|  0|   64|           1|          66|
    |select_ln157_74_fu_5933_p3      |    select|   0|  0|   64|           1|          66|
    |select_ln157_750_fu_11919_p3    |    select|   0|  0|   64|           1|          66|
    |select_ln157_751_fu_11927_p3    |    select|   0|  0|   64|           1|          66|
    |select_ln157_752_fu_11935_p3    |    select|   0|  0|   64|           1|          66|
    |select_ln157_753_fu_11943_p3    |    select|   0|  0|   64|           1|          66|
    |select_ln157_754_fu_11951_p3    |    select|   0|  0|   64|           1|          66|
    |select_ln157_755_fu_11959_p3    |    select|   0|  0|   64|           1|          66|
    |select_ln157_756_fu_11967_p3    |    select|   0|  0|   64|           1|          66|
    |select_ln157_757_fu_11975_p3    |    select|   0|  0|   64|           1|          66|
    |select_ln157_758_fu_11983_p3    |    select|   0|  0|   64|           1|          66|
    |select_ln157_759_fu_11991_p3    |    select|   0|  0|   64|           1|          66|
    |select_ln157_75_fu_5941_p3      |    select|   0|  0|   64|           1|          66|
    |select_ln157_760_fu_11999_p3    |    select|   0|  0|   64|           1|          66|
    |select_ln157_761_fu_12007_p3    |    select|   0|  0|   64|           1|          66|
    |select_ln157_762_fu_12021_p3    |    select|   0|  0|   64|           1|          66|
    |select_ln157_763_fu_12029_p3    |    select|   0|  0|   64|           1|          66|
    |select_ln157_764_fu_12037_p3    |    select|   0|  0|   64|           1|          66|
    |select_ln157_765_fu_12045_p3    |    select|   0|  0|   64|           1|          66|
    |select_ln157_766_fu_12053_p3    |    select|   0|  0|   64|           1|          66|
    |select_ln157_767_fu_12061_p3    |    select|   0|  0|   64|           1|          66|
    |select_ln157_768_fu_12069_p3    |    select|   0|  0|   64|           1|          66|
    |select_ln157_769_fu_12083_p3    |    select|   0|  0|   64|           1|          66|
    |select_ln157_76_fu_5949_p3      |    select|   0|  0|   64|           1|          66|
    |select_ln157_770_fu_12091_p3    |    select|   0|  0|   64|           1|          66|
    |select_ln157_771_fu_12099_p3    |    select|   0|  0|   64|           1|          66|
    |select_ln157_772_fu_12107_p3    |    select|   0|  0|   64|           1|          66|
    |select_ln157_773_fu_12121_p3    |    select|   0|  0|   64|           1|          66|
    |select_ln157_775_fu_12145_p3    |    select|   0|  0|   64|           1|          66|
    |select_ln157_776_fu_12153_p3    |    select|   0|  0|   64|           1|          66|
    |select_ln157_777_fu_12161_p3    |    select|   0|  0|   64|           1|          66|
    |select_ln157_778_fu_12169_p3    |    select|   0|  0|   64|           1|          66|
    |select_ln157_779_fu_12183_p3    |    select|   0|  0|   64|           1|          66|
    |select_ln157_77_fu_5963_p3      |    select|   0|  0|   64|           1|          66|
    |select_ln157_780_fu_12191_p3    |    select|   0|  0|   64|           1|          66|
    |select_ln157_781_fu_12199_p3    |    select|   0|  0|   64|           1|          66|
    |select_ln157_782_fu_12207_p3    |    select|   0|  0|   64|           1|          66|
    |select_ln157_783_fu_12215_p3    |    select|   0|  0|   64|           1|          66|
    |select_ln157_784_fu_12223_p3    |    select|   0|  0|   64|           1|          66|
    |select_ln157_785_fu_12231_p3    |    select|   0|  0|   64|           1|          66|
    |select_ln157_786_fu_12239_p3    |    select|   0|  0|   64|           1|          66|
    |select_ln157_787_fu_12247_p3    |    select|   0|  0|   64|           1|          66|
    |select_ln157_788_fu_12255_p3    |    select|   0|  0|   64|           1|          66|
    |select_ln157_789_fu_12263_p3    |    select|   0|  0|   64|           1|          66|
    |select_ln157_78_fu_5971_p3      |    select|   0|  0|   64|           1|          66|
    |select_ln157_790_fu_12271_p3    |    select|   0|  0|   64|           1|          66|
    |select_ln157_791_fu_12279_p3    |    select|   0|  0|   64|           1|          66|
    |select_ln157_792_fu_12287_p3    |    select|   0|  0|   64|           1|          66|
    |select_ln157_793_fu_12301_p3    |    select|   0|  0|   64|           1|          66|
    |select_ln157_794_fu_12309_p3    |    select|   0|  0|   64|           1|          66|
    |select_ln157_795_fu_12317_p3    |    select|   0|  0|   64|           1|          66|
    |select_ln157_796_fu_12325_p3    |    select|   0|  0|   64|           1|          66|
    |select_ln157_797_fu_12333_p3    |    select|   0|  0|   64|           1|          66|
    |select_ln157_798_fu_12341_p3    |    select|   0|  0|   64|           1|          66|
    |select_ln157_799_fu_12349_p3    |    select|   0|  0|   64|           1|          66|
    |select_ln157_79_fu_5979_p3      |    select|   0|  0|   64|           1|          66|
    |select_ln157_7_fu_5271_p3       |    select|   0|  0|   64|           1|          66|
    |select_ln157_800_fu_12363_p3    |    select|   0|  0|   64|           1|          66|
    |select_ln157_801_fu_12371_p3    |    select|   0|  0|   64|           1|          66|
    |select_ln157_802_fu_12379_p3    |    select|   0|  0|   64|           1|          66|
    |select_ln157_803_fu_12387_p3    |    select|   0|  0|   64|           1|          66|
    |select_ln157_804_fu_12401_p3    |    select|   0|  0|   64|           1|          66|
    |select_ln157_806_fu_12425_p3    |    select|   0|  0|   64|           1|          66|
    |select_ln157_807_fu_12433_p3    |    select|   0|  0|   64|           1|          66|
    |select_ln157_808_fu_12441_p3    |    select|   0|  0|   64|           1|          66|
    |select_ln157_809_fu_12455_p3    |    select|   0|  0|   64|           1|          66|
    |select_ln157_80_fu_5987_p3      |    select|   0|  0|   64|           1|          66|
    |select_ln157_810_fu_12463_p3    |    select|   0|  0|   64|           1|          66|
    |select_ln157_811_fu_12471_p3    |    select|   0|  0|   64|           1|          66|
    |select_ln157_812_fu_12479_p3    |    select|   0|  0|   64|           1|          66|
    |select_ln157_813_fu_12487_p3    |    select|   0|  0|   64|           1|          66|
    |select_ln157_814_fu_12495_p3    |    select|   0|  0|   64|           1|          66|
    |select_ln157_815_fu_12503_p3    |    select|   0|  0|   64|           1|          66|
    |select_ln157_816_fu_12511_p3    |    select|   0|  0|   64|           1|          66|
    |select_ln157_817_fu_12519_p3    |    select|   0|  0|   64|           1|          66|
    |select_ln157_818_fu_12527_p3    |    select|   0|  0|   64|           1|          66|
    |select_ln157_819_fu_12535_p3    |    select|   0|  0|   64|           1|          66|
    |select_ln157_81_fu_5995_p3      |    select|   0|  0|   64|           1|          66|
    |select_ln157_820_fu_12543_p3    |    select|   0|  0|   64|           1|          66|
    |select_ln157_821_fu_12551_p3    |    select|   0|  0|   64|           1|          66|
    |select_ln157_822_fu_12559_p3    |    select|   0|  0|   64|           1|          66|
    |select_ln157_823_fu_12567_p3    |    select|   0|  0|   64|           1|          66|
    |select_ln157_824_fu_12581_p3    |    select|   0|  0|   64|           1|          66|
    |select_ln157_825_fu_12589_p3    |    select|   0|  0|   64|           1|          66|
    |select_ln157_826_fu_12597_p3    |    select|   0|  0|   64|           1|          66|
    |select_ln157_827_fu_12605_p3    |    select|   0|  0|   64|           1|          66|
    |select_ln157_828_fu_12613_p3    |    select|   0|  0|   64|           1|          66|
    |select_ln157_829_fu_12621_p3    |    select|   0|  0|   64|           1|          66|
    |select_ln157_82_fu_6003_p3      |    select|   0|  0|   64|           1|          66|
    |select_ln157_830_fu_12629_p3    |    select|   0|  0|   64|           1|          66|
    |select_ln157_831_fu_12643_p3    |    select|   0|  0|   64|           1|          66|
    |select_ln157_832_fu_12651_p3    |    select|   0|  0|   64|           1|          66|
    |select_ln157_833_fu_12659_p3    |    select|   0|  0|   64|           1|          66|
    |select_ln157_834_fu_12667_p3    |    select|   0|  0|   64|           1|          66|
    |select_ln157_835_fu_12681_p3    |    select|   0|  0|   64|           1|          66|
    |select_ln157_837_fu_12705_p3    |    select|   0|  0|   64|           1|          66|
    |select_ln157_838_fu_12713_p3    |    select|   0|  0|   64|           1|          66|
    |select_ln157_839_fu_12721_p3    |    select|   0|  0|   64|           1|          66|
    |select_ln157_83_fu_6011_p3      |    select|   0|  0|   64|           1|          66|
    |select_ln157_840_fu_12735_p3    |    select|   0|  0|   64|           1|          66|
    |select_ln157_841_fu_12743_p3    |    select|   0|  0|   64|           1|          66|
    |select_ln157_842_fu_12751_p3    |    select|   0|  0|   64|           1|          66|
    |select_ln157_843_fu_12759_p3    |    select|   0|  0|   64|           1|          66|
    |select_ln157_844_fu_12767_p3    |    select|   0|  0|   64|           1|          66|
    |select_ln157_845_fu_12775_p3    |    select|   0|  0|   64|           1|          66|
    |select_ln157_846_fu_12783_p3    |    select|   0|  0|   64|           1|          66|
    |select_ln157_847_fu_12791_p3    |    select|   0|  0|   64|           1|          66|
    |select_ln157_848_fu_12799_p3    |    select|   0|  0|   64|           1|          66|
    |select_ln157_849_fu_12807_p3    |    select|   0|  0|   64|           1|          66|
    |select_ln157_84_fu_6019_p3      |    select|   0|  0|   64|           1|          66|
    |select_ln157_850_fu_12815_p3    |    select|   0|  0|   64|           1|          66|
    |select_ln157_851_fu_12823_p3    |    select|   0|  0|   64|           1|          66|
    |select_ln157_852_fu_12831_p3    |    select|   0|  0|   64|           1|          66|
    |select_ln157_853_fu_12839_p3    |    select|   0|  0|   64|           1|          66|
    |select_ln157_854_fu_12847_p3    |    select|   0|  0|   64|           1|          66|
    |select_ln157_855_fu_12861_p3    |    select|   0|  0|   64|           1|          66|
    |select_ln157_856_fu_12869_p3    |    select|   0|  0|   64|           1|          66|
    |select_ln157_857_fu_12877_p3    |    select|   0|  0|   64|           1|          66|
    |select_ln157_858_fu_12885_p3    |    select|   0|  0|   64|           1|          66|
    |select_ln157_859_fu_12893_p3    |    select|   0|  0|   64|           1|          66|
    |select_ln157_85_fu_6027_p3      |    select|   0|  0|   64|           1|          66|
    |select_ln157_860_fu_12901_p3    |    select|   0|  0|   64|           1|          66|
    |select_ln157_861_fu_12909_p3    |    select|   0|  0|   64|           1|          66|
    |select_ln157_862_fu_12923_p3    |    select|   0|  0|   64|           1|          66|
    |select_ln157_863_fu_12931_p3    |    select|   0|  0|   64|           1|          66|
    |select_ln157_864_fu_12939_p3    |    select|   0|  0|   64|           1|          66|
    |select_ln157_865_fu_12947_p3    |    select|   0|  0|   64|           1|          66|
    |select_ln157_866_fu_12961_p3    |    select|   0|  0|   64|           1|          66|
    |select_ln157_868_fu_12985_p3    |    select|   0|  0|   64|           1|          66|
    |select_ln157_869_fu_12993_p3    |    select|   0|  0|   64|           1|          66|
    |select_ln157_86_fu_6035_p3      |    select|   0|  0|   64|           1|          66|
    |select_ln157_870_fu_13007_p3    |    select|   0|  0|   64|           1|          66|
    |select_ln157_871_fu_13015_p3    |    select|   0|  0|   64|           1|          66|
    |select_ln157_872_fu_13023_p3    |    select|   0|  0|   64|           1|          66|
    |select_ln157_873_fu_13031_p3    |    select|   0|  0|   64|           1|          66|
    |select_ln157_874_fu_13039_p3    |    select|   0|  0|   64|           1|          66|
    |select_ln157_875_fu_13047_p3    |    select|   0|  0|   64|           1|          66|
    |select_ln157_876_fu_13055_p3    |    select|   0|  0|   64|           1|          66|
    |select_ln157_877_fu_13063_p3    |    select|   0|  0|   64|           1|          66|
    |select_ln157_878_fu_13071_p3    |    select|   0|  0|   64|           1|          66|
    |select_ln157_879_fu_13079_p3    |    select|   0|  0|   64|           1|          66|
    |select_ln157_87_fu_6043_p3      |    select|   0|  0|   64|           1|          66|
    |select_ln157_880_fu_13087_p3    |    select|   0|  0|   64|           1|          66|
    |select_ln157_881_fu_13095_p3    |    select|   0|  0|   64|           1|          66|
    |select_ln157_882_fu_13103_p3    |    select|   0|  0|   64|           1|          66|
    |select_ln157_883_fu_13111_p3    |    select|   0|  0|   64|           1|          66|
    |select_ln157_884_fu_13119_p3    |    select|   0|  0|   64|           1|          66|
    |select_ln157_885_fu_13133_p3    |    select|   0|  0|   64|           1|          66|
    |select_ln157_886_fu_13141_p3    |    select|   0|  0|   64|           1|          66|
    |select_ln157_887_fu_13149_p3    |    select|   0|  0|   64|           1|          66|
    |select_ln157_888_fu_13157_p3    |    select|   0|  0|   64|           1|          66|
    |select_ln157_889_fu_13165_p3    |    select|   0|  0|   64|           1|          66|
    |select_ln157_88_fu_6051_p3      |    select|   0|  0|   64|           1|          66|
    |select_ln157_890_fu_13173_p3    |    select|   0|  0|   64|           1|          66|
    |select_ln157_891_fu_13181_p3    |    select|   0|  0|   64|           1|          66|
    |select_ln157_892_fu_13189_p3    |    select|   0|  0|   64|           1|          66|
    |select_ln157_893_fu_13203_p3    |    select|   0|  0|   64|           1|          66|
    |select_ln157_894_fu_13211_p3    |    select|   0|  0|   64|           1|          66|
    |select_ln157_895_fu_13219_p3    |    select|   0|  0|   64|           1|          66|
    |select_ln157_896_fu_13227_p3    |    select|   0|  0|   64|           1|          66|
    |select_ln157_897_fu_13241_p3    |    select|   0|  0|   64|           1|          66|
    |select_ln157_899_fu_13265_p3    |    select|   0|  0|   64|           1|          66|
    |select_ln157_89_fu_6059_p3      |    select|   0|  0|   64|           1|          66|
    |select_ln157_8_fu_5285_p3       |    select|   0|  0|   64|           1|          66|
    |select_ln157_900_fu_13273_p3    |    select|   0|  0|   64|           1|          66|
    |select_ln157_901_fu_13287_p3    |    select|   0|  0|   64|           1|          66|
    |select_ln157_902_fu_13295_p3    |    select|   0|  0|   64|           1|          66|
    |select_ln157_903_fu_13303_p3    |    select|   0|  0|   64|           1|          66|
    |select_ln157_904_fu_13311_p3    |    select|   0|  0|   64|           1|          66|
    |select_ln157_905_fu_13319_p3    |    select|   0|  0|   64|           1|          66|
    |select_ln157_906_fu_13327_p3    |    select|   0|  0|   64|           1|          66|
    |select_ln157_907_fu_13335_p3    |    select|   0|  0|   64|           1|          66|
    |select_ln157_908_fu_13343_p3    |    select|   0|  0|   64|           1|          66|
    |select_ln157_909_fu_13351_p3    |    select|   0|  0|   64|           1|          66|
    |select_ln157_90_fu_6067_p3      |    select|   0|  0|   64|           1|          66|
    |select_ln157_910_fu_13359_p3    |    select|   0|  0|   64|           1|          66|
    |select_ln157_911_fu_13367_p3    |    select|   0|  0|   64|           1|          66|
    |select_ln157_912_fu_13375_p3    |    select|   0|  0|   64|           1|          66|
    |select_ln157_913_fu_13383_p3    |    select|   0|  0|   64|           1|          66|
    |select_ln157_914_fu_13391_p3    |    select|   0|  0|   64|           1|          66|
    |select_ln157_915_fu_13399_p3    |    select|   0|  0|   64|           1|          66|
    |select_ln157_916_fu_13413_p3    |    select|   0|  0|   64|           1|          66|
    |select_ln157_917_fu_13421_p3    |    select|   0|  0|   64|           1|          66|
    |select_ln157_918_fu_13429_p3    |    select|   0|  0|   64|           1|          66|
    |select_ln157_919_fu_13437_p3    |    select|   0|  0|   64|           1|          66|
    |select_ln157_91_fu_6075_p3      |    select|   0|  0|   64|           1|          66|
    |select_ln157_920_fu_13445_p3    |    select|   0|  0|   64|           1|          66|
    |select_ln157_921_fu_13453_p3    |    select|   0|  0|   64|           1|          66|
    |select_ln157_922_fu_13461_p3    |    select|   0|  0|   64|           1|          66|
    |select_ln157_923_fu_13469_p3    |    select|   0|  0|   64|           1|          66|
    |select_ln157_924_fu_13483_p3    |    select|   0|  0|   64|           1|          66|
    |select_ln157_925_fu_13491_p3    |    select|   0|  0|   64|           1|          66|
    |select_ln157_926_fu_13499_p3    |    select|   0|  0|   64|           1|          66|
    |select_ln157_927_fu_13507_p3    |    select|   0|  0|   64|           1|          66|
    |select_ln157_928_fu_13521_p3    |    select|   0|  0|   64|           1|          66|
    |select_ln157_930_fu_13545_p3    |    select|   0|  0|   64|           1|          66|
    |select_ln157_931_fu_13559_p3    |    select|   0|  0|   64|           1|          66|
    |select_ln157_932_fu_13567_p3    |    select|   0|  0|   64|           1|          66|
    |select_ln157_933_fu_13575_p3    |    select|   0|  0|   64|           1|          66|
    |select_ln157_934_fu_13583_p3    |    select|   0|  0|   64|           1|          66|
    |select_ln157_935_fu_13591_p3    |    select|   0|  0|   64|           1|          66|
    |select_ln157_936_fu_13599_p3    |    select|   0|  0|   64|           1|          66|
    |select_ln157_937_fu_13607_p3    |    select|   0|  0|   64|           1|          66|
    |select_ln157_938_fu_13615_p3    |    select|   0|  0|   64|           1|          66|
    |select_ln157_939_fu_13623_p3    |    select|   0|  0|   64|           1|          66|
    |select_ln157_93_fu_6099_p3      |    select|   0|  0|   64|           1|          66|
    |select_ln157_940_fu_13631_p3    |    select|   0|  0|   64|           1|          66|
    |select_ln157_941_fu_13639_p3    |    select|   0|  0|   64|           1|          66|
    |select_ln157_942_fu_13647_p3    |    select|   0|  0|   64|           1|          66|
    |select_ln157_943_fu_13655_p3    |    select|   0|  0|   64|           1|          66|
    |select_ln157_944_fu_13663_p3    |    select|   0|  0|   64|           1|          66|
    |select_ln157_945_fu_13671_p3    |    select|   0|  0|   64|           1|          66|
    |select_ln157_946_fu_13679_p3    |    select|   0|  0|   64|           1|          66|
    |select_ln157_947_fu_13693_p3    |    select|   0|  0|   64|           1|          66|
    |select_ln157_948_fu_13701_p3    |    select|   0|  0|   64|           1|          66|
    |select_ln157_949_fu_13709_p3    |    select|   0|  0|   64|           1|          66|
    |select_ln157_94_fu_6107_p3      |    select|   0|  0|   64|           1|          66|
    |select_ln157_950_fu_13717_p3    |    select|   0|  0|   64|           1|          66|
    |select_ln157_951_fu_13725_p3    |    select|   0|  0|   64|           1|          66|
    |select_ln157_952_fu_13733_p3    |    select|   0|  0|   64|           1|          66|
    |select_ln157_953_fu_13741_p3    |    select|   0|  0|   64|           1|          66|
    |select_ln157_954_fu_13749_p3    |    select|   0|  0|   64|           1|          66|
    |select_ln157_955_fu_13763_p3    |    select|   0|  0|   64|           1|          66|
    |select_ln157_956_fu_13771_p3    |    select|   0|  0|   64|           1|          66|
    |select_ln157_957_fu_13779_p3    |    select|   0|  0|   64|           1|          66|
    |select_ln157_958_fu_13787_p3    |    select|   0|  0|   64|           1|          66|
    |select_ln157_959_fu_13801_p3    |    select|   0|  0|   64|           1|          66|
    |select_ln157_95_fu_6115_p3      |    select|   0|  0|   64|           1|          66|
    |select_ln157_961_fu_13825_p3    |    select|   0|  0|   64|           1|          66|
    |select_ln157_962_fu_13839_p3    |    select|   0|  0|   64|           1|          66|
    |select_ln157_963_fu_13847_p3    |    select|   0|  0|   64|           1|          66|
    |select_ln157_964_fu_13855_p3    |    select|   0|  0|   64|           1|          66|
    |select_ln157_965_fu_13863_p3    |    select|   0|  0|   64|           1|          66|
    |select_ln157_966_fu_13871_p3    |    select|   0|  0|   64|           1|          66|
    |select_ln157_967_fu_13879_p3    |    select|   0|  0|   64|           1|          66|
    |select_ln157_968_fu_13887_p3    |    select|   0|  0|   64|           1|          66|
    |select_ln157_969_fu_13895_p3    |    select|   0|  0|   64|           1|          66|
    |select_ln157_96_fu_6123_p3      |    select|   0|  0|   64|           1|          66|
    |select_ln157_970_fu_13903_p3    |    select|   0|  0|   64|           1|          66|
    |select_ln157_971_fu_13911_p3    |    select|   0|  0|   64|           1|          66|
    |select_ln157_972_fu_13919_p3    |    select|   0|  0|   64|           1|          66|
    |select_ln157_973_fu_13927_p3    |    select|   0|  0|   64|           1|          66|
    |select_ln157_974_fu_13935_p3    |    select|   0|  0|   64|           1|          66|
    |select_ln157_975_fu_13943_p3    |    select|   0|  0|   64|           1|          66|
    |select_ln157_976_fu_13951_p3    |    select|   0|  0|   64|           1|          66|
    |select_ln157_977_fu_13959_p3    |    select|   0|  0|   64|           1|          66|
    |select_ln157_978_fu_13973_p3    |    select|   0|  0|   64|           1|          66|
    |select_ln157_979_fu_13981_p3    |    select|   0|  0|   64|           1|          66|
    |select_ln157_97_fu_6131_p3      |    select|   0|  0|   64|           1|          66|
    |select_ln157_980_fu_13989_p3    |    select|   0|  0|   64|           1|          66|
    |select_ln157_981_fu_13997_p3    |    select|   0|  0|   64|           1|          66|
    |select_ln157_982_fu_14005_p3    |    select|   0|  0|   64|           1|          66|
    |select_ln157_983_fu_14013_p3    |    select|   0|  0|   64|           1|          66|
    |select_ln157_984_fu_14021_p3    |    select|   0|  0|   64|           1|          66|
    |select_ln157_985_fu_14029_p3    |    select|   0|  0|   64|           1|          66|
    |select_ln157_986_fu_14043_p3    |    select|   0|  0|   64|           1|          66|
    |select_ln157_987_fu_14051_p3    |    select|   0|  0|   64|           1|          66|
    |select_ln157_988_fu_14059_p3    |    select|   0|  0|   64|           1|          66|
    |select_ln157_989_fu_14067_p3    |    select|   0|  0|   64|           1|          66|
    |select_ln157_98_fu_6139_p3      |    select|   0|  0|   64|           1|          66|
    |select_ln157_990_fu_14081_p3    |    select|   0|  0|   64|           1|          66|
    |select_ln157_99_fu_6147_p3      |    select|   0|  0|   64|           1|          66|
    |select_ln157_9_fu_5299_p3       |    select|   0|  0|   64|           1|          66|
    |select_ln157_fu_5173_p3         |    select|   0|  0|   64|           1|          66|
    |select_ln204_100_fu_17719_p3    |    select|   0|  0|  126|           1|         132|
    |select_ln204_101_fu_17794_p3    |    select|   0|  0|    2|           1|           1|
    |select_ln204_102_fu_17802_p3    |    select|   0|  0|    2|           1|           1|
    |select_ln204_103_fu_17858_p3    |    select|   0|  0|   65|           1|          65|
    |select_ln204_105_fu_17880_p3    |    select|   0|  0|  126|           1|         132|
    |select_ln204_106_fu_17955_p3    |    select|   0|  0|    2|           1|           1|
    |select_ln204_107_fu_17963_p3    |    select|   0|  0|    2|           1|           1|
    |select_ln204_108_fu_18019_p3    |    select|   0|  0|   65|           1|          65|
    |select_ln204_10_fu_14821_p3     |    select|   0|  0|  126|           1|         132|
    |select_ln204_110_fu_18041_p3    |    select|   0|  0|  126|           1|         132|
    |select_ln204_111_fu_18116_p3    |    select|   0|  0|    2|           1|           1|
    |select_ln204_112_fu_18124_p3    |    select|   0|  0|    2|           1|           1|
    |select_ln204_113_fu_18180_p3    |    select|   0|  0|   65|           1|          65|
    |select_ln204_115_fu_18202_p3    |    select|   0|  0|  126|           1|         132|
    |select_ln204_116_fu_18277_p3    |    select|   0|  0|    2|           1|           1|
    |select_ln204_117_fu_18285_p3    |    select|   0|  0|    2|           1|           1|
    |select_ln204_118_fu_18341_p3    |    select|   0|  0|   65|           1|          65|
    |select_ln204_11_fu_14896_p3     |    select|   0|  0|    2|           1|           1|
    |select_ln204_120_fu_18363_p3    |    select|   0|  0|  126|           1|         132|
    |select_ln204_121_fu_18438_p3    |    select|   0|  0|    2|           1|           1|
    |select_ln204_122_fu_18446_p3    |    select|   0|  0|    2|           1|           1|
    |select_ln204_123_fu_18502_p3    |    select|   0|  0|   65|           1|          65|
    |select_ln204_125_fu_18524_p3    |    select|   0|  0|  126|           1|         132|
    |select_ln204_126_fu_18599_p3    |    select|   0|  0|    2|           1|           1|
    |select_ln204_127_fu_18607_p3    |    select|   0|  0|    2|           1|           1|
    |select_ln204_128_fu_18663_p3    |    select|   0|  0|   65|           1|          65|
    |select_ln204_12_fu_14904_p3     |    select|   0|  0|    2|           1|           1|
    |select_ln204_130_fu_18685_p3    |    select|   0|  0|  126|           1|         132|
    |select_ln204_131_fu_18760_p3    |    select|   0|  0|    2|           1|           1|
    |select_ln204_132_fu_18768_p3    |    select|   0|  0|    2|           1|           1|
    |select_ln204_133_fu_18824_p3    |    select|   0|  0|   65|           1|          65|
    |select_ln204_135_fu_18846_p3    |    select|   0|  0|  126|           1|         132|
    |select_ln204_136_fu_18921_p3    |    select|   0|  0|    2|           1|           1|
    |select_ln204_137_fu_18929_p3    |    select|   0|  0|    2|           1|           1|
    |select_ln204_138_fu_18985_p3    |    select|   0|  0|   65|           1|          65|
    |select_ln204_13_fu_14960_p3     |    select|   0|  0|   65|           1|          65|
    |select_ln204_140_fu_19007_p3    |    select|   0|  0|  126|           1|         132|
    |select_ln204_141_fu_19082_p3    |    select|   0|  0|    2|           1|           1|
    |select_ln204_142_fu_19090_p3    |    select|   0|  0|    2|           1|           1|
    |select_ln204_143_fu_19146_p3    |    select|   0|  0|   65|           1|          65|
    |select_ln204_145_fu_19168_p3    |    select|   0|  0|  126|           1|         132|
    |select_ln204_146_fu_19243_p3    |    select|   0|  0|    2|           1|           1|
    |select_ln204_147_fu_19251_p3    |    select|   0|  0|    2|           1|           1|
    |select_ln204_148_fu_19307_p3    |    select|   0|  0|   65|           1|          65|
    |select_ln204_150_fu_19329_p3    |    select|   0|  0|  126|           1|         132|
    |select_ln204_151_fu_19404_p3    |    select|   0|  0|    2|           1|           1|
    |select_ln204_152_fu_19412_p3    |    select|   0|  0|    2|           1|           1|
    |select_ln204_153_fu_19468_p3    |    select|   0|  0|   65|           1|          65|
    |select_ln204_155_fu_19490_p3    |    select|   0|  0|  126|           1|         132|
    |select_ln204_156_fu_19565_p3    |    select|   0|  0|    2|           1|           1|
    |select_ln204_157_fu_19573_p3    |    select|   0|  0|    2|           1|           1|
    |select_ln204_158_fu_19629_p3    |    select|   0|  0|   65|           1|          65|
    |select_ln204_15_fu_14982_p3     |    select|   0|  0|  126|           1|         132|
    |select_ln204_16_fu_15057_p3     |    select|   0|  0|    2|           1|           1|
    |select_ln204_17_fu_15065_p3     |    select|   0|  0|    2|           1|           1|
    |select_ln204_18_fu_15121_p3     |    select|   0|  0|   65|           1|          65|
    |select_ln204_1_fu_14574_p3      |    select|   0|  0|    2|           1|           1|
    |select_ln204_20_fu_15143_p3     |    select|   0|  0|  126|           1|         132|
    |select_ln204_21_fu_15218_p3     |    select|   0|  0|    2|           1|           1|
    |select_ln204_22_fu_15226_p3     |    select|   0|  0|    2|           1|           1|
    |select_ln204_23_fu_15282_p3     |    select|   0|  0|   65|           1|          65|
    |select_ln204_25_fu_15304_p3     |    select|   0|  0|  126|           1|         132|
    |select_ln204_26_fu_15379_p3     |    select|   0|  0|    2|           1|           1|
    |select_ln204_27_fu_15387_p3     |    select|   0|  0|    2|           1|           1|
    |select_ln204_28_fu_15443_p3     |    select|   0|  0|   65|           1|          65|
    |select_ln204_2_fu_14582_p3      |    select|   0|  0|    2|           1|           1|
    |select_ln204_30_fu_15465_p3     |    select|   0|  0|  126|           1|         132|
    |select_ln204_31_fu_15540_p3     |    select|   0|  0|    2|           1|           1|
    |select_ln204_32_fu_15548_p3     |    select|   0|  0|    2|           1|           1|
    |select_ln204_33_fu_15604_p3     |    select|   0|  0|   65|           1|          65|
    |select_ln204_35_fu_15626_p3     |    select|   0|  0|  126|           1|         132|
    |select_ln204_36_fu_15701_p3     |    select|   0|  0|    2|           1|           1|
    |select_ln204_37_fu_15709_p3     |    select|   0|  0|    2|           1|           1|
    |select_ln204_38_fu_15765_p3     |    select|   0|  0|   65|           1|          65|
    |select_ln204_3_fu_14638_p3      |    select|   0|  0|   65|           1|          65|
    |select_ln204_40_fu_15787_p3     |    select|   0|  0|  126|           1|         132|
    |select_ln204_41_fu_15862_p3     |    select|   0|  0|    2|           1|           1|
    |select_ln204_42_fu_15870_p3     |    select|   0|  0|    2|           1|           1|
    |select_ln204_43_fu_15926_p3     |    select|   0|  0|   65|           1|          65|
    |select_ln204_45_fu_15948_p3     |    select|   0|  0|  126|           1|         132|
    |select_ln204_46_fu_16023_p3     |    select|   0|  0|    2|           1|           1|
    |select_ln204_47_fu_16031_p3     |    select|   0|  0|    2|           1|           1|
    |select_ln204_48_fu_16087_p3     |    select|   0|  0|   65|           1|          65|
    |select_ln204_50_fu_16109_p3     |    select|   0|  0|  126|           1|         132|
    |select_ln204_51_fu_16184_p3     |    select|   0|  0|    2|           1|           1|
    |select_ln204_52_fu_16192_p3     |    select|   0|  0|    2|           1|           1|
    |select_ln204_53_fu_16248_p3     |    select|   0|  0|   65|           1|          65|
    |select_ln204_55_fu_16270_p3     |    select|   0|  0|  126|           1|         132|
    |select_ln204_56_fu_16345_p3     |    select|   0|  0|    2|           1|           1|
    |select_ln204_57_fu_16353_p3     |    select|   0|  0|    2|           1|           1|
    |select_ln204_58_fu_16409_p3     |    select|   0|  0|   65|           1|          65|
    |select_ln204_5_fu_14660_p3      |    select|   0|  0|  126|           1|         132|
    |select_ln204_60_fu_16431_p3     |    select|   0|  0|  126|           1|         132|
    |select_ln204_61_fu_16506_p3     |    select|   0|  0|    2|           1|           1|
    |select_ln204_62_fu_16514_p3     |    select|   0|  0|    2|           1|           1|
    |select_ln204_63_fu_16570_p3     |    select|   0|  0|   65|           1|          65|
    |select_ln204_65_fu_16592_p3     |    select|   0|  0|  126|           1|         132|
    |select_ln204_66_fu_16667_p3     |    select|   0|  0|    2|           1|           1|
    |select_ln204_67_fu_16675_p3     |    select|   0|  0|    2|           1|           1|
    |select_ln204_68_fu_16731_p3     |    select|   0|  0|   65|           1|          65|
    |select_ln204_6_fu_14735_p3      |    select|   0|  0|    2|           1|           1|
    |select_ln204_70_fu_16753_p3     |    select|   0|  0|  126|           1|         132|
    |select_ln204_71_fu_16828_p3     |    select|   0|  0|    2|           1|           1|
    |select_ln204_72_fu_16836_p3     |    select|   0|  0|    2|           1|           1|
    |select_ln204_73_fu_16892_p3     |    select|   0|  0|   65|           1|          65|
    |select_ln204_75_fu_16914_p3     |    select|   0|  0|  126|           1|         132|
    |select_ln204_76_fu_16989_p3     |    select|   0|  0|    2|           1|           1|
    |select_ln204_77_fu_16997_p3     |    select|   0|  0|    2|           1|           1|
    |select_ln204_78_fu_17053_p3     |    select|   0|  0|   65|           1|          65|
    |select_ln204_7_fu_14743_p3      |    select|   0|  0|    2|           1|           1|
    |select_ln204_80_fu_17075_p3     |    select|   0|  0|  126|           1|         132|
    |select_ln204_81_fu_17150_p3     |    select|   0|  0|    2|           1|           1|
    |select_ln204_82_fu_17158_p3     |    select|   0|  0|    2|           1|           1|
    |select_ln204_83_fu_17214_p3     |    select|   0|  0|   65|           1|          65|
    |select_ln204_85_fu_17236_p3     |    select|   0|  0|  126|           1|         132|
    |select_ln204_86_fu_17311_p3     |    select|   0|  0|    2|           1|           1|
    |select_ln204_87_fu_17319_p3     |    select|   0|  0|    2|           1|           1|
    |select_ln204_88_fu_17375_p3     |    select|   0|  0|   65|           1|          65|
    |select_ln204_8_fu_14799_p3      |    select|   0|  0|   65|           1|          65|
    |select_ln204_90_fu_17397_p3     |    select|   0|  0|  126|           1|         132|
    |select_ln204_91_fu_17472_p3     |    select|   0|  0|    2|           1|           1|
    |select_ln204_92_fu_17480_p3     |    select|   0|  0|    2|           1|           1|
    |select_ln204_93_fu_17536_p3     |    select|   0|  0|   65|           1|          65|
    |select_ln204_95_fu_17558_p3     |    select|   0|  0|  126|           1|         132|
    |select_ln204_96_fu_17633_p3     |    select|   0|  0|    2|           1|           1|
    |select_ln204_97_fu_17641_p3     |    select|   0|  0|    2|           1|           1|
    |select_ln204_98_fu_17697_p3     |    select|   0|  0|   65|           1|          65|
    |select_ln204_fu_14499_p3        |    select|   0|  0|  126|           1|         132|
    |select_ln209_1_fu_21842_p3      |    select|   0|  0|   65|           1|          67|
    |select_ln209_2_fu_21850_p3      |    select|   0|  0|   64|           1|          66|
    |select_ln209_fu_21834_p3        |    select|   0|  0|   64|           1|          65|
    |select_ln214_fu_21899_p3        |    select|   0|  0|   65|           1|          65|
    |select_ln253_1_fu_22171_p3      |    select|   0|  0|   41|           1|          39|
    |select_ln253_fu_22053_p3        |    select|   0|  0|   40|           1|          39|
    |select_ln263_10_fu_23069_p3     |    select|   0|  0|    2|           1|           1|
    |select_ln263_11_fu_23089_p3     |    select|   0|  0|    2|           1|           1|
    |select_ln263_12_fu_23147_p3     |    select|   0|  0|   41|           1|          39|
    |select_ln263_14_fu_23303_p3     |    select|   0|  0|    2|           1|           1|
    |select_ln263_15_fu_23323_p3     |    select|   0|  0|    2|           1|           1|
    |select_ln263_16_fu_23381_p3     |    select|   0|  0|   41|           1|          39|
    |select_ln263_18_fu_23537_p3     |    select|   0|  0|    2|           1|           1|
    |select_ln263_19_fu_23557_p3     |    select|   0|  0|    2|           1|           1|
    |select_ln263_20_fu_23615_p3     |    select|   0|  0|   41|           1|          39|
    |select_ln263_22_fu_23771_p3     |    select|   0|  0|    2|           1|           1|
    |select_ln263_23_fu_23791_p3     |    select|   0|  0|    2|           1|           1|
    |select_ln263_24_fu_23849_p3     |    select|   0|  0|   41|           1|          39|
    |select_ln263_26_fu_24005_p3     |    select|   0|  0|    2|           1|           1|
    |select_ln263_27_fu_24025_p3     |    select|   0|  0|    2|           1|           1|
    |select_ln263_28_fu_24083_p3     |    select|   0|  0|   41|           1|          39|
    |select_ln263_2_fu_22601_p3      |    select|   0|  0|    2|           1|           1|
    |select_ln263_30_fu_24239_p3     |    select|   0|  0|    2|           1|           1|
    |select_ln263_31_fu_24259_p3     |    select|   0|  0|    2|           1|           1|
    |select_ln263_32_fu_24317_p3     |    select|   0|  0|   41|           1|          39|
    |select_ln263_34_fu_24473_p3     |    select|   0|  0|    2|           1|           1|
    |select_ln263_35_fu_24493_p3     |    select|   0|  0|    2|           1|           1|
    |select_ln263_36_fu_24551_p3     |    select|   0|  0|   41|           1|          39|
    |select_ln263_38_fu_24707_p3     |    select|   0|  0|    2|           1|           1|
    |select_ln263_39_fu_24727_p3     |    select|   0|  0|    2|           1|           1|
    |select_ln263_3_fu_22618_p3      |    select|   0|  0|    2|           1|           1|
    |select_ln263_40_fu_24785_p3     |    select|   0|  0|   41|           1|          39|
    |select_ln263_4_fu_22676_p3      |    select|   0|  0|   41|           1|          39|
    |select_ln263_6_fu_22835_p3      |    select|   0|  0|    2|           1|           1|
    |select_ln263_7_fu_22855_p3      |    select|   0|  0|    2|           1|           1|
    |select_ln263_8_fu_22913_p3      |    select|   0|  0|   41|           1|          39|
    |select_ln263_fu_22451_p3        |    select|   0|  0|   41|           1|          39|
    |select_ln269_1_fu_24964_p3      |    select|   0|  0|    2|           1|           1|
    |select_ln269_2_fu_25032_p3      |    select|   0|  0|   41|           1|          39|
    |select_ln269_fu_24944_p3        |    select|   0|  0|    2|           1|           1|
    |select_ln280_fu_25155_p3        |    select|   0|  0|   32|           1|           1|
    |selected_Jij_526_fu_5569_p3     |    select|   0|  0|   64|           1|          66|
    |selected_Jij_527_fu_5821_p3     |    select|   0|  0|   64|           1|          66|
    |selected_Jij_528_fu_6345_p3     |    select|   0|  0|   64|           1|          66|
    |selected_Jij_529_fu_6613_p3     |    select|   0|  0|   64|           1|          66|
    |selected_Jij_530_fu_6881_p3     |    select|   0|  0|   64|           1|          66|
    |selected_Jij_531_fu_7149_p3     |    select|   0|  0|   64|           1|          66|
    |selected_Jij_532_fu_7417_p3     |    select|   0|  0|   64|           1|          66|
    |selected_Jij_533_fu_7691_p3     |    select|   0|  0|   64|           1|          66|
    |selected_Jij_534_fu_7965_p3     |    select|   0|  0|   64|           1|          66|
    |selected_Jij_535_fu_8239_p3     |    select|   0|  0|   64|           1|          66|
    |selected_Jij_536_fu_8513_p3     |    select|   0|  0|   64|           1|          66|
    |selected_Jij_537_fu_8787_p3     |    select|   0|  0|   64|           1|          66|
    |selected_Jij_538_fu_9061_p3     |    select|   0|  0|   64|           1|          66|
    |selected_Jij_539_fu_9335_p3     |    select|   0|  0|   64|           1|          66|
    |selected_Jij_540_fu_9609_p3     |    select|   0|  0|   64|           1|          66|
    |selected_Jij_541_fu_9889_p3     |    select|   0|  0|   64|           1|          66|
    |selected_Jij_542_fu_10169_p3    |    select|   0|  0|   64|           1|          66|
    |selected_Jij_543_fu_10449_p3    |    select|   0|  0|   64|           1|          66|
    |selected_Jij_544_fu_10729_p3    |    select|   0|  0|   64|           1|          66|
    |selected_Jij_545_fu_11009_p3    |    select|   0|  0|   64|           1|          66|
    |selected_Jij_546_fu_11289_p3    |    select|   0|  0|   64|           1|          66|
    |selected_Jij_547_fu_11569_p3    |    select|   0|  0|   64|           1|          66|
    |selected_Jij_548_fu_11849_p3    |    select|   0|  0|   64|           1|          66|
    |selected_Jij_549_fu_12129_p3    |    select|   0|  0|   64|           1|          66|
    |selected_Jij_550_fu_12409_p3    |    select|   0|  0|   64|           1|          66|
    |selected_Jij_551_fu_12689_p3    |    select|   0|  0|   64|           1|          66|
    |selected_Jij_552_fu_12969_p3    |    select|   0|  0|   64|           1|          66|
    |selected_Jij_553_fu_13249_p3    |    select|   0|  0|   64|           1|          66|
    |selected_Jij_554_fu_13529_p3    |    select|   0|  0|   64|           1|          66|
    |selected_Jij_555_fu_13809_p3    |    select|   0|  0|   64|           1|          66|
    |selected_Jij_556_fu_14089_p3    |    select|   0|  0|   64|           1|          66|
    |selected_Jij_fu_6083_p3         |    select|   0|  0|   64|           1|          66|
    |signed_field_fu_21858_p3        |    select|   0|  0|   64|           1|          66|
    |terms_10_fu_16101_p3            |    select|   0|  0|   64|           1|          66|
    |terms_11_fu_16262_p3            |    select|   0|  0|   64|           1|          66|
    |terms_12_fu_16423_p3            |    select|   0|  0|   64|           1|          66|
    |terms_13_fu_16584_p3            |    select|   0|  0|   64|           1|          66|
    |terms_14_fu_16745_p3            |    select|   0|  0|   64|           1|          66|
    |terms_15_fu_16906_p3            |    select|   0|  0|   64|           1|          66|
    |terms_16_fu_17067_p3            |    select|   0|  0|   64|           1|          66|
    |terms_17_fu_17228_p3            |    select|   0|  0|   64|           1|          66|
    |terms_18_fu_17389_p3            |    select|   0|  0|   64|           1|          66|
    |terms_19_fu_17550_p3            |    select|   0|  0|   64|           1|          66|
    |terms_1_fu_14652_p3             |    select|   0|  0|   64|           1|          66|
    |terms_20_fu_17711_p3            |    select|   0|  0|   64|           1|          66|
    |terms_21_fu_17872_p3            |    select|   0|  0|   64|           1|          66|
    |terms_22_fu_18033_p3            |    select|   0|  0|   64|           1|          66|
    |terms_23_fu_18194_p3            |    select|   0|  0|   64|           1|          66|
    |terms_24_fu_18355_p3            |    select|   0|  0|   64|           1|          66|
    |terms_25_fu_18516_p3            |    select|   0|  0|   64|           1|          66|
    |terms_26_fu_18677_p3            |    select|   0|  0|   64|           1|          66|
    |terms_27_fu_18838_p3            |    select|   0|  0|   64|           1|          66|
    |terms_28_fu_18999_p3            |    select|   0|  0|   64|           1|          66|
    |terms_29_fu_19160_p3            |    select|   0|  0|   64|           1|          66|
    |terms_2_fu_14813_p3             |    select|   0|  0|   64|           1|          66|
    |terms_30_fu_19321_p3            |    select|   0|  0|   64|           1|          66|
    |terms_31_fu_19482_p3            |    select|   0|  0|   64|           1|          66|
    |terms_32_fu_19643_p3            |    select|   0|  0|   64|           1|          66|
    |terms_3_fu_14974_p3             |    select|   0|  0|   64|           1|          66|
    |terms_4_fu_15135_p3             |    select|   0|  0|   64|           1|          66|
    |terms_5_fu_15296_p3             |    select|   0|  0|   64|           1|          66|
    |terms_6_fu_15457_p3             |    select|   0|  0|   64|           1|          66|
    |terms_7_fu_15618_p3             |    select|   0|  0|   64|           1|          66|
    |terms_8_fu_15779_p3             |    select|   0|  0|   64|           1|          66|
    |terms_9_fu_15940_p3             |    select|   0|  0|   64|           1|          66|
    |x_fu_21927_p3                   |    select|   0|  0|   63|           1|           1|
    |y_1_fu_22185_p3                 |    select|   0|  0|   40|           1|          40|
    |not_tmp_325_fu_25119_p2         |       xor|   0|  0|    2|           1|           2|
    |xor_ln104_10_fu_20013_p2        |       xor|   0|  0|    2|           1|           2|
    |xor_ln104_11_fu_20025_p2        |       xor|   0|  0|    2|           1|           1|
    |xor_ln104_12_fu_20079_p2        |       xor|   0|  0|    2|           1|           2|
    |xor_ln104_13_fu_20091_p2        |       xor|   0|  0|    2|           1|           1|
    |xor_ln104_14_fu_20145_p2        |       xor|   0|  0|    2|           1|           2|
    |xor_ln104_15_fu_20157_p2        |       xor|   0|  0|    2|           1|           1|
    |xor_ln104_16_fu_20211_p2        |       xor|   0|  0|    2|           1|           2|
    |xor_ln104_17_fu_20223_p2        |       xor|   0|  0|    2|           1|           1|
    |xor_ln104_18_fu_20277_p2        |       xor|   0|  0|    2|           1|           2|
    |xor_ln104_19_fu_20289_p2        |       xor|   0|  0|    2|           1|           1|
    |xor_ln104_1_fu_19695_p2         |       xor|   0|  0|    2|           1|           1|
    |xor_ln104_20_fu_20343_p2        |       xor|   0|  0|    2|           1|           2|
    |xor_ln104_21_fu_20355_p2        |       xor|   0|  0|    2|           1|           1|
    |xor_ln104_22_fu_20409_p2        |       xor|   0|  0|    2|           1|           2|
    |xor_ln104_23_fu_20421_p2        |       xor|   0|  0|    2|           1|           1|
    |xor_ln104_24_fu_20475_p2        |       xor|   0|  0|    2|           1|           2|
    |xor_ln104_25_fu_20487_p2        |       xor|   0|  0|    2|           1|           1|
    |xor_ln104_26_fu_20541_p2        |       xor|   0|  0|    2|           1|           2|
    |xor_ln104_27_fu_20553_p2        |       xor|   0|  0|    2|           1|           1|
    |xor_ln104_28_fu_20607_p2        |       xor|   0|  0|    2|           1|           2|
    |xor_ln104_29_fu_20619_p2        |       xor|   0|  0|    2|           1|           1|
    |xor_ln104_2_fu_19749_p2         |       xor|   0|  0|    2|           1|           2|
    |xor_ln104_30_fu_20673_p2        |       xor|   0|  0|    2|           1|           2|
    |xor_ln104_31_fu_20685_p2        |       xor|   0|  0|    2|           1|           1|
    |xor_ln104_32_fu_20739_p2        |       xor|   0|  0|    2|           1|           2|
    |xor_ln104_33_fu_20751_p2        |       xor|   0|  0|    2|           1|           1|
    |xor_ln104_34_fu_20805_p2        |       xor|   0|  0|    2|           1|           2|
    |xor_ln104_35_fu_20817_p2        |       xor|   0|  0|    2|           1|           1|
    |xor_ln104_36_fu_20871_p2        |       xor|   0|  0|    2|           1|           2|
    |xor_ln104_37_fu_20883_p2        |       xor|   0|  0|    2|           1|           1|
    |xor_ln104_38_fu_20937_p2        |       xor|   0|  0|    2|           1|           2|
    |xor_ln104_39_fu_20949_p2        |       xor|   0|  0|    2|           1|           1|
    |xor_ln104_3_fu_19761_p2         |       xor|   0|  0|    2|           1|           1|
    |xor_ln104_40_fu_21003_p2        |       xor|   0|  0|    2|           1|           2|
    |xor_ln104_41_fu_21015_p2        |       xor|   0|  0|    2|           1|           1|
    |xor_ln104_42_fu_21069_p2        |       xor|   0|  0|    2|           1|           2|
    |xor_ln104_43_fu_21081_p2        |       xor|   0|  0|    2|           1|           1|
    |xor_ln104_44_fu_21135_p2        |       xor|   0|  0|    2|           1|           2|
    |xor_ln104_45_fu_21147_p2        |       xor|   0|  0|    2|           1|           1|
    |xor_ln104_46_fu_21201_p2        |       xor|   0|  0|    2|           1|           2|
    |xor_ln104_47_fu_21213_p2        |       xor|   0|  0|    2|           1|           1|
    |xor_ln104_48_fu_21267_p2        |       xor|   0|  0|    2|           1|           2|
    |xor_ln104_49_fu_21279_p2        |       xor|   0|  0|    2|           1|           1|
    |xor_ln104_4_fu_19815_p2         |       xor|   0|  0|    2|           1|           2|
    |xor_ln104_50_fu_21333_p2        |       xor|   0|  0|    2|           1|           2|
    |xor_ln104_51_fu_21345_p2        |       xor|   0|  0|    2|           1|           1|
    |xor_ln104_52_fu_21399_p2        |       xor|   0|  0|    2|           1|           2|
    |xor_ln104_53_fu_21411_p2        |       xor|   0|  0|    2|           1|           1|
    |xor_ln104_54_fu_21465_p2        |       xor|   0|  0|    2|           1|           2|
    |xor_ln104_55_fu_21477_p2        |       xor|   0|  0|    2|           1|           1|
    |xor_ln104_56_fu_21531_p2        |       xor|   0|  0|    2|           1|           2|
    |xor_ln104_57_fu_21543_p2        |       xor|   0|  0|    2|           1|           1|
    |xor_ln104_58_fu_21597_p2        |       xor|   0|  0|    2|           1|           2|
    |xor_ln104_59_fu_21609_p2        |       xor|   0|  0|    2|           1|           1|
    |xor_ln104_5_fu_19827_p2         |       xor|   0|  0|    2|           1|           1|
    |xor_ln104_60_fu_21663_p2        |       xor|   0|  0|    2|           1|           2|
    |xor_ln104_61_fu_21675_p2        |       xor|   0|  0|    2|           1|           1|
    |xor_ln104_62_fu_21729_p2        |       xor|   0|  0|    2|           1|           2|
    |xor_ln104_63_fu_21741_p2        |       xor|   0|  0|    2|           1|           1|
    |xor_ln104_6_fu_19881_p2         |       xor|   0|  0|    2|           1|           2|
    |xor_ln104_7_fu_19893_p2         |       xor|   0|  0|    2|           1|           1|
    |xor_ln104_8_fu_19947_p2         |       xor|   0|  0|    2|           1|           2|
    |xor_ln104_9_fu_19959_p2         |       xor|   0|  0|    2|           1|           1|
    |xor_ln104_fu_19683_p2           |       xor|   0|  0|    2|           1|           2|
    |xor_ln204_100_fu_17776_p2       |       xor|   0|  0|    2|           1|           2|
    |xor_ln204_101_fu_17788_p2       |       xor|   0|  0|    2|           1|           2|
    |xor_ln204_102_fu_17810_p2       |       xor|   0|  0|    2|           1|           2|
    |xor_ln204_103_fu_17822_p2       |       xor|   0|  0|    2|           1|           2|
    |xor_ln204_104_fu_17846_p2       |       xor|   0|  0|    2|           1|           1|
    |xor_ln204_105_fu_17937_p2       |       xor|   0|  0|    2|           1|           2|
    |xor_ln204_106_fu_17949_p2       |       xor|   0|  0|    2|           1|           2|
    |xor_ln204_107_fu_17971_p2       |       xor|   0|  0|    2|           1|           2|
    |xor_ln204_108_fu_17983_p2       |       xor|   0|  0|    2|           1|           2|
    |xor_ln204_109_fu_18007_p2       |       xor|   0|  0|    2|           1|           1|
    |xor_ln204_10_fu_14878_p2        |       xor|   0|  0|    2|           1|           2|
    |xor_ln204_110_fu_18098_p2       |       xor|   0|  0|    2|           1|           2|
    |xor_ln204_111_fu_18110_p2       |       xor|   0|  0|    2|           1|           2|
    |xor_ln204_112_fu_18132_p2       |       xor|   0|  0|    2|           1|           2|
    |xor_ln204_113_fu_18144_p2       |       xor|   0|  0|    2|           1|           2|
    |xor_ln204_114_fu_18168_p2       |       xor|   0|  0|    2|           1|           1|
    |xor_ln204_115_fu_18259_p2       |       xor|   0|  0|    2|           1|           2|
    |xor_ln204_116_fu_18271_p2       |       xor|   0|  0|    2|           1|           2|
    |xor_ln204_117_fu_18293_p2       |       xor|   0|  0|    2|           1|           2|
    |xor_ln204_118_fu_18305_p2       |       xor|   0|  0|    2|           1|           2|
    |xor_ln204_119_fu_18329_p2       |       xor|   0|  0|    2|           1|           1|
    |xor_ln204_11_fu_14890_p2        |       xor|   0|  0|    2|           1|           2|
    |xor_ln204_120_fu_18420_p2       |       xor|   0|  0|    2|           1|           2|
    |xor_ln204_121_fu_18432_p2       |       xor|   0|  0|    2|           1|           2|
    |xor_ln204_122_fu_18454_p2       |       xor|   0|  0|    2|           1|           2|
    |xor_ln204_123_fu_18466_p2       |       xor|   0|  0|    2|           1|           2|
    |xor_ln204_124_fu_18490_p2       |       xor|   0|  0|    2|           1|           1|
    |xor_ln204_125_fu_18581_p2       |       xor|   0|  0|    2|           1|           2|
    |xor_ln204_126_fu_18593_p2       |       xor|   0|  0|    2|           1|           2|
    |xor_ln204_127_fu_18615_p2       |       xor|   0|  0|    2|           1|           2|
    |xor_ln204_128_fu_18627_p2       |       xor|   0|  0|    2|           1|           2|
    |xor_ln204_129_fu_18651_p2       |       xor|   0|  0|    2|           1|           1|
    |xor_ln204_12_fu_14912_p2        |       xor|   0|  0|    2|           1|           2|
    |xor_ln204_130_fu_18742_p2       |       xor|   0|  0|    2|           1|           2|
    |xor_ln204_131_fu_18754_p2       |       xor|   0|  0|    2|           1|           2|
    |xor_ln204_132_fu_18776_p2       |       xor|   0|  0|    2|           1|           2|
    |xor_ln204_133_fu_18788_p2       |       xor|   0|  0|    2|           1|           2|
    |xor_ln204_134_fu_18812_p2       |       xor|   0|  0|    2|           1|           1|
    |xor_ln204_135_fu_18903_p2       |       xor|   0|  0|    2|           1|           2|
    |xor_ln204_136_fu_18915_p2       |       xor|   0|  0|    2|           1|           2|
    |xor_ln204_137_fu_18937_p2       |       xor|   0|  0|    2|           1|           2|
    |xor_ln204_138_fu_18949_p2       |       xor|   0|  0|    2|           1|           2|
    |xor_ln204_139_fu_18973_p2       |       xor|   0|  0|    2|           1|           1|
    |xor_ln204_13_fu_14924_p2        |       xor|   0|  0|    2|           1|           2|
    |xor_ln204_140_fu_19064_p2       |       xor|   0|  0|    2|           1|           2|
    |xor_ln204_141_fu_19076_p2       |       xor|   0|  0|    2|           1|           2|
    |xor_ln204_142_fu_19098_p2       |       xor|   0|  0|    2|           1|           2|
    |xor_ln204_143_fu_19110_p2       |       xor|   0|  0|    2|           1|           2|
    |xor_ln204_144_fu_19134_p2       |       xor|   0|  0|    2|           1|           1|
    |xor_ln204_145_fu_19225_p2       |       xor|   0|  0|    2|           1|           2|
    |xor_ln204_146_fu_19237_p2       |       xor|   0|  0|    2|           1|           2|
    |xor_ln204_147_fu_19259_p2       |       xor|   0|  0|    2|           1|           2|
    |xor_ln204_148_fu_19271_p2       |       xor|   0|  0|    2|           1|           2|
    |xor_ln204_149_fu_19295_p2       |       xor|   0|  0|    2|           1|           1|
    |xor_ln204_14_fu_14948_p2        |       xor|   0|  0|    2|           1|           1|
    |xor_ln204_150_fu_19386_p2       |       xor|   0|  0|    2|           1|           2|
    |xor_ln204_151_fu_19398_p2       |       xor|   0|  0|    2|           1|           2|
    |xor_ln204_152_fu_19420_p2       |       xor|   0|  0|    2|           1|           2|
    |xor_ln204_153_fu_19432_p2       |       xor|   0|  0|    2|           1|           2|
    |xor_ln204_154_fu_19456_p2       |       xor|   0|  0|    2|           1|           1|
    |xor_ln204_155_fu_19547_p2       |       xor|   0|  0|    2|           1|           2|
    |xor_ln204_156_fu_19559_p2       |       xor|   0|  0|    2|           1|           2|
    |xor_ln204_157_fu_19581_p2       |       xor|   0|  0|    2|           1|           2|
    |xor_ln204_158_fu_19593_p2       |       xor|   0|  0|    2|           1|           2|
    |xor_ln204_159_fu_19617_p2       |       xor|   0|  0|    2|           1|           1|
    |xor_ln204_15_fu_15039_p2        |       xor|   0|  0|    2|           1|           2|
    |xor_ln204_16_fu_15051_p2        |       xor|   0|  0|    2|           1|           2|
    |xor_ln204_17_fu_15073_p2        |       xor|   0|  0|    2|           1|           2|
    |xor_ln204_18_fu_15085_p2        |       xor|   0|  0|    2|           1|           2|
    |xor_ln204_19_fu_15109_p2        |       xor|   0|  0|    2|           1|           1|
    |xor_ln204_1_fu_14568_p2         |       xor|   0|  0|    2|           1|           2|
    |xor_ln204_20_fu_15200_p2        |       xor|   0|  0|    2|           1|           2|
    |xor_ln204_21_fu_15212_p2        |       xor|   0|  0|    2|           1|           2|
    |xor_ln204_22_fu_15234_p2        |       xor|   0|  0|    2|           1|           2|
    |xor_ln204_23_fu_15246_p2        |       xor|   0|  0|    2|           1|           2|
    |xor_ln204_24_fu_15270_p2        |       xor|   0|  0|    2|           1|           1|
    |xor_ln204_25_fu_15361_p2        |       xor|   0|  0|    2|           1|           2|
    |xor_ln204_26_fu_15373_p2        |       xor|   0|  0|    2|           1|           2|
    |xor_ln204_27_fu_15395_p2        |       xor|   0|  0|    2|           1|           2|
    |xor_ln204_28_fu_15407_p2        |       xor|   0|  0|    2|           1|           2|
    |xor_ln204_29_fu_15431_p2        |       xor|   0|  0|    2|           1|           1|
    |xor_ln204_2_fu_14590_p2         |       xor|   0|  0|    2|           1|           2|
    |xor_ln204_30_fu_15522_p2        |       xor|   0|  0|    2|           1|           2|
    |xor_ln204_31_fu_15534_p2        |       xor|   0|  0|    2|           1|           2|
    |xor_ln204_32_fu_15556_p2        |       xor|   0|  0|    2|           1|           2|
    |xor_ln204_33_fu_15568_p2        |       xor|   0|  0|    2|           1|           2|
    |xor_ln204_34_fu_15592_p2        |       xor|   0|  0|    2|           1|           1|
    |xor_ln204_35_fu_15683_p2        |       xor|   0|  0|    2|           1|           2|
    |xor_ln204_36_fu_15695_p2        |       xor|   0|  0|    2|           1|           2|
    |xor_ln204_37_fu_15717_p2        |       xor|   0|  0|    2|           1|           2|
    |xor_ln204_38_fu_15729_p2        |       xor|   0|  0|    2|           1|           2|
    |xor_ln204_39_fu_15753_p2        |       xor|   0|  0|    2|           1|           1|
    |xor_ln204_3_fu_14602_p2         |       xor|   0|  0|    2|           1|           2|
    |xor_ln204_40_fu_15844_p2        |       xor|   0|  0|    2|           1|           2|
    |xor_ln204_41_fu_15856_p2        |       xor|   0|  0|    2|           1|           2|
    |xor_ln204_42_fu_15878_p2        |       xor|   0|  0|    2|           1|           2|
    |xor_ln204_43_fu_15890_p2        |       xor|   0|  0|    2|           1|           2|
    |xor_ln204_44_fu_15914_p2        |       xor|   0|  0|    2|           1|           1|
    |xor_ln204_45_fu_16005_p2        |       xor|   0|  0|    2|           1|           2|
    |xor_ln204_46_fu_16017_p2        |       xor|   0|  0|    2|           1|           2|
    |xor_ln204_47_fu_16039_p2        |       xor|   0|  0|    2|           1|           2|
    |xor_ln204_48_fu_16051_p2        |       xor|   0|  0|    2|           1|           2|
    |xor_ln204_49_fu_16075_p2        |       xor|   0|  0|    2|           1|           1|
    |xor_ln204_4_fu_14626_p2         |       xor|   0|  0|    2|           1|           1|
    |xor_ln204_50_fu_16166_p2        |       xor|   0|  0|    2|           1|           2|
    |xor_ln204_51_fu_16178_p2        |       xor|   0|  0|    2|           1|           2|
    |xor_ln204_52_fu_16200_p2        |       xor|   0|  0|    2|           1|           2|
    |xor_ln204_53_fu_16212_p2        |       xor|   0|  0|    2|           1|           2|
    |xor_ln204_54_fu_16236_p2        |       xor|   0|  0|    2|           1|           1|
    |xor_ln204_55_fu_16327_p2        |       xor|   0|  0|    2|           1|           2|
    |xor_ln204_56_fu_16339_p2        |       xor|   0|  0|    2|           1|           2|
    |xor_ln204_57_fu_16361_p2        |       xor|   0|  0|    2|           1|           2|
    |xor_ln204_58_fu_16373_p2        |       xor|   0|  0|    2|           1|           2|
    |xor_ln204_59_fu_16397_p2        |       xor|   0|  0|    2|           1|           1|
    |xor_ln204_5_fu_14717_p2         |       xor|   0|  0|    2|           1|           2|
    |xor_ln204_60_fu_16488_p2        |       xor|   0|  0|    2|           1|           2|
    |xor_ln204_61_fu_16500_p2        |       xor|   0|  0|    2|           1|           2|
    |xor_ln204_62_fu_16522_p2        |       xor|   0|  0|    2|           1|           2|
    |xor_ln204_63_fu_16534_p2        |       xor|   0|  0|    2|           1|           2|
    |xor_ln204_64_fu_16558_p2        |       xor|   0|  0|    2|           1|           1|
    |xor_ln204_65_fu_16649_p2        |       xor|   0|  0|    2|           1|           2|
    |xor_ln204_66_fu_16661_p2        |       xor|   0|  0|    2|           1|           2|
    |xor_ln204_67_fu_16683_p2        |       xor|   0|  0|    2|           1|           2|
    |xor_ln204_68_fu_16695_p2        |       xor|   0|  0|    2|           1|           2|
    |xor_ln204_69_fu_16719_p2        |       xor|   0|  0|    2|           1|           1|
    |xor_ln204_6_fu_14729_p2         |       xor|   0|  0|    2|           1|           2|
    |xor_ln204_70_fu_16810_p2        |       xor|   0|  0|    2|           1|           2|
    |xor_ln204_71_fu_16822_p2        |       xor|   0|  0|    2|           1|           2|
    |xor_ln204_72_fu_16844_p2        |       xor|   0|  0|    2|           1|           2|
    |xor_ln204_73_fu_16856_p2        |       xor|   0|  0|    2|           1|           2|
    |xor_ln204_74_fu_16880_p2        |       xor|   0|  0|    2|           1|           1|
    |xor_ln204_75_fu_16971_p2        |       xor|   0|  0|    2|           1|           2|
    |xor_ln204_76_fu_16983_p2        |       xor|   0|  0|    2|           1|           2|
    |xor_ln204_77_fu_17005_p2        |       xor|   0|  0|    2|           1|           2|
    |xor_ln204_78_fu_17017_p2        |       xor|   0|  0|    2|           1|           2|
    |xor_ln204_79_fu_17041_p2        |       xor|   0|  0|    2|           1|           1|
    |xor_ln204_7_fu_14751_p2         |       xor|   0|  0|    2|           1|           2|
    |xor_ln204_80_fu_17132_p2        |       xor|   0|  0|    2|           1|           2|
    |xor_ln204_81_fu_17144_p2        |       xor|   0|  0|    2|           1|           2|
    |xor_ln204_82_fu_17166_p2        |       xor|   0|  0|    2|           1|           2|
    |xor_ln204_83_fu_17178_p2        |       xor|   0|  0|    2|           1|           2|
    |xor_ln204_84_fu_17202_p2        |       xor|   0|  0|    2|           1|           1|
    |xor_ln204_85_fu_17293_p2        |       xor|   0|  0|    2|           1|           2|
    |xor_ln204_86_fu_17305_p2        |       xor|   0|  0|    2|           1|           2|
    |xor_ln204_87_fu_17327_p2        |       xor|   0|  0|    2|           1|           2|
    |xor_ln204_88_fu_17339_p2        |       xor|   0|  0|    2|           1|           2|
    |xor_ln204_89_fu_17363_p2        |       xor|   0|  0|    2|           1|           1|
    |xor_ln204_8_fu_14763_p2         |       xor|   0|  0|    2|           1|           2|
    |xor_ln204_90_fu_17454_p2        |       xor|   0|  0|    2|           1|           2|
    |xor_ln204_91_fu_17466_p2        |       xor|   0|  0|    2|           1|           2|
    |xor_ln204_92_fu_17488_p2        |       xor|   0|  0|    2|           1|           2|
    |xor_ln204_93_fu_17500_p2        |       xor|   0|  0|    2|           1|           2|
    |xor_ln204_94_fu_17524_p2        |       xor|   0|  0|    2|           1|           1|
    |xor_ln204_95_fu_17615_p2        |       xor|   0|  0|    2|           1|           2|
    |xor_ln204_96_fu_17627_p2        |       xor|   0|  0|    2|           1|           2|
    |xor_ln204_97_fu_17649_p2        |       xor|   0|  0|    2|           1|           2|
    |xor_ln204_98_fu_17661_p2        |       xor|   0|  0|    2|           1|           2|
    |xor_ln204_99_fu_17685_p2        |       xor|   0|  0|    2|           1|           1|
    |xor_ln204_9_fu_14787_p2         |       xor|   0|  0|    2|           1|           1|
    |xor_ln204_fu_14556_p2           |       xor|   0|  0|    2|           1|           2|
    |xor_ln209_1_fu_21804_p2         |       xor|   0|  0|    2|           1|           2|
    |xor_ln209_2_fu_21816_p2         |       xor|   0|  0|    2|           1|           1|
    |xor_ln209_3_fu_21822_p2         |       xor|   0|  0|    2|           1|           2|
    |xor_ln209_fu_21792_p2           |       xor|   0|  0|    2|           1|           2|
    |xor_ln214_1_fu_21895_p2         |       xor|   0|  0|    2|           1|           1|
    |xor_ln214_fu_21885_p2           |       xor|   0|  0|    2|           1|           2|
    |xor_ln238_fu_25193_p2           |       xor|   0|  0|    2|           1|           2|
    |xor_ln253_1_fu_22159_p2         |       xor|   0|  0|    2|           2|           1|
    |xor_ln253_fu_22141_p2           |       xor|   0|  0|    2|           1|           2|
    |xor_ln263_10_fu_22665_p2        |       xor|   0|  0|    2|           1|           2|
    |xor_ln263_11_fu_22777_p2        |       xor|   0|  0|    2|           1|           2|
    |xor_ln263_12_fu_22843_p2        |       xor|   0|  0|    2|           1|           2|
    |xor_ln263_13_fu_22863_p2        |       xor|   0|  0|    2|           1|           2|
    |xor_ln263_14_fu_22875_p2        |       xor|   0|  0|    2|           1|           2|
    |xor_ln263_15_fu_22902_p2        |       xor|   0|  0|    2|           1|           2|
    |xor_ln263_16_fu_23011_p2        |       xor|   0|  0|    2|           1|           2|
    |xor_ln263_17_fu_23077_p2        |       xor|   0|  0|    2|           1|           2|
    |xor_ln263_18_fu_23097_p2        |       xor|   0|  0|    2|           1|           2|
    |xor_ln263_19_fu_23109_p2        |       xor|   0|  0|    2|           1|           2|
    |xor_ln263_1_fu_22389_p2         |       xor|   0|  0|    2|           1|           2|
    |xor_ln263_20_fu_23136_p2        |       xor|   0|  0|    2|           1|           2|
    |xor_ln263_21_fu_23245_p2        |       xor|   0|  0|    2|           1|           2|
    |xor_ln263_22_fu_23311_p2        |       xor|   0|  0|    2|           1|           2|
    |xor_ln263_23_fu_23331_p2        |       xor|   0|  0|    2|           1|           2|
    |xor_ln263_24_fu_23343_p2        |       xor|   0|  0|    2|           1|           2|
    |xor_ln263_25_fu_23370_p2        |       xor|   0|  0|    2|           1|           2|
    |xor_ln263_26_fu_23479_p2        |       xor|   0|  0|    2|           1|           2|
    |xor_ln263_27_fu_23545_p2        |       xor|   0|  0|    2|           1|           2|
    |xor_ln263_28_fu_23565_p2        |       xor|   0|  0|    2|           1|           2|
    |xor_ln263_29_fu_23577_p2        |       xor|   0|  0|    2|           1|           2|
    |xor_ln263_2_fu_22400_p2         |       xor|   0|  0|    2|           1|           1|
    |xor_ln263_30_fu_23604_p2        |       xor|   0|  0|    2|           1|           2|
    |xor_ln263_31_fu_23713_p2        |       xor|   0|  0|    2|           1|           2|
    |xor_ln263_32_fu_23779_p2        |       xor|   0|  0|    2|           1|           2|
    |xor_ln263_33_fu_23799_p2        |       xor|   0|  0|    2|           1|           2|
    |xor_ln263_34_fu_23811_p2        |       xor|   0|  0|    2|           1|           2|
    |xor_ln263_35_fu_23838_p2        |       xor|   0|  0|    2|           1|           2|
    |xor_ln263_36_fu_23947_p2        |       xor|   0|  0|    2|           1|           2|
    |xor_ln263_37_fu_24013_p2        |       xor|   0|  0|    2|           1|           2|
    |xor_ln263_38_fu_24033_p2        |       xor|   0|  0|    2|           1|           2|
    |xor_ln263_39_fu_24045_p2        |       xor|   0|  0|    2|           1|           2|
    |xor_ln263_3_fu_22410_p2         |       xor|   0|  0|    2|           1|           2|
    |xor_ln263_40_fu_24072_p2        |       xor|   0|  0|    2|           1|           2|
    |xor_ln263_41_fu_24181_p2        |       xor|   0|  0|    2|           1|           2|
    |xor_ln263_42_fu_24247_p2        |       xor|   0|  0|    2|           1|           2|
    |xor_ln263_43_fu_24267_p2        |       xor|   0|  0|    2|           1|           2|
    |xor_ln263_44_fu_24279_p2        |       xor|   0|  0|    2|           1|           2|
    |xor_ln263_45_fu_24306_p2        |       xor|   0|  0|    2|           1|           2|
    |xor_ln263_46_fu_24415_p2        |       xor|   0|  0|    2|           1|           2|
    |xor_ln263_47_fu_24481_p2        |       xor|   0|  0|    2|           1|           2|
    |xor_ln263_48_fu_24501_p2        |       xor|   0|  0|    2|           1|           2|
    |xor_ln263_49_fu_24513_p2        |       xor|   0|  0|    2|           1|           2|
    |xor_ln263_4_fu_22405_p2         |       xor|   0|  0|    2|           1|           1|
    |xor_ln263_50_fu_24540_p2        |       xor|   0|  0|    2|           1|           2|
    |xor_ln263_51_fu_24649_p2        |       xor|   0|  0|    2|           1|           2|
    |xor_ln263_52_fu_24715_p2        |       xor|   0|  0|    2|           1|           2|
    |xor_ln263_53_fu_24735_p2        |       xor|   0|  0|    2|           1|           2|
    |xor_ln263_54_fu_24747_p2        |       xor|   0|  0|    2|           1|           2|
    |xor_ln263_55_fu_24774_p2        |       xor|   0|  0|    2|           1|           2|
    |xor_ln263_5_fu_22440_p2         |       xor|   0|  0|    2|           1|           2|
    |xor_ln263_6_fu_22582_p2         |       xor|   0|  0|    2|           1|           2|
    |xor_ln263_7_fu_22607_p2         |       xor|   0|  0|    2|           1|           2|
    |xor_ln263_8_fu_22630_p2         |       xor|   0|  0|    2|           1|           2|
    |xor_ln263_9_fu_22642_p2         |       xor|   0|  0|    2|           1|           2|
    |xor_ln263_fu_22378_p2           |       xor|   0|  0|    2|           1|           2|
    |xor_ln269_1_fu_24952_p2         |       xor|   0|  0|    2|           1|           2|
    |xor_ln269_2_fu_24978_p2         |       xor|   0|  0|    2|           1|           2|
    |xor_ln269_3_fu_24990_p2         |       xor|   0|  0|    2|           1|           2|
    |xor_ln269_4_fu_25014_p2         |       xor|   0|  0|    2|           1|           2|
    |xor_ln269_fu_24886_p2           |       xor|   0|  0|    2|           1|           2|
    |xor_ln272_fu_25176_p2           |       xor|   0|  0|    2|           1|           2|
    |xor_ln276_fu_25220_p2           |       xor|   0|  0|    2|           1|           2|
    |xor_ln280_fu_25137_p2           |       xor|   0|  0|    2|           1|           2|
    +--------------------------------+----------+----+---+-----+------------+------------+
    |Total                           |          |   0|  0|92950|       12668|       93024|
    +--------------------------------+----------+----+---+-----+------------+------------+

    * Multiplexer: 
    +----------------+-----+-----------+-----+-----------+
    |      Name      | LUT | Input Size| Bits| Total Bits|
    +----------------+-----+-----------+-----+-----------+
    |ap_NS_fsm       |  485|         97|    1|         97|
    |grp_fu_4913_p0  |   14|          3|   77|        231|
    |grp_fu_4913_p1  |   59|         11|   40|        440|
    +----------------+-----+-----------+-----+-----------+
    |Total           |  558|        111|  118|        768|
    +----------------+-----+-----------+-----+-----------+

    * Register: 
    +----------------------------+-----+----+-----+-----------+
    |            Name            |  FF | LUT| Bits| Const Bits|
    +----------------------------+-----+----+-----+-----------+
    |add_ln250_reg_26694         |   33|   0|   33|          0|
    |add_ln263_2_reg_26779       |  117|   0|  117|          0|
    |add_ln263_5_reg_26739       |   50|   0|   95|         45|
    |and_ln263_10_reg_26839      |    1|   0|    1|          0|
    |and_ln263_13_reg_26849      |    1|   0|    1|          0|
    |and_ln263_14_reg_26855      |    1|   0|    1|          0|
    |and_ln263_16_reg_26881      |    1|   0|    1|          0|
    |and_ln263_19_reg_26891      |    1|   0|    1|          0|
    |and_ln263_20_reg_26897      |    1|   0|    1|          0|
    |and_ln263_22_reg_26923      |    1|   0|    1|          0|
    |and_ln263_25_reg_26933      |    1|   0|    1|          0|
    |and_ln263_26_reg_26939      |    1|   0|    1|          0|
    |and_ln263_28_reg_26965      |    1|   0|    1|          0|
    |and_ln263_31_reg_26975      |    1|   0|    1|          0|
    |and_ln263_32_reg_26981      |    1|   0|    1|          0|
    |and_ln263_34_reg_27007      |    1|   0|    1|          0|
    |and_ln263_37_reg_27017      |    1|   0|    1|          0|
    |and_ln263_38_reg_27023      |    1|   0|    1|          0|
    |and_ln263_40_reg_27049      |    1|   0|    1|          0|
    |and_ln263_43_reg_27059      |    1|   0|    1|          0|
    |and_ln263_44_reg_27065      |    1|   0|    1|          0|
    |and_ln263_46_reg_27091      |    1|   0|    1|          0|
    |and_ln263_49_reg_27101      |    1|   0|    1|          0|
    |and_ln263_50_reg_27107      |    1|   0|    1|          0|
    |and_ln263_52_reg_27133      |    1|   0|    1|          0|
    |and_ln263_55_reg_27143      |    1|   0|    1|          0|
    |and_ln263_56_reg_27149      |    1|   0|    1|          0|
    |and_ln263_58_reg_27175      |    1|   0|    1|          0|
    |and_ln263_61_reg_27185      |    1|   0|    1|          0|
    |and_ln263_62_reg_27191      |    1|   0|    1|          0|
    |and_ln269_3_reg_27221       |    1|   0|    1|          0|
    |ap_CS_fsm                   |   96|   0|   96|          0|
    |b0_10_reg_26876             |   40|   0|   40|          0|
    |b0_13_reg_26918             |   40|   0|   40|          0|
    |b0_16_reg_26960             |   40|   0|   40|          0|
    |b0_19_reg_27002             |   40|   0|   40|          0|
    |b0_22_reg_27044             |   40|   0|   40|          0|
    |b0_25_reg_27086             |   40|   0|   40|          0|
    |b0_28_reg_27128             |   40|   0|   40|          0|
    |b0_31_reg_27170             |   40|   0|   40|          0|
    |b0_33_reg_26763             |   40|   0|   40|          0|
    |b0_34_reg_26818             |   40|   0|   40|          0|
    |b0_35_reg_26860             |   40|   0|   40|          0|
    |b0_36_reg_26902             |   40|   0|   40|          0|
    |b0_37_reg_26944             |   40|   0|   40|          0|
    |b0_38_reg_26986             |   40|   0|   40|          0|
    |b0_39_reg_27028             |   40|   0|   40|          0|
    |b0_3_reg_26791              |   40|   0|   40|          0|
    |b0_40_reg_27070             |   40|   0|   40|          0|
    |b0_41_reg_27112             |   40|   0|   40|          0|
    |b0_42_reg_27154             |   40|   0|   40|          0|
    |b0_43_reg_27196             |   40|   0|   40|          0|
    |b0_7_reg_26834              |   40|   0|   40|          0|
    |b0_reg_26753                |   23|   0|   23|          0|
    |field_over_alpha_reg_26658  |   66|   0|   66|          0|
    |icmp_ln238_reg_26681        |    1|   0|    1|          0|
    |icmp_ln244_reg_26688        |    1|   0|    1|          0|
    |icmp_ln253_reg_26720        |    1|   0|    1|          0|
    |icmp_ln263_10_reg_26928     |    1|   0|    1|          0|
    |icmp_ln263_13_reg_26970     |    1|   0|    1|          0|
    |icmp_ln263_16_reg_27012     |    1|   0|    1|          0|
    |icmp_ln263_19_reg_27054     |    1|   0|    1|          0|
    |icmp_ln263_1_reg_26806      |    1|   0|    1|          0|
    |icmp_ln263_22_reg_27096     |    1|   0|    1|          0|
    |icmp_ln263_25_reg_27138     |    1|   0|    1|          0|
    |icmp_ln263_28_reg_27180     |    1|   0|    1|          0|
    |icmp_ln263_2_reg_26813      |    1|   0|    1|          0|
    |icmp_ln263_4_reg_26844      |    1|   0|    1|          0|
    |icmp_ln263_7_reg_26886      |    1|   0|    1|          0|
    |icmp_ln263_reg_26801        |    1|   0|    1|          0|
    |mul_ln204_32_reg_25954      |  132|   0|  132|          0|
    |mul_ln204_33_reg_25959      |  132|   0|  132|          0|
    |mul_ln204_34_reg_25969      |  132|   0|  132|          0|
    |mul_ln204_35_reg_25974      |  132|   0|  132|          0|
    |mul_ln204_36_reg_25979      |  132|   0|  132|          0|
    |mul_ln204_37_reg_25984      |  132|   0|  132|          0|
    |mul_ln204_38_reg_25989      |  132|   0|  132|          0|
    |mul_ln204_39_reg_25994      |  132|   0|  132|          0|
    |mul_ln204_40_reg_25999      |  132|   0|  132|          0|
    |mul_ln204_41_reg_26004      |  132|   0|  132|          0|
    |mul_ln204_42_reg_26009      |  132|   0|  132|          0|
    |mul_ln204_43_reg_26014      |  132|   0|  132|          0|
    |mul_ln204_44_reg_26019      |  132|   0|  132|          0|
    |mul_ln204_45_reg_26024      |  132|   0|  132|          0|
    |mul_ln204_46_reg_26029      |  132|   0|  132|          0|
    |mul_ln204_47_reg_26034      |  132|   0|  132|          0|
    |mul_ln204_48_reg_26039      |  132|   0|  132|          0|
    |mul_ln204_49_reg_26044      |  132|   0|  132|          0|
    |mul_ln204_50_reg_26049      |  132|   0|  132|          0|
    |mul_ln204_51_reg_26054      |  132|   0|  132|          0|
    |mul_ln204_52_reg_26059      |  132|   0|  132|          0|
    |mul_ln204_53_reg_26064      |  132|   0|  132|          0|
    |mul_ln204_54_reg_26069      |  132|   0|  132|          0|
    |mul_ln204_55_reg_26074      |  132|   0|  132|          0|
    |mul_ln204_56_reg_26079      |  132|   0|  132|          0|
    |mul_ln204_57_reg_26084      |  132|   0|  132|          0|
    |mul_ln204_58_reg_26089      |  132|   0|  132|          0|
    |mul_ln204_59_reg_26094      |  132|   0|  132|          0|
    |mul_ln204_60_reg_26099      |  132|   0|  132|          0|
    |mul_ln204_61_reg_26104      |  132|   0|  132|          0|
    |mul_ln204_62_reg_26109      |  132|   0|  132|          0|
    |mul_ln204_63_reg_26114      |  132|   0|  132|          0|
    |mul_ln204_64_reg_26119      |  132|   0|  132|          0|
    |mul_ln204_65_reg_26124      |  132|   0|  132|          0|
    |mul_ln204_66_reg_26129      |  132|   0|  132|          0|
    |mul_ln204_67_reg_26134      |  132|   0|  132|          0|
    |mul_ln204_68_reg_26139      |  132|   0|  132|          0|
    |mul_ln204_69_reg_26144      |  132|   0|  132|          0|
    |mul_ln204_70_reg_26149      |  132|   0|  132|          0|
    |mul_ln204_71_reg_26154      |  132|   0|  132|          0|
    |mul_ln204_72_reg_26159      |  132|   0|  132|          0|
    |mul_ln204_73_reg_26164      |  132|   0|  132|          0|
    |mul_ln204_74_reg_26169      |  132|   0|  132|          0|
    |mul_ln204_75_reg_26174      |  132|   0|  132|          0|
    |mul_ln204_76_reg_26179      |  132|   0|  132|          0|
    |mul_ln204_77_reg_26184      |  132|   0|  132|          0|
    |mul_ln204_78_reg_26189      |  132|   0|  132|          0|
    |mul_ln204_79_reg_26194      |  132|   0|  132|          0|
    |mul_ln204_80_reg_26199      |  132|   0|  132|          0|
    |mul_ln204_81_reg_26204      |  132|   0|  132|          0|
    |mul_ln204_82_reg_26209      |  132|   0|  132|          0|
    |mul_ln204_83_reg_26214      |  132|   0|  132|          0|
    |mul_ln204_84_reg_26219      |  132|   0|  132|          0|
    |mul_ln204_85_reg_26224      |  132|   0|  132|          0|
    |mul_ln204_86_reg_26229      |  132|   0|  132|          0|
    |mul_ln204_87_reg_26234      |  132|   0|  132|          0|
    |mul_ln204_88_reg_26239      |  132|   0|  132|          0|
    |mul_ln204_89_reg_26244      |  132|   0|  132|          0|
    |mul_ln204_90_reg_26249      |  132|   0|  132|          0|
    |mul_ln204_91_reg_26254      |  132|   0|  132|          0|
    |mul_ln204_92_reg_26259      |  132|   0|  132|          0|
    |mul_ln204_93_reg_26264      |  132|   0|  132|          0|
    |mul_ln204_94_reg_26269      |  132|   0|  132|          0|
    |mul_ln204_reg_25964         |  132|   0|  132|          0|
    |mul_ln269_reg_27211         |   80|   0|   80|          0|
    |or_ln269_1_reg_27226        |    1|   0|    1|          0|
    |out_25_reg_25944            |   66|   0|   66|          0|
    |out_49_reg_25949            |   66|   0|   66|          0|
    |out_591_reg_26274           |   66|   0|   66|          0|
    |p_1_reg_27216               |   40|   0|   40|          0|
    |reg_4917                    |  117|   0|  117|          0|
    |select_ln104_11_reg_26502   |   66|   0|   66|          0|
    |select_ln104_13_reg_26508   |   66|   0|   66|          0|
    |select_ln104_15_reg_26514   |   66|   0|   66|          0|
    |select_ln104_17_reg_26520   |   66|   0|   66|          0|
    |select_ln104_19_reg_26526   |   66|   0|   66|          0|
    |select_ln104_1_reg_26472    |   66|   0|   66|          0|
    |select_ln104_21_reg_26532   |   66|   0|   66|          0|
    |select_ln104_23_reg_26538   |   66|   0|   66|          0|
    |select_ln104_25_reg_26544   |   66|   0|   66|          0|
    |select_ln104_27_reg_26550   |   66|   0|   66|          0|
    |select_ln104_29_reg_26556   |   66|   0|   66|          0|
    |select_ln104_31_reg_26562   |   66|   0|   66|          0|
    |select_ln104_33_reg_26568   |   66|   0|   66|          0|
    |select_ln104_35_reg_26574   |   66|   0|   66|          0|
    |select_ln104_37_reg_26580   |   66|   0|   66|          0|
    |select_ln104_39_reg_26586   |   66|   0|   66|          0|
    |select_ln104_3_reg_26478    |   66|   0|   66|          0|
    |select_ln104_41_reg_26592   |   66|   0|   66|          0|
    |select_ln104_43_reg_26598   |   66|   0|   66|          0|
    |select_ln104_45_reg_26604   |   66|   0|   66|          0|
    |select_ln104_47_reg_26610   |   66|   0|   66|          0|
    |select_ln104_49_reg_26616   |   66|   0|   66|          0|
    |select_ln104_51_reg_26622   |   66|   0|   66|          0|
    |select_ln104_53_reg_26628   |   66|   0|   66|          0|
    |select_ln104_55_reg_26634   |   66|   0|   66|          0|
    |select_ln104_57_reg_26640   |   66|   0|   66|          0|
    |select_ln104_59_reg_26646   |   66|   0|   66|          0|
    |select_ln104_5_reg_26484    |   66|   0|   66|          0|
    |select_ln104_61_reg_26652   |   66|   0|   66|          0|
    |select_ln104_7_reg_26490    |   66|   0|   66|          0|
    |select_ln104_9_reg_26496    |   66|   0|   66|          0|
    |selected_Jij_526_reg_25427  |   66|   0|   66|          0|
    |selected_Jij_527_reg_25437  |   66|   0|   66|          0|
    |selected_Jij_528_reg_25457  |   66|   0|   66|          0|
    |selected_Jij_529_reg_25467  |   66|   0|   66|          0|
    |selected_Jij_530_reg_25477  |   66|   0|   66|          0|
    |selected_Jij_531_reg_25487  |   66|   0|   66|          0|
    |selected_Jij_532_reg_25497  |   66|   0|   66|          0|
    |selected_Jij_533_reg_25507  |   66|   0|   66|          0|
    |selected_Jij_534_reg_25517  |   66|   0|   66|          0|
    |selected_Jij_535_reg_25527  |   66|   0|   66|          0|
    |selected_Jij_536_reg_25537  |   66|   0|   66|          0|
    |selected_Jij_537_reg_25547  |   66|   0|   66|          0|
    |selected_Jij_538_reg_25557  |   66|   0|   66|          0|
    |selected_Jij_539_reg_25567  |   66|   0|   66|          0|
    |selected_Jij_540_reg_25577  |   66|   0|   66|          0|
    |selected_Jij_541_reg_25587  |   66|   0|   66|          0|
    |selected_Jij_542_reg_25597  |   66|   0|   66|          0|
    |selected_Jij_543_reg_25607  |   66|   0|   66|          0|
    |selected_Jij_544_reg_25617  |   66|   0|   66|          0|
    |selected_Jij_545_reg_25627  |   66|   0|   66|          0|
    |selected_Jij_546_reg_25637  |   66|   0|   66|          0|
    |selected_Jij_547_reg_25647  |   66|   0|   66|          0|
    |selected_Jij_548_reg_25657  |   66|   0|   66|          0|
    |selected_Jij_549_reg_25667  |   66|   0|   66|          0|
    |selected_Jij_550_reg_25677  |   66|   0|   66|          0|
    |selected_Jij_551_reg_25687  |   66|   0|   66|          0|
    |selected_Jij_552_reg_25697  |   66|   0|   66|          0|
    |selected_Jij_553_reg_25707  |   66|   0|   66|          0|
    |selected_Jij_554_reg_25717  |   66|   0|   66|          0|
    |selected_Jij_555_reg_25727  |   66|   0|   66|          0|
    |selected_Jij_556_reg_25737  |   66|   0|   66|          0|
    |selected_Jij_reg_25447      |   66|   0|   66|          0|
    |selected_bit_reg_25747      |    1|   0|    1|          0|
    |sext_ln263_1_reg_26769      |   80|   0|  117|         37|
    |signed_field_reg_26664      |   66|   0|   66|          0|
    |terms_10_reg_26334          |   66|   0|   66|          0|
    |terms_11_reg_26340          |   66|   0|   66|          0|
    |terms_12_reg_26346          |   66|   0|   66|          0|
    |terms_13_reg_26352          |   66|   0|   66|          0|
    |terms_14_reg_26358          |   66|   0|   66|          0|
    |terms_15_reg_26364          |   66|   0|   66|          0|
    |terms_16_reg_26370          |   66|   0|   66|          0|
    |terms_17_reg_26376          |   66|   0|   66|          0|
    |terms_18_reg_26382          |   66|   0|   66|          0|
    |terms_19_reg_26388          |   66|   0|   66|          0|
    |terms_1_reg_26280           |   66|   0|   66|          0|
    |terms_20_reg_26394          |   66|   0|   66|          0|
    |terms_21_reg_26400          |   66|   0|   66|          0|
    |terms_22_reg_26406          |   66|   0|   66|          0|
    |terms_23_reg_26412          |   66|   0|   66|          0|
    |terms_24_reg_26418          |   66|   0|   66|          0|
    |terms_25_reg_26424          |   66|   0|   66|          0|
    |terms_26_reg_26430          |   66|   0|   66|          0|
    |terms_27_reg_26436          |   66|   0|   66|          0|
    |terms_28_reg_26442          |   66|   0|   66|          0|
    |terms_29_reg_26448          |   66|   0|   66|          0|
    |terms_2_reg_26286           |   66|   0|   66|          0|
    |terms_30_reg_26454          |   66|   0|   66|          0|
    |terms_31_reg_26460          |   66|   0|   66|          0|
    |terms_32_reg_26466          |   66|   0|   66|          0|
    |terms_3_reg_26292           |   66|   0|   66|          0|
    |terms_4_reg_26298           |   66|   0|   66|          0|
    |terms_5_reg_26304           |   66|   0|   66|          0|
    |terms_6_reg_26310           |   66|   0|   66|          0|
    |terms_7_reg_26316           |   66|   0|   66|          0|
    |terms_8_reg_26322           |   66|   0|   66|          0|
    |terms_9_reg_26328           |   66|   0|   66|          0|
    |tmp_100_reg_25572           |    1|   0|    1|          0|
    |tmp_105_reg_25582           |    1|   0|    1|          0|
    |tmp_10_reg_25322            |    1|   0|    1|          0|
    |tmp_110_reg_25592           |    1|   0|    1|          0|
    |tmp_115_reg_25602           |    1|   0|    1|          0|
    |tmp_11_reg_25327            |    1|   0|    1|          0|
    |tmp_120_reg_25612           |    1|   0|    1|          0|
    |tmp_125_reg_25622           |    1|   0|    1|          0|
    |tmp_12_reg_25332            |    1|   0|    1|          0|
    |tmp_130_reg_25632           |    1|   0|    1|          0|
    |tmp_135_reg_25642           |    1|   0|    1|          0|
    |tmp_13_reg_25337            |    1|   0|    1|          0|
    |tmp_140_reg_25652           |    1|   0|    1|          0|
    |tmp_145_reg_25662           |    1|   0|    1|          0|
    |tmp_14_reg_25342            |    1|   0|    1|          0|
    |tmp_150_reg_25672           |    1|   0|    1|          0|
    |tmp_155_reg_25682           |    1|   0|    1|          0|
    |tmp_15_reg_25347            |    1|   0|    1|          0|
    |tmp_160_reg_25692           |    1|   0|    1|          0|
    |tmp_165_reg_25702           |    1|   0|    1|          0|
    |tmp_16_reg_25352            |    1|   0|    1|          0|
    |tmp_170_reg_25712           |    1|   0|    1|          0|
    |tmp_175_reg_25722           |    1|   0|    1|          0|
    |tmp_17_reg_25357            |    1|   0|    1|          0|
    |tmp_180_reg_25732           |    1|   0|    1|          0|
    |tmp_185_reg_25742           |    1|   0|    1|          0|
    |tmp_18_reg_25362            |    1|   0|    1|          0|
    |tmp_19_reg_25367            |    1|   0|    1|          0|
    |tmp_1_reg_25277             |    1|   0|    1|          0|
    |tmp_20_reg_25372            |    1|   0|    1|          0|
    |tmp_21_reg_25377            |    1|   0|    1|          0|
    |tmp_22_reg_25382            |    1|   0|    1|          0|
    |tmp_23_reg_25387            |    1|   0|    1|          0|
    |tmp_24_reg_25392            |    1|   0|    1|          0|
    |tmp_25_reg_25397            |    1|   0|    1|          0|
    |tmp_266_reg_26669           |    1|   0|    1|          0|
    |tmp_269_reg_26675           |    1|   0|    1|          0|
    |tmp_26_reg_25402            |    1|   0|    1|          0|
    |tmp_272_reg_26709           |    1|   0|    1|          0|
    |tmp_27_reg_25407            |    1|   0|    1|          0|
    |tmp_28_reg_25412            |    1|   0|    1|          0|
    |tmp_290_reg_26744           |    1|   0|    1|          0|
    |tmp_291_reg_26758           |    1|   0|    1|          0|
    |tmp_293_reg_26785           |    1|   0|    1|          0|
    |tmp_294_reg_26796           |    1|   0|    1|          0|
    |tmp_29_reg_25417            |    1|   0|    1|          0|
    |tmp_2_reg_25282             |    1|   0|    1|          0|
    |tmp_300_reg_26829           |    1|   0|    1|          0|
    |tmp_307_reg_26871           |    1|   0|    1|          0|
    |tmp_30_reg_25422            |    1|   0|    1|          0|
    |tmp_314_reg_26913           |    1|   0|    1|          0|
    |tmp_321_reg_26955           |    1|   0|    1|          0|
    |tmp_326_reg_26997           |    1|   0|    1|          0|
    |tmp_331_reg_27039           |    1|   0|    1|          0|
    |tmp_336_reg_27081           |    1|   0|    1|          0|
    |tmp_341_reg_27123           |    1|   0|    1|          0|
    |tmp_346_reg_27165           |    1|   0|    1|          0|
    |tmp_35_reg_25442            |    1|   0|    1|          0|
    |tmp_3_reg_25287             |    1|   0|    1|          0|
    |tmp_40_reg_25452            |    1|   0|    1|          0|
    |tmp_45_reg_25462            |    1|   0|    1|          0|
    |tmp_4_reg_25292             |    1|   0|    1|          0|
    |tmp_50_reg_25472            |    1|   0|    1|          0|
    |tmp_55_reg_25482            |    1|   0|    1|          0|
    |tmp_5_reg_25297             |    1|   0|    1|          0|
    |tmp_60_reg_25492            |    1|   0|    1|          0|
    |tmp_65_reg_25502            |    1|   0|    1|          0|
    |tmp_6_reg_25302             |    1|   0|    1|          0|
    |tmp_70_reg_25512            |    1|   0|    1|          0|
    |tmp_75_reg_25522            |    1|   0|    1|          0|
    |tmp_7_reg_25307             |    1|   0|    1|          0|
    |tmp_80_reg_25532            |    1|   0|    1|          0|
    |tmp_85_reg_25542            |    1|   0|    1|          0|
    |tmp_8_reg_25312             |    1|   0|    1|          0|
    |tmp_90_reg_25552            |    1|   0|    1|          0|
    |tmp_95_reg_25562            |    1|   0|    1|          0|
    |tmp_9_reg_25317             |    1|   0|    1|          0|
    |tmp_reg_25272               |    1|   0|    1|          0|
    |trunc_ln135_reg_25267       |    1|   0|    1|          0|
    |trunc_ln204_reg_25432       |    1|   0|    1|          0|
    |trunc_ln250_1_reg_26704     |   39|   0|   39|          0|
    |y_1_reg_26725               |   40|   0|   40|          0|
    |z_reg_26714                 |   39|   0|   39|          0|
    +----------------------------+-----+----+-----+-----------+
    |Total                       |16767|   0|16849|         82|
    +----------------------------+-----+----+-----+-----------+



================================================================
== Interface
================================================================
* Summary: 
+-------------+-----+-----+--------------+---------------------------+--------------+
|  RTL Ports  | Dir | Bits|   Protocol   |       Source Object       |    C Type    |
+-------------+-----+-----+--------------+---------------------------+--------------+
|ap_clk       |   in|    1|  ap_ctrl_none|  local_spin_flip_operation|  return value|
|ap_rst       |   in|    1|  ap_ctrl_none|  local_spin_flip_operation|  return value|
|h_0          |   in|   66|       ap_none|                        h_0|       pointer|
|h_1          |   in|   66|       ap_none|                        h_1|       pointer|
|h_2          |   in|   66|       ap_none|                        h_2|       pointer|
|h_3          |   in|   66|       ap_none|                        h_3|       pointer|
|h_4          |   in|   66|       ap_none|                        h_4|       pointer|
|h_5          |   in|   66|       ap_none|                        h_5|       pointer|
|h_6          |   in|   66|       ap_none|                        h_6|       pointer|
|h_7          |   in|   66|       ap_none|                        h_7|       pointer|
|h_8          |   in|   66|       ap_none|                        h_8|       pointer|
|h_9          |   in|   66|       ap_none|                        h_9|       pointer|
|h_10         |   in|   66|       ap_none|                       h_10|       pointer|
|h_11         |   in|   66|       ap_none|                       h_11|       pointer|
|h_12         |   in|   66|       ap_none|                       h_12|       pointer|
|h_13         |   in|   66|       ap_none|                       h_13|       pointer|
|h_14         |   in|   66|       ap_none|                       h_14|       pointer|
|h_15         |   in|   66|       ap_none|                       h_15|       pointer|
|h_16         |   in|   66|       ap_none|                       h_16|       pointer|
|h_17         |   in|   66|       ap_none|                       h_17|       pointer|
|h_18         |   in|   66|       ap_none|                       h_18|       pointer|
|h_19         |   in|   66|       ap_none|                       h_19|       pointer|
|h_20         |   in|   66|       ap_none|                       h_20|       pointer|
|h_21         |   in|   66|       ap_none|                       h_21|       pointer|
|h_22         |   in|   66|       ap_none|                       h_22|       pointer|
|h_23         |   in|   66|       ap_none|                       h_23|       pointer|
|h_24         |   in|   66|       ap_none|                       h_24|       pointer|
|h_25         |   in|   66|       ap_none|                       h_25|       pointer|
|h_26         |   in|   66|       ap_none|                       h_26|       pointer|
|h_27         |   in|   66|       ap_none|                       h_27|       pointer|
|h_28         |   in|   66|       ap_none|                       h_28|       pointer|
|h_29         |   in|   66|       ap_none|                       h_29|       pointer|
|h_30         |   in|   66|       ap_none|                       h_30|       pointer|
|h_31         |   in|   66|       ap_none|                       h_31|       pointer|
|J_edges_0    |   in|   66|       ap_none|                  J_edges_0|       pointer|
|J_edges_1    |   in|   66|       ap_none|                  J_edges_1|       pointer|
|J_edges_2    |   in|   66|       ap_none|                  J_edges_2|       pointer|
|J_edges_3    |   in|   66|       ap_none|                  J_edges_3|       pointer|
|J_edges_4    |   in|   66|       ap_none|                  J_edges_4|       pointer|
|J_edges_5    |   in|   66|       ap_none|                  J_edges_5|       pointer|
|J_edges_6    |   in|   66|       ap_none|                  J_edges_6|       pointer|
|J_edges_7    |   in|   66|       ap_none|                  J_edges_7|       pointer|
|J_edges_8    |   in|   66|       ap_none|                  J_edges_8|       pointer|
|J_edges_9    |   in|   66|       ap_none|                  J_edges_9|       pointer|
|J_edges_10   |   in|   66|       ap_none|                 J_edges_10|       pointer|
|J_edges_11   |   in|   66|       ap_none|                 J_edges_11|       pointer|
|J_edges_12   |   in|   66|       ap_none|                 J_edges_12|       pointer|
|J_edges_13   |   in|   66|       ap_none|                 J_edges_13|       pointer|
|J_edges_14   |   in|   66|       ap_none|                 J_edges_14|       pointer|
|J_edges_15   |   in|   66|       ap_none|                 J_edges_15|       pointer|
|J_edges_16   |   in|   66|       ap_none|                 J_edges_16|       pointer|
|J_edges_17   |   in|   66|       ap_none|                 J_edges_17|       pointer|
|J_edges_18   |   in|   66|       ap_none|                 J_edges_18|       pointer|
|J_edges_19   |   in|   66|       ap_none|                 J_edges_19|       pointer|
|J_edges_20   |   in|   66|       ap_none|                 J_edges_20|       pointer|
|J_edges_21   |   in|   66|       ap_none|                 J_edges_21|       pointer|
|J_edges_22   |   in|   66|       ap_none|                 J_edges_22|       pointer|
|J_edges_23   |   in|   66|       ap_none|                 J_edges_23|       pointer|
|J_edges_24   |   in|   66|       ap_none|                 J_edges_24|       pointer|
|J_edges_25   |   in|   66|       ap_none|                 J_edges_25|       pointer|
|J_edges_26   |   in|   66|       ap_none|                 J_edges_26|       pointer|
|J_edges_27   |   in|   66|       ap_none|                 J_edges_27|       pointer|
|J_edges_28   |   in|   66|       ap_none|                 J_edges_28|       pointer|
|J_edges_29   |   in|   66|       ap_none|                 J_edges_29|       pointer|
|J_edges_30   |   in|   66|       ap_none|                 J_edges_30|       pointer|
|J_edges_31   |   in|   66|       ap_none|                 J_edges_31|       pointer|
|J_edges_32   |   in|   66|       ap_none|                 J_edges_32|       pointer|
|J_edges_33   |   in|   66|       ap_none|                 J_edges_33|       pointer|
|J_edges_34   |   in|   66|       ap_none|                 J_edges_34|       pointer|
|J_edges_35   |   in|   66|       ap_none|                 J_edges_35|       pointer|
|J_edges_36   |   in|   66|       ap_none|                 J_edges_36|       pointer|
|J_edges_37   |   in|   66|       ap_none|                 J_edges_37|       pointer|
|J_edges_38   |   in|   66|       ap_none|                 J_edges_38|       pointer|
|J_edges_39   |   in|   66|       ap_none|                 J_edges_39|       pointer|
|J_edges_40   |   in|   66|       ap_none|                 J_edges_40|       pointer|
|J_edges_41   |   in|   66|       ap_none|                 J_edges_41|       pointer|
|J_edges_42   |   in|   66|       ap_none|                 J_edges_42|       pointer|
|J_edges_43   |   in|   66|       ap_none|                 J_edges_43|       pointer|
|J_edges_44   |   in|   66|       ap_none|                 J_edges_44|       pointer|
|J_edges_45   |   in|   66|       ap_none|                 J_edges_45|       pointer|
|J_edges_46   |   in|   66|       ap_none|                 J_edges_46|       pointer|
|J_edges_47   |   in|   66|       ap_none|                 J_edges_47|       pointer|
|J_edges_48   |   in|   66|       ap_none|                 J_edges_48|       pointer|
|J_edges_49   |   in|   66|       ap_none|                 J_edges_49|       pointer|
|J_edges_50   |   in|   66|       ap_none|                 J_edges_50|       pointer|
|J_edges_51   |   in|   66|       ap_none|                 J_edges_51|       pointer|
|J_edges_52   |   in|   66|       ap_none|                 J_edges_52|       pointer|
|J_edges_53   |   in|   66|       ap_none|                 J_edges_53|       pointer|
|J_edges_54   |   in|   66|       ap_none|                 J_edges_54|       pointer|
|J_edges_55   |   in|   66|       ap_none|                 J_edges_55|       pointer|
|J_edges_56   |   in|   66|       ap_none|                 J_edges_56|       pointer|
|J_edges_57   |   in|   66|       ap_none|                 J_edges_57|       pointer|
|J_edges_58   |   in|   66|       ap_none|                 J_edges_58|       pointer|
|J_edges_59   |   in|   66|       ap_none|                 J_edges_59|       pointer|
|J_edges_60   |   in|   66|       ap_none|                 J_edges_60|       pointer|
|J_edges_61   |   in|   66|       ap_none|                 J_edges_61|       pointer|
|J_edges_62   |   in|   66|       ap_none|                 J_edges_62|       pointer|
|J_edges_63   |   in|   66|       ap_none|                 J_edges_63|       pointer|
|J_edges_64   |   in|   66|       ap_none|                 J_edges_64|       pointer|
|J_edges_65   |   in|   66|       ap_none|                 J_edges_65|       pointer|
|J_edges_66   |   in|   66|       ap_none|                 J_edges_66|       pointer|
|J_edges_67   |   in|   66|       ap_none|                 J_edges_67|       pointer|
|J_edges_68   |   in|   66|       ap_none|                 J_edges_68|       pointer|
|J_edges_69   |   in|   66|       ap_none|                 J_edges_69|       pointer|
|J_edges_70   |   in|   66|       ap_none|                 J_edges_70|       pointer|
|J_edges_71   |   in|   66|       ap_none|                 J_edges_71|       pointer|
|J_edges_72   |   in|   66|       ap_none|                 J_edges_72|       pointer|
|J_edges_73   |   in|   66|       ap_none|                 J_edges_73|       pointer|
|J_edges_74   |   in|   66|       ap_none|                 J_edges_74|       pointer|
|J_edges_75   |   in|   66|       ap_none|                 J_edges_75|       pointer|
|J_edges_76   |   in|   66|       ap_none|                 J_edges_76|       pointer|
|J_edges_77   |   in|   66|       ap_none|                 J_edges_77|       pointer|
|J_edges_78   |   in|   66|       ap_none|                 J_edges_78|       pointer|
|J_edges_79   |   in|   66|       ap_none|                 J_edges_79|       pointer|
|J_edges_80   |   in|   66|       ap_none|                 J_edges_80|       pointer|
|J_edges_81   |   in|   66|       ap_none|                 J_edges_81|       pointer|
|J_edges_82   |   in|   66|       ap_none|                 J_edges_82|       pointer|
|J_edges_83   |   in|   66|       ap_none|                 J_edges_83|       pointer|
|J_edges_84   |   in|   66|       ap_none|                 J_edges_84|       pointer|
|J_edges_85   |   in|   66|       ap_none|                 J_edges_85|       pointer|
|J_edges_86   |   in|   66|       ap_none|                 J_edges_86|       pointer|
|J_edges_87   |   in|   66|       ap_none|                 J_edges_87|       pointer|
|J_edges_88   |   in|   66|       ap_none|                 J_edges_88|       pointer|
|J_edges_89   |   in|   66|       ap_none|                 J_edges_89|       pointer|
|J_edges_90   |   in|   66|       ap_none|                 J_edges_90|       pointer|
|J_edges_91   |   in|   66|       ap_none|                 J_edges_91|       pointer|
|J_edges_92   |   in|   66|       ap_none|                 J_edges_92|       pointer|
|J_edges_93   |   in|   66|       ap_none|                 J_edges_93|       pointer|
|J_edges_94   |   in|   66|       ap_none|                 J_edges_94|       pointer|
|J_edges_95   |   in|   66|       ap_none|                 J_edges_95|       pointer|
|J_edges_96   |   in|   66|       ap_none|                 J_edges_96|       pointer|
|J_edges_97   |   in|   66|       ap_none|                 J_edges_97|       pointer|
|J_edges_98   |   in|   66|       ap_none|                 J_edges_98|       pointer|
|J_edges_99   |   in|   66|       ap_none|                 J_edges_99|       pointer|
|J_edges_100  |   in|   66|       ap_none|                J_edges_100|       pointer|
|J_edges_101  |   in|   66|       ap_none|                J_edges_101|       pointer|
|J_edges_102  |   in|   66|       ap_none|                J_edges_102|       pointer|
|J_edges_103  |   in|   66|       ap_none|                J_edges_103|       pointer|
|J_edges_104  |   in|   66|       ap_none|                J_edges_104|       pointer|
|J_edges_105  |   in|   66|       ap_none|                J_edges_105|       pointer|
|J_edges_106  |   in|   66|       ap_none|                J_edges_106|       pointer|
|J_edges_107  |   in|   66|       ap_none|                J_edges_107|       pointer|
|J_edges_108  |   in|   66|       ap_none|                J_edges_108|       pointer|
|J_edges_109  |   in|   66|       ap_none|                J_edges_109|       pointer|
|J_edges_110  |   in|   66|       ap_none|                J_edges_110|       pointer|
|J_edges_111  |   in|   66|       ap_none|                J_edges_111|       pointer|
|J_edges_112  |   in|   66|       ap_none|                J_edges_112|       pointer|
|J_edges_113  |   in|   66|       ap_none|                J_edges_113|       pointer|
|J_edges_114  |   in|   66|       ap_none|                J_edges_114|       pointer|
|J_edges_115  |   in|   66|       ap_none|                J_edges_115|       pointer|
|J_edges_116  |   in|   66|       ap_none|                J_edges_116|       pointer|
|J_edges_117  |   in|   66|       ap_none|                J_edges_117|       pointer|
|J_edges_118  |   in|   66|       ap_none|                J_edges_118|       pointer|
|J_edges_119  |   in|   66|       ap_none|                J_edges_119|       pointer|
|J_edges_120  |   in|   66|       ap_none|                J_edges_120|       pointer|
|J_edges_121  |   in|   66|       ap_none|                J_edges_121|       pointer|
|J_edges_122  |   in|   66|       ap_none|                J_edges_122|       pointer|
|J_edges_123  |   in|   66|       ap_none|                J_edges_123|       pointer|
|J_edges_124  |   in|   66|       ap_none|                J_edges_124|       pointer|
|J_edges_125  |   in|   66|       ap_none|                J_edges_125|       pointer|
|J_edges_126  |   in|   66|       ap_none|                J_edges_126|       pointer|
|J_edges_127  |   in|   66|       ap_none|                J_edges_127|       pointer|
|J_edges_128  |   in|   66|       ap_none|                J_edges_128|       pointer|
|J_edges_129  |   in|   66|       ap_none|                J_edges_129|       pointer|
|J_edges_130  |   in|   66|       ap_none|                J_edges_130|       pointer|
|J_edges_131  |   in|   66|       ap_none|                J_edges_131|       pointer|
|J_edges_132  |   in|   66|       ap_none|                J_edges_132|       pointer|
|J_edges_133  |   in|   66|       ap_none|                J_edges_133|       pointer|
|J_edges_134  |   in|   66|       ap_none|                J_edges_134|       pointer|
|J_edges_135  |   in|   66|       ap_none|                J_edges_135|       pointer|
|J_edges_136  |   in|   66|       ap_none|                J_edges_136|       pointer|
|J_edges_137  |   in|   66|       ap_none|                J_edges_137|       pointer|
|J_edges_138  |   in|   66|       ap_none|                J_edges_138|       pointer|
|J_edges_139  |   in|   66|       ap_none|                J_edges_139|       pointer|
|J_edges_140  |   in|   66|       ap_none|                J_edges_140|       pointer|
|J_edges_141  |   in|   66|       ap_none|                J_edges_141|       pointer|
|J_edges_142  |   in|   66|       ap_none|                J_edges_142|       pointer|
|J_edges_143  |   in|   66|       ap_none|                J_edges_143|       pointer|
|J_edges_144  |   in|   66|       ap_none|                J_edges_144|       pointer|
|J_edges_145  |   in|   66|       ap_none|                J_edges_145|       pointer|
|J_edges_146  |   in|   66|       ap_none|                J_edges_146|       pointer|
|J_edges_147  |   in|   66|       ap_none|                J_edges_147|       pointer|
|J_edges_148  |   in|   66|       ap_none|                J_edges_148|       pointer|
|J_edges_149  |   in|   66|       ap_none|                J_edges_149|       pointer|
|J_edges_150  |   in|   66|       ap_none|                J_edges_150|       pointer|
|J_edges_151  |   in|   66|       ap_none|                J_edges_151|       pointer|
|J_edges_152  |   in|   66|       ap_none|                J_edges_152|       pointer|
|J_edges_153  |   in|   66|       ap_none|                J_edges_153|       pointer|
|J_edges_154  |   in|   66|       ap_none|                J_edges_154|       pointer|
|J_edges_155  |   in|   66|       ap_none|                J_edges_155|       pointer|
|J_edges_156  |   in|   66|       ap_none|                J_edges_156|       pointer|
|J_edges_157  |   in|   66|       ap_none|                J_edges_157|       pointer|
|J_edges_158  |   in|   66|       ap_none|                J_edges_158|       pointer|
|J_edges_159  |   in|   66|       ap_none|                J_edges_159|       pointer|
|J_edges_160  |   in|   66|       ap_none|                J_edges_160|       pointer|
|J_edges_161  |   in|   66|       ap_none|                J_edges_161|       pointer|
|J_edges_162  |   in|   66|       ap_none|                J_edges_162|       pointer|
|J_edges_163  |   in|   66|       ap_none|                J_edges_163|       pointer|
|J_edges_164  |   in|   66|       ap_none|                J_edges_164|       pointer|
|J_edges_165  |   in|   66|       ap_none|                J_edges_165|       pointer|
|J_edges_166  |   in|   66|       ap_none|                J_edges_166|       pointer|
|J_edges_167  |   in|   66|       ap_none|                J_edges_167|       pointer|
|J_edges_168  |   in|   66|       ap_none|                J_edges_168|       pointer|
|J_edges_169  |   in|   66|       ap_none|                J_edges_169|       pointer|
|J_edges_170  |   in|   66|       ap_none|                J_edges_170|       pointer|
|J_edges_171  |   in|   66|       ap_none|                J_edges_171|       pointer|
|J_edges_172  |   in|   66|       ap_none|                J_edges_172|       pointer|
|J_edges_173  |   in|   66|       ap_none|                J_edges_173|       pointer|
|J_edges_174  |   in|   66|       ap_none|                J_edges_174|       pointer|
|J_edges_175  |   in|   66|       ap_none|                J_edges_175|       pointer|
|J_edges_176  |   in|   66|       ap_none|                J_edges_176|       pointer|
|J_edges_177  |   in|   66|       ap_none|                J_edges_177|       pointer|
|J_edges_178  |   in|   66|       ap_none|                J_edges_178|       pointer|
|J_edges_179  |   in|   66|       ap_none|                J_edges_179|       pointer|
|J_edges_180  |   in|   66|       ap_none|                J_edges_180|       pointer|
|J_edges_181  |   in|   66|       ap_none|                J_edges_181|       pointer|
|J_edges_182  |   in|   66|       ap_none|                J_edges_182|       pointer|
|J_edges_183  |   in|   66|       ap_none|                J_edges_183|       pointer|
|J_edges_184  |   in|   66|       ap_none|                J_edges_184|       pointer|
|J_edges_185  |   in|   66|       ap_none|                J_edges_185|       pointer|
|J_edges_186  |   in|   66|       ap_none|                J_edges_186|       pointer|
|J_edges_187  |   in|   66|       ap_none|                J_edges_187|       pointer|
|J_edges_188  |   in|   66|       ap_none|                J_edges_188|       pointer|
|J_edges_189  |   in|   66|       ap_none|                J_edges_189|       pointer|
|J_edges_190  |   in|   66|       ap_none|                J_edges_190|       pointer|
|J_edges_191  |   in|   66|       ap_none|                J_edges_191|       pointer|
|J_edges_192  |   in|   66|       ap_none|                J_edges_192|       pointer|
|J_edges_193  |   in|   66|       ap_none|                J_edges_193|       pointer|
|J_edges_194  |   in|   66|       ap_none|                J_edges_194|       pointer|
|J_edges_195  |   in|   66|       ap_none|                J_edges_195|       pointer|
|J_edges_196  |   in|   66|       ap_none|                J_edges_196|       pointer|
|J_edges_197  |   in|   66|       ap_none|                J_edges_197|       pointer|
|J_edges_198  |   in|   66|       ap_none|                J_edges_198|       pointer|
|J_edges_199  |   in|   66|       ap_none|                J_edges_199|       pointer|
|J_edges_200  |   in|   66|       ap_none|                J_edges_200|       pointer|
|J_edges_201  |   in|   66|       ap_none|                J_edges_201|       pointer|
|J_edges_202  |   in|   66|       ap_none|                J_edges_202|       pointer|
|J_edges_203  |   in|   66|       ap_none|                J_edges_203|       pointer|
|J_edges_204  |   in|   66|       ap_none|                J_edges_204|       pointer|
|J_edges_205  |   in|   66|       ap_none|                J_edges_205|       pointer|
|J_edges_206  |   in|   66|       ap_none|                J_edges_206|       pointer|
|J_edges_207  |   in|   66|       ap_none|                J_edges_207|       pointer|
|J_edges_208  |   in|   66|       ap_none|                J_edges_208|       pointer|
|J_edges_209  |   in|   66|       ap_none|                J_edges_209|       pointer|
|J_edges_210  |   in|   66|       ap_none|                J_edges_210|       pointer|
|J_edges_211  |   in|   66|       ap_none|                J_edges_211|       pointer|
|J_edges_212  |   in|   66|       ap_none|                J_edges_212|       pointer|
|J_edges_213  |   in|   66|       ap_none|                J_edges_213|       pointer|
|J_edges_214  |   in|   66|       ap_none|                J_edges_214|       pointer|
|J_edges_215  |   in|   66|       ap_none|                J_edges_215|       pointer|
|J_edges_216  |   in|   66|       ap_none|                J_edges_216|       pointer|
|J_edges_217  |   in|   66|       ap_none|                J_edges_217|       pointer|
|J_edges_218  |   in|   66|       ap_none|                J_edges_218|       pointer|
|J_edges_219  |   in|   66|       ap_none|                J_edges_219|       pointer|
|J_edges_220  |   in|   66|       ap_none|                J_edges_220|       pointer|
|J_edges_221  |   in|   66|       ap_none|                J_edges_221|       pointer|
|J_edges_222  |   in|   66|       ap_none|                J_edges_222|       pointer|
|J_edges_223  |   in|   66|       ap_none|                J_edges_223|       pointer|
|J_edges_224  |   in|   66|       ap_none|                J_edges_224|       pointer|
|J_edges_225  |   in|   66|       ap_none|                J_edges_225|       pointer|
|J_edges_226  |   in|   66|       ap_none|                J_edges_226|       pointer|
|J_edges_227  |   in|   66|       ap_none|                J_edges_227|       pointer|
|J_edges_228  |   in|   66|       ap_none|                J_edges_228|       pointer|
|J_edges_229  |   in|   66|       ap_none|                J_edges_229|       pointer|
|J_edges_230  |   in|   66|       ap_none|                J_edges_230|       pointer|
|J_edges_231  |   in|   66|       ap_none|                J_edges_231|       pointer|
|J_edges_232  |   in|   66|       ap_none|                J_edges_232|       pointer|
|J_edges_233  |   in|   66|       ap_none|                J_edges_233|       pointer|
|J_edges_234  |   in|   66|       ap_none|                J_edges_234|       pointer|
|J_edges_235  |   in|   66|       ap_none|                J_edges_235|       pointer|
|J_edges_236  |   in|   66|       ap_none|                J_edges_236|       pointer|
|J_edges_237  |   in|   66|       ap_none|                J_edges_237|       pointer|
|J_edges_238  |   in|   66|       ap_none|                J_edges_238|       pointer|
|J_edges_239  |   in|   66|       ap_none|                J_edges_239|       pointer|
|J_edges_240  |   in|   66|       ap_none|                J_edges_240|       pointer|
|J_edges_241  |   in|   66|       ap_none|                J_edges_241|       pointer|
|J_edges_242  |   in|   66|       ap_none|                J_edges_242|       pointer|
|J_edges_243  |   in|   66|       ap_none|                J_edges_243|       pointer|
|J_edges_244  |   in|   66|       ap_none|                J_edges_244|       pointer|
|J_edges_245  |   in|   66|       ap_none|                J_edges_245|       pointer|
|J_edges_246  |   in|   66|       ap_none|                J_edges_246|       pointer|
|J_edges_247  |   in|   66|       ap_none|                J_edges_247|       pointer|
|J_edges_248  |   in|   66|       ap_none|                J_edges_248|       pointer|
|J_edges_249  |   in|   66|       ap_none|                J_edges_249|       pointer|
|J_edges_250  |   in|   66|       ap_none|                J_edges_250|       pointer|
|J_edges_251  |   in|   66|       ap_none|                J_edges_251|       pointer|
|J_edges_252  |   in|   66|       ap_none|                J_edges_252|       pointer|
|J_edges_253  |   in|   66|       ap_none|                J_edges_253|       pointer|
|J_edges_254  |   in|   66|       ap_none|                J_edges_254|       pointer|
|J_edges_255  |   in|   66|       ap_none|                J_edges_255|       pointer|
|J_edges_256  |   in|   66|       ap_none|                J_edges_256|       pointer|
|J_edges_257  |   in|   66|       ap_none|                J_edges_257|       pointer|
|J_edges_258  |   in|   66|       ap_none|                J_edges_258|       pointer|
|J_edges_259  |   in|   66|       ap_none|                J_edges_259|       pointer|
|J_edges_260  |   in|   66|       ap_none|                J_edges_260|       pointer|
|J_edges_261  |   in|   66|       ap_none|                J_edges_261|       pointer|
|J_edges_262  |   in|   66|       ap_none|                J_edges_262|       pointer|
|J_edges_263  |   in|   66|       ap_none|                J_edges_263|       pointer|
|J_edges_264  |   in|   66|       ap_none|                J_edges_264|       pointer|
|J_edges_265  |   in|   66|       ap_none|                J_edges_265|       pointer|
|J_edges_266  |   in|   66|       ap_none|                J_edges_266|       pointer|
|J_edges_267  |   in|   66|       ap_none|                J_edges_267|       pointer|
|J_edges_268  |   in|   66|       ap_none|                J_edges_268|       pointer|
|J_edges_269  |   in|   66|       ap_none|                J_edges_269|       pointer|
|J_edges_270  |   in|   66|       ap_none|                J_edges_270|       pointer|
|J_edges_271  |   in|   66|       ap_none|                J_edges_271|       pointer|
|J_edges_272  |   in|   66|       ap_none|                J_edges_272|       pointer|
|J_edges_273  |   in|   66|       ap_none|                J_edges_273|       pointer|
|J_edges_274  |   in|   66|       ap_none|                J_edges_274|       pointer|
|J_edges_275  |   in|   66|       ap_none|                J_edges_275|       pointer|
|J_edges_276  |   in|   66|       ap_none|                J_edges_276|       pointer|
|J_edges_277  |   in|   66|       ap_none|                J_edges_277|       pointer|
|J_edges_278  |   in|   66|       ap_none|                J_edges_278|       pointer|
|J_edges_279  |   in|   66|       ap_none|                J_edges_279|       pointer|
|J_edges_280  |   in|   66|       ap_none|                J_edges_280|       pointer|
|J_edges_281  |   in|   66|       ap_none|                J_edges_281|       pointer|
|J_edges_282  |   in|   66|       ap_none|                J_edges_282|       pointer|
|J_edges_283  |   in|   66|       ap_none|                J_edges_283|       pointer|
|J_edges_284  |   in|   66|       ap_none|                J_edges_284|       pointer|
|J_edges_285  |   in|   66|       ap_none|                J_edges_285|       pointer|
|J_edges_286  |   in|   66|       ap_none|                J_edges_286|       pointer|
|J_edges_287  |   in|   66|       ap_none|                J_edges_287|       pointer|
|J_edges_288  |   in|   66|       ap_none|                J_edges_288|       pointer|
|J_edges_289  |   in|   66|       ap_none|                J_edges_289|       pointer|
|J_edges_290  |   in|   66|       ap_none|                J_edges_290|       pointer|
|J_edges_291  |   in|   66|       ap_none|                J_edges_291|       pointer|
|J_edges_292  |   in|   66|       ap_none|                J_edges_292|       pointer|
|J_edges_293  |   in|   66|       ap_none|                J_edges_293|       pointer|
|J_edges_294  |   in|   66|       ap_none|                J_edges_294|       pointer|
|J_edges_295  |   in|   66|       ap_none|                J_edges_295|       pointer|
|J_edges_296  |   in|   66|       ap_none|                J_edges_296|       pointer|
|J_edges_297  |   in|   66|       ap_none|                J_edges_297|       pointer|
|J_edges_298  |   in|   66|       ap_none|                J_edges_298|       pointer|
|J_edges_299  |   in|   66|       ap_none|                J_edges_299|       pointer|
|J_edges_300  |   in|   66|       ap_none|                J_edges_300|       pointer|
|J_edges_301  |   in|   66|       ap_none|                J_edges_301|       pointer|
|J_edges_302  |   in|   66|       ap_none|                J_edges_302|       pointer|
|J_edges_303  |   in|   66|       ap_none|                J_edges_303|       pointer|
|J_edges_304  |   in|   66|       ap_none|                J_edges_304|       pointer|
|J_edges_305  |   in|   66|       ap_none|                J_edges_305|       pointer|
|J_edges_306  |   in|   66|       ap_none|                J_edges_306|       pointer|
|J_edges_307  |   in|   66|       ap_none|                J_edges_307|       pointer|
|J_edges_308  |   in|   66|       ap_none|                J_edges_308|       pointer|
|J_edges_309  |   in|   66|       ap_none|                J_edges_309|       pointer|
|J_edges_310  |   in|   66|       ap_none|                J_edges_310|       pointer|
|J_edges_311  |   in|   66|       ap_none|                J_edges_311|       pointer|
|J_edges_312  |   in|   66|       ap_none|                J_edges_312|       pointer|
|J_edges_313  |   in|   66|       ap_none|                J_edges_313|       pointer|
|J_edges_314  |   in|   66|       ap_none|                J_edges_314|       pointer|
|J_edges_315  |   in|   66|       ap_none|                J_edges_315|       pointer|
|J_edges_316  |   in|   66|       ap_none|                J_edges_316|       pointer|
|J_edges_317  |   in|   66|       ap_none|                J_edges_317|       pointer|
|J_edges_318  |   in|   66|       ap_none|                J_edges_318|       pointer|
|J_edges_319  |   in|   66|       ap_none|                J_edges_319|       pointer|
|J_edges_320  |   in|   66|       ap_none|                J_edges_320|       pointer|
|J_edges_321  |   in|   66|       ap_none|                J_edges_321|       pointer|
|J_edges_322  |   in|   66|       ap_none|                J_edges_322|       pointer|
|J_edges_323  |   in|   66|       ap_none|                J_edges_323|       pointer|
|J_edges_324  |   in|   66|       ap_none|                J_edges_324|       pointer|
|J_edges_325  |   in|   66|       ap_none|                J_edges_325|       pointer|
|J_edges_326  |   in|   66|       ap_none|                J_edges_326|       pointer|
|J_edges_327  |   in|   66|       ap_none|                J_edges_327|       pointer|
|J_edges_328  |   in|   66|       ap_none|                J_edges_328|       pointer|
|J_edges_329  |   in|   66|       ap_none|                J_edges_329|       pointer|
|J_edges_330  |   in|   66|       ap_none|                J_edges_330|       pointer|
|J_edges_331  |   in|   66|       ap_none|                J_edges_331|       pointer|
|J_edges_332  |   in|   66|       ap_none|                J_edges_332|       pointer|
|J_edges_333  |   in|   66|       ap_none|                J_edges_333|       pointer|
|J_edges_334  |   in|   66|       ap_none|                J_edges_334|       pointer|
|J_edges_335  |   in|   66|       ap_none|                J_edges_335|       pointer|
|J_edges_336  |   in|   66|       ap_none|                J_edges_336|       pointer|
|J_edges_337  |   in|   66|       ap_none|                J_edges_337|       pointer|
|J_edges_338  |   in|   66|       ap_none|                J_edges_338|       pointer|
|J_edges_339  |   in|   66|       ap_none|                J_edges_339|       pointer|
|J_edges_340  |   in|   66|       ap_none|                J_edges_340|       pointer|
|J_edges_341  |   in|   66|       ap_none|                J_edges_341|       pointer|
|J_edges_342  |   in|   66|       ap_none|                J_edges_342|       pointer|
|J_edges_343  |   in|   66|       ap_none|                J_edges_343|       pointer|
|J_edges_344  |   in|   66|       ap_none|                J_edges_344|       pointer|
|J_edges_345  |   in|   66|       ap_none|                J_edges_345|       pointer|
|J_edges_346  |   in|   66|       ap_none|                J_edges_346|       pointer|
|J_edges_347  |   in|   66|       ap_none|                J_edges_347|       pointer|
|J_edges_348  |   in|   66|       ap_none|                J_edges_348|       pointer|
|J_edges_349  |   in|   66|       ap_none|                J_edges_349|       pointer|
|J_edges_350  |   in|   66|       ap_none|                J_edges_350|       pointer|
|J_edges_351  |   in|   66|       ap_none|                J_edges_351|       pointer|
|J_edges_352  |   in|   66|       ap_none|                J_edges_352|       pointer|
|J_edges_353  |   in|   66|       ap_none|                J_edges_353|       pointer|
|J_edges_354  |   in|   66|       ap_none|                J_edges_354|       pointer|
|J_edges_355  |   in|   66|       ap_none|                J_edges_355|       pointer|
|J_edges_356  |   in|   66|       ap_none|                J_edges_356|       pointer|
|J_edges_357  |   in|   66|       ap_none|                J_edges_357|       pointer|
|J_edges_358  |   in|   66|       ap_none|                J_edges_358|       pointer|
|J_edges_359  |   in|   66|       ap_none|                J_edges_359|       pointer|
|J_edges_360  |   in|   66|       ap_none|                J_edges_360|       pointer|
|J_edges_361  |   in|   66|       ap_none|                J_edges_361|       pointer|
|J_edges_362  |   in|   66|       ap_none|                J_edges_362|       pointer|
|J_edges_363  |   in|   66|       ap_none|                J_edges_363|       pointer|
|J_edges_364  |   in|   66|       ap_none|                J_edges_364|       pointer|
|J_edges_365  |   in|   66|       ap_none|                J_edges_365|       pointer|
|J_edges_366  |   in|   66|       ap_none|                J_edges_366|       pointer|
|J_edges_367  |   in|   66|       ap_none|                J_edges_367|       pointer|
|J_edges_368  |   in|   66|       ap_none|                J_edges_368|       pointer|
|J_edges_369  |   in|   66|       ap_none|                J_edges_369|       pointer|
|J_edges_370  |   in|   66|       ap_none|                J_edges_370|       pointer|
|J_edges_371  |   in|   66|       ap_none|                J_edges_371|       pointer|
|J_edges_372  |   in|   66|       ap_none|                J_edges_372|       pointer|
|J_edges_373  |   in|   66|       ap_none|                J_edges_373|       pointer|
|J_edges_374  |   in|   66|       ap_none|                J_edges_374|       pointer|
|J_edges_375  |   in|   66|       ap_none|                J_edges_375|       pointer|
|J_edges_376  |   in|   66|       ap_none|                J_edges_376|       pointer|
|J_edges_377  |   in|   66|       ap_none|                J_edges_377|       pointer|
|J_edges_378  |   in|   66|       ap_none|                J_edges_378|       pointer|
|J_edges_379  |   in|   66|       ap_none|                J_edges_379|       pointer|
|J_edges_380  |   in|   66|       ap_none|                J_edges_380|       pointer|
|J_edges_381  |   in|   66|       ap_none|                J_edges_381|       pointer|
|J_edges_382  |   in|   66|       ap_none|                J_edges_382|       pointer|
|J_edges_383  |   in|   66|       ap_none|                J_edges_383|       pointer|
|J_edges_384  |   in|   66|       ap_none|                J_edges_384|       pointer|
|J_edges_385  |   in|   66|       ap_none|                J_edges_385|       pointer|
|J_edges_386  |   in|   66|       ap_none|                J_edges_386|       pointer|
|J_edges_387  |   in|   66|       ap_none|                J_edges_387|       pointer|
|J_edges_388  |   in|   66|       ap_none|                J_edges_388|       pointer|
|J_edges_389  |   in|   66|       ap_none|                J_edges_389|       pointer|
|J_edges_390  |   in|   66|       ap_none|                J_edges_390|       pointer|
|J_edges_391  |   in|   66|       ap_none|                J_edges_391|       pointer|
|J_edges_392  |   in|   66|       ap_none|                J_edges_392|       pointer|
|J_edges_393  |   in|   66|       ap_none|                J_edges_393|       pointer|
|J_edges_394  |   in|   66|       ap_none|                J_edges_394|       pointer|
|J_edges_395  |   in|   66|       ap_none|                J_edges_395|       pointer|
|J_edges_396  |   in|   66|       ap_none|                J_edges_396|       pointer|
|J_edges_397  |   in|   66|       ap_none|                J_edges_397|       pointer|
|J_edges_398  |   in|   66|       ap_none|                J_edges_398|       pointer|
|J_edges_399  |   in|   66|       ap_none|                J_edges_399|       pointer|
|J_edges_400  |   in|   66|       ap_none|                J_edges_400|       pointer|
|J_edges_401  |   in|   66|       ap_none|                J_edges_401|       pointer|
|J_edges_402  |   in|   66|       ap_none|                J_edges_402|       pointer|
|J_edges_403  |   in|   66|       ap_none|                J_edges_403|       pointer|
|J_edges_404  |   in|   66|       ap_none|                J_edges_404|       pointer|
|J_edges_405  |   in|   66|       ap_none|                J_edges_405|       pointer|
|J_edges_406  |   in|   66|       ap_none|                J_edges_406|       pointer|
|J_edges_407  |   in|   66|       ap_none|                J_edges_407|       pointer|
|J_edges_408  |   in|   66|       ap_none|                J_edges_408|       pointer|
|J_edges_409  |   in|   66|       ap_none|                J_edges_409|       pointer|
|J_edges_410  |   in|   66|       ap_none|                J_edges_410|       pointer|
|J_edges_411  |   in|   66|       ap_none|                J_edges_411|       pointer|
|J_edges_412  |   in|   66|       ap_none|                J_edges_412|       pointer|
|J_edges_413  |   in|   66|       ap_none|                J_edges_413|       pointer|
|J_edges_414  |   in|   66|       ap_none|                J_edges_414|       pointer|
|J_edges_415  |   in|   66|       ap_none|                J_edges_415|       pointer|
|J_edges_416  |   in|   66|       ap_none|                J_edges_416|       pointer|
|J_edges_417  |   in|   66|       ap_none|                J_edges_417|       pointer|
|J_edges_418  |   in|   66|       ap_none|                J_edges_418|       pointer|
|J_edges_419  |   in|   66|       ap_none|                J_edges_419|       pointer|
|J_edges_420  |   in|   66|       ap_none|                J_edges_420|       pointer|
|J_edges_421  |   in|   66|       ap_none|                J_edges_421|       pointer|
|J_edges_422  |   in|   66|       ap_none|                J_edges_422|       pointer|
|J_edges_423  |   in|   66|       ap_none|                J_edges_423|       pointer|
|J_edges_424  |   in|   66|       ap_none|                J_edges_424|       pointer|
|J_edges_425  |   in|   66|       ap_none|                J_edges_425|       pointer|
|J_edges_426  |   in|   66|       ap_none|                J_edges_426|       pointer|
|J_edges_427  |   in|   66|       ap_none|                J_edges_427|       pointer|
|J_edges_428  |   in|   66|       ap_none|                J_edges_428|       pointer|
|J_edges_429  |   in|   66|       ap_none|                J_edges_429|       pointer|
|J_edges_430  |   in|   66|       ap_none|                J_edges_430|       pointer|
|J_edges_431  |   in|   66|       ap_none|                J_edges_431|       pointer|
|J_edges_432  |   in|   66|       ap_none|                J_edges_432|       pointer|
|J_edges_433  |   in|   66|       ap_none|                J_edges_433|       pointer|
|J_edges_434  |   in|   66|       ap_none|                J_edges_434|       pointer|
|J_edges_435  |   in|   66|       ap_none|                J_edges_435|       pointer|
|J_edges_436  |   in|   66|       ap_none|                J_edges_436|       pointer|
|J_edges_437  |   in|   66|       ap_none|                J_edges_437|       pointer|
|J_edges_438  |   in|   66|       ap_none|                J_edges_438|       pointer|
|J_edges_439  |   in|   66|       ap_none|                J_edges_439|       pointer|
|J_edges_440  |   in|   66|       ap_none|                J_edges_440|       pointer|
|J_edges_441  |   in|   66|       ap_none|                J_edges_441|       pointer|
|J_edges_442  |   in|   66|       ap_none|                J_edges_442|       pointer|
|J_edges_443  |   in|   66|       ap_none|                J_edges_443|       pointer|
|J_edges_444  |   in|   66|       ap_none|                J_edges_444|       pointer|
|J_edges_445  |   in|   66|       ap_none|                J_edges_445|       pointer|
|J_edges_446  |   in|   66|       ap_none|                J_edges_446|       pointer|
|J_edges_447  |   in|   66|       ap_none|                J_edges_447|       pointer|
|J_edges_448  |   in|   66|       ap_none|                J_edges_448|       pointer|
|J_edges_449  |   in|   66|       ap_none|                J_edges_449|       pointer|
|J_edges_450  |   in|   66|       ap_none|                J_edges_450|       pointer|
|J_edges_451  |   in|   66|       ap_none|                J_edges_451|       pointer|
|J_edges_452  |   in|   66|       ap_none|                J_edges_452|       pointer|
|J_edges_453  |   in|   66|       ap_none|                J_edges_453|       pointer|
|J_edges_454  |   in|   66|       ap_none|                J_edges_454|       pointer|
|J_edges_455  |   in|   66|       ap_none|                J_edges_455|       pointer|
|J_edges_456  |   in|   66|       ap_none|                J_edges_456|       pointer|
|J_edges_457  |   in|   66|       ap_none|                J_edges_457|       pointer|
|J_edges_458  |   in|   66|       ap_none|                J_edges_458|       pointer|
|J_edges_459  |   in|   66|       ap_none|                J_edges_459|       pointer|
|J_edges_460  |   in|   66|       ap_none|                J_edges_460|       pointer|
|J_edges_461  |   in|   66|       ap_none|                J_edges_461|       pointer|
|J_edges_462  |   in|   66|       ap_none|                J_edges_462|       pointer|
|J_edges_463  |   in|   66|       ap_none|                J_edges_463|       pointer|
|J_edges_464  |   in|   66|       ap_none|                J_edges_464|       pointer|
|J_edges_465  |   in|   66|       ap_none|                J_edges_465|       pointer|
|J_edges_466  |   in|   66|       ap_none|                J_edges_466|       pointer|
|J_edges_467  |   in|   66|       ap_none|                J_edges_467|       pointer|
|J_edges_468  |   in|   66|       ap_none|                J_edges_468|       pointer|
|J_edges_469  |   in|   66|       ap_none|                J_edges_469|       pointer|
|J_edges_470  |   in|   66|       ap_none|                J_edges_470|       pointer|
|J_edges_471  |   in|   66|       ap_none|                J_edges_471|       pointer|
|J_edges_472  |   in|   66|       ap_none|                J_edges_472|       pointer|
|J_edges_473  |   in|   66|       ap_none|                J_edges_473|       pointer|
|J_edges_474  |   in|   66|       ap_none|                J_edges_474|       pointer|
|J_edges_475  |   in|   66|       ap_none|                J_edges_475|       pointer|
|J_edges_476  |   in|   66|       ap_none|                J_edges_476|       pointer|
|J_edges_477  |   in|   66|       ap_none|                J_edges_477|       pointer|
|J_edges_478  |   in|   66|       ap_none|                J_edges_478|       pointer|
|J_edges_479  |   in|   66|       ap_none|                J_edges_479|       pointer|
|J_edges_480  |   in|   66|       ap_none|                J_edges_480|       pointer|
|J_edges_481  |   in|   66|       ap_none|                J_edges_481|       pointer|
|J_edges_482  |   in|   66|       ap_none|                J_edges_482|       pointer|
|J_edges_483  |   in|   66|       ap_none|                J_edges_483|       pointer|
|J_edges_484  |   in|   66|       ap_none|                J_edges_484|       pointer|
|J_edges_485  |   in|   66|       ap_none|                J_edges_485|       pointer|
|J_edges_486  |   in|   66|       ap_none|                J_edges_486|       pointer|
|J_edges_487  |   in|   66|       ap_none|                J_edges_487|       pointer|
|J_edges_488  |   in|   66|       ap_none|                J_edges_488|       pointer|
|J_edges_489  |   in|   66|       ap_none|                J_edges_489|       pointer|
|J_edges_490  |   in|   66|       ap_none|                J_edges_490|       pointer|
|J_edges_491  |   in|   66|       ap_none|                J_edges_491|       pointer|
|J_edges_492  |   in|   66|       ap_none|                J_edges_492|       pointer|
|J_edges_493  |   in|   66|       ap_none|                J_edges_493|       pointer|
|J_edges_494  |   in|   66|       ap_none|                J_edges_494|       pointer|
|J_edges_495  |   in|   66|       ap_none|                J_edges_495|       pointer|
|spins        |   in|   32|       ap_none|                      spins|        scalar|
|flip_mask    |   in|   32|       ap_none|                  flip_mask|        scalar|
|delta_x      |  out|   66|       ap_none|                    delta_x|       pointer|
|accept_prob  |  out|   32|       ap_none|                accept_prob|       pointer|
+-------------+-----+-----+--------------+---------------------------+--------------+

