

================================================================
== Vitis HLS Report for 'local_metropolis_step'
================================================================
* Date:           Tue May 19 20:42:40 2026

* Version:        2025.2 (Build 6295257 on Nov 14 2025)
* Project:        hls_local_metropolis_step_N24
* Solution:       hls (Vivado IP Flow Target)
* Product family: virtexuplus
* Target device:  xcvu19p-fsva3824-2-e


================================================================
== Performance Estimates
================================================================
+ Timing: 
    * Summary: 
    +--------+---------+----------+------------+
    |  Clock |  Target | Estimated| Uncertainty|
    +--------+---------+----------+------------+
    |ap_clk  |  3.33 ns|  2.388 ns|     0.90 ns|
    +--------+---------+----------+------------+

+ Latency: 
    * Summary: 
    +---------+---------+-----------+-----------+-----+-----+---------+
    |  Latency (cycles) |   Latency (absolute)  |  Interval | Pipeline|
    |   min   |   max   |    min    |    max    | min | max |   Type  |
    +---------+---------+-----------+-----------+-----+-----+---------+
    |       20|       29|  66.660 ns|  96.657 ns|   21|   30|       no|
    +---------+---------+-----------+-----------+-----+-----+---------+

    + Detail: 
        * Instance: 
        +--------------------------------+--------------------+---------+---------+-----------+-----------+-----+-----+---------+
        |                                |                    |  Latency (cycles) |   Latency (absolute)  |  Interval | Pipeline|
        |            Instance            |       Module       |   min   |   max   |    min    |    max    | min | max |   Type  |
        +--------------------------------+--------------------+---------+---------+-----------+-----------+-----+-----+---------+
        |grp_local_delta_energy_fu_5073  |local_delta_energy  |       17|       17|  56.661 ns|  56.661 ns|   17|   17|       no|
        +--------------------------------+--------------------+---------+---------+-----------+-----------+-----+-----+---------+

        * Loop: 
        N/A



================================================================
== Utilization Estimates
================================================================
* Summary: 
+---------------------+---------+------+---------+---------+-----+
|         Name        | BRAM_18K|  DSP |    FF   |   LUT   | URAM|
+---------------------+---------+------+---------+---------+-----+
|DSP                  |        -|     -|        -|        -|    -|
|Expression           |        -|     -|        0|      703|    -|
|FIFO                 |        -|     -|        -|        -|    -|
|Instance             |        -|    13|     2787|     8459|    -|
|Memory               |        0|     -|        0|        0|    -|
|Multiplexer          |        -|     -|        0|       93|    -|
|Register             |        -|     -|    23608|        -|    -|
+---------------------+---------+------+---------+---------+-----+
|Total                |        0|    13|    26395|     9255|    0|
+---------------------+---------+------+---------+---------+-----+
|Available SLR        |     1080|   960|  2042880|  1021440|   80|
+---------------------+---------+------+---------+---------+-----+
|Utilization SLR (%)  |        0|     1|        1|       ~0|    0|
+---------------------+---------+------+---------+---------+-----+
|Available            |     4320|  3840|  8171520|  4085760|  320|
+---------------------+---------+------+---------+---------+-----+
|Utilization (%)      |        0|    ~0|       ~0|       ~0|    0|
+---------------------+---------+------+---------+---------+-----+

+ Detail: 
    * Instance: 
    +--------------------------------+----------------------+---------+----+------+------+-----+
    |            Instance            |        Module        | BRAM_18K| DSP|  FF  |  LUT | URAM|
    +--------------------------------+----------------------+---------+----+------+------+-----+
    |grp_local_delta_energy_fu_5073  |local_delta_energy    |        0|   6|  2388|  8286|    0|
    |mul_26s_36s_60_2_1_U634         |mul_26s_36s_60_2_1    |        0|   2|   202|    84|    0|
    |mul_40ns_40s_64_2_1_U635        |mul_40ns_40s_64_2_1   |        0|   5|   197|    80|    0|
    |sparsemux_7_2_40_1_1_U636       |sparsemux_7_2_40_1_1  |        0|   0|     0|     9|    0|
    +--------------------------------+----------------------+---------+----+------+------+-----+
    |Total                           |                      |        0|  13|  2787|  8459|    0|
    +--------------------------------+----------------------+---------+----+------+------+-----+

    * DSP: 
    N/A

    * Memory: 
    +---------------+-------------------------+---------+---+----+-----+------+-----+------+-------------+
    |     Memory    |          Module         | BRAM_18K| FF| LUT| URAM| Words| Bits| Banks| W*Bits*Banks|
    +---------------+-------------------------+---------+---+----+-----+------+-----+------+-------------+
    |EXP_NEG_LUT_U  |EXP_NEG_LUT_ROM_AUTO_1R  |        0|  0|   0|    0|  1025|   40|     1|        41000|
    +---------------+-------------------------+---------+---+----+-----+------+-----+------+-------------+
    |Total          |                         |        0|  0|   0|    0|  1025|   40|     1|        41000|
    +---------------+-------------------------+---------+---+----+-----+------+-----+------+-------------+

    * FIFO: 
    N/A

    * Expression: 
    +------------------------+----------+----+---+-----+------------+------------+
    |      Variable Name     | Operation| DSP| FF| LUT | Bitwidth P0| Bitwidth P1|
    +------------------------+----------+----+---+-----+------------+------------+
    |add_ln240_fu_6623_p2    |         +|   0|  0|   47|          40|          40|
    |add_ln87_fu_6435_p2     |         +|   0|  0|   18|          11|           1|
    |add_ln89_fu_6507_p2     |         +|   0|  0|   68|          61|          61|
    |sub_ln75_1_fu_6372_p2   |         -|   0|  0|   66|           1|          59|
    |sub_ln75_fu_6351_p2     |         -|   0|  0|  107|           1|          88|
    |sub_ln84_fu_6425_p2     |         -|   0|  0|   34|          27|          27|
    |sub_ln89_fu_6471_p2     |         -|   0|  0|   33|          26|          26|
    |and_ln91_1_fu_6579_p2   |       and|   0|  0|    2|           1|           1|
    |and_ln91_fu_6574_p2     |       and|   0|  0|    2|           1|           1|
    |icmp_ln116_fu_6287_p2   |      icmp|   0|  0|   47|          40|           1|
    |icmp_ln123_fu_6611_p2   |      icmp|   0|  0|   47|          40|          40|
    |icmp_ln59_fu_6339_p2    |      icmp|   0|  0|   47|          40|           1|
    |icmp_ln63_fu_6367_p2    |      icmp|   0|  0|   18|          11|           1|
    |icmp_ln91_fu_6539_p2    |      icmp|   0|  0|   44|          37|           1|
    |icmp_ln95_fu_6533_p2    |      icmp|   0|  0|   20|          13|           1|
    |p_fu_6591_p4            |    select|   0|  0|   41|           1|          41|
    |select_ln75_fu_6384_p3  |    select|   0|  0|   58|           1|          59|
    |xor_ln123_fu_6616_p2    |       xor|   0|  0|    2|           1|           2|
    |xor_ln59_fu_6569_p2     |       xor|   0|  0|    2|           1|           2|
    +------------------------+----------+----+---+-----+------------+------------+
    |Total                   |          |   0|  0|  703|         354|         453|
    +------------------------+----------+----+---+-----+------------+------------+

    * Multiplexer: 
    +---------------------------------+----+-----------+-----+-----------+
    |               Name              | LUT| Input Size| Bits| Total Bits|
    +---------------------------------+----+-----------+-----+-----------+
    |accepted                         |  14|          3|    1|          3|
    |ap_NS_fsm                        |  65|         14|    1|         14|
    |ap_phi_mux_empty_phi_fu_5066_p4  |  14|          3|   40|        120|
    +---------------------------------+----+-----------+-----+-----------+
    |Total                            |  93|         20|   42|        137|
    +---------------------------------+----+-----------+-----+-----------+

    * Register: 
    +---------------------------------------------+-----+----+-----+-----------+
    |                     Name                    |  FF | LUT| Bits| Const Bits|
    +---------------------------------------------+-----+----+-----+-----------+
    |J_0_10_read_reg_6678                         |   40|   0|   40|          0|
    |J_0_11_read_reg_6683                         |   40|   0|   40|          0|
    |J_0_12_read_reg_6688                         |   40|   0|   40|          0|
    |J_0_13_read_reg_6693                         |   40|   0|   40|          0|
    |J_0_14_read_reg_6698                         |   40|   0|   40|          0|
    |J_0_15_read_reg_6703                         |   40|   0|   40|          0|
    |J_0_16_read_reg_6708                         |   40|   0|   40|          0|
    |J_0_17_read_reg_6713                         |   40|   0|   40|          0|
    |J_0_18_read_reg_6718                         |   40|   0|   40|          0|
    |J_0_19_read_reg_6723                         |   40|   0|   40|          0|
    |J_0_1_read_reg_6633                          |   40|   0|   40|          0|
    |J_0_20_read_reg_6728                         |   40|   0|   40|          0|
    |J_0_21_read_reg_6733                         |   40|   0|   40|          0|
    |J_0_22_read_reg_6738                         |   40|   0|   40|          0|
    |J_0_23_read_reg_6743                         |   40|   0|   40|          0|
    |J_0_2_read_reg_6638                          |   40|   0|   40|          0|
    |J_0_3_read_reg_6643                          |   40|   0|   40|          0|
    |J_0_4_read_reg_6648                          |   40|   0|   40|          0|
    |J_0_5_read_reg_6653                          |   40|   0|   40|          0|
    |J_0_6_read_reg_6658                          |   40|   0|   40|          0|
    |J_0_7_read_reg_6663                          |   40|   0|   40|          0|
    |J_0_8_read_reg_6668                          |   40|   0|   40|          0|
    |J_0_9_read_reg_6673                          |   40|   0|   40|          0|
    |J_10_0_read_reg_7783                         |   40|   0|   40|          0|
    |J_10_11_read_reg_7833                        |   40|   0|   40|          0|
    |J_10_12_read_reg_7838                        |   40|   0|   40|          0|
    |J_10_13_read_reg_7843                        |   40|   0|   40|          0|
    |J_10_14_read_reg_7848                        |   40|   0|   40|          0|
    |J_10_15_read_reg_7853                        |   40|   0|   40|          0|
    |J_10_16_read_reg_7858                        |   40|   0|   40|          0|
    |J_10_17_read_reg_7863                        |   40|   0|   40|          0|
    |J_10_18_read_reg_7868                        |   40|   0|   40|          0|
    |J_10_19_read_reg_7873                        |   40|   0|   40|          0|
    |J_10_1_read_reg_7788                         |   40|   0|   40|          0|
    |J_10_20_read_reg_7878                        |   40|   0|   40|          0|
    |J_10_21_read_reg_7883                        |   40|   0|   40|          0|
    |J_10_22_read_reg_7888                        |   40|   0|   40|          0|
    |J_10_23_read_reg_7893                        |   40|   0|   40|          0|
    |J_10_2_read_reg_7793                         |   40|   0|   40|          0|
    |J_10_3_read_reg_7798                         |   40|   0|   40|          0|
    |J_10_4_read_reg_7803                         |   40|   0|   40|          0|
    |J_10_5_read_reg_7808                         |   40|   0|   40|          0|
    |J_10_6_read_reg_7813                         |   40|   0|   40|          0|
    |J_10_7_read_reg_7818                         |   40|   0|   40|          0|
    |J_10_8_read_reg_7823                         |   40|   0|   40|          0|
    |J_10_9_read_reg_7828                         |   40|   0|   40|          0|
    |J_11_0_read_reg_7898                         |   40|   0|   40|          0|
    |J_11_10_read_reg_7948                        |   40|   0|   40|          0|
    |J_11_12_read_reg_7953                        |   40|   0|   40|          0|
    |J_11_13_read_reg_7958                        |   40|   0|   40|          0|
    |J_11_14_read_reg_7963                        |   40|   0|   40|          0|
    |J_11_15_read_reg_7968                        |   40|   0|   40|          0|
    |J_11_16_read_reg_7973                        |   40|   0|   40|          0|
    |J_11_17_read_reg_7978                        |   40|   0|   40|          0|
    |J_11_18_read_reg_7983                        |   40|   0|   40|          0|
    |J_11_19_read_reg_7988                        |   40|   0|   40|          0|
    |J_11_1_read_reg_7903                         |   40|   0|   40|          0|
    |J_11_20_read_reg_7993                        |   40|   0|   40|          0|
    |J_11_21_read_reg_7998                        |   40|   0|   40|          0|
    |J_11_22_read_reg_8003                        |   40|   0|   40|          0|
    |J_11_23_read_reg_8008                        |   40|   0|   40|          0|
    |J_11_2_read_reg_7908                         |   40|   0|   40|          0|
    |J_11_3_read_reg_7913                         |   40|   0|   40|          0|
    |J_11_4_read_reg_7918                         |   40|   0|   40|          0|
    |J_11_5_read_reg_7923                         |   40|   0|   40|          0|
    |J_11_6_read_reg_7928                         |   40|   0|   40|          0|
    |J_11_7_read_reg_7933                         |   40|   0|   40|          0|
    |J_11_8_read_reg_7938                         |   40|   0|   40|          0|
    |J_11_9_read_reg_7943                         |   40|   0|   40|          0|
    |J_12_0_read_reg_8013                         |   40|   0|   40|          0|
    |J_12_10_read_reg_8063                        |   40|   0|   40|          0|
    |J_12_11_read_reg_8068                        |   40|   0|   40|          0|
    |J_12_13_read_reg_8073                        |   40|   0|   40|          0|
    |J_12_14_read_reg_8078                        |   40|   0|   40|          0|
    |J_12_15_read_reg_8083                        |   40|   0|   40|          0|
    |J_12_16_read_reg_8088                        |   40|   0|   40|          0|
    |J_12_17_read_reg_8093                        |   40|   0|   40|          0|
    |J_12_18_read_reg_8098                        |   40|   0|   40|          0|
    |J_12_19_read_reg_8103                        |   40|   0|   40|          0|
    |J_12_1_read_reg_8018                         |   40|   0|   40|          0|
    |J_12_20_read_reg_8108                        |   40|   0|   40|          0|
    |J_12_21_read_reg_8113                        |   40|   0|   40|          0|
    |J_12_22_read_reg_8118                        |   40|   0|   40|          0|
    |J_12_23_read_reg_8123                        |   40|   0|   40|          0|
    |J_12_2_read_reg_8023                         |   40|   0|   40|          0|
    |J_12_3_read_reg_8028                         |   40|   0|   40|          0|
    |J_12_4_read_reg_8033                         |   40|   0|   40|          0|
    |J_12_5_read_reg_8038                         |   40|   0|   40|          0|
    |J_12_6_read_reg_8043                         |   40|   0|   40|          0|
    |J_12_7_read_reg_8048                         |   40|   0|   40|          0|
    |J_12_8_read_reg_8053                         |   40|   0|   40|          0|
    |J_12_9_read_reg_8058                         |   40|   0|   40|          0|
    |J_13_0_read_reg_8128                         |   40|   0|   40|          0|
    |J_13_10_read_reg_8178                        |   40|   0|   40|          0|
    |J_13_11_read_reg_8183                        |   40|   0|   40|          0|
    |J_13_12_read_reg_8188                        |   40|   0|   40|          0|
    |J_13_14_read_reg_8193                        |   40|   0|   40|          0|
    |J_13_15_read_reg_8198                        |   40|   0|   40|          0|
    |J_13_16_read_reg_8203                        |   40|   0|   40|          0|
    |J_13_17_read_reg_8208                        |   40|   0|   40|          0|
    |J_13_18_read_reg_8213                        |   40|   0|   40|          0|
    |J_13_19_read_reg_8218                        |   40|   0|   40|          0|
    |J_13_1_read_reg_8133                         |   40|   0|   40|          0|
    |J_13_20_read_reg_8223                        |   40|   0|   40|          0|
    |J_13_21_read_reg_8228                        |   40|   0|   40|          0|
    |J_13_22_read_reg_8233                        |   40|   0|   40|          0|
    |J_13_23_read_reg_8238                        |   40|   0|   40|          0|
    |J_13_2_read_reg_8138                         |   40|   0|   40|          0|
    |J_13_3_read_reg_8143                         |   40|   0|   40|          0|
    |J_13_4_read_reg_8148                         |   40|   0|   40|          0|
    |J_13_5_read_reg_8153                         |   40|   0|   40|          0|
    |J_13_6_read_reg_8158                         |   40|   0|   40|          0|
    |J_13_7_read_reg_8163                         |   40|   0|   40|          0|
    |J_13_8_read_reg_8168                         |   40|   0|   40|          0|
    |J_13_9_read_reg_8173                         |   40|   0|   40|          0|
    |J_14_0_read_reg_8243                         |   40|   0|   40|          0|
    |J_14_10_read_reg_8293                        |   40|   0|   40|          0|
    |J_14_11_read_reg_8298                        |   40|   0|   40|          0|
    |J_14_12_read_reg_8303                        |   40|   0|   40|          0|
    |J_14_13_read_reg_8308                        |   40|   0|   40|          0|
    |J_14_15_read_reg_8313                        |   40|   0|   40|          0|
    |J_14_16_read_reg_8318                        |   40|   0|   40|          0|
    |J_14_17_read_reg_8323                        |   40|   0|   40|          0|
    |J_14_18_read_reg_8328                        |   40|   0|   40|          0|
    |J_14_19_read_reg_8333                        |   40|   0|   40|          0|
    |J_14_1_read_reg_8248                         |   40|   0|   40|          0|
    |J_14_20_read_reg_8338                        |   40|   0|   40|          0|
    |J_14_21_read_reg_8343                        |   40|   0|   40|          0|
    |J_14_22_read_reg_8348                        |   40|   0|   40|          0|
    |J_14_23_read_reg_8353                        |   40|   0|   40|          0|
    |J_14_2_read_reg_8253                         |   40|   0|   40|          0|
    |J_14_3_read_reg_8258                         |   40|   0|   40|          0|
    |J_14_4_read_reg_8263                         |   40|   0|   40|          0|
    |J_14_5_read_reg_8268                         |   40|   0|   40|          0|
    |J_14_6_read_reg_8273                         |   40|   0|   40|          0|
    |J_14_7_read_reg_8278                         |   40|   0|   40|          0|
    |J_14_8_read_reg_8283                         |   40|   0|   40|          0|
    |J_14_9_read_reg_8288                         |   40|   0|   40|          0|
    |J_15_0_read_reg_8358                         |   40|   0|   40|          0|
    |J_15_10_read_reg_8408                        |   40|   0|   40|          0|
    |J_15_11_read_reg_8413                        |   40|   0|   40|          0|
    |J_15_12_read_reg_8418                        |   40|   0|   40|          0|
    |J_15_13_read_reg_8423                        |   40|   0|   40|          0|
    |J_15_14_read_reg_8428                        |   40|   0|   40|          0|
    |J_15_16_read_reg_8433                        |   40|   0|   40|          0|
    |J_15_17_read_reg_8438                        |   40|   0|   40|          0|
    |J_15_18_read_reg_8443                        |   40|   0|   40|          0|
    |J_15_19_read_reg_8448                        |   40|   0|   40|          0|
    |J_15_1_read_reg_8363                         |   40|   0|   40|          0|
    |J_15_20_read_reg_8453                        |   40|   0|   40|          0|
    |J_15_21_read_reg_8458                        |   40|   0|   40|          0|
    |J_15_22_read_reg_8463                        |   40|   0|   40|          0|
    |J_15_23_read_reg_8468                        |   40|   0|   40|          0|
    |J_15_2_read_reg_8368                         |   40|   0|   40|          0|
    |J_15_3_read_reg_8373                         |   40|   0|   40|          0|
    |J_15_4_read_reg_8378                         |   40|   0|   40|          0|
    |J_15_5_read_reg_8383                         |   40|   0|   40|          0|
    |J_15_6_read_reg_8388                         |   40|   0|   40|          0|
    |J_15_7_read_reg_8393                         |   40|   0|   40|          0|
    |J_15_8_read_reg_8398                         |   40|   0|   40|          0|
    |J_15_9_read_reg_8403                         |   40|   0|   40|          0|
    |J_16_0_read_reg_8473                         |   40|   0|   40|          0|
    |J_16_10_read_reg_8523                        |   40|   0|   40|          0|
    |J_16_11_read_reg_8528                        |   40|   0|   40|          0|
    |J_16_12_read_reg_8533                        |   40|   0|   40|          0|
    |J_16_13_read_reg_8538                        |   40|   0|   40|          0|
    |J_16_14_read_reg_8543                        |   40|   0|   40|          0|
    |J_16_15_read_reg_8548                        |   40|   0|   40|          0|
    |J_16_17_read_reg_8553                        |   40|   0|   40|          0|
    |J_16_18_read_reg_8558                        |   40|   0|   40|          0|
    |J_16_19_read_reg_8563                        |   40|   0|   40|          0|
    |J_16_1_read_reg_8478                         |   40|   0|   40|          0|
    |J_16_20_read_reg_8568                        |   40|   0|   40|          0|
    |J_16_21_read_reg_8573                        |   40|   0|   40|          0|
    |J_16_22_read_reg_8578                        |   40|   0|   40|          0|
    |J_16_23_read_reg_8583                        |   40|   0|   40|          0|
    |J_16_2_read_reg_8483                         |   40|   0|   40|          0|
    |J_16_3_read_reg_8488                         |   40|   0|   40|          0|
    |J_16_4_read_reg_8493                         |   40|   0|   40|          0|
    |J_16_5_read_reg_8498                         |   40|   0|   40|          0|
    |J_16_6_read_reg_8503                         |   40|   0|   40|          0|
    |J_16_7_read_reg_8508                         |   40|   0|   40|          0|
    |J_16_8_read_reg_8513                         |   40|   0|   40|          0|
    |J_16_9_read_reg_8518                         |   40|   0|   40|          0|
    |J_17_0_read_reg_8588                         |   40|   0|   40|          0|
    |J_17_10_read_reg_8638                        |   40|   0|   40|          0|
    |J_17_11_read_reg_8643                        |   40|   0|   40|          0|
    |J_17_12_read_reg_8648                        |   40|   0|   40|          0|
    |J_17_13_read_reg_8653                        |   40|   0|   40|          0|
    |J_17_14_read_reg_8658                        |   40|   0|   40|          0|
    |J_17_15_read_reg_8663                        |   40|   0|   40|          0|
    |J_17_16_read_reg_8668                        |   40|   0|   40|          0|
    |J_17_18_read_reg_8673                        |   40|   0|   40|          0|
    |J_17_19_read_reg_8678                        |   40|   0|   40|          0|
    |J_17_1_read_reg_8593                         |   40|   0|   40|          0|
    |J_17_20_read_reg_8683                        |   40|   0|   40|          0|
    |J_17_21_read_reg_8688                        |   40|   0|   40|          0|
    |J_17_22_read_reg_8693                        |   40|   0|   40|          0|
    |J_17_23_read_reg_8698                        |   40|   0|   40|          0|
    |J_17_2_read_reg_8598                         |   40|   0|   40|          0|
    |J_17_3_read_reg_8603                         |   40|   0|   40|          0|
    |J_17_4_read_reg_8608                         |   40|   0|   40|          0|
    |J_17_5_read_reg_8613                         |   40|   0|   40|          0|
    |J_17_6_read_reg_8618                         |   40|   0|   40|          0|
    |J_17_7_read_reg_8623                         |   40|   0|   40|          0|
    |J_17_8_read_reg_8628                         |   40|   0|   40|          0|
    |J_17_9_read_reg_8633                         |   40|   0|   40|          0|
    |J_18_0_read_reg_8703                         |   40|   0|   40|          0|
    |J_18_10_read_reg_8753                        |   40|   0|   40|          0|
    |J_18_11_read_reg_8758                        |   40|   0|   40|          0|
    |J_18_12_read_reg_8763                        |   40|   0|   40|          0|
    |J_18_13_read_reg_8768                        |   40|   0|   40|          0|
    |J_18_14_read_reg_8773                        |   40|   0|   40|          0|
    |J_18_15_read_reg_8778                        |   40|   0|   40|          0|
    |J_18_16_read_reg_8783                        |   40|   0|   40|          0|
    |J_18_17_read_reg_8788                        |   40|   0|   40|          0|
    |J_18_19_read_reg_8793                        |   40|   0|   40|          0|
    |J_18_1_read_reg_8708                         |   40|   0|   40|          0|
    |J_18_20_read_reg_8798                        |   40|   0|   40|          0|
    |J_18_21_read_reg_8803                        |   40|   0|   40|          0|
    |J_18_22_read_reg_8808                        |   40|   0|   40|          0|
    |J_18_23_read_reg_8813                        |   40|   0|   40|          0|
    |J_18_2_read_reg_8713                         |   40|   0|   40|          0|
    |J_18_3_read_reg_8718                         |   40|   0|   40|          0|
    |J_18_4_read_reg_8723                         |   40|   0|   40|          0|
    |J_18_5_read_reg_8728                         |   40|   0|   40|          0|
    |J_18_6_read_reg_8733                         |   40|   0|   40|          0|
    |J_18_7_read_reg_8738                         |   40|   0|   40|          0|
    |J_18_8_read_reg_8743                         |   40|   0|   40|          0|
    |J_18_9_read_reg_8748                         |   40|   0|   40|          0|
    |J_19_0_read_reg_8818                         |   40|   0|   40|          0|
    |J_19_10_read_reg_8868                        |   40|   0|   40|          0|
    |J_19_11_read_reg_8873                        |   40|   0|   40|          0|
    |J_19_12_read_reg_8878                        |   40|   0|   40|          0|
    |J_19_13_read_reg_8883                        |   40|   0|   40|          0|
    |J_19_14_read_reg_8888                        |   40|   0|   40|          0|
    |J_19_15_read_reg_8893                        |   40|   0|   40|          0|
    |J_19_16_read_reg_8898                        |   40|   0|   40|          0|
    |J_19_17_read_reg_8903                        |   40|   0|   40|          0|
    |J_19_18_read_reg_8908                        |   40|   0|   40|          0|
    |J_19_1_read_reg_8823                         |   40|   0|   40|          0|
    |J_19_20_read_reg_8913                        |   40|   0|   40|          0|
    |J_19_21_read_reg_8918                        |   40|   0|   40|          0|
    |J_19_22_read_reg_8923                        |   40|   0|   40|          0|
    |J_19_23_read_reg_8928                        |   40|   0|   40|          0|
    |J_19_2_read_reg_8828                         |   40|   0|   40|          0|
    |J_19_3_read_reg_8833                         |   40|   0|   40|          0|
    |J_19_4_read_reg_8838                         |   40|   0|   40|          0|
    |J_19_5_read_reg_8843                         |   40|   0|   40|          0|
    |J_19_6_read_reg_8848                         |   40|   0|   40|          0|
    |J_19_7_read_reg_8853                         |   40|   0|   40|          0|
    |J_19_8_read_reg_8858                         |   40|   0|   40|          0|
    |J_19_9_read_reg_8863                         |   40|   0|   40|          0|
    |J_1_0_read_reg_6748                          |   40|   0|   40|          0|
    |J_1_10_read_reg_6793                         |   40|   0|   40|          0|
    |J_1_11_read_reg_6798                         |   40|   0|   40|          0|
    |J_1_12_read_reg_6803                         |   40|   0|   40|          0|
    |J_1_13_read_reg_6808                         |   40|   0|   40|          0|
    |J_1_14_read_reg_6813                         |   40|   0|   40|          0|
    |J_1_15_read_reg_6818                         |   40|   0|   40|          0|
    |J_1_16_read_reg_6823                         |   40|   0|   40|          0|
    |J_1_17_read_reg_6828                         |   40|   0|   40|          0|
    |J_1_18_read_reg_6833                         |   40|   0|   40|          0|
    |J_1_19_read_reg_6838                         |   40|   0|   40|          0|
    |J_1_20_read_reg_6843                         |   40|   0|   40|          0|
    |J_1_21_read_reg_6848                         |   40|   0|   40|          0|
    |J_1_22_read_reg_6853                         |   40|   0|   40|          0|
    |J_1_23_read_reg_6858                         |   40|   0|   40|          0|
    |J_1_2_read_reg_6753                          |   40|   0|   40|          0|
    |J_1_3_read_reg_6758                          |   40|   0|   40|          0|
    |J_1_4_read_reg_6763                          |   40|   0|   40|          0|
    |J_1_5_read_reg_6768                          |   40|   0|   40|          0|
    |J_1_6_read_reg_6773                          |   40|   0|   40|          0|
    |J_1_7_read_reg_6778                          |   40|   0|   40|          0|
    |J_1_8_read_reg_6783                          |   40|   0|   40|          0|
    |J_1_9_read_reg_6788                          |   40|   0|   40|          0|
    |J_20_0_read_reg_8933                         |   40|   0|   40|          0|
    |J_20_10_read_reg_8983                        |   40|   0|   40|          0|
    |J_20_11_read_reg_8988                        |   40|   0|   40|          0|
    |J_20_12_read_reg_8993                        |   40|   0|   40|          0|
    |J_20_13_read_reg_8998                        |   40|   0|   40|          0|
    |J_20_14_read_reg_9003                        |   40|   0|   40|          0|
    |J_20_15_read_reg_9008                        |   40|   0|   40|          0|
    |J_20_16_read_reg_9013                        |   40|   0|   40|          0|
    |J_20_17_read_reg_9018                        |   40|   0|   40|          0|
    |J_20_18_read_reg_9023                        |   40|   0|   40|          0|
    |J_20_19_read_reg_9028                        |   40|   0|   40|          0|
    |J_20_1_read_reg_8938                         |   40|   0|   40|          0|
    |J_20_21_read_reg_9033                        |   40|   0|   40|          0|
    |J_20_22_read_reg_9038                        |   40|   0|   40|          0|
    |J_20_23_read_reg_9043                        |   40|   0|   40|          0|
    |J_20_2_read_reg_8943                         |   40|   0|   40|          0|
    |J_20_3_read_reg_8948                         |   40|   0|   40|          0|
    |J_20_4_read_reg_8953                         |   40|   0|   40|          0|
    |J_20_5_read_reg_8958                         |   40|   0|   40|          0|
    |J_20_6_read_reg_8963                         |   40|   0|   40|          0|
    |J_20_7_read_reg_8968                         |   40|   0|   40|          0|
    |J_20_8_read_reg_8973                         |   40|   0|   40|          0|
    |J_20_9_read_reg_8978                         |   40|   0|   40|          0|
    |J_21_0_read_reg_9048                         |   40|   0|   40|          0|
    |J_21_10_read_reg_9098                        |   40|   0|   40|          0|
    |J_21_11_read_reg_9103                        |   40|   0|   40|          0|
    |J_21_12_read_reg_9108                        |   40|   0|   40|          0|
    |J_21_13_read_reg_9113                        |   40|   0|   40|          0|
    |J_21_14_read_reg_9118                        |   40|   0|   40|          0|
    |J_21_15_read_reg_9123                        |   40|   0|   40|          0|
    |J_21_16_read_reg_9128                        |   40|   0|   40|          0|
    |J_21_17_read_reg_9133                        |   40|   0|   40|          0|
    |J_21_18_read_reg_9138                        |   40|   0|   40|          0|
    |J_21_19_read_reg_9143                        |   40|   0|   40|          0|
    |J_21_1_read_reg_9053                         |   40|   0|   40|          0|
    |J_21_20_read_reg_9148                        |   40|   0|   40|          0|
    |J_21_22_read_reg_9153                        |   40|   0|   40|          0|
    |J_21_23_read_reg_9158                        |   40|   0|   40|          0|
    |J_21_2_read_reg_9058                         |   40|   0|   40|          0|
    |J_21_3_read_reg_9063                         |   40|   0|   40|          0|
    |J_21_4_read_reg_9068                         |   40|   0|   40|          0|
    |J_21_5_read_reg_9073                         |   40|   0|   40|          0|
    |J_21_6_read_reg_9078                         |   40|   0|   40|          0|
    |J_21_7_read_reg_9083                         |   40|   0|   40|          0|
    |J_21_8_read_reg_9088                         |   40|   0|   40|          0|
    |J_21_9_read_reg_9093                         |   40|   0|   40|          0|
    |J_22_0_read_reg_9163                         |   40|   0|   40|          0|
    |J_22_10_read_reg_9213                        |   40|   0|   40|          0|
    |J_22_11_read_reg_9218                        |   40|   0|   40|          0|
    |J_22_12_read_reg_9223                        |   40|   0|   40|          0|
    |J_22_13_read_reg_9228                        |   40|   0|   40|          0|
    |J_22_14_read_reg_9233                        |   40|   0|   40|          0|
    |J_22_15_read_reg_9238                        |   40|   0|   40|          0|
    |J_22_16_read_reg_9243                        |   40|   0|   40|          0|
    |J_22_17_read_reg_9248                        |   40|   0|   40|          0|
    |J_22_18_read_reg_9253                        |   40|   0|   40|          0|
    |J_22_19_read_reg_9258                        |   40|   0|   40|          0|
    |J_22_1_read_reg_9168                         |   40|   0|   40|          0|
    |J_22_20_read_reg_9263                        |   40|   0|   40|          0|
    |J_22_21_read_reg_9268                        |   40|   0|   40|          0|
    |J_22_23_read_reg_9273                        |   40|   0|   40|          0|
    |J_22_2_read_reg_9173                         |   40|   0|   40|          0|
    |J_22_3_read_reg_9178                         |   40|   0|   40|          0|
    |J_22_4_read_reg_9183                         |   40|   0|   40|          0|
    |J_22_5_read_reg_9188                         |   40|   0|   40|          0|
    |J_22_6_read_reg_9193                         |   40|   0|   40|          0|
    |J_22_7_read_reg_9198                         |   40|   0|   40|          0|
    |J_22_8_read_reg_9203                         |   40|   0|   40|          0|
    |J_22_9_read_reg_9208                         |   40|   0|   40|          0|
    |J_23_0_read_reg_9278                         |   40|   0|   40|          0|
    |J_23_10_read_reg_9328                        |   40|   0|   40|          0|
    |J_23_11_read_reg_9333                        |   40|   0|   40|          0|
    |J_23_12_read_reg_9338                        |   40|   0|   40|          0|
    |J_23_13_read_reg_9343                        |   40|   0|   40|          0|
    |J_23_14_read_reg_9348                        |   40|   0|   40|          0|
    |J_23_15_read_reg_9353                        |   40|   0|   40|          0|
    |J_23_16_read_reg_9358                        |   40|   0|   40|          0|
    |J_23_17_read_reg_9363                        |   40|   0|   40|          0|
    |J_23_18_read_reg_9368                        |   40|   0|   40|          0|
    |J_23_19_read_reg_9373                        |   40|   0|   40|          0|
    |J_23_1_read_reg_9283                         |   40|   0|   40|          0|
    |J_23_20_read_reg_9378                        |   40|   0|   40|          0|
    |J_23_21_read_reg_9383                        |   40|   0|   40|          0|
    |J_23_22_read_reg_9388                        |   40|   0|   40|          0|
    |J_23_2_read_reg_9288                         |   40|   0|   40|          0|
    |J_23_3_read_reg_9293                         |   40|   0|   40|          0|
    |J_23_4_read_reg_9298                         |   40|   0|   40|          0|
    |J_23_5_read_reg_9303                         |   40|   0|   40|          0|
    |J_23_6_read_reg_9308                         |   40|   0|   40|          0|
    |J_23_7_read_reg_9313                         |   40|   0|   40|          0|
    |J_23_8_read_reg_9318                         |   40|   0|   40|          0|
    |J_23_9_read_reg_9323                         |   40|   0|   40|          0|
    |J_2_0_read_reg_6863                          |   40|   0|   40|          0|
    |J_2_10_read_reg_6908                         |   40|   0|   40|          0|
    |J_2_11_read_reg_6913                         |   40|   0|   40|          0|
    |J_2_12_read_reg_6918                         |   40|   0|   40|          0|
    |J_2_13_read_reg_6923                         |   40|   0|   40|          0|
    |J_2_14_read_reg_6928                         |   40|   0|   40|          0|
    |J_2_15_read_reg_6933                         |   40|   0|   40|          0|
    |J_2_16_read_reg_6938                         |   40|   0|   40|          0|
    |J_2_17_read_reg_6943                         |   40|   0|   40|          0|
    |J_2_18_read_reg_6948                         |   40|   0|   40|          0|
    |J_2_19_read_reg_6953                         |   40|   0|   40|          0|
    |J_2_1_read_reg_6868                          |   40|   0|   40|          0|
    |J_2_20_read_reg_6958                         |   40|   0|   40|          0|
    |J_2_21_read_reg_6963                         |   40|   0|   40|          0|
    |J_2_22_read_reg_6968                         |   40|   0|   40|          0|
    |J_2_23_read_reg_6973                         |   40|   0|   40|          0|
    |J_2_3_read_reg_6873                          |   40|   0|   40|          0|
    |J_2_4_read_reg_6878                          |   40|   0|   40|          0|
    |J_2_5_read_reg_6883                          |   40|   0|   40|          0|
    |J_2_6_read_reg_6888                          |   40|   0|   40|          0|
    |J_2_7_read_reg_6893                          |   40|   0|   40|          0|
    |J_2_8_read_reg_6898                          |   40|   0|   40|          0|
    |J_2_9_read_reg_6903                          |   40|   0|   40|          0|
    |J_3_0_read_reg_6978                          |   40|   0|   40|          0|
    |J_3_10_read_reg_7023                         |   40|   0|   40|          0|
    |J_3_11_read_reg_7028                         |   40|   0|   40|          0|
    |J_3_12_read_reg_7033                         |   40|   0|   40|          0|
    |J_3_13_read_reg_7038                         |   40|   0|   40|          0|
    |J_3_14_read_reg_7043                         |   40|   0|   40|          0|
    |J_3_15_read_reg_7048                         |   40|   0|   40|          0|
    |J_3_16_read_reg_7053                         |   40|   0|   40|          0|
    |J_3_17_read_reg_7058                         |   40|   0|   40|          0|
    |J_3_18_read_reg_7063                         |   40|   0|   40|          0|
    |J_3_19_read_reg_7068                         |   40|   0|   40|          0|
    |J_3_1_read_reg_6983                          |   40|   0|   40|          0|
    |J_3_20_read_reg_7073                         |   40|   0|   40|          0|
    |J_3_21_read_reg_7078                         |   40|   0|   40|          0|
    |J_3_22_read_reg_7083                         |   40|   0|   40|          0|
    |J_3_23_read_reg_7088                         |   40|   0|   40|          0|
    |J_3_2_read_reg_6988                          |   40|   0|   40|          0|
    |J_3_4_read_reg_6993                          |   40|   0|   40|          0|
    |J_3_5_read_reg_6998                          |   40|   0|   40|          0|
    |J_3_6_read_reg_7003                          |   40|   0|   40|          0|
    |J_3_7_read_reg_7008                          |   40|   0|   40|          0|
    |J_3_8_read_reg_7013                          |   40|   0|   40|          0|
    |J_3_9_read_reg_7018                          |   40|   0|   40|          0|
    |J_4_0_read_reg_7093                          |   40|   0|   40|          0|
    |J_4_10_read_reg_7138                         |   40|   0|   40|          0|
    |J_4_11_read_reg_7143                         |   40|   0|   40|          0|
    |J_4_12_read_reg_7148                         |   40|   0|   40|          0|
    |J_4_13_read_reg_7153                         |   40|   0|   40|          0|
    |J_4_14_read_reg_7158                         |   40|   0|   40|          0|
    |J_4_15_read_reg_7163                         |   40|   0|   40|          0|
    |J_4_16_read_reg_7168                         |   40|   0|   40|          0|
    |J_4_17_read_reg_7173                         |   40|   0|   40|          0|
    |J_4_18_read_reg_7178                         |   40|   0|   40|          0|
    |J_4_19_read_reg_7183                         |   40|   0|   40|          0|
    |J_4_1_read_reg_7098                          |   40|   0|   40|          0|
    |J_4_20_read_reg_7188                         |   40|   0|   40|          0|
    |J_4_21_read_reg_7193                         |   40|   0|   40|          0|
    |J_4_22_read_reg_7198                         |   40|   0|   40|          0|
    |J_4_23_read_reg_7203                         |   40|   0|   40|          0|
    |J_4_2_read_reg_7103                          |   40|   0|   40|          0|
    |J_4_3_read_reg_7108                          |   40|   0|   40|          0|
    |J_4_5_read_reg_7113                          |   40|   0|   40|          0|
    |J_4_6_read_reg_7118                          |   40|   0|   40|          0|
    |J_4_7_read_reg_7123                          |   40|   0|   40|          0|
    |J_4_8_read_reg_7128                          |   40|   0|   40|          0|
    |J_4_9_read_reg_7133                          |   40|   0|   40|          0|
    |J_5_0_read_reg_7208                          |   40|   0|   40|          0|
    |J_5_10_read_reg_7253                         |   40|   0|   40|          0|
    |J_5_11_read_reg_7258                         |   40|   0|   40|          0|
    |J_5_12_read_reg_7263                         |   40|   0|   40|          0|
    |J_5_13_read_reg_7268                         |   40|   0|   40|          0|
    |J_5_14_read_reg_7273                         |   40|   0|   40|          0|
    |J_5_15_read_reg_7278                         |   40|   0|   40|          0|
    |J_5_16_read_reg_7283                         |   40|   0|   40|          0|
    |J_5_17_read_reg_7288                         |   40|   0|   40|          0|
    |J_5_18_read_reg_7293                         |   40|   0|   40|          0|
    |J_5_19_read_reg_7298                         |   40|   0|   40|          0|
    |J_5_1_read_reg_7213                          |   40|   0|   40|          0|
    |J_5_20_read_reg_7303                         |   40|   0|   40|          0|
    |J_5_21_read_reg_7308                         |   40|   0|   40|          0|
    |J_5_22_read_reg_7313                         |   40|   0|   40|          0|
    |J_5_23_read_reg_7318                         |   40|   0|   40|          0|
    |J_5_2_read_reg_7218                          |   40|   0|   40|          0|
    |J_5_3_read_reg_7223                          |   40|   0|   40|          0|
    |J_5_4_read_reg_7228                          |   40|   0|   40|          0|
    |J_5_6_read_reg_7233                          |   40|   0|   40|          0|
    |J_5_7_read_reg_7238                          |   40|   0|   40|          0|
    |J_5_8_read_reg_7243                          |   40|   0|   40|          0|
    |J_5_9_read_reg_7248                          |   40|   0|   40|          0|
    |J_6_0_read_reg_7323                          |   40|   0|   40|          0|
    |J_6_10_read_reg_7368                         |   40|   0|   40|          0|
    |J_6_11_read_reg_7373                         |   40|   0|   40|          0|
    |J_6_12_read_reg_7378                         |   40|   0|   40|          0|
    |J_6_13_read_reg_7383                         |   40|   0|   40|          0|
    |J_6_14_read_reg_7388                         |   40|   0|   40|          0|
    |J_6_15_read_reg_7393                         |   40|   0|   40|          0|
    |J_6_16_read_reg_7398                         |   40|   0|   40|          0|
    |J_6_17_read_reg_7403                         |   40|   0|   40|          0|
    |J_6_18_read_reg_7408                         |   40|   0|   40|          0|
    |J_6_19_read_reg_7413                         |   40|   0|   40|          0|
    |J_6_1_read_reg_7328                          |   40|   0|   40|          0|
    |J_6_20_read_reg_7418                         |   40|   0|   40|          0|
    |J_6_21_read_reg_7423                         |   40|   0|   40|          0|
    |J_6_22_read_reg_7428                         |   40|   0|   40|          0|
    |J_6_23_read_reg_7433                         |   40|   0|   40|          0|
    |J_6_2_read_reg_7333                          |   40|   0|   40|          0|
    |J_6_3_read_reg_7338                          |   40|   0|   40|          0|
    |J_6_4_read_reg_7343                          |   40|   0|   40|          0|
    |J_6_5_read_reg_7348                          |   40|   0|   40|          0|
    |J_6_7_read_reg_7353                          |   40|   0|   40|          0|
    |J_6_8_read_reg_7358                          |   40|   0|   40|          0|
    |J_6_9_read_reg_7363                          |   40|   0|   40|          0|
    |J_7_0_read_reg_7438                          |   40|   0|   40|          0|
    |J_7_10_read_reg_7483                         |   40|   0|   40|          0|
    |J_7_11_read_reg_7488                         |   40|   0|   40|          0|
    |J_7_12_read_reg_7493                         |   40|   0|   40|          0|
    |J_7_13_read_reg_7498                         |   40|   0|   40|          0|
    |J_7_14_read_reg_7503                         |   40|   0|   40|          0|
    |J_7_15_read_reg_7508                         |   40|   0|   40|          0|
    |J_7_16_read_reg_7513                         |   40|   0|   40|          0|
    |J_7_17_read_reg_7518                         |   40|   0|   40|          0|
    |J_7_18_read_reg_7523                         |   40|   0|   40|          0|
    |J_7_19_read_reg_7528                         |   40|   0|   40|          0|
    |J_7_1_read_reg_7443                          |   40|   0|   40|          0|
    |J_7_20_read_reg_7533                         |   40|   0|   40|          0|
    |J_7_21_read_reg_7538                         |   40|   0|   40|          0|
    |J_7_22_read_reg_7543                         |   40|   0|   40|          0|
    |J_7_23_read_reg_7548                         |   40|   0|   40|          0|
    |J_7_2_read_reg_7448                          |   40|   0|   40|          0|
    |J_7_3_read_reg_7453                          |   40|   0|   40|          0|
    |J_7_4_read_reg_7458                          |   40|   0|   40|          0|
    |J_7_5_read_reg_7463                          |   40|   0|   40|          0|
    |J_7_6_read_reg_7468                          |   40|   0|   40|          0|
    |J_7_8_read_reg_7473                          |   40|   0|   40|          0|
    |J_7_9_read_reg_7478                          |   40|   0|   40|          0|
    |J_8_0_read_reg_7553                          |   40|   0|   40|          0|
    |J_8_10_read_reg_7598                         |   40|   0|   40|          0|
    |J_8_11_read_reg_7603                         |   40|   0|   40|          0|
    |J_8_12_read_reg_7608                         |   40|   0|   40|          0|
    |J_8_13_read_reg_7613                         |   40|   0|   40|          0|
    |J_8_14_read_reg_7618                         |   40|   0|   40|          0|
    |J_8_15_read_reg_7623                         |   40|   0|   40|          0|
    |J_8_16_read_reg_7628                         |   40|   0|   40|          0|
    |J_8_17_read_reg_7633                         |   40|   0|   40|          0|
    |J_8_18_read_reg_7638                         |   40|   0|   40|          0|
    |J_8_19_read_reg_7643                         |   40|   0|   40|          0|
    |J_8_1_read_reg_7558                          |   40|   0|   40|          0|
    |J_8_20_read_reg_7648                         |   40|   0|   40|          0|
    |J_8_21_read_reg_7653                         |   40|   0|   40|          0|
    |J_8_22_read_reg_7658                         |   40|   0|   40|          0|
    |J_8_23_read_reg_7663                         |   40|   0|   40|          0|
    |J_8_2_read_reg_7563                          |   40|   0|   40|          0|
    |J_8_3_read_reg_7568                          |   40|   0|   40|          0|
    |J_8_4_read_reg_7573                          |   40|   0|   40|          0|
    |J_8_5_read_reg_7578                          |   40|   0|   40|          0|
    |J_8_6_read_reg_7583                          |   40|   0|   40|          0|
    |J_8_7_read_reg_7588                          |   40|   0|   40|          0|
    |J_8_9_read_reg_7593                          |   40|   0|   40|          0|
    |J_9_0_read_reg_7668                          |   40|   0|   40|          0|
    |J_9_10_read_reg_7713                         |   40|   0|   40|          0|
    |J_9_11_read_reg_7718                         |   40|   0|   40|          0|
    |J_9_12_read_reg_7723                         |   40|   0|   40|          0|
    |J_9_13_read_reg_7728                         |   40|   0|   40|          0|
    |J_9_14_read_reg_7733                         |   40|   0|   40|          0|
    |J_9_15_read_reg_7738                         |   40|   0|   40|          0|
    |J_9_16_read_reg_7743                         |   40|   0|   40|          0|
    |J_9_17_read_reg_7748                         |   40|   0|   40|          0|
    |J_9_18_read_reg_7753                         |   40|   0|   40|          0|
    |J_9_19_read_reg_7758                         |   40|   0|   40|          0|
    |J_9_1_read_reg_7673                          |   40|   0|   40|          0|
    |J_9_20_read_reg_7763                         |   40|   0|   40|          0|
    |J_9_21_read_reg_7768                         |   40|   0|   40|          0|
    |J_9_22_read_reg_7773                         |   40|   0|   40|          0|
    |J_9_23_read_reg_7778                         |   40|   0|   40|          0|
    |J_9_2_read_reg_7678                          |   40|   0|   40|          0|
    |J_9_3_read_reg_7683                          |   40|   0|   40|          0|
    |J_9_4_read_reg_7688                          |   40|   0|   40|          0|
    |J_9_5_read_reg_7693                          |   40|   0|   40|          0|
    |J_9_6_read_reg_7698                          |   40|   0|   40|          0|
    |J_9_7_read_reg_7703                          |   40|   0|   40|          0|
    |J_9_8_read_reg_7708                          |   40|   0|   40|          0|
    |add_ln89_reg_9761                            |   61|   0|   61|          0|
    |ap_CS_fsm                                    |   13|   0|   13|          0|
    |de_reg_9633                                  |   40|   0|   40|          0|
    |grp_local_delta_energy_fu_5073_ap_start_reg  |    1|   0|    1|          0|
    |h_0_read_reg_9393                            |   40|   0|   40|          0|
    |h_10_read_reg_9443                           |   40|   0|   40|          0|
    |h_11_read_reg_9448                           |   40|   0|   40|          0|
    |h_12_read_reg_9453                           |   40|   0|   40|          0|
    |h_13_read_reg_9458                           |   40|   0|   40|          0|
    |h_14_read_reg_9463                           |   40|   0|   40|          0|
    |h_15_read_reg_9468                           |   40|   0|   40|          0|
    |h_16_read_reg_9473                           |   40|   0|   40|          0|
    |h_17_read_reg_9478                           |   40|   0|   40|          0|
    |h_18_read_reg_9483                           |   40|   0|   40|          0|
    |h_19_read_reg_9488                           |   40|   0|   40|          0|
    |h_1_read_reg_9398                            |   40|   0|   40|          0|
    |h_20_read_reg_9493                           |   40|   0|   40|          0|
    |h_21_read_reg_9498                           |   40|   0|   40|          0|
    |h_22_read_reg_9503                           |   40|   0|   40|          0|
    |h_23_read_reg_9508                           |   40|   0|   40|          0|
    |h_2_read_reg_9403                            |   40|   0|   40|          0|
    |h_3_read_reg_9408                            |   40|   0|   40|          0|
    |h_4_read_reg_9413                            |   40|   0|   40|          0|
    |h_5_read_reg_9418                            |   40|   0|   40|          0|
    |h_6_read_reg_9423                            |   40|   0|   40|          0|
    |h_7_read_reg_9428                            |   40|   0|   40|          0|
    |h_8_read_reg_9433                            |   40|   0|   40|          0|
    |h_9_read_reg_9438                            |   40|   0|   40|          0|
    |i_read_reg_6628                              |   32|   0|   32|          0|
    |icmp_ln116_reg_9652                          |    1|   0|    1|          0|
    |icmp_ln59_reg_9687                           |    1|   0|    1|          0|
    |icmp_ln63_reg_9698                           |    1|   0|    1|          0|
    |icmp_ln91_reg_9771                           |    1|   0|    1|          0|
    |icmp_ln95_reg_9766                           |    1|   0|    1|          0|
    |idx_reg_9703                                 |   11|   0|   11|          0|
    |mul_ln89_reg_9756                            |   60|   0|   60|          0|
    |old_energy_read_reg_9646                     |   40|   0|   40|          0|
    |s_0_read_reg_9513                            |    1|   0|    1|          0|
    |s_10_read_reg_9563                           |    1|   0|    1|          0|
    |s_11_read_reg_9568                           |    1|   0|    1|          0|
    |s_12_read_reg_9573                           |    1|   0|    1|          0|
    |s_13_read_reg_9578                           |    1|   0|    1|          0|
    |s_14_read_reg_9583                           |    1|   0|    1|          0|
    |s_15_read_reg_9588                           |    1|   0|    1|          0|
    |s_16_read_reg_9593                           |    1|   0|    1|          0|
    |s_17_read_reg_9598                           |    1|   0|    1|          0|
    |s_18_read_reg_9603                           |    1|   0|    1|          0|
    |s_19_read_reg_9608                           |    1|   0|    1|          0|
    |s_1_read_reg_9518                            |    1|   0|    1|          0|
    |s_20_read_reg_9613                           |    1|   0|    1|          0|
    |s_21_read_reg_9618                           |    1|   0|    1|          0|
    |s_22_read_reg_9623                           |    1|   0|    1|          0|
    |s_23_read_reg_9628                           |    1|   0|    1|          0|
    |s_2_read_reg_9523                            |    1|   0|    1|          0|
    |s_3_read_reg_9528                            |    1|   0|    1|          0|
    |s_4_read_reg_9533                            |    1|   0|    1|          0|
    |s_5_read_reg_9538                            |    1|   0|    1|          0|
    |s_6_read_reg_9543                            |    1|   0|    1|          0|
    |s_7_read_reg_9548                            |    1|   0|    1|          0|
    |s_8_read_reg_9553                            |    1|   0|    1|          0|
    |s_9_read_reg_9558                            |    1|   0|    1|          0|
    |sub_ln84_reg_9715                            |   27|   0|   27|          0|
    |sub_ln89_reg_9741                            |   26|   0|   26|          0|
    |tmp_1_reg_9677                               |    1|   0|    1|          0|
    |tmp_3_reg_9710                               |   26|   0|   26|          0|
    |tmp_4_reg_9730                               |   25|   0|   25|          0|
    |tmp_5_reg_9736                               |   25|   0|   25|          0|
    |tmp_6_reg_9682                               |   11|   0|   11|          0|
    |tmp_reg_9671                                 |   30|   0|   30|          0|
    |trunc_ln75_1_reg_9693                        |   30|   0|   59|         29|
    |u_read_reg_9641                              |   40|   0|   40|          0|
    |x_reg_9666                                   |   40|   0|   40|          0|
    +---------------------------------------------+-----+----+-----+-----------+
    |Total                                        |23608|   0|23637|         29|
    +---------------------------------------------+-----+----+-----+-----------+



================================================================
== Interface
================================================================
* Summary: 
+---------------------+-----+-----+------------+-----------------------+--------------+
|      RTL Ports      | Dir | Bits|  Protocol  |     Source Object     |    C Type    |
+---------------------+-----+-----+------------+-----------------------+--------------+
|ap_clk               |   in|    1|  ap_ctrl_hs|  local_metropolis_step|  return value|
|ap_rst               |   in|    1|  ap_ctrl_hs|  local_metropolis_step|  return value|
|ap_start             |   in|    1|  ap_ctrl_hs|  local_metropolis_step|  return value|
|ap_done              |  out|    1|  ap_ctrl_hs|  local_metropolis_step|  return value|
|ap_idle              |  out|    1|  ap_ctrl_hs|  local_metropolis_step|  return value|
|ap_ready             |  out|    1|  ap_ctrl_hs|  local_metropolis_step|  return value|
|J_0_0                |   in|   40|     ap_none|                  J_0_0|       pointer|
|J_0_1                |   in|   40|     ap_none|                  J_0_1|       pointer|
|J_0_2                |   in|   40|     ap_none|                  J_0_2|       pointer|
|J_0_3                |   in|   40|     ap_none|                  J_0_3|       pointer|
|J_0_4                |   in|   40|     ap_none|                  J_0_4|       pointer|
|J_0_5                |   in|   40|     ap_none|                  J_0_5|       pointer|
|J_0_6                |   in|   40|     ap_none|                  J_0_6|       pointer|
|J_0_7                |   in|   40|     ap_none|                  J_0_7|       pointer|
|J_0_8                |   in|   40|     ap_none|                  J_0_8|       pointer|
|J_0_9                |   in|   40|     ap_none|                  J_0_9|       pointer|
|J_0_10               |   in|   40|     ap_none|                 J_0_10|       pointer|
|J_0_11               |   in|   40|     ap_none|                 J_0_11|       pointer|
|J_0_12               |   in|   40|     ap_none|                 J_0_12|       pointer|
|J_0_13               |   in|   40|     ap_none|                 J_0_13|       pointer|
|J_0_14               |   in|   40|     ap_none|                 J_0_14|       pointer|
|J_0_15               |   in|   40|     ap_none|                 J_0_15|       pointer|
|J_0_16               |   in|   40|     ap_none|                 J_0_16|       pointer|
|J_0_17               |   in|   40|     ap_none|                 J_0_17|       pointer|
|J_0_18               |   in|   40|     ap_none|                 J_0_18|       pointer|
|J_0_19               |   in|   40|     ap_none|                 J_0_19|       pointer|
|J_0_20               |   in|   40|     ap_none|                 J_0_20|       pointer|
|J_0_21               |   in|   40|     ap_none|                 J_0_21|       pointer|
|J_0_22               |   in|   40|     ap_none|                 J_0_22|       pointer|
|J_0_23               |   in|   40|     ap_none|                 J_0_23|       pointer|
|J_1_0                |   in|   40|     ap_none|                  J_1_0|       pointer|
|J_1_1                |   in|   40|     ap_none|                  J_1_1|       pointer|
|J_1_2                |   in|   40|     ap_none|                  J_1_2|       pointer|
|J_1_3                |   in|   40|     ap_none|                  J_1_3|       pointer|
|J_1_4                |   in|   40|     ap_none|                  J_1_4|       pointer|
|J_1_5                |   in|   40|     ap_none|                  J_1_5|       pointer|
|J_1_6                |   in|   40|     ap_none|                  J_1_6|       pointer|
|J_1_7                |   in|   40|     ap_none|                  J_1_7|       pointer|
|J_1_8                |   in|   40|     ap_none|                  J_1_8|       pointer|
|J_1_9                |   in|   40|     ap_none|                  J_1_9|       pointer|
|J_1_10               |   in|   40|     ap_none|                 J_1_10|       pointer|
|J_1_11               |   in|   40|     ap_none|                 J_1_11|       pointer|
|J_1_12               |   in|   40|     ap_none|                 J_1_12|       pointer|
|J_1_13               |   in|   40|     ap_none|                 J_1_13|       pointer|
|J_1_14               |   in|   40|     ap_none|                 J_1_14|       pointer|
|J_1_15               |   in|   40|     ap_none|                 J_1_15|       pointer|
|J_1_16               |   in|   40|     ap_none|                 J_1_16|       pointer|
|J_1_17               |   in|   40|     ap_none|                 J_1_17|       pointer|
|J_1_18               |   in|   40|     ap_none|                 J_1_18|       pointer|
|J_1_19               |   in|   40|     ap_none|                 J_1_19|       pointer|
|J_1_20               |   in|   40|     ap_none|                 J_1_20|       pointer|
|J_1_21               |   in|   40|     ap_none|                 J_1_21|       pointer|
|J_1_22               |   in|   40|     ap_none|                 J_1_22|       pointer|
|J_1_23               |   in|   40|     ap_none|                 J_1_23|       pointer|
|J_2_0                |   in|   40|     ap_none|                  J_2_0|       pointer|
|J_2_1                |   in|   40|     ap_none|                  J_2_1|       pointer|
|J_2_2                |   in|   40|     ap_none|                  J_2_2|       pointer|
|J_2_3                |   in|   40|     ap_none|                  J_2_3|       pointer|
|J_2_4                |   in|   40|     ap_none|                  J_2_4|       pointer|
|J_2_5                |   in|   40|     ap_none|                  J_2_5|       pointer|
|J_2_6                |   in|   40|     ap_none|                  J_2_6|       pointer|
|J_2_7                |   in|   40|     ap_none|                  J_2_7|       pointer|
|J_2_8                |   in|   40|     ap_none|                  J_2_8|       pointer|
|J_2_9                |   in|   40|     ap_none|                  J_2_9|       pointer|
|J_2_10               |   in|   40|     ap_none|                 J_2_10|       pointer|
|J_2_11               |   in|   40|     ap_none|                 J_2_11|       pointer|
|J_2_12               |   in|   40|     ap_none|                 J_2_12|       pointer|
|J_2_13               |   in|   40|     ap_none|                 J_2_13|       pointer|
|J_2_14               |   in|   40|     ap_none|                 J_2_14|       pointer|
|J_2_15               |   in|   40|     ap_none|                 J_2_15|       pointer|
|J_2_16               |   in|   40|     ap_none|                 J_2_16|       pointer|
|J_2_17               |   in|   40|     ap_none|                 J_2_17|       pointer|
|J_2_18               |   in|   40|     ap_none|                 J_2_18|       pointer|
|J_2_19               |   in|   40|     ap_none|                 J_2_19|       pointer|
|J_2_20               |   in|   40|     ap_none|                 J_2_20|       pointer|
|J_2_21               |   in|   40|     ap_none|                 J_2_21|       pointer|
|J_2_22               |   in|   40|     ap_none|                 J_2_22|       pointer|
|J_2_23               |   in|   40|     ap_none|                 J_2_23|       pointer|
|J_3_0                |   in|   40|     ap_none|                  J_3_0|       pointer|
|J_3_1                |   in|   40|     ap_none|                  J_3_1|       pointer|
|J_3_2                |   in|   40|     ap_none|                  J_3_2|       pointer|
|J_3_3                |   in|   40|     ap_none|                  J_3_3|       pointer|
|J_3_4                |   in|   40|     ap_none|                  J_3_4|       pointer|
|J_3_5                |   in|   40|     ap_none|                  J_3_5|       pointer|
|J_3_6                |   in|   40|     ap_none|                  J_3_6|       pointer|
|J_3_7                |   in|   40|     ap_none|                  J_3_7|       pointer|
|J_3_8                |   in|   40|     ap_none|                  J_3_8|       pointer|
|J_3_9                |   in|   40|     ap_none|                  J_3_9|       pointer|
|J_3_10               |   in|   40|     ap_none|                 J_3_10|       pointer|
|J_3_11               |   in|   40|     ap_none|                 J_3_11|       pointer|
|J_3_12               |   in|   40|     ap_none|                 J_3_12|       pointer|
|J_3_13               |   in|   40|     ap_none|                 J_3_13|       pointer|
|J_3_14               |   in|   40|     ap_none|                 J_3_14|       pointer|
|J_3_15               |   in|   40|     ap_none|                 J_3_15|       pointer|
|J_3_16               |   in|   40|     ap_none|                 J_3_16|       pointer|
|J_3_17               |   in|   40|     ap_none|                 J_3_17|       pointer|
|J_3_18               |   in|   40|     ap_none|                 J_3_18|       pointer|
|J_3_19               |   in|   40|     ap_none|                 J_3_19|       pointer|
|J_3_20               |   in|   40|     ap_none|                 J_3_20|       pointer|
|J_3_21               |   in|   40|     ap_none|                 J_3_21|       pointer|
|J_3_22               |   in|   40|     ap_none|                 J_3_22|       pointer|
|J_3_23               |   in|   40|     ap_none|                 J_3_23|       pointer|
|J_4_0                |   in|   40|     ap_none|                  J_4_0|       pointer|
|J_4_1                |   in|   40|     ap_none|                  J_4_1|       pointer|
|J_4_2                |   in|   40|     ap_none|                  J_4_2|       pointer|
|J_4_3                |   in|   40|     ap_none|                  J_4_3|       pointer|
|J_4_4                |   in|   40|     ap_none|                  J_4_4|       pointer|
|J_4_5                |   in|   40|     ap_none|                  J_4_5|       pointer|
|J_4_6                |   in|   40|     ap_none|                  J_4_6|       pointer|
|J_4_7                |   in|   40|     ap_none|                  J_4_7|       pointer|
|J_4_8                |   in|   40|     ap_none|                  J_4_8|       pointer|
|J_4_9                |   in|   40|     ap_none|                  J_4_9|       pointer|
|J_4_10               |   in|   40|     ap_none|                 J_4_10|       pointer|
|J_4_11               |   in|   40|     ap_none|                 J_4_11|       pointer|
|J_4_12               |   in|   40|     ap_none|                 J_4_12|       pointer|
|J_4_13               |   in|   40|     ap_none|                 J_4_13|       pointer|
|J_4_14               |   in|   40|     ap_none|                 J_4_14|       pointer|
|J_4_15               |   in|   40|     ap_none|                 J_4_15|       pointer|
|J_4_16               |   in|   40|     ap_none|                 J_4_16|       pointer|
|J_4_17               |   in|   40|     ap_none|                 J_4_17|       pointer|
|J_4_18               |   in|   40|     ap_none|                 J_4_18|       pointer|
|J_4_19               |   in|   40|     ap_none|                 J_4_19|       pointer|
|J_4_20               |   in|   40|     ap_none|                 J_4_20|       pointer|
|J_4_21               |   in|   40|     ap_none|                 J_4_21|       pointer|
|J_4_22               |   in|   40|     ap_none|                 J_4_22|       pointer|
|J_4_23               |   in|   40|     ap_none|                 J_4_23|       pointer|
|J_5_0                |   in|   40|     ap_none|                  J_5_0|       pointer|
|J_5_1                |   in|   40|     ap_none|                  J_5_1|       pointer|
|J_5_2                |   in|   40|     ap_none|                  J_5_2|       pointer|
|J_5_3                |   in|   40|     ap_none|                  J_5_3|       pointer|
|J_5_4                |   in|   40|     ap_none|                  J_5_4|       pointer|
|J_5_5                |   in|   40|     ap_none|                  J_5_5|       pointer|
|J_5_6                |   in|   40|     ap_none|                  J_5_6|       pointer|
|J_5_7                |   in|   40|     ap_none|                  J_5_7|       pointer|
|J_5_8                |   in|   40|     ap_none|                  J_5_8|       pointer|
|J_5_9                |   in|   40|     ap_none|                  J_5_9|       pointer|
|J_5_10               |   in|   40|     ap_none|                 J_5_10|       pointer|
|J_5_11               |   in|   40|     ap_none|                 J_5_11|       pointer|
|J_5_12               |   in|   40|     ap_none|                 J_5_12|       pointer|
|J_5_13               |   in|   40|     ap_none|                 J_5_13|       pointer|
|J_5_14               |   in|   40|     ap_none|                 J_5_14|       pointer|
|J_5_15               |   in|   40|     ap_none|                 J_5_15|       pointer|
|J_5_16               |   in|   40|     ap_none|                 J_5_16|       pointer|
|J_5_17               |   in|   40|     ap_none|                 J_5_17|       pointer|
|J_5_18               |   in|   40|     ap_none|                 J_5_18|       pointer|
|J_5_19               |   in|   40|     ap_none|                 J_5_19|       pointer|
|J_5_20               |   in|   40|     ap_none|                 J_5_20|       pointer|
|J_5_21               |   in|   40|     ap_none|                 J_5_21|       pointer|
|J_5_22               |   in|   40|     ap_none|                 J_5_22|       pointer|
|J_5_23               |   in|   40|     ap_none|                 J_5_23|       pointer|
|J_6_0                |   in|   40|     ap_none|                  J_6_0|       pointer|
|J_6_1                |   in|   40|     ap_none|                  J_6_1|       pointer|
|J_6_2                |   in|   40|     ap_none|                  J_6_2|       pointer|
|J_6_3                |   in|   40|     ap_none|                  J_6_3|       pointer|
|J_6_4                |   in|   40|     ap_none|                  J_6_4|       pointer|
|J_6_5                |   in|   40|     ap_none|                  J_6_5|       pointer|
|J_6_6                |   in|   40|     ap_none|                  J_6_6|       pointer|
|J_6_7                |   in|   40|     ap_none|                  J_6_7|       pointer|
|J_6_8                |   in|   40|     ap_none|                  J_6_8|       pointer|
|J_6_9                |   in|   40|     ap_none|                  J_6_9|       pointer|
|J_6_10               |   in|   40|     ap_none|                 J_6_10|       pointer|
|J_6_11               |   in|   40|     ap_none|                 J_6_11|       pointer|
|J_6_12               |   in|   40|     ap_none|                 J_6_12|       pointer|
|J_6_13               |   in|   40|     ap_none|                 J_6_13|       pointer|
|J_6_14               |   in|   40|     ap_none|                 J_6_14|       pointer|
|J_6_15               |   in|   40|     ap_none|                 J_6_15|       pointer|
|J_6_16               |   in|   40|     ap_none|                 J_6_16|       pointer|
|J_6_17               |   in|   40|     ap_none|                 J_6_17|       pointer|
|J_6_18               |   in|   40|     ap_none|                 J_6_18|       pointer|
|J_6_19               |   in|   40|     ap_none|                 J_6_19|       pointer|
|J_6_20               |   in|   40|     ap_none|                 J_6_20|       pointer|
|J_6_21               |   in|   40|     ap_none|                 J_6_21|       pointer|
|J_6_22               |   in|   40|     ap_none|                 J_6_22|       pointer|
|J_6_23               |   in|   40|     ap_none|                 J_6_23|       pointer|
|J_7_0                |   in|   40|     ap_none|                  J_7_0|       pointer|
|J_7_1                |   in|   40|     ap_none|                  J_7_1|       pointer|
|J_7_2                |   in|   40|     ap_none|                  J_7_2|       pointer|
|J_7_3                |   in|   40|     ap_none|                  J_7_3|       pointer|
|J_7_4                |   in|   40|     ap_none|                  J_7_4|       pointer|
|J_7_5                |   in|   40|     ap_none|                  J_7_5|       pointer|
|J_7_6                |   in|   40|     ap_none|                  J_7_6|       pointer|
|J_7_7                |   in|   40|     ap_none|                  J_7_7|       pointer|
|J_7_8                |   in|   40|     ap_none|                  J_7_8|       pointer|
|J_7_9                |   in|   40|     ap_none|                  J_7_9|       pointer|
|J_7_10               |   in|   40|     ap_none|                 J_7_10|       pointer|
|J_7_11               |   in|   40|     ap_none|                 J_7_11|       pointer|
|J_7_12               |   in|   40|     ap_none|                 J_7_12|       pointer|
|J_7_13               |   in|   40|     ap_none|                 J_7_13|       pointer|
|J_7_14               |   in|   40|     ap_none|                 J_7_14|       pointer|
|J_7_15               |   in|   40|     ap_none|                 J_7_15|       pointer|
|J_7_16               |   in|   40|     ap_none|                 J_7_16|       pointer|
|J_7_17               |   in|   40|     ap_none|                 J_7_17|       pointer|
|J_7_18               |   in|   40|     ap_none|                 J_7_18|       pointer|
|J_7_19               |   in|   40|     ap_none|                 J_7_19|       pointer|
|J_7_20               |   in|   40|     ap_none|                 J_7_20|       pointer|
|J_7_21               |   in|   40|     ap_none|                 J_7_21|       pointer|
|J_7_22               |   in|   40|     ap_none|                 J_7_22|       pointer|
|J_7_23               |   in|   40|     ap_none|                 J_7_23|       pointer|
|J_8_0                |   in|   40|     ap_none|                  J_8_0|       pointer|
|J_8_1                |   in|   40|     ap_none|                  J_8_1|       pointer|
|J_8_2                |   in|   40|     ap_none|                  J_8_2|       pointer|
|J_8_3                |   in|   40|     ap_none|                  J_8_3|       pointer|
|J_8_4                |   in|   40|     ap_none|                  J_8_4|       pointer|
|J_8_5                |   in|   40|     ap_none|                  J_8_5|       pointer|
|J_8_6                |   in|   40|     ap_none|                  J_8_6|       pointer|
|J_8_7                |   in|   40|     ap_none|                  J_8_7|       pointer|
|J_8_8                |   in|   40|     ap_none|                  J_8_8|       pointer|
|J_8_9                |   in|   40|     ap_none|                  J_8_9|       pointer|
|J_8_10               |   in|   40|     ap_none|                 J_8_10|       pointer|
|J_8_11               |   in|   40|     ap_none|                 J_8_11|       pointer|
|J_8_12               |   in|   40|     ap_none|                 J_8_12|       pointer|
|J_8_13               |   in|   40|     ap_none|                 J_8_13|       pointer|
|J_8_14               |   in|   40|     ap_none|                 J_8_14|       pointer|
|J_8_15               |   in|   40|     ap_none|                 J_8_15|       pointer|
|J_8_16               |   in|   40|     ap_none|                 J_8_16|       pointer|
|J_8_17               |   in|   40|     ap_none|                 J_8_17|       pointer|
|J_8_18               |   in|   40|     ap_none|                 J_8_18|       pointer|
|J_8_19               |   in|   40|     ap_none|                 J_8_19|       pointer|
|J_8_20               |   in|   40|     ap_none|                 J_8_20|       pointer|
|J_8_21               |   in|   40|     ap_none|                 J_8_21|       pointer|
|J_8_22               |   in|   40|     ap_none|                 J_8_22|       pointer|
|J_8_23               |   in|   40|     ap_none|                 J_8_23|       pointer|
|J_9_0                |   in|   40|     ap_none|                  J_9_0|       pointer|
|J_9_1                |   in|   40|     ap_none|                  J_9_1|       pointer|
|J_9_2                |   in|   40|     ap_none|                  J_9_2|       pointer|
|J_9_3                |   in|   40|     ap_none|                  J_9_3|       pointer|
|J_9_4                |   in|   40|     ap_none|                  J_9_4|       pointer|
|J_9_5                |   in|   40|     ap_none|                  J_9_5|       pointer|
|J_9_6                |   in|   40|     ap_none|                  J_9_6|       pointer|
|J_9_7                |   in|   40|     ap_none|                  J_9_7|       pointer|
|J_9_8                |   in|   40|     ap_none|                  J_9_8|       pointer|
|J_9_9                |   in|   40|     ap_none|                  J_9_9|       pointer|
|J_9_10               |   in|   40|     ap_none|                 J_9_10|       pointer|
|J_9_11               |   in|   40|     ap_none|                 J_9_11|       pointer|
|J_9_12               |   in|   40|     ap_none|                 J_9_12|       pointer|
|J_9_13               |   in|   40|     ap_none|                 J_9_13|       pointer|
|J_9_14               |   in|   40|     ap_none|                 J_9_14|       pointer|
|J_9_15               |   in|   40|     ap_none|                 J_9_15|       pointer|
|J_9_16               |   in|   40|     ap_none|                 J_9_16|       pointer|
|J_9_17               |   in|   40|     ap_none|                 J_9_17|       pointer|
|J_9_18               |   in|   40|     ap_none|                 J_9_18|       pointer|
|J_9_19               |   in|   40|     ap_none|                 J_9_19|       pointer|
|J_9_20               |   in|   40|     ap_none|                 J_9_20|       pointer|
|J_9_21               |   in|   40|     ap_none|                 J_9_21|       pointer|
|J_9_22               |   in|   40|     ap_none|                 J_9_22|       pointer|
|J_9_23               |   in|   40|     ap_none|                 J_9_23|       pointer|
|J_10_0               |   in|   40|     ap_none|                 J_10_0|       pointer|
|J_10_1               |   in|   40|     ap_none|                 J_10_1|       pointer|
|J_10_2               |   in|   40|     ap_none|                 J_10_2|       pointer|
|J_10_3               |   in|   40|     ap_none|                 J_10_3|       pointer|
|J_10_4               |   in|   40|     ap_none|                 J_10_4|       pointer|
|J_10_5               |   in|   40|     ap_none|                 J_10_5|       pointer|
|J_10_6               |   in|   40|     ap_none|                 J_10_6|       pointer|
|J_10_7               |   in|   40|     ap_none|                 J_10_7|       pointer|
|J_10_8               |   in|   40|     ap_none|                 J_10_8|       pointer|
|J_10_9               |   in|   40|     ap_none|                 J_10_9|       pointer|
|J_10_10              |   in|   40|     ap_none|                J_10_10|       pointer|
|J_10_11              |   in|   40|     ap_none|                J_10_11|       pointer|
|J_10_12              |   in|   40|     ap_none|                J_10_12|       pointer|
|J_10_13              |   in|   40|     ap_none|                J_10_13|       pointer|
|J_10_14              |   in|   40|     ap_none|                J_10_14|       pointer|
|J_10_15              |   in|   40|     ap_none|                J_10_15|       pointer|
|J_10_16              |   in|   40|     ap_none|                J_10_16|       pointer|
|J_10_17              |   in|   40|     ap_none|                J_10_17|       pointer|
|J_10_18              |   in|   40|     ap_none|                J_10_18|       pointer|
|J_10_19              |   in|   40|     ap_none|                J_10_19|       pointer|
|J_10_20              |   in|   40|     ap_none|                J_10_20|       pointer|
|J_10_21              |   in|   40|     ap_none|                J_10_21|       pointer|
|J_10_22              |   in|   40|     ap_none|                J_10_22|       pointer|
|J_10_23              |   in|   40|     ap_none|                J_10_23|       pointer|
|J_11_0               |   in|   40|     ap_none|                 J_11_0|       pointer|
|J_11_1               |   in|   40|     ap_none|                 J_11_1|       pointer|
|J_11_2               |   in|   40|     ap_none|                 J_11_2|       pointer|
|J_11_3               |   in|   40|     ap_none|                 J_11_3|       pointer|
|J_11_4               |   in|   40|     ap_none|                 J_11_4|       pointer|
|J_11_5               |   in|   40|     ap_none|                 J_11_5|       pointer|
|J_11_6               |   in|   40|     ap_none|                 J_11_6|       pointer|
|J_11_7               |   in|   40|     ap_none|                 J_11_7|       pointer|
|J_11_8               |   in|   40|     ap_none|                 J_11_8|       pointer|
|J_11_9               |   in|   40|     ap_none|                 J_11_9|       pointer|
|J_11_10              |   in|   40|     ap_none|                J_11_10|       pointer|
|J_11_11              |   in|   40|     ap_none|                J_11_11|       pointer|
|J_11_12              |   in|   40|     ap_none|                J_11_12|       pointer|
|J_11_13              |   in|   40|     ap_none|                J_11_13|       pointer|
|J_11_14              |   in|   40|     ap_none|                J_11_14|       pointer|
|J_11_15              |   in|   40|     ap_none|                J_11_15|       pointer|
|J_11_16              |   in|   40|     ap_none|                J_11_16|       pointer|
|J_11_17              |   in|   40|     ap_none|                J_11_17|       pointer|
|J_11_18              |   in|   40|     ap_none|                J_11_18|       pointer|
|J_11_19              |   in|   40|     ap_none|                J_11_19|       pointer|
|J_11_20              |   in|   40|     ap_none|                J_11_20|       pointer|
|J_11_21              |   in|   40|     ap_none|                J_11_21|       pointer|
|J_11_22              |   in|   40|     ap_none|                J_11_22|       pointer|
|J_11_23              |   in|   40|     ap_none|                J_11_23|       pointer|
|J_12_0               |   in|   40|     ap_none|                 J_12_0|       pointer|
|J_12_1               |   in|   40|     ap_none|                 J_12_1|       pointer|
|J_12_2               |   in|   40|     ap_none|                 J_12_2|       pointer|
|J_12_3               |   in|   40|     ap_none|                 J_12_3|       pointer|
|J_12_4               |   in|   40|     ap_none|                 J_12_4|       pointer|
|J_12_5               |   in|   40|     ap_none|                 J_12_5|       pointer|
|J_12_6               |   in|   40|     ap_none|                 J_12_6|       pointer|
|J_12_7               |   in|   40|     ap_none|                 J_12_7|       pointer|
|J_12_8               |   in|   40|     ap_none|                 J_12_8|       pointer|
|J_12_9               |   in|   40|     ap_none|                 J_12_9|       pointer|
|J_12_10              |   in|   40|     ap_none|                J_12_10|       pointer|
|J_12_11              |   in|   40|     ap_none|                J_12_11|       pointer|
|J_12_12              |   in|   40|     ap_none|                J_12_12|       pointer|
|J_12_13              |   in|   40|     ap_none|                J_12_13|       pointer|
|J_12_14              |   in|   40|     ap_none|                J_12_14|       pointer|
|J_12_15              |   in|   40|     ap_none|                J_12_15|       pointer|
|J_12_16              |   in|   40|     ap_none|                J_12_16|       pointer|
|J_12_17              |   in|   40|     ap_none|                J_12_17|       pointer|
|J_12_18              |   in|   40|     ap_none|                J_12_18|       pointer|
|J_12_19              |   in|   40|     ap_none|                J_12_19|       pointer|
|J_12_20              |   in|   40|     ap_none|                J_12_20|       pointer|
|J_12_21              |   in|   40|     ap_none|                J_12_21|       pointer|
|J_12_22              |   in|   40|     ap_none|                J_12_22|       pointer|
|J_12_23              |   in|   40|     ap_none|                J_12_23|       pointer|
|J_13_0               |   in|   40|     ap_none|                 J_13_0|       pointer|
|J_13_1               |   in|   40|     ap_none|                 J_13_1|       pointer|
|J_13_2               |   in|   40|     ap_none|                 J_13_2|       pointer|
|J_13_3               |   in|   40|     ap_none|                 J_13_3|       pointer|
|J_13_4               |   in|   40|     ap_none|                 J_13_4|       pointer|
|J_13_5               |   in|   40|     ap_none|                 J_13_5|       pointer|
|J_13_6               |   in|   40|     ap_none|                 J_13_6|       pointer|
|J_13_7               |   in|   40|     ap_none|                 J_13_7|       pointer|
|J_13_8               |   in|   40|     ap_none|                 J_13_8|       pointer|
|J_13_9               |   in|   40|     ap_none|                 J_13_9|       pointer|
|J_13_10              |   in|   40|     ap_none|                J_13_10|       pointer|
|J_13_11              |   in|   40|     ap_none|                J_13_11|       pointer|
|J_13_12              |   in|   40|     ap_none|                J_13_12|       pointer|
|J_13_13              |   in|   40|     ap_none|                J_13_13|       pointer|
|J_13_14              |   in|   40|     ap_none|                J_13_14|       pointer|
|J_13_15              |   in|   40|     ap_none|                J_13_15|       pointer|
|J_13_16              |   in|   40|     ap_none|                J_13_16|       pointer|
|J_13_17              |   in|   40|     ap_none|                J_13_17|       pointer|
|J_13_18              |   in|   40|     ap_none|                J_13_18|       pointer|
|J_13_19              |   in|   40|     ap_none|                J_13_19|       pointer|
|J_13_20              |   in|   40|     ap_none|                J_13_20|       pointer|
|J_13_21              |   in|   40|     ap_none|                J_13_21|       pointer|
|J_13_22              |   in|   40|     ap_none|                J_13_22|       pointer|
|J_13_23              |   in|   40|     ap_none|                J_13_23|       pointer|
|J_14_0               |   in|   40|     ap_none|                 J_14_0|       pointer|
|J_14_1               |   in|   40|     ap_none|                 J_14_1|       pointer|
|J_14_2               |   in|   40|     ap_none|                 J_14_2|       pointer|
|J_14_3               |   in|   40|     ap_none|                 J_14_3|       pointer|
|J_14_4               |   in|   40|     ap_none|                 J_14_4|       pointer|
|J_14_5               |   in|   40|     ap_none|                 J_14_5|       pointer|
|J_14_6               |   in|   40|     ap_none|                 J_14_6|       pointer|
|J_14_7               |   in|   40|     ap_none|                 J_14_7|       pointer|
|J_14_8               |   in|   40|     ap_none|                 J_14_8|       pointer|
|J_14_9               |   in|   40|     ap_none|                 J_14_9|       pointer|
|J_14_10              |   in|   40|     ap_none|                J_14_10|       pointer|
|J_14_11              |   in|   40|     ap_none|                J_14_11|       pointer|
|J_14_12              |   in|   40|     ap_none|                J_14_12|       pointer|
|J_14_13              |   in|   40|     ap_none|                J_14_13|       pointer|
|J_14_14              |   in|   40|     ap_none|                J_14_14|       pointer|
|J_14_15              |   in|   40|     ap_none|                J_14_15|       pointer|
|J_14_16              |   in|   40|     ap_none|                J_14_16|       pointer|
|J_14_17              |   in|   40|     ap_none|                J_14_17|       pointer|
|J_14_18              |   in|   40|     ap_none|                J_14_18|       pointer|
|J_14_19              |   in|   40|     ap_none|                J_14_19|       pointer|
|J_14_20              |   in|   40|     ap_none|                J_14_20|       pointer|
|J_14_21              |   in|   40|     ap_none|                J_14_21|       pointer|
|J_14_22              |   in|   40|     ap_none|                J_14_22|       pointer|
|J_14_23              |   in|   40|     ap_none|                J_14_23|       pointer|
|J_15_0               |   in|   40|     ap_none|                 J_15_0|       pointer|
|J_15_1               |   in|   40|     ap_none|                 J_15_1|       pointer|
|J_15_2               |   in|   40|     ap_none|                 J_15_2|       pointer|
|J_15_3               |   in|   40|     ap_none|                 J_15_3|       pointer|
|J_15_4               |   in|   40|     ap_none|                 J_15_4|       pointer|
|J_15_5               |   in|   40|     ap_none|                 J_15_5|       pointer|
|J_15_6               |   in|   40|     ap_none|                 J_15_6|       pointer|
|J_15_7               |   in|   40|     ap_none|                 J_15_7|       pointer|
|J_15_8               |   in|   40|     ap_none|                 J_15_8|       pointer|
|J_15_9               |   in|   40|     ap_none|                 J_15_9|       pointer|
|J_15_10              |   in|   40|     ap_none|                J_15_10|       pointer|
|J_15_11              |   in|   40|     ap_none|                J_15_11|       pointer|
|J_15_12              |   in|   40|     ap_none|                J_15_12|       pointer|
|J_15_13              |   in|   40|     ap_none|                J_15_13|       pointer|
|J_15_14              |   in|   40|     ap_none|                J_15_14|       pointer|
|J_15_15              |   in|   40|     ap_none|                J_15_15|       pointer|
|J_15_16              |   in|   40|     ap_none|                J_15_16|       pointer|
|J_15_17              |   in|   40|     ap_none|                J_15_17|       pointer|
|J_15_18              |   in|   40|     ap_none|                J_15_18|       pointer|
|J_15_19              |   in|   40|     ap_none|                J_15_19|       pointer|
|J_15_20              |   in|   40|     ap_none|                J_15_20|       pointer|
|J_15_21              |   in|   40|     ap_none|                J_15_21|       pointer|
|J_15_22              |   in|   40|     ap_none|                J_15_22|       pointer|
|J_15_23              |   in|   40|     ap_none|                J_15_23|       pointer|
|J_16_0               |   in|   40|     ap_none|                 J_16_0|       pointer|
|J_16_1               |   in|   40|     ap_none|                 J_16_1|       pointer|
|J_16_2               |   in|   40|     ap_none|                 J_16_2|       pointer|
|J_16_3               |   in|   40|     ap_none|                 J_16_3|       pointer|
|J_16_4               |   in|   40|     ap_none|                 J_16_4|       pointer|
|J_16_5               |   in|   40|     ap_none|                 J_16_5|       pointer|
|J_16_6               |   in|   40|     ap_none|                 J_16_6|       pointer|
|J_16_7               |   in|   40|     ap_none|                 J_16_7|       pointer|
|J_16_8               |   in|   40|     ap_none|                 J_16_8|       pointer|
|J_16_9               |   in|   40|     ap_none|                 J_16_9|       pointer|
|J_16_10              |   in|   40|     ap_none|                J_16_10|       pointer|
|J_16_11              |   in|   40|     ap_none|                J_16_11|       pointer|
|J_16_12              |   in|   40|     ap_none|                J_16_12|       pointer|
|J_16_13              |   in|   40|     ap_none|                J_16_13|       pointer|
|J_16_14              |   in|   40|     ap_none|                J_16_14|       pointer|
|J_16_15              |   in|   40|     ap_none|                J_16_15|       pointer|
|J_16_16              |   in|   40|     ap_none|                J_16_16|       pointer|
|J_16_17              |   in|   40|     ap_none|                J_16_17|       pointer|
|J_16_18              |   in|   40|     ap_none|                J_16_18|       pointer|
|J_16_19              |   in|   40|     ap_none|                J_16_19|       pointer|
|J_16_20              |   in|   40|     ap_none|                J_16_20|       pointer|
|J_16_21              |   in|   40|     ap_none|                J_16_21|       pointer|
|J_16_22              |   in|   40|     ap_none|                J_16_22|       pointer|
|J_16_23              |   in|   40|     ap_none|                J_16_23|       pointer|
|J_17_0               |   in|   40|     ap_none|                 J_17_0|       pointer|
|J_17_1               |   in|   40|     ap_none|                 J_17_1|       pointer|
|J_17_2               |   in|   40|     ap_none|                 J_17_2|       pointer|
|J_17_3               |   in|   40|     ap_none|                 J_17_3|       pointer|
|J_17_4               |   in|   40|     ap_none|                 J_17_4|       pointer|
|J_17_5               |   in|   40|     ap_none|                 J_17_5|       pointer|
|J_17_6               |   in|   40|     ap_none|                 J_17_6|       pointer|
|J_17_7               |   in|   40|     ap_none|                 J_17_7|       pointer|
|J_17_8               |   in|   40|     ap_none|                 J_17_8|       pointer|
|J_17_9               |   in|   40|     ap_none|                 J_17_9|       pointer|
|J_17_10              |   in|   40|     ap_none|                J_17_10|       pointer|
|J_17_11              |   in|   40|     ap_none|                J_17_11|       pointer|
|J_17_12              |   in|   40|     ap_none|                J_17_12|       pointer|
|J_17_13              |   in|   40|     ap_none|                J_17_13|       pointer|
|J_17_14              |   in|   40|     ap_none|                J_17_14|       pointer|
|J_17_15              |   in|   40|     ap_none|                J_17_15|       pointer|
|J_17_16              |   in|   40|     ap_none|                J_17_16|       pointer|
|J_17_17              |   in|   40|     ap_none|                J_17_17|       pointer|
|J_17_18              |   in|   40|     ap_none|                J_17_18|       pointer|
|J_17_19              |   in|   40|     ap_none|                J_17_19|       pointer|
|J_17_20              |   in|   40|     ap_none|                J_17_20|       pointer|
|J_17_21              |   in|   40|     ap_none|                J_17_21|       pointer|
|J_17_22              |   in|   40|     ap_none|                J_17_22|       pointer|
|J_17_23              |   in|   40|     ap_none|                J_17_23|       pointer|
|J_18_0               |   in|   40|     ap_none|                 J_18_0|       pointer|
|J_18_1               |   in|   40|     ap_none|                 J_18_1|       pointer|
|J_18_2               |   in|   40|     ap_none|                 J_18_2|       pointer|
|J_18_3               |   in|   40|     ap_none|                 J_18_3|       pointer|
|J_18_4               |   in|   40|     ap_none|                 J_18_4|       pointer|
|J_18_5               |   in|   40|     ap_none|                 J_18_5|       pointer|
|J_18_6               |   in|   40|     ap_none|                 J_18_6|       pointer|
|J_18_7               |   in|   40|     ap_none|                 J_18_7|       pointer|
|J_18_8               |   in|   40|     ap_none|                 J_18_8|       pointer|
|J_18_9               |   in|   40|     ap_none|                 J_18_9|       pointer|
|J_18_10              |   in|   40|     ap_none|                J_18_10|       pointer|
|J_18_11              |   in|   40|     ap_none|                J_18_11|       pointer|
|J_18_12              |   in|   40|     ap_none|                J_18_12|       pointer|
|J_18_13              |   in|   40|     ap_none|                J_18_13|       pointer|
|J_18_14              |   in|   40|     ap_none|                J_18_14|       pointer|
|J_18_15              |   in|   40|     ap_none|                J_18_15|       pointer|
|J_18_16              |   in|   40|     ap_none|                J_18_16|       pointer|
|J_18_17              |   in|   40|     ap_none|                J_18_17|       pointer|
|J_18_18              |   in|   40|     ap_none|                J_18_18|       pointer|
|J_18_19              |   in|   40|     ap_none|                J_18_19|       pointer|
|J_18_20              |   in|   40|     ap_none|                J_18_20|       pointer|
|J_18_21              |   in|   40|     ap_none|                J_18_21|       pointer|
|J_18_22              |   in|   40|     ap_none|                J_18_22|       pointer|
|J_18_23              |   in|   40|     ap_none|                J_18_23|       pointer|
|J_19_0               |   in|   40|     ap_none|                 J_19_0|       pointer|
|J_19_1               |   in|   40|     ap_none|                 J_19_1|       pointer|
|J_19_2               |   in|   40|     ap_none|                 J_19_2|       pointer|
|J_19_3               |   in|   40|     ap_none|                 J_19_3|       pointer|
|J_19_4               |   in|   40|     ap_none|                 J_19_4|       pointer|
|J_19_5               |   in|   40|     ap_none|                 J_19_5|       pointer|
|J_19_6               |   in|   40|     ap_none|                 J_19_6|       pointer|
|J_19_7               |   in|   40|     ap_none|                 J_19_7|       pointer|
|J_19_8               |   in|   40|     ap_none|                 J_19_8|       pointer|
|J_19_9               |   in|   40|     ap_none|                 J_19_9|       pointer|
|J_19_10              |   in|   40|     ap_none|                J_19_10|       pointer|
|J_19_11              |   in|   40|     ap_none|                J_19_11|       pointer|
|J_19_12              |   in|   40|     ap_none|                J_19_12|       pointer|
|J_19_13              |   in|   40|     ap_none|                J_19_13|       pointer|
|J_19_14              |   in|   40|     ap_none|                J_19_14|       pointer|
|J_19_15              |   in|   40|     ap_none|                J_19_15|       pointer|
|J_19_16              |   in|   40|     ap_none|                J_19_16|       pointer|
|J_19_17              |   in|   40|     ap_none|                J_19_17|       pointer|
|J_19_18              |   in|   40|     ap_none|                J_19_18|       pointer|
|J_19_19              |   in|   40|     ap_none|                J_19_19|       pointer|
|J_19_20              |   in|   40|     ap_none|                J_19_20|       pointer|
|J_19_21              |   in|   40|     ap_none|                J_19_21|       pointer|
|J_19_22              |   in|   40|     ap_none|                J_19_22|       pointer|
|J_19_23              |   in|   40|     ap_none|                J_19_23|       pointer|
|J_20_0               |   in|   40|     ap_none|                 J_20_0|       pointer|
|J_20_1               |   in|   40|     ap_none|                 J_20_1|       pointer|
|J_20_2               |   in|   40|     ap_none|                 J_20_2|       pointer|
|J_20_3               |   in|   40|     ap_none|                 J_20_3|       pointer|
|J_20_4               |   in|   40|     ap_none|                 J_20_4|       pointer|
|J_20_5               |   in|   40|     ap_none|                 J_20_5|       pointer|
|J_20_6               |   in|   40|     ap_none|                 J_20_6|       pointer|
|J_20_7               |   in|   40|     ap_none|                 J_20_7|       pointer|
|J_20_8               |   in|   40|     ap_none|                 J_20_8|       pointer|
|J_20_9               |   in|   40|     ap_none|                 J_20_9|       pointer|
|J_20_10              |   in|   40|     ap_none|                J_20_10|       pointer|
|J_20_11              |   in|   40|     ap_none|                J_20_11|       pointer|
|J_20_12              |   in|   40|     ap_none|                J_20_12|       pointer|
|J_20_13              |   in|   40|     ap_none|                J_20_13|       pointer|
|J_20_14              |   in|   40|     ap_none|                J_20_14|       pointer|
|J_20_15              |   in|   40|     ap_none|                J_20_15|       pointer|
|J_20_16              |   in|   40|     ap_none|                J_20_16|       pointer|
|J_20_17              |   in|   40|     ap_none|                J_20_17|       pointer|
|J_20_18              |   in|   40|     ap_none|                J_20_18|       pointer|
|J_20_19              |   in|   40|     ap_none|                J_20_19|       pointer|
|J_20_20              |   in|   40|     ap_none|                J_20_20|       pointer|
|J_20_21              |   in|   40|     ap_none|                J_20_21|       pointer|
|J_20_22              |   in|   40|     ap_none|                J_20_22|       pointer|
|J_20_23              |   in|   40|     ap_none|                J_20_23|       pointer|
|J_21_0               |   in|   40|     ap_none|                 J_21_0|       pointer|
|J_21_1               |   in|   40|     ap_none|                 J_21_1|       pointer|
|J_21_2               |   in|   40|     ap_none|                 J_21_2|       pointer|
|J_21_3               |   in|   40|     ap_none|                 J_21_3|       pointer|
|J_21_4               |   in|   40|     ap_none|                 J_21_4|       pointer|
|J_21_5               |   in|   40|     ap_none|                 J_21_5|       pointer|
|J_21_6               |   in|   40|     ap_none|                 J_21_6|       pointer|
|J_21_7               |   in|   40|     ap_none|                 J_21_7|       pointer|
|J_21_8               |   in|   40|     ap_none|                 J_21_8|       pointer|
|J_21_9               |   in|   40|     ap_none|                 J_21_9|       pointer|
|J_21_10              |   in|   40|     ap_none|                J_21_10|       pointer|
|J_21_11              |   in|   40|     ap_none|                J_21_11|       pointer|
|J_21_12              |   in|   40|     ap_none|                J_21_12|       pointer|
|J_21_13              |   in|   40|     ap_none|                J_21_13|       pointer|
|J_21_14              |   in|   40|     ap_none|                J_21_14|       pointer|
|J_21_15              |   in|   40|     ap_none|                J_21_15|       pointer|
|J_21_16              |   in|   40|     ap_none|                J_21_16|       pointer|
|J_21_17              |   in|   40|     ap_none|                J_21_17|       pointer|
|J_21_18              |   in|   40|     ap_none|                J_21_18|       pointer|
|J_21_19              |   in|   40|     ap_none|                J_21_19|       pointer|
|J_21_20              |   in|   40|     ap_none|                J_21_20|       pointer|
|J_21_21              |   in|   40|     ap_none|                J_21_21|       pointer|
|J_21_22              |   in|   40|     ap_none|                J_21_22|       pointer|
|J_21_23              |   in|   40|     ap_none|                J_21_23|       pointer|
|J_22_0               |   in|   40|     ap_none|                 J_22_0|       pointer|
|J_22_1               |   in|   40|     ap_none|                 J_22_1|       pointer|
|J_22_2               |   in|   40|     ap_none|                 J_22_2|       pointer|
|J_22_3               |   in|   40|     ap_none|                 J_22_3|       pointer|
|J_22_4               |   in|   40|     ap_none|                 J_22_4|       pointer|
|J_22_5               |   in|   40|     ap_none|                 J_22_5|       pointer|
|J_22_6               |   in|   40|     ap_none|                 J_22_6|       pointer|
|J_22_7               |   in|   40|     ap_none|                 J_22_7|       pointer|
|J_22_8               |   in|   40|     ap_none|                 J_22_8|       pointer|
|J_22_9               |   in|   40|     ap_none|                 J_22_9|       pointer|
|J_22_10              |   in|   40|     ap_none|                J_22_10|       pointer|
|J_22_11              |   in|   40|     ap_none|                J_22_11|       pointer|
|J_22_12              |   in|   40|     ap_none|                J_22_12|       pointer|
|J_22_13              |   in|   40|     ap_none|                J_22_13|       pointer|
|J_22_14              |   in|   40|     ap_none|                J_22_14|       pointer|
|J_22_15              |   in|   40|     ap_none|                J_22_15|       pointer|
|J_22_16              |   in|   40|     ap_none|                J_22_16|       pointer|
|J_22_17              |   in|   40|     ap_none|                J_22_17|       pointer|
|J_22_18              |   in|   40|     ap_none|                J_22_18|       pointer|
|J_22_19              |   in|   40|     ap_none|                J_22_19|       pointer|
|J_22_20              |   in|   40|     ap_none|                J_22_20|       pointer|
|J_22_21              |   in|   40|     ap_none|                J_22_21|       pointer|
|J_22_22              |   in|   40|     ap_none|                J_22_22|       pointer|
|J_22_23              |   in|   40|     ap_none|                J_22_23|       pointer|
|J_23_0               |   in|   40|     ap_none|                 J_23_0|       pointer|
|J_23_1               |   in|   40|     ap_none|                 J_23_1|       pointer|
|J_23_2               |   in|   40|     ap_none|                 J_23_2|       pointer|
|J_23_3               |   in|   40|     ap_none|                 J_23_3|       pointer|
|J_23_4               |   in|   40|     ap_none|                 J_23_4|       pointer|
|J_23_5               |   in|   40|     ap_none|                 J_23_5|       pointer|
|J_23_6               |   in|   40|     ap_none|                 J_23_6|       pointer|
|J_23_7               |   in|   40|     ap_none|                 J_23_7|       pointer|
|J_23_8               |   in|   40|     ap_none|                 J_23_8|       pointer|
|J_23_9               |   in|   40|     ap_none|                 J_23_9|       pointer|
|J_23_10              |   in|   40|     ap_none|                J_23_10|       pointer|
|J_23_11              |   in|   40|     ap_none|                J_23_11|       pointer|
|J_23_12              |   in|   40|     ap_none|                J_23_12|       pointer|
|J_23_13              |   in|   40|     ap_none|                J_23_13|       pointer|
|J_23_14              |   in|   40|     ap_none|                J_23_14|       pointer|
|J_23_15              |   in|   40|     ap_none|                J_23_15|       pointer|
|J_23_16              |   in|   40|     ap_none|                J_23_16|       pointer|
|J_23_17              |   in|   40|     ap_none|                J_23_17|       pointer|
|J_23_18              |   in|   40|     ap_none|                J_23_18|       pointer|
|J_23_19              |   in|   40|     ap_none|                J_23_19|       pointer|
|J_23_20              |   in|   40|     ap_none|                J_23_20|       pointer|
|J_23_21              |   in|   40|     ap_none|                J_23_21|       pointer|
|J_23_22              |   in|   40|     ap_none|                J_23_22|       pointer|
|J_23_23              |   in|   40|     ap_none|                J_23_23|       pointer|
|h_0                  |   in|   40|     ap_none|                    h_0|       pointer|
|h_1                  |   in|   40|     ap_none|                    h_1|       pointer|
|h_2                  |   in|   40|     ap_none|                    h_2|       pointer|
|h_3                  |   in|   40|     ap_none|                    h_3|       pointer|
|h_4                  |   in|   40|     ap_none|                    h_4|       pointer|
|h_5                  |   in|   40|     ap_none|                    h_5|       pointer|
|h_6                  |   in|   40|     ap_none|                    h_6|       pointer|
|h_7                  |   in|   40|     ap_none|                    h_7|       pointer|
|h_8                  |   in|   40|     ap_none|                    h_8|       pointer|
|h_9                  |   in|   40|     ap_none|                    h_9|       pointer|
|h_10                 |   in|   40|     ap_none|                   h_10|       pointer|
|h_11                 |   in|   40|     ap_none|                   h_11|       pointer|
|h_12                 |   in|   40|     ap_none|                   h_12|       pointer|
|h_13                 |   in|   40|     ap_none|                   h_13|       pointer|
|h_14                 |   in|   40|     ap_none|                   h_14|       pointer|
|h_15                 |   in|   40|     ap_none|                   h_15|       pointer|
|h_16                 |   in|   40|     ap_none|                   h_16|       pointer|
|h_17                 |   in|   40|     ap_none|                   h_17|       pointer|
|h_18                 |   in|   40|     ap_none|                   h_18|       pointer|
|h_19                 |   in|   40|     ap_none|                   h_19|       pointer|
|h_20                 |   in|   40|     ap_none|                   h_20|       pointer|
|h_21                 |   in|   40|     ap_none|                   h_21|       pointer|
|h_22                 |   in|   40|     ap_none|                   h_22|       pointer|
|h_23                 |   in|   40|     ap_none|                   h_23|       pointer|
|s_0                  |   in|    1|     ap_none|                    s_0|       pointer|
|s_1                  |   in|    1|     ap_none|                    s_1|       pointer|
|s_2                  |   in|    1|     ap_none|                    s_2|       pointer|
|s_3                  |   in|    1|     ap_none|                    s_3|       pointer|
|s_4                  |   in|    1|     ap_none|                    s_4|       pointer|
|s_5                  |   in|    1|     ap_none|                    s_5|       pointer|
|s_6                  |   in|    1|     ap_none|                    s_6|       pointer|
|s_7                  |   in|    1|     ap_none|                    s_7|       pointer|
|s_8                  |   in|    1|     ap_none|                    s_8|       pointer|
|s_9                  |   in|    1|     ap_none|                    s_9|       pointer|
|s_10                 |   in|    1|     ap_none|                   s_10|       pointer|
|s_11                 |   in|    1|     ap_none|                   s_11|       pointer|
|s_12                 |   in|    1|     ap_none|                   s_12|       pointer|
|s_13                 |   in|    1|     ap_none|                   s_13|       pointer|
|s_14                 |   in|    1|     ap_none|                   s_14|       pointer|
|s_15                 |   in|    1|     ap_none|                   s_15|       pointer|
|s_16                 |   in|    1|     ap_none|                   s_16|       pointer|
|s_17                 |   in|    1|     ap_none|                   s_17|       pointer|
|s_18                 |   in|    1|     ap_none|                   s_18|       pointer|
|s_19                 |   in|    1|     ap_none|                   s_19|       pointer|
|s_20                 |   in|    1|     ap_none|                   s_20|       pointer|
|s_21                 |   in|    1|     ap_none|                   s_21|       pointer|
|s_22                 |   in|    1|     ap_none|                   s_22|       pointer|
|s_23                 |   in|    1|     ap_none|                   s_23|       pointer|
|i                    |   in|   32|     ap_none|                      i|        scalar|
|old_energy           |   in|   40|     ap_none|             old_energy|        scalar|
|beta                 |   in|   40|     ap_none|                   beta|        scalar|
|u                    |   in|   40|     ap_none|                      u|        scalar|
|accepted             |  out|    1|      ap_vld|               accepted|       pointer|
|accepted_ap_vld      |  out|    1|      ap_vld|               accepted|       pointer|
|delta_energy         |  out|   40|      ap_vld|           delta_energy|       pointer|
|delta_energy_ap_vld  |  out|    1|      ap_vld|           delta_energy|       pointer|
|new_energy           |  out|   40|      ap_vld|             new_energy|       pointer|
|new_energy_ap_vld    |  out|    1|      ap_vld|             new_energy|       pointer|
+---------------------+-----+-----+------------+-----------------------+--------------+

