

================================================================
== Vitis HLS Report for 'uniform_delta_energy'
================================================================
* Date:           Tue May 19 20:50:59 2026

* Version:        2025.2 (Build 6295257 on Nov 14 2025)
* Project:        hls_uniform_metropolis_step_N30
* Solution:       hls (Vivado IP Flow Target)
* Product family: virtexuplus
* Target device:  xcvu19p-fsva3824-2-e


================================================================
== Performance Estimates
================================================================
+ Timing: 
    * Summary: 
    +--------+---------+----------+------------+
    |  Clock |  Target | Estimated| Uncertainty|
    +--------+---------+----------+------------+
    |ap_clk  |  3.33 ns|  2.388 ns|     0.90 ns|
    +--------+---------+----------+------------+

+ Latency: 
    * Summary: 
    +---------+---------+----------+----------+-----+-----+---------+
    |  Latency (cycles) |  Latency (absolute) |  Interval | Pipeline|
    |   min   |   max   |    min   |    max   | min | max |   Type  |
    +---------+---------+----------+----------+-----+-----+---------+
    |      220|      220|  0.733 us|  0.733 us|  220|  220|       no|
    +---------+---------+----------+----------+-----+-----+---------+

    + Detail: 
        * Instance: 
        N/A

        * Loop: 
        N/A



================================================================
== Utilization Estimates
================================================================
* Summary: 
+---------------------+---------+------+---------+---------+-----+
|         Name        | BRAM_18K|  DSP |    FF   |   LUT   | URAM|
+---------------------+---------+------+---------+---------+-----+
|DSP                  |        -|     -|        -|        -|    -|
|Expression           |        -|     -|        0|    63073|    -|
|FIFO                 |        -|     -|        -|        -|    -|
|Instance             |        -|     -|        -|        -|    -|
|Memory               |        -|     -|        -|        -|    -|
|Multiplexer          |        -|     -|        0|     1187|    -|
|Register             |        -|     -|     9581|        -|    -|
+---------------------+---------+------+---------+---------+-----+
|Total                |        0|     0|     9581|    64260|    0|
+---------------------+---------+------+---------+---------+-----+
|Available SLR        |     1080|   960|  2042880|  1021440|   80|
+---------------------+---------+------+---------+---------+-----+
|Utilization SLR (%)  |        0|     0|       ~0|        6|    0|
+---------------------+---------+------+---------+---------+-----+
|Available            |     4320|  3840|  8171520|  4085760|  320|
+---------------------+---------+------+---------+---------+-----+
|Utilization (%)      |        0|     0|       ~0|        1|    0|
+---------------------+---------+------+---------+---------+-----+

+ Detail: 
    * Instance: 
    N/A

    * DSP: 
    N/A

    * Memory: 
    N/A

    * FIFO: 
    N/A

    * Expression: 
    +---------------------------+----------+----+---+-----+------------+------------+
    |       Variable Name       | Operation| DSP| FF| LUT | Bitwidth P0| Bitwidth P1|
    +---------------------------+----------+----+---+-----+------------+------------+
    |add_ln183_10_fu_4092_p2    |         +|   0|  0|   47|          40|          40|
    |add_ln183_11_fu_4453_p2    |         +|   0|  0|   40|          40|          40|
    |add_ln183_12_fu_4517_p2    |         +|   0|  0|   40|          40|          40|
    |add_ln183_13_fu_4522_p2    |         +|   0|  0|   40|          40|          40|
    |add_ln183_14_fu_4458_p2    |         +|   0|  0|   40|          40|          40|
    |add_ln183_15_fu_4464_p2    |         +|   0|  0|   40|          40|          40|
    |add_ln183_16_fu_4470_p2    |         +|   0|  0|   40|          40|          40|
    |add_ln183_17_fu_4098_p2    |         +|   0|  0|   47|          40|          40|
    |add_ln183_18_fu_4476_p2    |         +|   0|  0|   40|          40|          40|
    |add_ln183_19_fu_4528_p2    |         +|   0|  0|   40|          40|          40|
    |add_ln183_1_fu_4504_p2     |         +|   0|  0|   40|          40|          40|
    |add_ln183_20_fu_4481_p2    |         +|   0|  0|   47|          40|          40|
    |add_ln183_21_fu_4487_p2    |         +|   0|  0|   47|          40|          40|
    |add_ln183_22_fu_4532_p2    |         +|   0|  0|   40|          40|          40|
    |add_ln183_23_fu_4493_p2    |         +|   0|  0|   40|          40|          40|
    |add_ln183_24_fu_4104_p2    |         +|   0|  0|   47|          40|          40|
    |add_ln183_25_fu_4499_p2    |         +|   0|  0|   40|          40|          40|
    |add_ln183_26_fu_4536_p2    |         +|   0|  0|   40|          40|          40|
    |add_ln183_27_fu_4541_p2    |         +|   0|  0|   40|          40|          40|
    |add_ln183_28_fu_4547_p2    |         +|   0|  0|   40|          40|          40|
    |add_ln183_2_fu_4424_p2     |         +|   0|  0|   40|          40|          40|
    |add_ln183_3_fu_4086_p2     |         +|   0|  0|   47|          40|          40|
    |add_ln183_4_fu_4430_p2     |         +|   0|  0|   40|          40|          40|
    |add_ln183_5_fu_4508_p2     |         +|   0|  0|   40|          40|          40|
    |add_ln183_6_fu_4435_p2     |         +|   0|  0|   47|          40|          40|
    |add_ln183_7_fu_4441_p2     |         +|   0|  0|   47|          40|          40|
    |add_ln183_8_fu_4513_p2     |         +|   0|  0|   40|          40|          40|
    |add_ln183_9_fu_4447_p2     |         +|   0|  0|   40|          40|          40|
    |add_ln183_fu_4418_p2       |         +|   0|  0|   47|          40|          40|
    |add_ln195_fu_4557_p2       |         +|   0|  0|   40|          40|          40|
    |e_1000_fu_12227_p2         |         +|   0|  0|   47|          40|          40|
    |e_1003_fu_12250_p2         |         +|   0|  0|   47|          40|          40|
    |e_1006_fu_12273_p2         |         +|   0|  0|   47|          40|          40|
    |e_1009_fu_12296_p2         |         +|   0|  0|   47|          40|          40|
    |e_100_fu_5327_p2           |         +|   0|  0|   47|          40|          40|
    |e_1012_fu_12319_p2         |         +|   0|  0|   47|          40|          40|
    |e_1015_fu_12342_p2         |         +|   0|  0|   47|          40|          40|
    |e_1018_fu_12365_p2         |         +|   0|  0|   47|          40|          40|
    |e_1021_fu_12388_p2         |         +|   0|  0|   47|          40|          40|
    |e_1024_fu_12411_p2         |         +|   0|  0|   47|          40|          40|
    |e_1027_fu_12434_p2         |         +|   0|  0|   47|          40|          40|
    |e_1030_fu_12457_p2         |         +|   0|  0|   47|          40|          40|
    |e_1033_fu_12480_p2         |         +|   0|  0|   47|          40|          40|
    |e_1036_fu_12503_p2         |         +|   0|  0|   47|          40|          40|
    |e_1039_fu_12526_p2         |         +|   0|  0|   47|          40|          40|
    |e_103_fu_5350_p2           |         +|   0|  0|   47|          40|          40|
    |e_1042_fu_12549_p2         |         +|   0|  0|   47|          40|          40|
    |e_1045_fu_12572_p2         |         +|   0|  0|   47|          40|          40|
    |e_1048_fu_12595_p2         |         +|   0|  0|   47|          40|          40|
    |e_1051_fu_12618_p2         |         +|   0|  0|   47|          40|          40|
    |e_1054_fu_12641_p2         |         +|   0|  0|   47|          40|          40|
    |e_1057_fu_12664_p2         |         +|   0|  0|   47|          40|          40|
    |e_1060_fu_12687_p2         |         +|   0|  0|   47|          40|          40|
    |e_1063_fu_12710_p2         |         +|   0|  0|   47|          40|          40|
    |e_1066_fu_12733_p2         |         +|   0|  0|   47|          40|          40|
    |e_1069_fu_12756_p2         |         +|   0|  0|   47|          40|          40|
    |e_106_fu_5373_p2           |         +|   0|  0|   47|          40|          40|
    |e_1072_fu_12779_p2         |         +|   0|  0|   47|          40|          40|
    |e_1075_fu_12802_p2         |         +|   0|  0|   47|          40|          40|
    |e_1078_fu_12825_p2         |         +|   0|  0|   47|          40|          40|
    |e_1081_fu_12848_p2         |         +|   0|  0|   47|          40|          40|
    |e_1084_fu_12871_p2         |         +|   0|  0|   47|          40|          40|
    |e_1087_fu_12894_p2         |         +|   0|  0|   47|          40|          40|
    |e_1090_fu_12917_p2         |         +|   0|  0|   47|          40|          40|
    |e_1093_fu_12940_p2         |         +|   0|  0|   47|          40|          40|
    |e_1096_fu_12963_p2         |         +|   0|  0|   47|          40|          40|
    |e_1099_fu_12986_p2         |         +|   0|  0|   47|          40|          40|
    |e_109_fu_5396_p2           |         +|   0|  0|   47|          40|          40|
    |e_10_fu_4637_p2            |         +|   0|  0|   47|          40|          40|
    |e_1102_fu_13009_p2         |         +|   0|  0|   47|          40|          40|
    |e_1105_fu_13032_p2         |         +|   0|  0|   47|          40|          40|
    |e_1108_fu_13055_p2         |         +|   0|  0|   47|          40|          40|
    |e_1111_fu_13078_p2         |         +|   0|  0|   47|          40|          40|
    |e_1114_fu_13101_p2         |         +|   0|  0|   47|          40|          40|
    |e_1117_fu_13124_p2         |         +|   0|  0|   47|          40|          40|
    |e_1120_fu_13147_p2         |         +|   0|  0|   47|          40|          40|
    |e_1123_fu_13170_p2         |         +|   0|  0|   47|          40|          40|
    |e_1126_fu_13193_p2         |         +|   0|  0|   47|          40|          40|
    |e_1129_fu_13216_p2         |         +|   0|  0|   47|          40|          40|
    |e_112_fu_5419_p2           |         +|   0|  0|   47|          40|          40|
    |e_1132_fu_13239_p2         |         +|   0|  0|   47|          40|          40|
    |e_1135_fu_13262_p2         |         +|   0|  0|   47|          40|          40|
    |e_1138_fu_13285_p2         |         +|   0|  0|   47|          40|          40|
    |e_1141_fu_13308_p2         |         +|   0|  0|   47|          40|          40|
    |e_1144_fu_13331_p2         |         +|   0|  0|   47|          40|          40|
    |e_1147_fu_13354_p2         |         +|   0|  0|   47|          40|          40|
    |e_1150_fu_13377_p2         |         +|   0|  0|   47|          40|          40|
    |e_1153_fu_13400_p2         |         +|   0|  0|   47|          40|          40|
    |e_1156_fu_13423_p2         |         +|   0|  0|   47|          40|          40|
    |e_1159_fu_13446_p2         |         +|   0|  0|   47|          40|          40|
    |e_115_fu_5442_p2           |         +|   0|  0|   47|          40|          40|
    |e_1162_fu_13469_p2         |         +|   0|  0|   47|          40|          40|
    |e_1165_fu_13492_p2         |         +|   0|  0|   47|          40|          40|
    |e_1168_fu_13515_p2         |         +|   0|  0|   47|          40|          40|
    |e_1171_fu_13538_p2         |         +|   0|  0|   47|          40|          40|
    |e_1174_fu_13561_p2         |         +|   0|  0|   47|          40|          40|
    |e_1177_fu_13584_p2         |         +|   0|  0|   47|          40|          40|
    |e_1180_fu_13607_p2         |         +|   0|  0|   47|          40|          40|
    |e_1183_fu_13630_p2         |         +|   0|  0|   47|          40|          40|
    |e_1186_fu_13653_p2         |         +|   0|  0|   47|          40|          40|
    |e_1189_fu_13676_p2         |         +|   0|  0|   47|          40|          40|
    |e_118_fu_5465_p2           |         +|   0|  0|   47|          40|          40|
    |e_1192_fu_13699_p2         |         +|   0|  0|   47|          40|          40|
    |e_1195_fu_13722_p2         |         +|   0|  0|   47|          40|          40|
    |e_1198_fu_13745_p2         |         +|   0|  0|   47|          40|          40|
    |e_1201_fu_13768_p2         |         +|   0|  0|   47|          40|          40|
    |e_1204_fu_13791_p2         |         +|   0|  0|   47|          40|          40|
    |e_1207_fu_13814_p2         |         +|   0|  0|   47|          40|          40|
    |e_1210_fu_13837_p2         |         +|   0|  0|   47|          40|          40|
    |e_1213_fu_13860_p2         |         +|   0|  0|   47|          40|          40|
    |e_1216_fu_13883_p2         |         +|   0|  0|   47|          40|          40|
    |e_1219_fu_13906_p2         |         +|   0|  0|   47|          40|          40|
    |e_121_fu_5488_p2           |         +|   0|  0|   47|          40|          40|
    |e_1222_fu_13929_p2         |         +|   0|  0|   47|          40|          40|
    |e_1225_fu_13952_p2         |         +|   0|  0|   47|          40|          40|
    |e_1228_fu_13975_p2         |         +|   0|  0|   47|          40|          40|
    |e_1231_fu_13998_p2         |         +|   0|  0|   47|          40|          40|
    |e_1234_fu_14021_p2         |         +|   0|  0|   47|          40|          40|
    |e_1237_fu_14044_p2         |         +|   0|  0|   47|          40|          40|
    |e_1240_fu_14067_p2         |         +|   0|  0|   47|          40|          40|
    |e_1243_fu_14090_p2         |         +|   0|  0|   47|          40|          40|
    |e_1246_fu_14113_p2         |         +|   0|  0|   47|          40|          40|
    |e_1249_fu_14136_p2         |         +|   0|  0|   47|          40|          40|
    |e_124_fu_5511_p2           |         +|   0|  0|   47|          40|          40|
    |e_1252_fu_14159_p2         |         +|   0|  0|   47|          40|          40|
    |e_1255_fu_14182_p2         |         +|   0|  0|   47|          40|          40|
    |e_1258_fu_14205_p2         |         +|   0|  0|   47|          40|          40|
    |e_1261_fu_14228_p2         |         +|   0|  0|   47|          40|          40|
    |e_1264_fu_14251_p2         |         +|   0|  0|   47|          40|          40|
    |e_1267_fu_14274_p2         |         +|   0|  0|   47|          40|          40|
    |e_1270_fu_14297_p2         |         +|   0|  0|   47|          40|          40|
    |e_1273_fu_14320_p2         |         +|   0|  0|   47|          40|          40|
    |e_1276_fu_14343_p2         |         +|   0|  0|   47|          40|          40|
    |e_1279_fu_14366_p2         |         +|   0|  0|   47|          40|          40|
    |e_127_fu_5534_p2           |         +|   0|  0|   47|          40|          40|
    |e_1282_fu_14389_p2         |         +|   0|  0|   47|          40|          40|
    |e_1285_fu_14412_p2         |         +|   0|  0|   47|          40|          40|
    |e_1288_fu_14435_p2         |         +|   0|  0|   47|          40|          40|
    |e_1291_fu_14458_p2         |         +|   0|  0|   47|          40|          40|
    |e_1294_fu_14481_p2         |         +|   0|  0|   47|          40|          40|
    |e_1297_fu_14504_p2         |         +|   0|  0|   47|          40|          40|
    |e_1300_fu_14527_p2         |         +|   0|  0|   47|          40|          40|
    |e_1303_fu_14550_p2         |         +|   0|  0|   47|          40|          40|
    |e_130_fu_5557_p2           |         +|   0|  0|   47|          40|          40|
    |e_133_fu_5580_p2           |         +|   0|  0|   47|          40|          40|
    |e_136_fu_5603_p2           |         +|   0|  0|   47|          40|          40|
    |e_139_fu_5626_p2           |         +|   0|  0|   47|          40|          40|
    |e_13_fu_4660_p2            |         +|   0|  0|   47|          40|          40|
    |e_142_fu_5649_p2           |         +|   0|  0|   47|          40|          40|
    |e_145_fu_5672_p2           |         +|   0|  0|   47|          40|          40|
    |e_148_fu_5695_p2           |         +|   0|  0|   47|          40|          40|
    |e_151_fu_5718_p2           |         +|   0|  0|   47|          40|          40|
    |e_154_fu_5741_p2           |         +|   0|  0|   47|          40|          40|
    |e_157_fu_5764_p2           |         +|   0|  0|   47|          40|          40|
    |e_160_fu_5787_p2           |         +|   0|  0|   47|          40|          40|
    |e_163_fu_5810_p2           |         +|   0|  0|   47|          40|          40|
    |e_166_fu_5833_p2           |         +|   0|  0|   47|          40|          40|
    |e_169_fu_5856_p2           |         +|   0|  0|   47|          40|          40|
    |e_16_fu_4683_p2            |         +|   0|  0|   47|          40|          40|
    |e_172_fu_5879_p2           |         +|   0|  0|   47|          40|          40|
    |e_175_fu_5902_p2           |         +|   0|  0|   47|          40|          40|
    |e_178_fu_5925_p2           |         +|   0|  0|   47|          40|          40|
    |e_181_fu_5948_p2           |         +|   0|  0|   47|          40|          40|
    |e_184_fu_5971_p2           |         +|   0|  0|   47|          40|          40|
    |e_187_fu_5994_p2           |         +|   0|  0|   47|          40|          40|
    |e_190_fu_6017_p2           |         +|   0|  0|   47|          40|          40|
    |e_193_fu_6040_p2           |         +|   0|  0|   47|          40|          40|
    |e_196_fu_6063_p2           |         +|   0|  0|   47|          40|          40|
    |e_199_fu_6086_p2           |         +|   0|  0|   47|          40|          40|
    |e_19_fu_4706_p2            |         +|   0|  0|   47|          40|          40|
    |e_202_fu_6109_p2           |         +|   0|  0|   47|          40|          40|
    |e_205_fu_6132_p2           |         +|   0|  0|   47|          40|          40|
    |e_208_fu_6155_p2           |         +|   0|  0|   47|          40|          40|
    |e_211_fu_6178_p2           |         +|   0|  0|   47|          40|          40|
    |e_214_fu_6201_p2           |         +|   0|  0|   47|          40|          40|
    |e_217_fu_6224_p2           |         +|   0|  0|   47|          40|          40|
    |e_220_fu_6247_p2           |         +|   0|  0|   47|          40|          40|
    |e_223_fu_6270_p2           |         +|   0|  0|   47|          40|          40|
    |e_226_fu_6293_p2           |         +|   0|  0|   47|          40|          40|
    |e_229_fu_6316_p2           |         +|   0|  0|   47|          40|          40|
    |e_22_fu_4729_p2            |         +|   0|  0|   47|          40|          40|
    |e_232_fu_6339_p2           |         +|   0|  0|   47|          40|          40|
    |e_235_fu_6362_p2           |         +|   0|  0|   47|          40|          40|
    |e_238_fu_6385_p2           |         +|   0|  0|   47|          40|          40|
    |e_241_fu_6408_p2           |         +|   0|  0|   47|          40|          40|
    |e_244_fu_6431_p2           |         +|   0|  0|   47|          40|          40|
    |e_247_fu_6454_p2           |         +|   0|  0|   47|          40|          40|
    |e_250_fu_6477_p2           |         +|   0|  0|   47|          40|          40|
    |e_253_fu_6500_p2           |         +|   0|  0|   47|          40|          40|
    |e_256_fu_6523_p2           |         +|   0|  0|   47|          40|          40|
    |e_259_fu_6546_p2           |         +|   0|  0|   47|          40|          40|
    |e_25_fu_4752_p2            |         +|   0|  0|   47|          40|          40|
    |e_262_fu_6569_p2           |         +|   0|  0|   47|          40|          40|
    |e_265_fu_6592_p2           |         +|   0|  0|   47|          40|          40|
    |e_268_fu_6615_p2           |         +|   0|  0|   47|          40|          40|
    |e_271_fu_6638_p2           |         +|   0|  0|   47|          40|          40|
    |e_274_fu_6661_p2           |         +|   0|  0|   47|          40|          40|
    |e_277_fu_6684_p2           |         +|   0|  0|   47|          40|          40|
    |e_280_fu_6707_p2           |         +|   0|  0|   47|          40|          40|
    |e_283_fu_6730_p2           |         +|   0|  0|   47|          40|          40|
    |e_286_fu_6753_p2           |         +|   0|  0|   47|          40|          40|
    |e_289_fu_6776_p2           |         +|   0|  0|   47|          40|          40|
    |e_28_fu_4775_p2            |         +|   0|  0|   47|          40|          40|
    |e_292_fu_6799_p2           |         +|   0|  0|   47|          40|          40|
    |e_295_fu_6822_p2           |         +|   0|  0|   47|          40|          40|
    |e_298_fu_6845_p2           |         +|   0|  0|   47|          40|          40|
    |e_301_fu_6868_p2           |         +|   0|  0|   47|          40|          40|
    |e_304_fu_6891_p2           |         +|   0|  0|   47|          40|          40|
    |e_307_fu_6914_p2           |         +|   0|  0|   47|          40|          40|
    |e_310_fu_6937_p2           |         +|   0|  0|   47|          40|          40|
    |e_313_fu_6960_p2           |         +|   0|  0|   47|          40|          40|
    |e_316_fu_6983_p2           |         +|   0|  0|   47|          40|          40|
    |e_319_fu_7006_p2           |         +|   0|  0|   47|          40|          40|
    |e_31_fu_4798_p2            |         +|   0|  0|   47|          40|          40|
    |e_322_fu_7029_p2           |         +|   0|  0|   47|          40|          40|
    |e_325_fu_7052_p2           |         +|   0|  0|   47|          40|          40|
    |e_328_fu_7075_p2           |         +|   0|  0|   47|          40|          40|
    |e_331_fu_7098_p2           |         +|   0|  0|   47|          40|          40|
    |e_334_fu_7121_p2           |         +|   0|  0|   47|          40|          40|
    |e_337_fu_7144_p2           |         +|   0|  0|   47|          40|          40|
    |e_340_fu_7167_p2           |         +|   0|  0|   47|          40|          40|
    |e_343_fu_7190_p2           |         +|   0|  0|   47|          40|          40|
    |e_346_fu_7213_p2           |         +|   0|  0|   47|          40|          40|
    |e_349_fu_7236_p2           |         +|   0|  0|   47|          40|          40|
    |e_34_fu_4821_p2            |         +|   0|  0|   47|          40|          40|
    |e_352_fu_7259_p2           |         +|   0|  0|   47|          40|          40|
    |e_355_fu_7282_p2           |         +|   0|  0|   47|          40|          40|
    |e_358_fu_7305_p2           |         +|   0|  0|   47|          40|          40|
    |e_361_fu_7328_p2           |         +|   0|  0|   47|          40|          40|
    |e_364_fu_7351_p2           |         +|   0|  0|   47|          40|          40|
    |e_367_fu_7374_p2           |         +|   0|  0|   47|          40|          40|
    |e_370_fu_7397_p2           |         +|   0|  0|   47|          40|          40|
    |e_373_fu_7420_p2           |         +|   0|  0|   47|          40|          40|
    |e_376_fu_7443_p2           |         +|   0|  0|   47|          40|          40|
    |e_379_fu_7466_p2           |         +|   0|  0|   47|          40|          40|
    |e_37_fu_4844_p2            |         +|   0|  0|   47|          40|          40|
    |e_382_fu_7489_p2           |         +|   0|  0|   47|          40|          40|
    |e_385_fu_7512_p2           |         +|   0|  0|   47|          40|          40|
    |e_388_fu_7535_p2           |         +|   0|  0|   47|          40|          40|
    |e_391_fu_7558_p2           |         +|   0|  0|   47|          40|          40|
    |e_394_fu_7581_p2           |         +|   0|  0|   47|          40|          40|
    |e_397_fu_7604_p2           |         +|   0|  0|   47|          40|          40|
    |e_400_fu_7627_p2           |         +|   0|  0|   47|          40|          40|
    |e_403_fu_7650_p2           |         +|   0|  0|   47|          40|          40|
    |e_406_fu_7673_p2           |         +|   0|  0|   47|          40|          40|
    |e_409_fu_7696_p2           |         +|   0|  0|   47|          40|          40|
    |e_40_fu_4867_p2            |         +|   0|  0|   47|          40|          40|
    |e_412_fu_7719_p2           |         +|   0|  0|   47|          40|          40|
    |e_415_fu_7742_p2           |         +|   0|  0|   47|          40|          40|
    |e_418_fu_7765_p2           |         +|   0|  0|   47|          40|          40|
    |e_421_fu_7788_p2           |         +|   0|  0|   47|          40|          40|
    |e_424_fu_7811_p2           |         +|   0|  0|   47|          40|          40|
    |e_427_fu_7834_p2           |         +|   0|  0|   47|          40|          40|
    |e_430_fu_7857_p2           |         +|   0|  0|   47|          40|          40|
    |e_433_fu_7880_p2           |         +|   0|  0|   47|          40|          40|
    |e_436_fu_7903_p2           |         +|   0|  0|   47|          40|          40|
    |e_439_fu_7926_p2           |         +|   0|  0|   47|          40|          40|
    |e_43_fu_4890_p2            |         +|   0|  0|   47|          40|          40|
    |e_442_fu_7949_p2           |         +|   0|  0|   47|          40|          40|
    |e_445_fu_7972_p2           |         +|   0|  0|   47|          40|          40|
    |e_448_fu_7995_p2           |         +|   0|  0|   47|          40|          40|
    |e_451_fu_8018_p2           |         +|   0|  0|   47|          40|          40|
    |e_454_fu_8041_p2           |         +|   0|  0|   47|          40|          40|
    |e_457_fu_8064_p2           |         +|   0|  0|   47|          40|          40|
    |e_460_fu_8087_p2           |         +|   0|  0|   47|          40|          40|
    |e_463_fu_8110_p2           |         +|   0|  0|   47|          40|          40|
    |e_466_fu_8133_p2           |         +|   0|  0|   47|          40|          40|
    |e_469_fu_8156_p2           |         +|   0|  0|   47|          40|          40|
    |e_46_fu_4913_p2            |         +|   0|  0|   47|          40|          40|
    |e_472_fu_8179_p2           |         +|   0|  0|   47|          40|          40|
    |e_475_fu_8202_p2           |         +|   0|  0|   47|          40|          40|
    |e_478_fu_8225_p2           |         +|   0|  0|   47|          40|          40|
    |e_481_fu_8248_p2           |         +|   0|  0|   47|          40|          40|
    |e_484_fu_8271_p2           |         +|   0|  0|   47|          40|          40|
    |e_487_fu_8294_p2           |         +|   0|  0|   47|          40|          40|
    |e_490_fu_8317_p2           |         +|   0|  0|   47|          40|          40|
    |e_493_fu_8340_p2           |         +|   0|  0|   47|          40|          40|
    |e_496_fu_8363_p2           |         +|   0|  0|   47|          40|          40|
    |e_499_fu_8386_p2           |         +|   0|  0|   47|          40|          40|
    |e_49_fu_4936_p2            |         +|   0|  0|   47|          40|          40|
    |e_4_fu_4591_p2             |         +|   0|  0|   47|          40|          40|
    |e_502_fu_8409_p2           |         +|   0|  0|   47|          40|          40|
    |e_505_fu_8432_p2           |         +|   0|  0|   47|          40|          40|
    |e_508_fu_8455_p2           |         +|   0|  0|   47|          40|          40|
    |e_511_fu_8478_p2           |         +|   0|  0|   47|          40|          40|
    |e_514_fu_8501_p2           |         +|   0|  0|   47|          40|          40|
    |e_517_fu_8524_p2           |         +|   0|  0|   47|          40|          40|
    |e_520_fu_8547_p2           |         +|   0|  0|   47|          40|          40|
    |e_523_fu_8570_p2           |         +|   0|  0|   47|          40|          40|
    |e_526_fu_8593_p2           |         +|   0|  0|   47|          40|          40|
    |e_529_fu_8616_p2           |         +|   0|  0|   47|          40|          40|
    |e_52_fu_4959_p2            |         +|   0|  0|   47|          40|          40|
    |e_532_fu_8639_p2           |         +|   0|  0|   47|          40|          40|
    |e_535_fu_8662_p2           |         +|   0|  0|   47|          40|          40|
    |e_538_fu_8685_p2           |         +|   0|  0|   47|          40|          40|
    |e_541_fu_8708_p2           |         +|   0|  0|   47|          40|          40|
    |e_544_fu_8731_p2           |         +|   0|  0|   47|          40|          40|
    |e_547_fu_8754_p2           |         +|   0|  0|   47|          40|          40|
    |e_550_fu_8777_p2           |         +|   0|  0|   47|          40|          40|
    |e_553_fu_8800_p2           |         +|   0|  0|   47|          40|          40|
    |e_556_fu_8823_p2           |         +|   0|  0|   47|          40|          40|
    |e_559_fu_8846_p2           |         +|   0|  0|   47|          40|          40|
    |e_55_fu_4982_p2            |         +|   0|  0|   47|          40|          40|
    |e_562_fu_8869_p2           |         +|   0|  0|   47|          40|          40|
    |e_565_fu_8892_p2           |         +|   0|  0|   47|          40|          40|
    |e_568_fu_8915_p2           |         +|   0|  0|   47|          40|          40|
    |e_571_fu_8938_p2           |         +|   0|  0|   47|          40|          40|
    |e_574_fu_8961_p2           |         +|   0|  0|   47|          40|          40|
    |e_577_fu_8984_p2           |         +|   0|  0|   47|          40|          40|
    |e_580_fu_9007_p2           |         +|   0|  0|   47|          40|          40|
    |e_583_fu_9030_p2           |         +|   0|  0|   47|          40|          40|
    |e_586_fu_9053_p2           |         +|   0|  0|   47|          40|          40|
    |e_589_fu_9076_p2           |         +|   0|  0|   47|          40|          40|
    |e_58_fu_5005_p2            |         +|   0|  0|   47|          40|          40|
    |e_592_fu_9099_p2           |         +|   0|  0|   47|          40|          40|
    |e_595_fu_9122_p2           |         +|   0|  0|   47|          40|          40|
    |e_598_fu_9145_p2           |         +|   0|  0|   47|          40|          40|
    |e_601_fu_9168_p2           |         +|   0|  0|   47|          40|          40|
    |e_604_fu_9191_p2           |         +|   0|  0|   47|          40|          40|
    |e_607_fu_9214_p2           |         +|   0|  0|   47|          40|          40|
    |e_610_fu_9237_p2           |         +|   0|  0|   47|          40|          40|
    |e_613_fu_9260_p2           |         +|   0|  0|   47|          40|          40|
    |e_616_fu_9283_p2           |         +|   0|  0|   47|          40|          40|
    |e_619_fu_9306_p2           |         +|   0|  0|   47|          40|          40|
    |e_61_fu_5028_p2            |         +|   0|  0|   47|          40|          40|
    |e_622_fu_9329_p2           |         +|   0|  0|   47|          40|          40|
    |e_625_fu_9352_p2           |         +|   0|  0|   47|          40|          40|
    |e_628_fu_9375_p2           |         +|   0|  0|   47|          40|          40|
    |e_631_fu_9398_p2           |         +|   0|  0|   47|          40|          40|
    |e_634_fu_9421_p2           |         +|   0|  0|   47|          40|          40|
    |e_637_fu_9444_p2           |         +|   0|  0|   47|          40|          40|
    |e_640_fu_9467_p2           |         +|   0|  0|   47|          40|          40|
    |e_643_fu_9490_p2           |         +|   0|  0|   47|          40|          40|
    |e_646_fu_9513_p2           |         +|   0|  0|   47|          40|          40|
    |e_649_fu_9536_p2           |         +|   0|  0|   47|          40|          40|
    |e_64_fu_5051_p2            |         +|   0|  0|   47|          40|          40|
    |e_652_fu_9559_p2           |         +|   0|  0|   47|          40|          40|
    |e_655_fu_9582_p2           |         +|   0|  0|   47|          40|          40|
    |e_658_fu_9605_p2           |         +|   0|  0|   47|          40|          40|
    |e_661_fu_9628_p2           |         +|   0|  0|   47|          40|          40|
    |e_664_fu_9651_p2           |         +|   0|  0|   47|          40|          40|
    |e_667_fu_9674_p2           |         +|   0|  0|   47|          40|          40|
    |e_670_fu_9697_p2           |         +|   0|  0|   47|          40|          40|
    |e_673_fu_9720_p2           |         +|   0|  0|   47|          40|          40|
    |e_676_fu_9743_p2           |         +|   0|  0|   47|          40|          40|
    |e_679_fu_9766_p2           |         +|   0|  0|   47|          40|          40|
    |e_67_fu_5074_p2            |         +|   0|  0|   47|          40|          40|
    |e_682_fu_9789_p2           |         +|   0|  0|   47|          40|          40|
    |e_685_fu_9812_p2           |         +|   0|  0|   47|          40|          40|
    |e_688_fu_9835_p2           |         +|   0|  0|   47|          40|          40|
    |e_691_fu_9858_p2           |         +|   0|  0|   47|          40|          40|
    |e_694_fu_9881_p2           |         +|   0|  0|   47|          40|          40|
    |e_697_fu_9904_p2           |         +|   0|  0|   47|          40|          40|
    |e_700_fu_9927_p2           |         +|   0|  0|   47|          40|          40|
    |e_703_fu_9950_p2           |         +|   0|  0|   47|          40|          40|
    |e_706_fu_9973_p2           |         +|   0|  0|   47|          40|          40|
    |e_709_fu_9996_p2           |         +|   0|  0|   47|          40|          40|
    |e_70_fu_5097_p2            |         +|   0|  0|   47|          40|          40|
    |e_712_fu_10019_p2          |         +|   0|  0|   47|          40|          40|
    |e_715_fu_10042_p2          |         +|   0|  0|   47|          40|          40|
    |e_718_fu_10065_p2          |         +|   0|  0|   47|          40|          40|
    |e_721_fu_10088_p2          |         +|   0|  0|   47|          40|          40|
    |e_724_fu_10111_p2          |         +|   0|  0|   47|          40|          40|
    |e_727_fu_10134_p2          |         +|   0|  0|   47|          40|          40|
    |e_730_fu_10157_p2          |         +|   0|  0|   47|          40|          40|
    |e_733_fu_10180_p2          |         +|   0|  0|   47|          40|          40|
    |e_736_fu_10203_p2          |         +|   0|  0|   47|          40|          40|
    |e_739_fu_10226_p2          |         +|   0|  0|   47|          40|          40|
    |e_73_fu_5120_p2            |         +|   0|  0|   47|          40|          40|
    |e_742_fu_10249_p2          |         +|   0|  0|   47|          40|          40|
    |e_745_fu_10272_p2          |         +|   0|  0|   47|          40|          40|
    |e_748_fu_10295_p2          |         +|   0|  0|   47|          40|          40|
    |e_751_fu_10318_p2          |         +|   0|  0|   47|          40|          40|
    |e_754_fu_10341_p2          |         +|   0|  0|   47|          40|          40|
    |e_757_fu_10364_p2          |         +|   0|  0|   47|          40|          40|
    |e_760_fu_10387_p2          |         +|   0|  0|   47|          40|          40|
    |e_763_fu_10410_p2          |         +|   0|  0|   47|          40|          40|
    |e_766_fu_10433_p2          |         +|   0|  0|   47|          40|          40|
    |e_769_fu_10456_p2          |         +|   0|  0|   47|          40|          40|
    |e_76_fu_5143_p2            |         +|   0|  0|   47|          40|          40|
    |e_772_fu_10479_p2          |         +|   0|  0|   47|          40|          40|
    |e_775_fu_10502_p2          |         +|   0|  0|   47|          40|          40|
    |e_778_fu_10525_p2          |         +|   0|  0|   47|          40|          40|
    |e_781_fu_10548_p2          |         +|   0|  0|   47|          40|          40|
    |e_784_fu_10571_p2          |         +|   0|  0|   47|          40|          40|
    |e_787_fu_10594_p2          |         +|   0|  0|   47|          40|          40|
    |e_790_fu_10617_p2          |         +|   0|  0|   47|          40|          40|
    |e_793_fu_10640_p2          |         +|   0|  0|   47|          40|          40|
    |e_796_fu_10663_p2          |         +|   0|  0|   47|          40|          40|
    |e_799_fu_10686_p2          |         +|   0|  0|   47|          40|          40|
    |e_79_fu_5166_p2            |         +|   0|  0|   47|          40|          40|
    |e_7_fu_4614_p2             |         +|   0|  0|   47|          40|          40|
    |e_802_fu_10709_p2          |         +|   0|  0|   47|          40|          40|
    |e_805_fu_10732_p2          |         +|   0|  0|   47|          40|          40|
    |e_808_fu_10755_p2          |         +|   0|  0|   47|          40|          40|
    |e_811_fu_10778_p2          |         +|   0|  0|   47|          40|          40|
    |e_814_fu_10801_p2          |         +|   0|  0|   47|          40|          40|
    |e_817_fu_10824_p2          |         +|   0|  0|   47|          40|          40|
    |e_820_fu_10847_p2          |         +|   0|  0|   47|          40|          40|
    |e_823_fu_10870_p2          |         +|   0|  0|   47|          40|          40|
    |e_826_fu_10893_p2          |         +|   0|  0|   47|          40|          40|
    |e_829_fu_10916_p2          |         +|   0|  0|   47|          40|          40|
    |e_82_fu_5189_p2            |         +|   0|  0|   47|          40|          40|
    |e_832_fu_10939_p2          |         +|   0|  0|   47|          40|          40|
    |e_835_fu_10962_p2          |         +|   0|  0|   47|          40|          40|
    |e_838_fu_10985_p2          |         +|   0|  0|   47|          40|          40|
    |e_841_fu_11008_p2          |         +|   0|  0|   47|          40|          40|
    |e_844_fu_11031_p2          |         +|   0|  0|   47|          40|          40|
    |e_847_fu_11054_p2          |         +|   0|  0|   47|          40|          40|
    |e_850_fu_11077_p2          |         +|   0|  0|   47|          40|          40|
    |e_853_fu_11100_p2          |         +|   0|  0|   47|          40|          40|
    |e_856_fu_11123_p2          |         +|   0|  0|   47|          40|          40|
    |e_859_fu_11146_p2          |         +|   0|  0|   47|          40|          40|
    |e_85_fu_5212_p2            |         +|   0|  0|   47|          40|          40|
    |e_862_fu_11169_p2          |         +|   0|  0|   47|          40|          40|
    |e_865_fu_11192_p2          |         +|   0|  0|   47|          40|          40|
    |e_868_fu_11215_p2          |         +|   0|  0|   47|          40|          40|
    |e_871_fu_11238_p2          |         +|   0|  0|   47|          40|          40|
    |e_874_fu_11261_p2          |         +|   0|  0|   47|          40|          40|
    |e_877_fu_11284_p2          |         +|   0|  0|   47|          40|          40|
    |e_880_fu_11307_p2          |         +|   0|  0|   47|          40|          40|
    |e_883_fu_11330_p2          |         +|   0|  0|   47|          40|          40|
    |e_886_fu_11353_p2          |         +|   0|  0|   47|          40|          40|
    |e_889_fu_11376_p2          |         +|   0|  0|   47|          40|          40|
    |e_88_fu_5235_p2            |         +|   0|  0|   47|          40|          40|
    |e_892_fu_11399_p2          |         +|   0|  0|   47|          40|          40|
    |e_895_fu_11422_p2          |         +|   0|  0|   47|          40|          40|
    |e_898_fu_11445_p2          |         +|   0|  0|   47|          40|          40|
    |e_901_fu_11468_p2          |         +|   0|  0|   47|          40|          40|
    |e_904_fu_11491_p2          |         +|   0|  0|   47|          40|          40|
    |e_907_fu_11514_p2          |         +|   0|  0|   47|          40|          40|
    |e_910_fu_11537_p2          |         +|   0|  0|   47|          40|          40|
    |e_913_fu_11560_p2          |         +|   0|  0|   47|          40|          40|
    |e_916_fu_11583_p2          |         +|   0|  0|   47|          40|          40|
    |e_919_fu_11606_p2          |         +|   0|  0|   47|          40|          40|
    |e_91_fu_5258_p2            |         +|   0|  0|   47|          40|          40|
    |e_922_fu_11629_p2          |         +|   0|  0|   47|          40|          40|
    |e_925_fu_11652_p2          |         +|   0|  0|   47|          40|          40|
    |e_928_fu_11675_p2          |         +|   0|  0|   47|          40|          40|
    |e_931_fu_11698_p2          |         +|   0|  0|   47|          40|          40|
    |e_934_fu_11721_p2          |         +|   0|  0|   47|          40|          40|
    |e_937_fu_11744_p2          |         +|   0|  0|   47|          40|          40|
    |e_940_fu_11767_p2          |         +|   0|  0|   47|          40|          40|
    |e_943_fu_11790_p2          |         +|   0|  0|   47|          40|          40|
    |e_946_fu_11813_p2          |         +|   0|  0|   47|          40|          40|
    |e_949_fu_11836_p2          |         +|   0|  0|   47|          40|          40|
    |e_94_fu_5281_p2            |         +|   0|  0|   47|          40|          40|
    |e_952_fu_11859_p2          |         +|   0|  0|   47|          40|          40|
    |e_955_fu_11882_p2          |         +|   0|  0|   47|          40|          40|
    |e_958_fu_11905_p2          |         +|   0|  0|   47|          40|          40|
    |e_961_fu_11928_p2          |         +|   0|  0|   47|          40|          40|
    |e_964_fu_11951_p2          |         +|   0|  0|   47|          40|          40|
    |e_967_fu_11974_p2          |         +|   0|  0|   47|          40|          40|
    |e_970_fu_11997_p2          |         +|   0|  0|   47|          40|          40|
    |e_973_fu_12020_p2          |         +|   0|  0|   47|          40|          40|
    |e_976_fu_12043_p2          |         +|   0|  0|   47|          40|          40|
    |e_979_fu_12066_p2          |         +|   0|  0|   47|          40|          40|
    |e_97_fu_5304_p2            |         +|   0|  0|   47|          40|          40|
    |e_982_fu_12089_p2          |         +|   0|  0|   47|          40|          40|
    |e_985_fu_12112_p2          |         +|   0|  0|   47|          40|          40|
    |e_988_fu_12135_p2          |         +|   0|  0|   47|          40|          40|
    |e_991_fu_12158_p2          |         +|   0|  0|   47|          40|          40|
    |e_994_fu_12181_p2          |         +|   0|  0|   47|          40|          40|
    |e_997_fu_12204_p2          |         +|   0|  0|   47|          40|          40|
    |e_1002_fu_12245_p2         |         -|   0|  0|   47|          40|          40|
    |e_1005_fu_12267_p2         |         -|   0|  0|   47|          40|          40|
    |e_1008_fu_12291_p2         |         -|   0|  0|   47|          40|          40|
    |e_1011_fu_12313_p2         |         -|   0|  0|   47|          40|          40|
    |e_1014_fu_12337_p2         |         -|   0|  0|   47|          40|          40|
    |e_1017_fu_12359_p2         |         -|   0|  0|   47|          40|          40|
    |e_1020_fu_12383_p2         |         -|   0|  0|   47|          40|          40|
    |e_1023_fu_12405_p2         |         -|   0|  0|   47|          40|          40|
    |e_1026_fu_12429_p2         |         -|   0|  0|   47|          40|          40|
    |e_1029_fu_12451_p2         |         -|   0|  0|   47|          40|          40|
    |e_102_fu_5345_p2           |         -|   0|  0|   47|          40|          40|
    |e_1032_fu_12475_p2         |         -|   0|  0|   47|          40|          40|
    |e_1035_fu_12497_p2         |         -|   0|  0|   47|          40|          40|
    |e_1038_fu_12521_p2         |         -|   0|  0|   47|          40|          40|
    |e_1041_fu_12543_p2         |         -|   0|  0|   47|          40|          40|
    |e_1044_fu_12567_p2         |         -|   0|  0|   47|          40|          40|
    |e_1047_fu_12589_p2         |         -|   0|  0|   47|          40|          40|
    |e_1050_fu_12613_p2         |         -|   0|  0|   47|          40|          40|
    |e_1053_fu_12635_p2         |         -|   0|  0|   47|          40|          40|
    |e_1056_fu_12659_p2         |         -|   0|  0|   47|          40|          40|
    |e_1059_fu_12681_p2         |         -|   0|  0|   47|          40|          40|
    |e_105_fu_5367_p2           |         -|   0|  0|   47|          40|          40|
    |e_1062_fu_12705_p2         |         -|   0|  0|   47|          40|          40|
    |e_1065_fu_12727_p2         |         -|   0|  0|   47|          40|          40|
    |e_1068_fu_12751_p2         |         -|   0|  0|   47|          40|          40|
    |e_1071_fu_12773_p2         |         -|   0|  0|   47|          40|          40|
    |e_1074_fu_12797_p2         |         -|   0|  0|   47|          40|          40|
    |e_1077_fu_12819_p2         |         -|   0|  0|   47|          40|          40|
    |e_1080_fu_12843_p2         |         -|   0|  0|   47|          40|          40|
    |e_1083_fu_12865_p2         |         -|   0|  0|   47|          40|          40|
    |e_1086_fu_12889_p2         |         -|   0|  0|   47|          40|          40|
    |e_1089_fu_12911_p2         |         -|   0|  0|   47|          40|          40|
    |e_108_fu_5391_p2           |         -|   0|  0|   47|          40|          40|
    |e_1092_fu_12935_p2         |         -|   0|  0|   47|          40|          40|
    |e_1095_fu_12957_p2         |         -|   0|  0|   47|          40|          40|
    |e_1098_fu_12981_p2         |         -|   0|  0|   47|          40|          40|
    |e_1101_fu_13003_p2         |         -|   0|  0|   47|          40|          40|
    |e_1104_fu_13027_p2         |         -|   0|  0|   47|          40|          40|
    |e_1107_fu_13049_p2         |         -|   0|  0|   47|          40|          40|
    |e_1110_fu_13073_p2         |         -|   0|  0|   47|          40|          40|
    |e_1113_fu_13095_p2         |         -|   0|  0|   47|          40|          40|
    |e_1116_fu_13119_p2         |         -|   0|  0|   47|          40|          40|
    |e_1119_fu_13141_p2         |         -|   0|  0|   47|          40|          40|
    |e_111_fu_5413_p2           |         -|   0|  0|   47|          40|          40|
    |e_1122_fu_13165_p2         |         -|   0|  0|   47|          40|          40|
    |e_1125_fu_13187_p2         |         -|   0|  0|   47|          40|          40|
    |e_1128_fu_13211_p2         |         -|   0|  0|   47|          40|          40|
    |e_1131_fu_13233_p2         |         -|   0|  0|   47|          40|          40|
    |e_1134_fu_13257_p2         |         -|   0|  0|   47|          40|          40|
    |e_1137_fu_13279_p2         |         -|   0|  0|   47|          40|          40|
    |e_1140_fu_13303_p2         |         -|   0|  0|   47|          40|          40|
    |e_1143_fu_13325_p2         |         -|   0|  0|   47|          40|          40|
    |e_1146_fu_13349_p2         |         -|   0|  0|   47|          40|          40|
    |e_1149_fu_13371_p2         |         -|   0|  0|   47|          40|          40|
    |e_114_fu_5437_p2           |         -|   0|  0|   47|          40|          40|
    |e_1152_fu_13395_p2         |         -|   0|  0|   47|          40|          40|
    |e_1155_fu_13417_p2         |         -|   0|  0|   47|          40|          40|
    |e_1158_fu_13441_p2         |         -|   0|  0|   47|          40|          40|
    |e_1161_fu_13463_p2         |         -|   0|  0|   47|          40|          40|
    |e_1164_fu_13487_p2         |         -|   0|  0|   47|          40|          40|
    |e_1167_fu_13509_p2         |         -|   0|  0|   47|          40|          40|
    |e_1170_fu_13533_p2         |         -|   0|  0|   47|          40|          40|
    |e_1173_fu_13555_p2         |         -|   0|  0|   47|          40|          40|
    |e_1176_fu_13579_p2         |         -|   0|  0|   47|          40|          40|
    |e_1179_fu_13601_p2         |         -|   0|  0|   47|          40|          40|
    |e_117_fu_5459_p2           |         -|   0|  0|   47|          40|          40|
    |e_1182_fu_13625_p2         |         -|   0|  0|   47|          40|          40|
    |e_1185_fu_13647_p2         |         -|   0|  0|   47|          40|          40|
    |e_1188_fu_13671_p2         |         -|   0|  0|   47|          40|          40|
    |e_1191_fu_13693_p2         |         -|   0|  0|   47|          40|          40|
    |e_1194_fu_13717_p2         |         -|   0|  0|   47|          40|          40|
    |e_1197_fu_13739_p2         |         -|   0|  0|   47|          40|          40|
    |e_1200_fu_13763_p2         |         -|   0|  0|   47|          40|          40|
    |e_1203_fu_13785_p2         |         -|   0|  0|   47|          40|          40|
    |e_1206_fu_13809_p2         |         -|   0|  0|   47|          40|          40|
    |e_1209_fu_13831_p2         |         -|   0|  0|   47|          40|          40|
    |e_120_fu_5483_p2           |         -|   0|  0|   47|          40|          40|
    |e_1212_fu_13855_p2         |         -|   0|  0|   47|          40|          40|
    |e_1215_fu_13877_p2         |         -|   0|  0|   47|          40|          40|
    |e_1218_fu_13901_p2         |         -|   0|  0|   47|          40|          40|
    |e_1221_fu_13923_p2         |         -|   0|  0|   47|          40|          40|
    |e_1224_fu_13947_p2         |         -|   0|  0|   47|          40|          40|
    |e_1227_fu_13969_p2         |         -|   0|  0|   47|          40|          40|
    |e_1230_fu_13993_p2         |         -|   0|  0|   47|          40|          40|
    |e_1233_fu_14015_p2         |         -|   0|  0|   47|          40|          40|
    |e_1236_fu_14039_p2         |         -|   0|  0|   47|          40|          40|
    |e_1239_fu_14061_p2         |         -|   0|  0|   47|          40|          40|
    |e_123_fu_5505_p2           |         -|   0|  0|   47|          40|          40|
    |e_1242_fu_14085_p2         |         -|   0|  0|   47|          40|          40|
    |e_1245_fu_14107_p2         |         -|   0|  0|   47|          40|          40|
    |e_1248_fu_14131_p2         |         -|   0|  0|   47|          40|          40|
    |e_1251_fu_14153_p2         |         -|   0|  0|   47|          40|          40|
    |e_1254_fu_14177_p2         |         -|   0|  0|   47|          40|          40|
    |e_1257_fu_14199_p2         |         -|   0|  0|   47|          40|          40|
    |e_1260_fu_14223_p2         |         -|   0|  0|   47|          40|          40|
    |e_1263_fu_14245_p2         |         -|   0|  0|   47|          40|          40|
    |e_1266_fu_14269_p2         |         -|   0|  0|   47|          40|          40|
    |e_1269_fu_14291_p2         |         -|   0|  0|   47|          40|          40|
    |e_126_fu_5529_p2           |         -|   0|  0|   47|          40|          40|
    |e_1272_fu_14315_p2         |         -|   0|  0|   47|          40|          40|
    |e_1275_fu_14337_p2         |         -|   0|  0|   47|          40|          40|
    |e_1278_fu_14361_p2         |         -|   0|  0|   47|          40|          40|
    |e_1281_fu_14383_p2         |         -|   0|  0|   47|          40|          40|
    |e_1284_fu_14407_p2         |         -|   0|  0|   47|          40|          40|
    |e_1287_fu_14429_p2         |         -|   0|  0|   47|          40|          40|
    |e_1290_fu_14453_p2         |         -|   0|  0|   47|          40|          40|
    |e_1293_fu_14475_p2         |         -|   0|  0|   47|          40|          40|
    |e_1296_fu_14499_p2         |         -|   0|  0|   47|          40|          40|
    |e_1299_fu_14521_p2         |         -|   0|  0|   47|          40|          40|
    |e_129_fu_5551_p2           |         -|   0|  0|   47|          40|          40|
    |e_12_fu_4655_p2            |         -|   0|  0|   47|          40|          40|
    |e_1302_fu_14545_p2         |         -|   0|  0|   47|          40|          40|
    |e_132_fu_5575_p2           |         -|   0|  0|   47|          40|          40|
    |e_135_fu_5597_p2           |         -|   0|  0|   47|          40|          40|
    |e_138_fu_5621_p2           |         -|   0|  0|   47|          40|          40|
    |e_141_fu_5643_p2           |         -|   0|  0|   47|          40|          40|
    |e_144_fu_5667_p2           |         -|   0|  0|   47|          40|          40|
    |e_147_fu_5689_p2           |         -|   0|  0|   47|          40|          40|
    |e_150_fu_5713_p2           |         -|   0|  0|   47|          40|          40|
    |e_153_fu_5735_p2           |         -|   0|  0|   47|          40|          40|
    |e_156_fu_5759_p2           |         -|   0|  0|   47|          40|          40|
    |e_159_fu_5781_p2           |         -|   0|  0|   47|          40|          40|
    |e_15_fu_4677_p2            |         -|   0|  0|   47|          40|          40|
    |e_162_fu_5805_p2           |         -|   0|  0|   47|          40|          40|
    |e_165_fu_5827_p2           |         -|   0|  0|   47|          40|          40|
    |e_168_fu_5851_p2           |         -|   0|  0|   47|          40|          40|
    |e_171_fu_5873_p2           |         -|   0|  0|   47|          40|          40|
    |e_174_fu_5897_p2           |         -|   0|  0|   47|          40|          40|
    |e_177_fu_5919_p2           |         -|   0|  0|   47|          40|          40|
    |e_180_fu_5943_p2           |         -|   0|  0|   47|          40|          40|
    |e_183_fu_5965_p2           |         -|   0|  0|   47|          40|          40|
    |e_186_fu_5989_p2           |         -|   0|  0|   47|          40|          40|
    |e_189_fu_6011_p2           |         -|   0|  0|   47|          40|          40|
    |e_18_fu_4701_p2            |         -|   0|  0|   47|          40|          40|
    |e_192_fu_6035_p2           |         -|   0|  0|   47|          40|          40|
    |e_195_fu_6057_p2           |         -|   0|  0|   47|          40|          40|
    |e_198_fu_6081_p2           |         -|   0|  0|   47|          40|          40|
    |e_1_fu_4568_p2             |         -|   0|  0|   47|          40|          40|
    |e_201_fu_6103_p2           |         -|   0|  0|   47|          40|          40|
    |e_204_fu_6127_p2           |         -|   0|  0|   47|          40|          40|
    |e_207_fu_6149_p2           |         -|   0|  0|   47|          40|          40|
    |e_210_fu_6173_p2           |         -|   0|  0|   47|          40|          40|
    |e_213_fu_6195_p2           |         -|   0|  0|   47|          40|          40|
    |e_216_fu_6219_p2           |         -|   0|  0|   47|          40|          40|
    |e_219_fu_6241_p2           |         -|   0|  0|   47|          40|          40|
    |e_21_fu_4723_p2            |         -|   0|  0|   47|          40|          40|
    |e_222_fu_6265_p2           |         -|   0|  0|   47|          40|          40|
    |e_225_fu_6287_p2           |         -|   0|  0|   47|          40|          40|
    |e_228_fu_6311_p2           |         -|   0|  0|   47|          40|          40|
    |e_231_fu_6333_p2           |         -|   0|  0|   47|          40|          40|
    |e_234_fu_6357_p2           |         -|   0|  0|   47|          40|          40|
    |e_237_fu_6379_p2           |         -|   0|  0|   47|          40|          40|
    |e_240_fu_6403_p2           |         -|   0|  0|   47|          40|          40|
    |e_243_fu_6425_p2           |         -|   0|  0|   47|          40|          40|
    |e_246_fu_6449_p2           |         -|   0|  0|   47|          40|          40|
    |e_249_fu_6471_p2           |         -|   0|  0|   47|          40|          40|
    |e_24_fu_4747_p2            |         -|   0|  0|   47|          40|          40|
    |e_252_fu_6495_p2           |         -|   0|  0|   47|          40|          40|
    |e_255_fu_6517_p2           |         -|   0|  0|   47|          40|          40|
    |e_258_fu_6541_p2           |         -|   0|  0|   47|          40|          40|
    |e_261_fu_6563_p2           |         -|   0|  0|   47|          40|          40|
    |e_264_fu_6587_p2           |         -|   0|  0|   47|          40|          40|
    |e_267_fu_6609_p2           |         -|   0|  0|   47|          40|          40|
    |e_270_fu_6633_p2           |         -|   0|  0|   47|          40|          40|
    |e_273_fu_6655_p2           |         -|   0|  0|   47|          40|          40|
    |e_276_fu_6679_p2           |         -|   0|  0|   47|          40|          40|
    |e_279_fu_6701_p2           |         -|   0|  0|   47|          40|          40|
    |e_27_fu_4769_p2            |         -|   0|  0|   47|          40|          40|
    |e_282_fu_6725_p2           |         -|   0|  0|   47|          40|          40|
    |e_285_fu_6747_p2           |         -|   0|  0|   47|          40|          40|
    |e_288_fu_6771_p2           |         -|   0|  0|   47|          40|          40|
    |e_291_fu_6793_p2           |         -|   0|  0|   47|          40|          40|
    |e_294_fu_6817_p2           |         -|   0|  0|   47|          40|          40|
    |e_297_fu_6839_p2           |         -|   0|  0|   47|          40|          40|
    |e_300_fu_6863_p2           |         -|   0|  0|   47|          40|          40|
    |e_303_fu_6885_p2           |         -|   0|  0|   47|          40|          40|
    |e_306_fu_6909_p2           |         -|   0|  0|   47|          40|          40|
    |e_309_fu_6931_p2           |         -|   0|  0|   47|          40|          40|
    |e_30_fu_4793_p2            |         -|   0|  0|   47|          40|          40|
    |e_312_fu_6955_p2           |         -|   0|  0|   47|          40|          40|
    |e_315_fu_6977_p2           |         -|   0|  0|   47|          40|          40|
    |e_318_fu_7001_p2           |         -|   0|  0|   47|          40|          40|
    |e_321_fu_7023_p2           |         -|   0|  0|   47|          40|          40|
    |e_324_fu_7047_p2           |         -|   0|  0|   47|          40|          40|
    |e_327_fu_7069_p2           |         -|   0|  0|   47|          40|          40|
    |e_330_fu_7093_p2           |         -|   0|  0|   47|          40|          40|
    |e_333_fu_7115_p2           |         -|   0|  0|   47|          40|          40|
    |e_336_fu_7139_p2           |         -|   0|  0|   47|          40|          40|
    |e_339_fu_7161_p2           |         -|   0|  0|   47|          40|          40|
    |e_33_fu_4815_p2            |         -|   0|  0|   47|          40|          40|
    |e_342_fu_7185_p2           |         -|   0|  0|   47|          40|          40|
    |e_345_fu_7207_p2           |         -|   0|  0|   47|          40|          40|
    |e_348_fu_7231_p2           |         -|   0|  0|   47|          40|          40|
    |e_351_fu_7253_p2           |         -|   0|  0|   47|          40|          40|
    |e_354_fu_7277_p2           |         -|   0|  0|   47|          40|          40|
    |e_357_fu_7299_p2           |         -|   0|  0|   47|          40|          40|
    |e_360_fu_7323_p2           |         -|   0|  0|   47|          40|          40|
    |e_363_fu_7345_p2           |         -|   0|  0|   47|          40|          40|
    |e_366_fu_7369_p2           |         -|   0|  0|   47|          40|          40|
    |e_369_fu_7391_p2           |         -|   0|  0|   47|          40|          40|
    |e_36_fu_4839_p2            |         -|   0|  0|   47|          40|          40|
    |e_372_fu_7415_p2           |         -|   0|  0|   47|          40|          40|
    |e_375_fu_7437_p2           |         -|   0|  0|   47|          40|          40|
    |e_378_fu_7461_p2           |         -|   0|  0|   47|          40|          40|
    |e_381_fu_7483_p2           |         -|   0|  0|   47|          40|          40|
    |e_384_fu_7507_p2           |         -|   0|  0|   47|          40|          40|
    |e_387_fu_7529_p2           |         -|   0|  0|   47|          40|          40|
    |e_390_fu_7553_p2           |         -|   0|  0|   47|          40|          40|
    |e_393_fu_7575_p2           |         -|   0|  0|   47|          40|          40|
    |e_396_fu_7599_p2           |         -|   0|  0|   47|          40|          40|
    |e_399_fu_7621_p2           |         -|   0|  0|   47|          40|          40|
    |e_39_fu_4861_p2            |         -|   0|  0|   47|          40|          40|
    |e_3_fu_4585_p2             |         -|   0|  0|   47|          40|          40|
    |e_402_fu_7645_p2           |         -|   0|  0|   47|          40|          40|
    |e_405_fu_7667_p2           |         -|   0|  0|   47|          40|          40|
    |e_408_fu_7691_p2           |         -|   0|  0|   47|          40|          40|
    |e_411_fu_7713_p2           |         -|   0|  0|   47|          40|          40|
    |e_414_fu_7737_p2           |         -|   0|  0|   47|          40|          40|
    |e_417_fu_7759_p2           |         -|   0|  0|   47|          40|          40|
    |e_420_fu_7783_p2           |         -|   0|  0|   47|          40|          40|
    |e_423_fu_7805_p2           |         -|   0|  0|   47|          40|          40|
    |e_426_fu_7829_p2           |         -|   0|  0|   47|          40|          40|
    |e_429_fu_7851_p2           |         -|   0|  0|   47|          40|          40|
    |e_42_fu_4885_p2            |         -|   0|  0|   47|          40|          40|
    |e_432_fu_7875_p2           |         -|   0|  0|   47|          40|          40|
    |e_435_fu_7897_p2           |         -|   0|  0|   47|          40|          40|
    |e_438_fu_7921_p2           |         -|   0|  0|   47|          40|          40|
    |e_441_fu_7943_p2           |         -|   0|  0|   47|          40|          40|
    |e_444_fu_7967_p2           |         -|   0|  0|   47|          40|          40|
    |e_447_fu_7989_p2           |         -|   0|  0|   47|          40|          40|
    |e_450_fu_8013_p2           |         -|   0|  0|   47|          40|          40|
    |e_453_fu_8035_p2           |         -|   0|  0|   47|          40|          40|
    |e_456_fu_8059_p2           |         -|   0|  0|   47|          40|          40|
    |e_459_fu_8081_p2           |         -|   0|  0|   47|          40|          40|
    |e_45_fu_4907_p2            |         -|   0|  0|   47|          40|          40|
    |e_462_fu_8105_p2           |         -|   0|  0|   47|          40|          40|
    |e_465_fu_8127_p2           |         -|   0|  0|   47|          40|          40|
    |e_468_fu_8151_p2           |         -|   0|  0|   47|          40|          40|
    |e_471_fu_8173_p2           |         -|   0|  0|   47|          40|          40|
    |e_474_fu_8197_p2           |         -|   0|  0|   47|          40|          40|
    |e_477_fu_8219_p2           |         -|   0|  0|   47|          40|          40|
    |e_480_fu_8243_p2           |         -|   0|  0|   47|          40|          40|
    |e_483_fu_8265_p2           |         -|   0|  0|   47|          40|          40|
    |e_486_fu_8289_p2           |         -|   0|  0|   47|          40|          40|
    |e_489_fu_8311_p2           |         -|   0|  0|   47|          40|          40|
    |e_48_fu_4931_p2            |         -|   0|  0|   47|          40|          40|
    |e_492_fu_8335_p2           |         -|   0|  0|   47|          40|          40|
    |e_495_fu_8357_p2           |         -|   0|  0|   47|          40|          40|
    |e_498_fu_8381_p2           |         -|   0|  0|   47|          40|          40|
    |e_501_fu_8403_p2           |         -|   0|  0|   47|          40|          40|
    |e_504_fu_8427_p2           |         -|   0|  0|   47|          40|          40|
    |e_507_fu_8449_p2           |         -|   0|  0|   47|          40|          40|
    |e_510_fu_8473_p2           |         -|   0|  0|   47|          40|          40|
    |e_513_fu_8495_p2           |         -|   0|  0|   47|          40|          40|
    |e_516_fu_8519_p2           |         -|   0|  0|   47|          40|          40|
    |e_519_fu_8541_p2           |         -|   0|  0|   47|          40|          40|
    |e_51_fu_4953_p2            |         -|   0|  0|   47|          40|          40|
    |e_522_fu_8565_p2           |         -|   0|  0|   47|          40|          40|
    |e_525_fu_8587_p2           |         -|   0|  0|   47|          40|          40|
    |e_528_fu_8611_p2           |         -|   0|  0|   47|          40|          40|
    |e_531_fu_8633_p2           |         -|   0|  0|   47|          40|          40|
    |e_534_fu_8657_p2           |         -|   0|  0|   47|          40|          40|
    |e_537_fu_8679_p2           |         -|   0|  0|   47|          40|          40|
    |e_540_fu_8703_p2           |         -|   0|  0|   47|          40|          40|
    |e_543_fu_8725_p2           |         -|   0|  0|   47|          40|          40|
    |e_546_fu_8749_p2           |         -|   0|  0|   47|          40|          40|
    |e_549_fu_8771_p2           |         -|   0|  0|   47|          40|          40|
    |e_54_fu_4977_p2            |         -|   0|  0|   47|          40|          40|
    |e_552_fu_8795_p2           |         -|   0|  0|   47|          40|          40|
    |e_555_fu_8817_p2           |         -|   0|  0|   47|          40|          40|
    |e_558_fu_8841_p2           |         -|   0|  0|   47|          40|          40|
    |e_561_fu_8863_p2           |         -|   0|  0|   47|          40|          40|
    |e_564_fu_8887_p2           |         -|   0|  0|   47|          40|          40|
    |e_567_fu_8909_p2           |         -|   0|  0|   47|          40|          40|
    |e_570_fu_8933_p2           |         -|   0|  0|   47|          40|          40|
    |e_573_fu_8955_p2           |         -|   0|  0|   47|          40|          40|
    |e_576_fu_8979_p2           |         -|   0|  0|   47|          40|          40|
    |e_579_fu_9001_p2           |         -|   0|  0|   47|          40|          40|
    |e_57_fu_4999_p2            |         -|   0|  0|   47|          40|          40|
    |e_582_fu_9025_p2           |         -|   0|  0|   47|          40|          40|
    |e_585_fu_9047_p2           |         -|   0|  0|   47|          40|          40|
    |e_588_fu_9071_p2           |         -|   0|  0|   47|          40|          40|
    |e_591_fu_9093_p2           |         -|   0|  0|   47|          40|          40|
    |e_594_fu_9117_p2           |         -|   0|  0|   47|          40|          40|
    |e_597_fu_9139_p2           |         -|   0|  0|   47|          40|          40|
    |e_600_fu_9163_p2           |         -|   0|  0|   47|          40|          40|
    |e_603_fu_9185_p2           |         -|   0|  0|   47|          40|          40|
    |e_606_fu_9209_p2           |         -|   0|  0|   47|          40|          40|
    |e_609_fu_9231_p2           |         -|   0|  0|   47|          40|          40|
    |e_60_fu_5023_p2            |         -|   0|  0|   47|          40|          40|
    |e_612_fu_9255_p2           |         -|   0|  0|   47|          40|          40|
    |e_615_fu_9277_p2           |         -|   0|  0|   47|          40|          40|
    |e_618_fu_9301_p2           |         -|   0|  0|   47|          40|          40|
    |e_621_fu_9323_p2           |         -|   0|  0|   47|          40|          40|
    |e_624_fu_9347_p2           |         -|   0|  0|   47|          40|          40|
    |e_627_fu_9369_p2           |         -|   0|  0|   47|          40|          40|
    |e_630_fu_9393_p2           |         -|   0|  0|   47|          40|          40|
    |e_633_fu_9415_p2           |         -|   0|  0|   47|          40|          40|
    |e_636_fu_9439_p2           |         -|   0|  0|   47|          40|          40|
    |e_639_fu_9461_p2           |         -|   0|  0|   47|          40|          40|
    |e_63_fu_5045_p2            |         -|   0|  0|   47|          40|          40|
    |e_642_fu_9485_p2           |         -|   0|  0|   47|          40|          40|
    |e_645_fu_9507_p2           |         -|   0|  0|   47|          40|          40|
    |e_648_fu_9531_p2           |         -|   0|  0|   47|          40|          40|
    |e_651_fu_9553_p2           |         -|   0|  0|   47|          40|          40|
    |e_654_fu_9577_p2           |         -|   0|  0|   47|          40|          40|
    |e_657_fu_9599_p2           |         -|   0|  0|   47|          40|          40|
    |e_660_fu_9623_p2           |         -|   0|  0|   47|          40|          40|
    |e_663_fu_9645_p2           |         -|   0|  0|   47|          40|          40|
    |e_666_fu_9669_p2           |         -|   0|  0|   47|          40|          40|
    |e_669_fu_9691_p2           |         -|   0|  0|   47|          40|          40|
    |e_66_fu_5069_p2            |         -|   0|  0|   47|          40|          40|
    |e_672_fu_9715_p2           |         -|   0|  0|   47|          40|          40|
    |e_675_fu_9737_p2           |         -|   0|  0|   47|          40|          40|
    |e_678_fu_9761_p2           |         -|   0|  0|   47|          40|          40|
    |e_681_fu_9783_p2           |         -|   0|  0|   47|          40|          40|
    |e_684_fu_9807_p2           |         -|   0|  0|   47|          40|          40|
    |e_687_fu_9829_p2           |         -|   0|  0|   47|          40|          40|
    |e_690_fu_9853_p2           |         -|   0|  0|   47|          40|          40|
    |e_693_fu_9875_p2           |         -|   0|  0|   47|          40|          40|
    |e_696_fu_9899_p2           |         -|   0|  0|   47|          40|          40|
    |e_699_fu_9921_p2           |         -|   0|  0|   47|          40|          40|
    |e_69_fu_5091_p2            |         -|   0|  0|   47|          40|          40|
    |e_6_fu_4609_p2             |         -|   0|  0|   47|          40|          40|
    |e_702_fu_9945_p2           |         -|   0|  0|   47|          40|          40|
    |e_705_fu_9967_p2           |         -|   0|  0|   47|          40|          40|
    |e_708_fu_9991_p2           |         -|   0|  0|   47|          40|          40|
    |e_711_fu_10013_p2          |         -|   0|  0|   47|          40|          40|
    |e_714_fu_10037_p2          |         -|   0|  0|   47|          40|          40|
    |e_717_fu_10059_p2          |         -|   0|  0|   47|          40|          40|
    |e_720_fu_10083_p2          |         -|   0|  0|   47|          40|          40|
    |e_723_fu_10105_p2          |         -|   0|  0|   47|          40|          40|
    |e_726_fu_10129_p2          |         -|   0|  0|   47|          40|          40|
    |e_729_fu_10151_p2          |         -|   0|  0|   47|          40|          40|
    |e_72_fu_5115_p2            |         -|   0|  0|   47|          40|          40|
    |e_732_fu_10175_p2          |         -|   0|  0|   47|          40|          40|
    |e_735_fu_10197_p2          |         -|   0|  0|   47|          40|          40|
    |e_738_fu_10221_p2          |         -|   0|  0|   47|          40|          40|
    |e_741_fu_10243_p2          |         -|   0|  0|   47|          40|          40|
    |e_744_fu_10267_p2          |         -|   0|  0|   47|          40|          40|
    |e_747_fu_10289_p2          |         -|   0|  0|   47|          40|          40|
    |e_750_fu_10313_p2          |         -|   0|  0|   47|          40|          40|
    |e_753_fu_10335_p2          |         -|   0|  0|   47|          40|          40|
    |e_756_fu_10359_p2          |         -|   0|  0|   47|          40|          40|
    |e_759_fu_10381_p2          |         -|   0|  0|   47|          40|          40|
    |e_75_fu_5137_p2            |         -|   0|  0|   47|          40|          40|
    |e_762_fu_10405_p2          |         -|   0|  0|   47|          40|          40|
    |e_765_fu_10427_p2          |         -|   0|  0|   47|          40|          40|
    |e_768_fu_10451_p2          |         -|   0|  0|   47|          40|          40|
    |e_771_fu_10473_p2          |         -|   0|  0|   47|          40|          40|
    |e_774_fu_10497_p2          |         -|   0|  0|   47|          40|          40|
    |e_777_fu_10519_p2          |         -|   0|  0|   47|          40|          40|
    |e_780_fu_10543_p2          |         -|   0|  0|   47|          40|          40|
    |e_783_fu_10565_p2          |         -|   0|  0|   47|          40|          40|
    |e_786_fu_10589_p2          |         -|   0|  0|   47|          40|          40|
    |e_789_fu_10611_p2          |         -|   0|  0|   47|          40|          40|
    |e_78_fu_5161_p2            |         -|   0|  0|   47|          40|          40|
    |e_792_fu_10635_p2          |         -|   0|  0|   47|          40|          40|
    |e_795_fu_10657_p2          |         -|   0|  0|   47|          40|          40|
    |e_798_fu_10681_p2          |         -|   0|  0|   47|          40|          40|
    |e_801_fu_10703_p2          |         -|   0|  0|   47|          40|          40|
    |e_804_fu_10727_p2          |         -|   0|  0|   47|          40|          40|
    |e_807_fu_10749_p2          |         -|   0|  0|   47|          40|          40|
    |e_810_fu_10773_p2          |         -|   0|  0|   47|          40|          40|
    |e_813_fu_10795_p2          |         -|   0|  0|   47|          40|          40|
    |e_816_fu_10819_p2          |         -|   0|  0|   47|          40|          40|
    |e_819_fu_10841_p2          |         -|   0|  0|   47|          40|          40|
    |e_81_fu_5183_p2            |         -|   0|  0|   47|          40|          40|
    |e_822_fu_10865_p2          |         -|   0|  0|   47|          40|          40|
    |e_825_fu_10887_p2          |         -|   0|  0|   47|          40|          40|
    |e_828_fu_10911_p2          |         -|   0|  0|   47|          40|          40|
    |e_831_fu_10933_p2          |         -|   0|  0|   47|          40|          40|
    |e_834_fu_10957_p2          |         -|   0|  0|   47|          40|          40|
    |e_837_fu_10979_p2          |         -|   0|  0|   47|          40|          40|
    |e_840_fu_11003_p2          |         -|   0|  0|   47|          40|          40|
    |e_843_fu_11025_p2          |         -|   0|  0|   47|          40|          40|
    |e_846_fu_11049_p2          |         -|   0|  0|   47|          40|          40|
    |e_849_fu_11071_p2          |         -|   0|  0|   47|          40|          40|
    |e_84_fu_5207_p2            |         -|   0|  0|   47|          40|          40|
    |e_852_fu_11095_p2          |         -|   0|  0|   47|          40|          40|
    |e_855_fu_11117_p2          |         -|   0|  0|   47|          40|          40|
    |e_858_fu_11141_p2          |         -|   0|  0|   47|          40|          40|
    |e_861_fu_11163_p2          |         -|   0|  0|   47|          40|          40|
    |e_864_fu_11187_p2          |         -|   0|  0|   47|          40|          40|
    |e_867_fu_11209_p2          |         -|   0|  0|   47|          40|          40|
    |e_870_fu_11233_p2          |         -|   0|  0|   47|          40|          40|
    |e_873_fu_11255_p2          |         -|   0|  0|   47|          40|          40|
    |e_876_fu_11279_p2          |         -|   0|  0|   47|          40|          40|
    |e_879_fu_11301_p2          |         -|   0|  0|   47|          40|          40|
    |e_87_fu_5229_p2            |         -|   0|  0|   47|          40|          40|
    |e_882_fu_11325_p2          |         -|   0|  0|   47|          40|          40|
    |e_885_fu_11347_p2          |         -|   0|  0|   47|          40|          40|
    |e_888_fu_11371_p2          |         -|   0|  0|   47|          40|          40|
    |e_891_fu_11393_p2          |         -|   0|  0|   47|          40|          40|
    |e_894_fu_11417_p2          |         -|   0|  0|   47|          40|          40|
    |e_897_fu_11439_p2          |         -|   0|  0|   47|          40|          40|
    |e_900_fu_11463_p2          |         -|   0|  0|   47|          40|          40|
    |e_903_fu_11485_p2          |         -|   0|  0|   47|          40|          40|
    |e_906_fu_11509_p2          |         -|   0|  0|   47|          40|          40|
    |e_909_fu_11531_p2          |         -|   0|  0|   47|          40|          40|
    |e_90_fu_5253_p2            |         -|   0|  0|   47|          40|          40|
    |e_912_fu_11555_p2          |         -|   0|  0|   47|          40|          40|
    |e_915_fu_11577_p2          |         -|   0|  0|   47|          40|          40|
    |e_918_fu_11601_p2          |         -|   0|  0|   47|          40|          40|
    |e_921_fu_11623_p2          |         -|   0|  0|   47|          40|          40|
    |e_924_fu_11647_p2          |         -|   0|  0|   47|          40|          40|
    |e_927_fu_11669_p2          |         -|   0|  0|   47|          40|          40|
    |e_930_fu_11693_p2          |         -|   0|  0|   47|          40|          40|
    |e_933_fu_11715_p2          |         -|   0|  0|   47|          40|          40|
    |e_936_fu_11739_p2          |         -|   0|  0|   47|          40|          40|
    |e_939_fu_11761_p2          |         -|   0|  0|   47|          40|          40|
    |e_93_fu_5275_p2            |         -|   0|  0|   47|          40|          40|
    |e_942_fu_11785_p2          |         -|   0|  0|   47|          40|          40|
    |e_945_fu_11807_p2          |         -|   0|  0|   47|          40|          40|
    |e_948_fu_11831_p2          |         -|   0|  0|   47|          40|          40|
    |e_951_fu_11853_p2          |         -|   0|  0|   47|          40|          40|
    |e_954_fu_11877_p2          |         -|   0|  0|   47|          40|          40|
    |e_957_fu_11899_p2          |         -|   0|  0|   47|          40|          40|
    |e_960_fu_11923_p2          |         -|   0|  0|   47|          40|          40|
    |e_963_fu_11945_p2          |         -|   0|  0|   47|          40|          40|
    |e_966_fu_11969_p2          |         -|   0|  0|   47|          40|          40|
    |e_969_fu_11991_p2          |         -|   0|  0|   47|          40|          40|
    |e_96_fu_5299_p2            |         -|   0|  0|   47|          40|          40|
    |e_972_fu_12015_p2          |         -|   0|  0|   47|          40|          40|
    |e_975_fu_12037_p2          |         -|   0|  0|   47|          40|          40|
    |e_978_fu_12061_p2          |         -|   0|  0|   47|          40|          40|
    |e_981_fu_12083_p2          |         -|   0|  0|   47|          40|          40|
    |e_984_fu_12107_p2          |         -|   0|  0|   47|          40|          40|
    |e_987_fu_12129_p2          |         -|   0|  0|   47|          40|          40|
    |e_990_fu_12153_p2          |         -|   0|  0|   47|          40|          40|
    |e_993_fu_12175_p2          |         -|   0|  0|   47|          40|          40|
    |e_996_fu_12199_p2          |         -|   0|  0|   47|          40|          40|
    |e_999_fu_12221_p2          |         -|   0|  0|   47|          40|          40|
    |e_99_fu_5321_p2            |         -|   0|  0|   47|          40|          40|
    |e_9_fu_4631_p2             |         -|   0|  0|   47|          40|          40|
    |e_fu_4562_p2               |         -|   0|  0|   40|           1|          40|
    |out_fu_14563_p2            |         -|   0|  0|   47|          40|          40|
    |sub_ln42_10_fu_4222_p2     |         -|   0|  0|   47|           1|          40|
    |sub_ln42_11_fu_4236_p2     |         -|   0|  0|   47|           1|          40|
    |sub_ln42_12_fu_4002_p2     |         -|   0|  0|   47|           1|          40|
    |sub_ln42_13_fu_4250_p2     |         -|   0|  0|   47|           1|          40|
    |sub_ln42_14_fu_4264_p2     |         -|   0|  0|   47|           1|          40|
    |sub_ln42_15_fu_4278_p2     |         -|   0|  0|   47|           1|          40|
    |sub_ln42_16_fu_4292_p2     |         -|   0|  0|   47|           1|          40|
    |sub_ln42_17_fu_4306_p2     |         -|   0|  0|   47|           1|          40|
    |sub_ln42_18_fu_4320_p2     |         -|   0|  0|   47|           1|          40|
    |sub_ln42_19_fu_4016_p2     |         -|   0|  0|   47|           1|          40|
    |sub_ln42_1_fu_4124_p2      |         -|   0|  0|   47|           1|          40|
    |sub_ln42_20_fu_4030_p2     |         -|   0|  0|   47|           1|          40|
    |sub_ln42_21_fu_4044_p2     |         -|   0|  0|   47|           1|          40|
    |sub_ln42_22_fu_4334_p2     |         -|   0|  0|   47|           1|          40|
    |sub_ln42_23_fu_4348_p2     |         -|   0|  0|   47|           1|          40|
    |sub_ln42_24_fu_4058_p2     |         -|   0|  0|   47|           1|          40|
    |sub_ln42_25_fu_4362_p2     |         -|   0|  0|   47|           1|          40|
    |sub_ln42_26_fu_4376_p2     |         -|   0|  0|   47|           1|          40|
    |sub_ln42_27_fu_4390_p2     |         -|   0|  0|   47|           1|          40|
    |sub_ln42_28_fu_4404_p2     |         -|   0|  0|   47|           1|          40|
    |sub_ln42_29_fu_4072_p2     |         -|   0|  0|   47|           1|          40|
    |sub_ln42_2_fu_4138_p2      |         -|   0|  0|   47|           1|          40|
    |sub_ln42_3_fu_4152_p2      |         -|   0|  0|   47|           1|          40|
    |sub_ln42_4_fu_4166_p2      |         -|   0|  0|   47|           1|          40|
    |sub_ln42_5_fu_3974_p2      |         -|   0|  0|   47|           1|          40|
    |sub_ln42_6_fu_3988_p2      |         -|   0|  0|   47|           1|          40|
    |sub_ln42_7_fu_4180_p2      |         -|   0|  0|   47|           1|          40|
    |sub_ln42_8_fu_4194_p2      |         -|   0|  0|   47|           1|          40|
    |sub_ln42_9_fu_4208_p2      |         -|   0|  0|   47|           1|          40|
    |sub_ln42_fu_4110_p2        |         -|   0|  0|   47|           1|          40|
    |e_1001_fu_12233_p3         |    select|   0|  0|   40|           1|          40|
    |e_1004_fu_12255_p3         |    select|   0|  0|   40|           1|          40|
    |e_1007_fu_12279_p3         |    select|   0|  0|   40|           1|          40|
    |e_1010_fu_12301_p3         |    select|   0|  0|   40|           1|          40|
    |e_1013_fu_12325_p3         |    select|   0|  0|   40|           1|          40|
    |e_1016_fu_12347_p3         |    select|   0|  0|   40|           1|          40|
    |e_1019_fu_12371_p3         |    select|   0|  0|   40|           1|          40|
    |e_101_fu_5333_p3           |    select|   0|  0|   40|           1|          40|
    |e_1022_fu_12393_p3         |    select|   0|  0|   40|           1|          40|
    |e_1025_fu_12417_p3         |    select|   0|  0|   40|           1|          40|
    |e_1028_fu_12439_p3         |    select|   0|  0|   40|           1|          40|
    |e_1031_fu_12463_p3         |    select|   0|  0|   40|           1|          40|
    |e_1034_fu_12485_p3         |    select|   0|  0|   40|           1|          40|
    |e_1037_fu_12509_p3         |    select|   0|  0|   40|           1|          40|
    |e_1040_fu_12531_p3         |    select|   0|  0|   40|           1|          40|
    |e_1043_fu_12555_p3         |    select|   0|  0|   40|           1|          40|
    |e_1046_fu_12577_p3         |    select|   0|  0|   40|           1|          40|
    |e_1049_fu_12601_p3         |    select|   0|  0|   40|           1|          40|
    |e_104_fu_5355_p3           |    select|   0|  0|   40|           1|          40|
    |e_1052_fu_12623_p3         |    select|   0|  0|   40|           1|          40|
    |e_1055_fu_12647_p3         |    select|   0|  0|   40|           1|          40|
    |e_1058_fu_12669_p3         |    select|   0|  0|   40|           1|          40|
    |e_1061_fu_12693_p3         |    select|   0|  0|   40|           1|          40|
    |e_1064_fu_12715_p3         |    select|   0|  0|   40|           1|          40|
    |e_1067_fu_12739_p3         |    select|   0|  0|   40|           1|          40|
    |e_1070_fu_12761_p3         |    select|   0|  0|   40|           1|          40|
    |e_1073_fu_12785_p3         |    select|   0|  0|   40|           1|          40|
    |e_1076_fu_12807_p3         |    select|   0|  0|   40|           1|          40|
    |e_1079_fu_12831_p3         |    select|   0|  0|   40|           1|          40|
    |e_107_fu_5379_p3           |    select|   0|  0|   40|           1|          40|
    |e_1082_fu_12853_p3         |    select|   0|  0|   40|           1|          40|
    |e_1085_fu_12877_p3         |    select|   0|  0|   40|           1|          40|
    |e_1088_fu_12899_p3         |    select|   0|  0|   40|           1|          40|
    |e_1091_fu_12923_p3         |    select|   0|  0|   40|           1|          40|
    |e_1094_fu_12945_p3         |    select|   0|  0|   40|           1|          40|
    |e_1097_fu_12969_p3         |    select|   0|  0|   40|           1|          40|
    |e_1100_fu_12991_p3         |    select|   0|  0|   40|           1|          40|
    |e_1103_fu_13015_p3         |    select|   0|  0|   40|           1|          40|
    |e_1106_fu_13037_p3         |    select|   0|  0|   40|           1|          40|
    |e_1109_fu_13061_p3         |    select|   0|  0|   40|           1|          40|
    |e_110_fu_5401_p3           |    select|   0|  0|   40|           1|          40|
    |e_1112_fu_13083_p3         |    select|   0|  0|   40|           1|          40|
    |e_1115_fu_13107_p3         |    select|   0|  0|   40|           1|          40|
    |e_1118_fu_13129_p3         |    select|   0|  0|   40|           1|          40|
    |e_1121_fu_13153_p3         |    select|   0|  0|   40|           1|          40|
    |e_1124_fu_13175_p3         |    select|   0|  0|   40|           1|          40|
    |e_1127_fu_13199_p3         |    select|   0|  0|   40|           1|          40|
    |e_1130_fu_13221_p3         |    select|   0|  0|   40|           1|          40|
    |e_1133_fu_13245_p3         |    select|   0|  0|   40|           1|          40|
    |e_1136_fu_13267_p3         |    select|   0|  0|   40|           1|          40|
    |e_1139_fu_13291_p3         |    select|   0|  0|   40|           1|          40|
    |e_113_fu_5425_p3           |    select|   0|  0|   40|           1|          40|
    |e_1142_fu_13313_p3         |    select|   0|  0|   40|           1|          40|
    |e_1145_fu_13337_p3         |    select|   0|  0|   40|           1|          40|
    |e_1148_fu_13359_p3         |    select|   0|  0|   40|           1|          40|
    |e_1151_fu_13383_p3         |    select|   0|  0|   40|           1|          40|
    |e_1154_fu_13405_p3         |    select|   0|  0|   40|           1|          40|
    |e_1157_fu_13429_p3         |    select|   0|  0|   40|           1|          40|
    |e_1160_fu_13451_p3         |    select|   0|  0|   40|           1|          40|
    |e_1163_fu_13475_p3         |    select|   0|  0|   40|           1|          40|
    |e_1166_fu_13497_p3         |    select|   0|  0|   40|           1|          40|
    |e_1169_fu_13521_p3         |    select|   0|  0|   40|           1|          40|
    |e_116_fu_5447_p3           |    select|   0|  0|   40|           1|          40|
    |e_1172_fu_13543_p3         |    select|   0|  0|   40|           1|          40|
    |e_1175_fu_13567_p3         |    select|   0|  0|   40|           1|          40|
    |e_1178_fu_13589_p3         |    select|   0|  0|   40|           1|          40|
    |e_1181_fu_13613_p3         |    select|   0|  0|   40|           1|          40|
    |e_1184_fu_13635_p3         |    select|   0|  0|   40|           1|          40|
    |e_1187_fu_13659_p3         |    select|   0|  0|   40|           1|          40|
    |e_1190_fu_13681_p3         |    select|   0|  0|   40|           1|          40|
    |e_1193_fu_13705_p3         |    select|   0|  0|   40|           1|          40|
    |e_1196_fu_13727_p3         |    select|   0|  0|   40|           1|          40|
    |e_1199_fu_13751_p3         |    select|   0|  0|   40|           1|          40|
    |e_119_fu_5471_p3           |    select|   0|  0|   40|           1|          40|
    |e_11_fu_4643_p3            |    select|   0|  0|   40|           1|          40|
    |e_1202_fu_13773_p3         |    select|   0|  0|   40|           1|          40|
    |e_1205_fu_13797_p3         |    select|   0|  0|   40|           1|          40|
    |e_1208_fu_13819_p3         |    select|   0|  0|   40|           1|          40|
    |e_1211_fu_13843_p3         |    select|   0|  0|   40|           1|          40|
    |e_1214_fu_13865_p3         |    select|   0|  0|   40|           1|          40|
    |e_1217_fu_13889_p3         |    select|   0|  0|   40|           1|          40|
    |e_1220_fu_13911_p3         |    select|   0|  0|   40|           1|          40|
    |e_1223_fu_13935_p3         |    select|   0|  0|   40|           1|          40|
    |e_1226_fu_13957_p3         |    select|   0|  0|   40|           1|          40|
    |e_1229_fu_13981_p3         |    select|   0|  0|   40|           1|          40|
    |e_122_fu_5493_p3           |    select|   0|  0|   40|           1|          40|
    |e_1232_fu_14003_p3         |    select|   0|  0|   40|           1|          40|
    |e_1235_fu_14027_p3         |    select|   0|  0|   40|           1|          40|
    |e_1238_fu_14049_p3         |    select|   0|  0|   40|           1|          40|
    |e_1241_fu_14073_p3         |    select|   0|  0|   40|           1|          40|
    |e_1244_fu_14095_p3         |    select|   0|  0|   40|           1|          40|
    |e_1247_fu_14119_p3         |    select|   0|  0|   40|           1|          40|
    |e_1250_fu_14141_p3         |    select|   0|  0|   40|           1|          40|
    |e_1253_fu_14165_p3         |    select|   0|  0|   40|           1|          40|
    |e_1256_fu_14187_p3         |    select|   0|  0|   40|           1|          40|
    |e_1259_fu_14211_p3         |    select|   0|  0|   40|           1|          40|
    |e_125_fu_5517_p3           |    select|   0|  0|   40|           1|          40|
    |e_1262_fu_14233_p3         |    select|   0|  0|   40|           1|          40|
    |e_1265_fu_14257_p3         |    select|   0|  0|   40|           1|          40|
    |e_1268_fu_14279_p3         |    select|   0|  0|   40|           1|          40|
    |e_1271_fu_14303_p3         |    select|   0|  0|   40|           1|          40|
    |e_1274_fu_14325_p3         |    select|   0|  0|   40|           1|          40|
    |e_1277_fu_14349_p3         |    select|   0|  0|   40|           1|          40|
    |e_1280_fu_14371_p3         |    select|   0|  0|   40|           1|          40|
    |e_1283_fu_14395_p3         |    select|   0|  0|   40|           1|          40|
    |e_1286_fu_14417_p3         |    select|   0|  0|   40|           1|          40|
    |e_1289_fu_14441_p3         |    select|   0|  0|   40|           1|          40|
    |e_128_fu_5539_p3           |    select|   0|  0|   40|           1|          40|
    |e_1292_fu_14463_p3         |    select|   0|  0|   40|           1|          40|
    |e_1295_fu_14487_p3         |    select|   0|  0|   40|           1|          40|
    |e_1298_fu_14509_p3         |    select|   0|  0|   40|           1|          40|
    |e_1301_fu_14533_p3         |    select|   0|  0|   40|           1|          40|
    |e_1304_fu_14555_p3         |    select|   0|  0|   40|           1|          40|
    |e_131_fu_5563_p3           |    select|   0|  0|   40|           1|          40|
    |e_134_fu_5585_p3           |    select|   0|  0|   40|           1|          40|
    |e_137_fu_5609_p3           |    select|   0|  0|   40|           1|          40|
    |e_140_fu_5631_p3           |    select|   0|  0|   40|           1|          40|
    |e_143_fu_5655_p3           |    select|   0|  0|   40|           1|          40|
    |e_146_fu_5677_p3           |    select|   0|  0|   40|           1|          40|
    |e_149_fu_5701_p3           |    select|   0|  0|   40|           1|          40|
    |e_14_fu_4665_p3            |    select|   0|  0|   40|           1|          40|
    |e_152_fu_5723_p3           |    select|   0|  0|   40|           1|          40|
    |e_155_fu_5747_p3           |    select|   0|  0|   40|           1|          40|
    |e_158_fu_5769_p3           |    select|   0|  0|   40|           1|          40|
    |e_161_fu_5793_p3           |    select|   0|  0|   40|           1|          40|
    |e_164_fu_5815_p3           |    select|   0|  0|   40|           1|          40|
    |e_167_fu_5839_p3           |    select|   0|  0|   40|           1|          40|
    |e_170_fu_5861_p3           |    select|   0|  0|   40|           1|          40|
    |e_173_fu_5885_p3           |    select|   0|  0|   40|           1|          40|
    |e_176_fu_5907_p3           |    select|   0|  0|   40|           1|          40|
    |e_179_fu_5931_p3           |    select|   0|  0|   40|           1|          40|
    |e_17_fu_4689_p3            |    select|   0|  0|   40|           1|          40|
    |e_182_fu_5953_p3           |    select|   0|  0|   40|           1|          40|
    |e_185_fu_5977_p3           |    select|   0|  0|   40|           1|          40|
    |e_188_fu_5999_p3           |    select|   0|  0|   40|           1|          40|
    |e_191_fu_6023_p3           |    select|   0|  0|   40|           1|          40|
    |e_194_fu_6045_p3           |    select|   0|  0|   40|           1|          40|
    |e_197_fu_6069_p3           |    select|   0|  0|   40|           1|          40|
    |e_200_fu_6091_p3           |    select|   0|  0|   40|           1|          40|
    |e_203_fu_6115_p3           |    select|   0|  0|   40|           1|          40|
    |e_206_fu_6137_p3           |    select|   0|  0|   40|           1|          40|
    |e_209_fu_6161_p3           |    select|   0|  0|   40|           1|          40|
    |e_20_fu_4711_p3            |    select|   0|  0|   40|           1|          40|
    |e_212_fu_6183_p3           |    select|   0|  0|   40|           1|          40|
    |e_215_fu_6207_p3           |    select|   0|  0|   40|           1|          40|
    |e_218_fu_6229_p3           |    select|   0|  0|   40|           1|          40|
    |e_221_fu_6253_p3           |    select|   0|  0|   40|           1|          40|
    |e_224_fu_6275_p3           |    select|   0|  0|   40|           1|          40|
    |e_227_fu_6299_p3           |    select|   0|  0|   40|           1|          40|
    |e_230_fu_6321_p3           |    select|   0|  0|   40|           1|          40|
    |e_233_fu_6345_p3           |    select|   0|  0|   40|           1|          40|
    |e_236_fu_6367_p3           |    select|   0|  0|   40|           1|          40|
    |e_239_fu_6391_p3           |    select|   0|  0|   40|           1|          40|
    |e_23_fu_4735_p3            |    select|   0|  0|   40|           1|          40|
    |e_242_fu_6413_p3           |    select|   0|  0|   40|           1|          40|
    |e_245_fu_6437_p3           |    select|   0|  0|   40|           1|          40|
    |e_248_fu_6459_p3           |    select|   0|  0|   40|           1|          40|
    |e_251_fu_6483_p3           |    select|   0|  0|   40|           1|          40|
    |e_254_fu_6505_p3           |    select|   0|  0|   40|           1|          40|
    |e_257_fu_6529_p3           |    select|   0|  0|   40|           1|          40|
    |e_260_fu_6551_p3           |    select|   0|  0|   40|           1|          40|
    |e_263_fu_6575_p3           |    select|   0|  0|   40|           1|          40|
    |e_266_fu_6597_p3           |    select|   0|  0|   40|           1|          40|
    |e_269_fu_6621_p3           |    select|   0|  0|   40|           1|          40|
    |e_26_fu_4757_p3            |    select|   0|  0|   40|           1|          40|
    |e_272_fu_6643_p3           |    select|   0|  0|   40|           1|          40|
    |e_275_fu_6667_p3           |    select|   0|  0|   40|           1|          40|
    |e_278_fu_6689_p3           |    select|   0|  0|   40|           1|          40|
    |e_281_fu_6713_p3           |    select|   0|  0|   40|           1|          40|
    |e_284_fu_6735_p3           |    select|   0|  0|   40|           1|          40|
    |e_287_fu_6759_p3           |    select|   0|  0|   40|           1|          40|
    |e_290_fu_6781_p3           |    select|   0|  0|   40|           1|          40|
    |e_293_fu_6805_p3           |    select|   0|  0|   40|           1|          40|
    |e_296_fu_6827_p3           |    select|   0|  0|   40|           1|          40|
    |e_299_fu_6851_p3           |    select|   0|  0|   40|           1|          40|
    |e_29_fu_4781_p3            |    select|   0|  0|   40|           1|          40|
    |e_2_fu_4573_p3             |    select|   0|  0|   40|           1|          40|
    |e_302_fu_6873_p3           |    select|   0|  0|   40|           1|          40|
    |e_305_fu_6897_p3           |    select|   0|  0|   40|           1|          40|
    |e_308_fu_6919_p3           |    select|   0|  0|   40|           1|          40|
    |e_311_fu_6943_p3           |    select|   0|  0|   40|           1|          40|
    |e_314_fu_6965_p3           |    select|   0|  0|   40|           1|          40|
    |e_317_fu_6989_p3           |    select|   0|  0|   40|           1|          40|
    |e_320_fu_7011_p3           |    select|   0|  0|   40|           1|          40|
    |e_323_fu_7035_p3           |    select|   0|  0|   40|           1|          40|
    |e_326_fu_7057_p3           |    select|   0|  0|   40|           1|          40|
    |e_329_fu_7081_p3           |    select|   0|  0|   40|           1|          40|
    |e_32_fu_4803_p3            |    select|   0|  0|   40|           1|          40|
    |e_332_fu_7103_p3           |    select|   0|  0|   40|           1|          40|
    |e_335_fu_7127_p3           |    select|   0|  0|   40|           1|          40|
    |e_338_fu_7149_p3           |    select|   0|  0|   40|           1|          40|
    |e_341_fu_7173_p3           |    select|   0|  0|   40|           1|          40|
    |e_344_fu_7195_p3           |    select|   0|  0|   40|           1|          40|
    |e_347_fu_7219_p3           |    select|   0|  0|   40|           1|          40|
    |e_350_fu_7241_p3           |    select|   0|  0|   40|           1|          40|
    |e_353_fu_7265_p3           |    select|   0|  0|   40|           1|          40|
    |e_356_fu_7287_p3           |    select|   0|  0|   40|           1|          40|
    |e_359_fu_7311_p3           |    select|   0|  0|   40|           1|          40|
    |e_35_fu_4827_p3            |    select|   0|  0|   40|           1|          40|
    |e_362_fu_7333_p3           |    select|   0|  0|   40|           1|          40|
    |e_365_fu_7357_p3           |    select|   0|  0|   40|           1|          40|
    |e_368_fu_7379_p3           |    select|   0|  0|   40|           1|          40|
    |e_371_fu_7403_p3           |    select|   0|  0|   40|           1|          40|
    |e_374_fu_7425_p3           |    select|   0|  0|   40|           1|          40|
    |e_377_fu_7449_p3           |    select|   0|  0|   40|           1|          40|
    |e_380_fu_7471_p3           |    select|   0|  0|   40|           1|          40|
    |e_383_fu_7495_p3           |    select|   0|  0|   40|           1|          40|
    |e_386_fu_7517_p3           |    select|   0|  0|   40|           1|          40|
    |e_389_fu_7541_p3           |    select|   0|  0|   40|           1|          40|
    |e_38_fu_4849_p3            |    select|   0|  0|   40|           1|          40|
    |e_392_fu_7563_p3           |    select|   0|  0|   40|           1|          40|
    |e_395_fu_7587_p3           |    select|   0|  0|   40|           1|          40|
    |e_398_fu_7609_p3           |    select|   0|  0|   40|           1|          40|
    |e_401_fu_7633_p3           |    select|   0|  0|   40|           1|          40|
    |e_404_fu_7655_p3           |    select|   0|  0|   40|           1|          40|
    |e_407_fu_7679_p3           |    select|   0|  0|   40|           1|          40|
    |e_410_fu_7701_p3           |    select|   0|  0|   40|           1|          40|
    |e_413_fu_7725_p3           |    select|   0|  0|   40|           1|          40|
    |e_416_fu_7747_p3           |    select|   0|  0|   40|           1|          40|
    |e_419_fu_7771_p3           |    select|   0|  0|   40|           1|          40|
    |e_41_fu_4873_p3            |    select|   0|  0|   40|           1|          40|
    |e_422_fu_7793_p3           |    select|   0|  0|   40|           1|          40|
    |e_425_fu_7817_p3           |    select|   0|  0|   40|           1|          40|
    |e_428_fu_7839_p3           |    select|   0|  0|   40|           1|          40|
    |e_431_fu_7863_p3           |    select|   0|  0|   40|           1|          40|
    |e_434_fu_7885_p3           |    select|   0|  0|   40|           1|          40|
    |e_437_fu_7909_p3           |    select|   0|  0|   40|           1|          40|
    |e_440_fu_7931_p3           |    select|   0|  0|   40|           1|          40|
    |e_443_fu_7955_p3           |    select|   0|  0|   40|           1|          40|
    |e_446_fu_7977_p3           |    select|   0|  0|   40|           1|          40|
    |e_449_fu_8001_p3           |    select|   0|  0|   40|           1|          40|
    |e_44_fu_4895_p3            |    select|   0|  0|   40|           1|          40|
    |e_452_fu_8023_p3           |    select|   0|  0|   40|           1|          40|
    |e_455_fu_8047_p3           |    select|   0|  0|   40|           1|          40|
    |e_458_fu_8069_p3           |    select|   0|  0|   40|           1|          40|
    |e_461_fu_8093_p3           |    select|   0|  0|   40|           1|          40|
    |e_464_fu_8115_p3           |    select|   0|  0|   40|           1|          40|
    |e_467_fu_8139_p3           |    select|   0|  0|   40|           1|          40|
    |e_470_fu_8161_p3           |    select|   0|  0|   40|           1|          40|
    |e_473_fu_8185_p3           |    select|   0|  0|   40|           1|          40|
    |e_476_fu_8207_p3           |    select|   0|  0|   40|           1|          40|
    |e_479_fu_8231_p3           |    select|   0|  0|   40|           1|          40|
    |e_47_fu_4919_p3            |    select|   0|  0|   40|           1|          40|
    |e_482_fu_8253_p3           |    select|   0|  0|   40|           1|          40|
    |e_485_fu_8277_p3           |    select|   0|  0|   40|           1|          40|
    |e_488_fu_8299_p3           |    select|   0|  0|   40|           1|          40|
    |e_491_fu_8323_p3           |    select|   0|  0|   40|           1|          40|
    |e_494_fu_8345_p3           |    select|   0|  0|   40|           1|          40|
    |e_497_fu_8369_p3           |    select|   0|  0|   40|           1|          40|
    |e_500_fu_8391_p3           |    select|   0|  0|   40|           1|          40|
    |e_503_fu_8415_p3           |    select|   0|  0|   40|           1|          40|
    |e_506_fu_8437_p3           |    select|   0|  0|   40|           1|          40|
    |e_509_fu_8461_p3           |    select|   0|  0|   40|           1|          40|
    |e_50_fu_4941_p3            |    select|   0|  0|   40|           1|          40|
    |e_512_fu_8483_p3           |    select|   0|  0|   40|           1|          40|
    |e_515_fu_8507_p3           |    select|   0|  0|   40|           1|          40|
    |e_518_fu_8529_p3           |    select|   0|  0|   40|           1|          40|
    |e_521_fu_8553_p3           |    select|   0|  0|   40|           1|          40|
    |e_524_fu_8575_p3           |    select|   0|  0|   40|           1|          40|
    |e_527_fu_8599_p3           |    select|   0|  0|   40|           1|          40|
    |e_530_fu_8621_p3           |    select|   0|  0|   40|           1|          40|
    |e_533_fu_8645_p3           |    select|   0|  0|   40|           1|          40|
    |e_536_fu_8667_p3           |    select|   0|  0|   40|           1|          40|
    |e_539_fu_8691_p3           |    select|   0|  0|   40|           1|          40|
    |e_53_fu_4965_p3            |    select|   0|  0|   40|           1|          40|
    |e_542_fu_8713_p3           |    select|   0|  0|   40|           1|          40|
    |e_545_fu_8737_p3           |    select|   0|  0|   40|           1|          40|
    |e_548_fu_8759_p3           |    select|   0|  0|   40|           1|          40|
    |e_551_fu_8783_p3           |    select|   0|  0|   40|           1|          40|
    |e_554_fu_8805_p3           |    select|   0|  0|   40|           1|          40|
    |e_557_fu_8829_p3           |    select|   0|  0|   40|           1|          40|
    |e_560_fu_8851_p3           |    select|   0|  0|   40|           1|          40|
    |e_563_fu_8875_p3           |    select|   0|  0|   40|           1|          40|
    |e_566_fu_8897_p3           |    select|   0|  0|   40|           1|          40|
    |e_569_fu_8921_p3           |    select|   0|  0|   40|           1|          40|
    |e_56_fu_4987_p3            |    select|   0|  0|   40|           1|          40|
    |e_572_fu_8943_p3           |    select|   0|  0|   40|           1|          40|
    |e_575_fu_8967_p3           |    select|   0|  0|   40|           1|          40|
    |e_578_fu_8989_p3           |    select|   0|  0|   40|           1|          40|
    |e_581_fu_9013_p3           |    select|   0|  0|   40|           1|          40|
    |e_584_fu_9035_p3           |    select|   0|  0|   40|           1|          40|
    |e_587_fu_9059_p3           |    select|   0|  0|   40|           1|          40|
    |e_590_fu_9081_p3           |    select|   0|  0|   40|           1|          40|
    |e_593_fu_9105_p3           |    select|   0|  0|   40|           1|          40|
    |e_596_fu_9127_p3           |    select|   0|  0|   40|           1|          40|
    |e_599_fu_9151_p3           |    select|   0|  0|   40|           1|          40|
    |e_59_fu_5011_p3            |    select|   0|  0|   40|           1|          40|
    |e_5_fu_4597_p3             |    select|   0|  0|   40|           1|          40|
    |e_602_fu_9173_p3           |    select|   0|  0|   40|           1|          40|
    |e_605_fu_9197_p3           |    select|   0|  0|   40|           1|          40|
    |e_608_fu_9219_p3           |    select|   0|  0|   40|           1|          40|
    |e_611_fu_9243_p3           |    select|   0|  0|   40|           1|          40|
    |e_614_fu_9265_p3           |    select|   0|  0|   40|           1|          40|
    |e_617_fu_9289_p3           |    select|   0|  0|   40|           1|          40|
    |e_620_fu_9311_p3           |    select|   0|  0|   40|           1|          40|
    |e_623_fu_9335_p3           |    select|   0|  0|   40|           1|          40|
    |e_626_fu_9357_p3           |    select|   0|  0|   40|           1|          40|
    |e_629_fu_9381_p3           |    select|   0|  0|   40|           1|          40|
    |e_62_fu_5033_p3            |    select|   0|  0|   40|           1|          40|
    |e_632_fu_9403_p3           |    select|   0|  0|   40|           1|          40|
    |e_635_fu_9427_p3           |    select|   0|  0|   40|           1|          40|
    |e_638_fu_9449_p3           |    select|   0|  0|   40|           1|          40|
    |e_641_fu_9473_p3           |    select|   0|  0|   40|           1|          40|
    |e_644_fu_9495_p3           |    select|   0|  0|   40|           1|          40|
    |e_647_fu_9519_p3           |    select|   0|  0|   40|           1|          40|
    |e_650_fu_9541_p3           |    select|   0|  0|   40|           1|          40|
    |e_653_fu_9565_p3           |    select|   0|  0|   40|           1|          40|
    |e_656_fu_9587_p3           |    select|   0|  0|   40|           1|          40|
    |e_659_fu_9611_p3           |    select|   0|  0|   40|           1|          40|
    |e_65_fu_5057_p3            |    select|   0|  0|   40|           1|          40|
    |e_662_fu_9633_p3           |    select|   0|  0|   40|           1|          40|
    |e_665_fu_9657_p3           |    select|   0|  0|   40|           1|          40|
    |e_668_fu_9679_p3           |    select|   0|  0|   40|           1|          40|
    |e_671_fu_9703_p3           |    select|   0|  0|   40|           1|          40|
    |e_674_fu_9725_p3           |    select|   0|  0|   40|           1|          40|
    |e_677_fu_9749_p3           |    select|   0|  0|   40|           1|          40|
    |e_680_fu_9771_p3           |    select|   0|  0|   40|           1|          40|
    |e_683_fu_9795_p3           |    select|   0|  0|   40|           1|          40|
    |e_686_fu_9817_p3           |    select|   0|  0|   40|           1|          40|
    |e_689_fu_9841_p3           |    select|   0|  0|   40|           1|          40|
    |e_68_fu_5079_p3            |    select|   0|  0|   40|           1|          40|
    |e_692_fu_9863_p3           |    select|   0|  0|   40|           1|          40|
    |e_695_fu_9887_p3           |    select|   0|  0|   40|           1|          40|
    |e_698_fu_9909_p3           |    select|   0|  0|   40|           1|          40|
    |e_701_fu_9933_p3           |    select|   0|  0|   40|           1|          40|
    |e_704_fu_9955_p3           |    select|   0|  0|   40|           1|          40|
    |e_707_fu_9979_p3           |    select|   0|  0|   40|           1|          40|
    |e_710_fu_10001_p3          |    select|   0|  0|   40|           1|          40|
    |e_713_fu_10025_p3          |    select|   0|  0|   40|           1|          40|
    |e_716_fu_10047_p3          |    select|   0|  0|   40|           1|          40|
    |e_719_fu_10071_p3          |    select|   0|  0|   40|           1|          40|
    |e_71_fu_5103_p3            |    select|   0|  0|   40|           1|          40|
    |e_722_fu_10093_p3          |    select|   0|  0|   40|           1|          40|
    |e_725_fu_10117_p3          |    select|   0|  0|   40|           1|          40|
    |e_728_fu_10139_p3          |    select|   0|  0|   40|           1|          40|
    |e_731_fu_10163_p3          |    select|   0|  0|   40|           1|          40|
    |e_734_fu_10185_p3          |    select|   0|  0|   40|           1|          40|
    |e_737_fu_10209_p3          |    select|   0|  0|   40|           1|          40|
    |e_740_fu_10231_p3          |    select|   0|  0|   40|           1|          40|
    |e_743_fu_10255_p3          |    select|   0|  0|   40|           1|          40|
    |e_746_fu_10277_p3          |    select|   0|  0|   40|           1|          40|
    |e_749_fu_10301_p3          |    select|   0|  0|   40|           1|          40|
    |e_74_fu_5125_p3            |    select|   0|  0|   40|           1|          40|
    |e_752_fu_10323_p3          |    select|   0|  0|   40|           1|          40|
    |e_755_fu_10347_p3          |    select|   0|  0|   40|           1|          40|
    |e_758_fu_10369_p3          |    select|   0|  0|   40|           1|          40|
    |e_761_fu_10393_p3          |    select|   0|  0|   40|           1|          40|
    |e_764_fu_10415_p3          |    select|   0|  0|   40|           1|          40|
    |e_767_fu_10439_p3          |    select|   0|  0|   40|           1|          40|
    |e_770_fu_10461_p3          |    select|   0|  0|   40|           1|          40|
    |e_773_fu_10485_p3          |    select|   0|  0|   40|           1|          40|
    |e_776_fu_10507_p3          |    select|   0|  0|   40|           1|          40|
    |e_779_fu_10531_p3          |    select|   0|  0|   40|           1|          40|
    |e_77_fu_5149_p3            |    select|   0|  0|   40|           1|          40|
    |e_782_fu_10553_p3          |    select|   0|  0|   40|           1|          40|
    |e_785_fu_10577_p3          |    select|   0|  0|   40|           1|          40|
    |e_788_fu_10599_p3          |    select|   0|  0|   40|           1|          40|
    |e_791_fu_10623_p3          |    select|   0|  0|   40|           1|          40|
    |e_794_fu_10645_p3          |    select|   0|  0|   40|           1|          40|
    |e_797_fu_10669_p3          |    select|   0|  0|   40|           1|          40|
    |e_800_fu_10691_p3          |    select|   0|  0|   40|           1|          40|
    |e_803_fu_10715_p3          |    select|   0|  0|   40|           1|          40|
    |e_806_fu_10737_p3          |    select|   0|  0|   40|           1|          40|
    |e_809_fu_10761_p3          |    select|   0|  0|   40|           1|          40|
    |e_80_fu_5171_p3            |    select|   0|  0|   40|           1|          40|
    |e_812_fu_10783_p3          |    select|   0|  0|   40|           1|          40|
    |e_815_fu_10807_p3          |    select|   0|  0|   40|           1|          40|
    |e_818_fu_10829_p3          |    select|   0|  0|   40|           1|          40|
    |e_821_fu_10853_p3          |    select|   0|  0|   40|           1|          40|
    |e_824_fu_10875_p3          |    select|   0|  0|   40|           1|          40|
    |e_827_fu_10899_p3          |    select|   0|  0|   40|           1|          40|
    |e_830_fu_10921_p3          |    select|   0|  0|   40|           1|          40|
    |e_833_fu_10945_p3          |    select|   0|  0|   40|           1|          40|
    |e_836_fu_10967_p3          |    select|   0|  0|   40|           1|          40|
    |e_839_fu_10991_p3          |    select|   0|  0|   40|           1|          40|
    |e_83_fu_5195_p3            |    select|   0|  0|   40|           1|          40|
    |e_842_fu_11013_p3          |    select|   0|  0|   40|           1|          40|
    |e_845_fu_11037_p3          |    select|   0|  0|   40|           1|          40|
    |e_848_fu_11059_p3          |    select|   0|  0|   40|           1|          40|
    |e_851_fu_11083_p3          |    select|   0|  0|   40|           1|          40|
    |e_854_fu_11105_p3          |    select|   0|  0|   40|           1|          40|
    |e_857_fu_11129_p3          |    select|   0|  0|   40|           1|          40|
    |e_860_fu_11151_p3          |    select|   0|  0|   40|           1|          40|
    |e_863_fu_11175_p3          |    select|   0|  0|   40|           1|          40|
    |e_866_fu_11197_p3          |    select|   0|  0|   40|           1|          40|
    |e_869_fu_11221_p3          |    select|   0|  0|   40|           1|          40|
    |e_86_fu_5217_p3            |    select|   0|  0|   40|           1|          40|
    |e_872_fu_11243_p3          |    select|   0|  0|   40|           1|          40|
    |e_875_fu_11267_p3          |    select|   0|  0|   40|           1|          40|
    |e_878_fu_11289_p3          |    select|   0|  0|   40|           1|          40|
    |e_881_fu_11313_p3          |    select|   0|  0|   40|           1|          40|
    |e_884_fu_11335_p3          |    select|   0|  0|   40|           1|          40|
    |e_887_fu_11359_p3          |    select|   0|  0|   40|           1|          40|
    |e_890_fu_11381_p3          |    select|   0|  0|   40|           1|          40|
    |e_893_fu_11405_p3          |    select|   0|  0|   40|           1|          40|
    |e_896_fu_11427_p3          |    select|   0|  0|   40|           1|          40|
    |e_899_fu_11451_p3          |    select|   0|  0|   40|           1|          40|
    |e_89_fu_5241_p3            |    select|   0|  0|   40|           1|          40|
    |e_8_fu_4619_p3             |    select|   0|  0|   40|           1|          40|
    |e_902_fu_11473_p3          |    select|   0|  0|   40|           1|          40|
    |e_905_fu_11497_p3          |    select|   0|  0|   40|           1|          40|
    |e_908_fu_11519_p3          |    select|   0|  0|   40|           1|          40|
    |e_911_fu_11543_p3          |    select|   0|  0|   40|           1|          40|
    |e_914_fu_11565_p3          |    select|   0|  0|   40|           1|          40|
    |e_917_fu_11589_p3          |    select|   0|  0|   40|           1|          40|
    |e_920_fu_11611_p3          |    select|   0|  0|   40|           1|          40|
    |e_923_fu_11635_p3          |    select|   0|  0|   40|           1|          40|
    |e_926_fu_11657_p3          |    select|   0|  0|   40|           1|          40|
    |e_929_fu_11681_p3          |    select|   0|  0|   40|           1|          40|
    |e_92_fu_5263_p3            |    select|   0|  0|   40|           1|          40|
    |e_932_fu_11703_p3          |    select|   0|  0|   40|           1|          40|
    |e_935_fu_11727_p3          |    select|   0|  0|   40|           1|          40|
    |e_938_fu_11749_p3          |    select|   0|  0|   40|           1|          40|
    |e_941_fu_11773_p3          |    select|   0|  0|   40|           1|          40|
    |e_944_fu_11795_p3          |    select|   0|  0|   40|           1|          40|
    |e_947_fu_11819_p3          |    select|   0|  0|   40|           1|          40|
    |e_950_fu_11841_p3          |    select|   0|  0|   40|           1|          40|
    |e_953_fu_11865_p3          |    select|   0|  0|   40|           1|          40|
    |e_956_fu_11887_p3          |    select|   0|  0|   40|           1|          40|
    |e_959_fu_11911_p3          |    select|   0|  0|   40|           1|          40|
    |e_95_fu_5287_p3            |    select|   0|  0|   40|           1|          40|
    |e_962_fu_11933_p3          |    select|   0|  0|   40|           1|          40|
    |e_965_fu_11957_p3          |    select|   0|  0|   40|           1|          40|
    |e_968_fu_11979_p3          |    select|   0|  0|   40|           1|          40|
    |e_971_fu_12003_p3          |    select|   0|  0|   40|           1|          40|
    |e_974_fu_12025_p3          |    select|   0|  0|   40|           1|          40|
    |e_977_fu_12049_p3          |    select|   0|  0|   40|           1|          40|
    |e_980_fu_12071_p3          |    select|   0|  0|   40|           1|          40|
    |e_983_fu_12095_p3          |    select|   0|  0|   40|           1|          40|
    |e_986_fu_12117_p3          |    select|   0|  0|   40|           1|          40|
    |e_989_fu_12141_p3          |    select|   0|  0|   40|           1|          40|
    |e_98_fu_5309_p3            |    select|   0|  0|   40|           1|          40|
    |e_992_fu_12163_p3          |    select|   0|  0|   40|           1|          40|
    |e_995_fu_12187_p3          |    select|   0|  0|   40|           1|          40|
    |e_998_fu_12209_p3          |    select|   0|  0|   40|           1|          40|
    |term_10_fu_4228_p3         |    select|   0|  0|   40|           1|          40|
    |term_11_fu_4242_p3         |    select|   0|  0|   40|           1|          40|
    |term_12_fu_4008_p3         |    select|   0|  0|   40|           1|          40|
    |term_13_fu_4256_p3         |    select|   0|  0|   40|           1|          40|
    |term_14_fu_4270_p3         |    select|   0|  0|   40|           1|          40|
    |term_15_fu_4284_p3         |    select|   0|  0|   40|           1|          40|
    |term_16_fu_4298_p3         |    select|   0|  0|   40|           1|          40|
    |term_17_fu_4312_p3         |    select|   0|  0|   40|           1|          40|
    |term_18_fu_4326_p3         |    select|   0|  0|   40|           1|          40|
    |term_19_fu_4022_p3         |    select|   0|  0|   40|           1|          40|
    |term_1_fu_4130_p3          |    select|   0|  0|   40|           1|          40|
    |term_20_fu_4036_p3         |    select|   0|  0|   40|           1|          40|
    |term_21_fu_4050_p3         |    select|   0|  0|   40|           1|          40|
    |term_22_fu_4340_p3         |    select|   0|  0|   40|           1|          40|
    |term_23_fu_4354_p3         |    select|   0|  0|   40|           1|          40|
    |term_24_fu_4064_p3         |    select|   0|  0|   40|           1|          40|
    |term_25_fu_4368_p3         |    select|   0|  0|   40|           1|          40|
    |term_26_fu_4382_p3         |    select|   0|  0|   40|           1|          40|
    |term_27_fu_4396_p3         |    select|   0|  0|   40|           1|          40|
    |term_28_fu_4410_p3         |    select|   0|  0|   40|           1|          40|
    |term_29_fu_4078_p3         |    select|   0|  0|   40|           1|          40|
    |term_2_fu_4144_p3          |    select|   0|  0|   40|           1|          40|
    |term_3_fu_4158_p3          |    select|   0|  0|   40|           1|          40|
    |term_4_fu_4172_p3          |    select|   0|  0|   40|           1|          40|
    |term_5_fu_3980_p3          |    select|   0|  0|   40|           1|          40|
    |term_6_fu_3994_p3          |    select|   0|  0|   40|           1|          40|
    |term_7_fu_4186_p3          |    select|   0|  0|   40|           1|          40|
    |term_8_fu_4200_p3          |    select|   0|  0|   40|           1|          40|
    |term_9_fu_4214_p3          |    select|   0|  0|   40|           1|          40|
    |term_fu_4116_p3            |    select|   0|  0|   40|           1|          40|
    |xor_ln194_100_fu_6859_p2   |       xor|   0|  0|    2|           1|           1|
    |xor_ln194_101_fu_6881_p2   |       xor|   0|  0|    2|           1|           1|
    |xor_ln194_102_fu_6905_p2   |       xor|   0|  0|    2|           1|           1|
    |xor_ln194_103_fu_6927_p2   |       xor|   0|  0|    2|           1|           1|
    |xor_ln194_104_fu_6951_p2   |       xor|   0|  0|    2|           1|           1|
    |xor_ln194_105_fu_6973_p2   |       xor|   0|  0|    2|           1|           1|
    |xor_ln194_106_fu_6997_p2   |       xor|   0|  0|    2|           1|           1|
    |xor_ln194_107_fu_7019_p2   |       xor|   0|  0|    2|           1|           1|
    |xor_ln194_108_fu_7043_p2   |       xor|   0|  0|    2|           1|           1|
    |xor_ln194_109_fu_7065_p2   |       xor|   0|  0|    2|           1|           1|
    |xor_ln194_10_fu_4789_p2    |       xor|   0|  0|    2|           1|           1|
    |xor_ln194_110_fu_7089_p2   |       xor|   0|  0|    2|           1|           1|
    |xor_ln194_111_fu_7111_p2   |       xor|   0|  0|    2|           1|           1|
    |xor_ln194_112_fu_7135_p2   |       xor|   0|  0|    2|           1|           1|
    |xor_ln194_113_fu_7157_p2   |       xor|   0|  0|    2|           1|           1|
    |xor_ln194_114_fu_7181_p2   |       xor|   0|  0|    2|           1|           1|
    |xor_ln194_115_fu_7203_p2   |       xor|   0|  0|    2|           1|           1|
    |xor_ln194_116_fu_7227_p2   |       xor|   0|  0|    2|           1|           1|
    |xor_ln194_117_fu_7249_p2   |       xor|   0|  0|    2|           1|           1|
    |xor_ln194_118_fu_7273_p2   |       xor|   0|  0|    2|           1|           1|
    |xor_ln194_119_fu_7295_p2   |       xor|   0|  0|    2|           1|           1|
    |xor_ln194_11_fu_4811_p2    |       xor|   0|  0|    2|           1|           1|
    |xor_ln194_120_fu_7319_p2   |       xor|   0|  0|    2|           1|           1|
    |xor_ln194_121_fu_7341_p2   |       xor|   0|  0|    2|           1|           1|
    |xor_ln194_122_fu_7365_p2   |       xor|   0|  0|    2|           1|           1|
    |xor_ln194_123_fu_7387_p2   |       xor|   0|  0|    2|           1|           1|
    |xor_ln194_124_fu_7411_p2   |       xor|   0|  0|    2|           1|           1|
    |xor_ln194_125_fu_7433_p2   |       xor|   0|  0|    2|           1|           1|
    |xor_ln194_126_fu_7457_p2   |       xor|   0|  0|    2|           1|           1|
    |xor_ln194_127_fu_7479_p2   |       xor|   0|  0|    2|           1|           1|
    |xor_ln194_128_fu_7503_p2   |       xor|   0|  0|    2|           1|           1|
    |xor_ln194_129_fu_7525_p2   |       xor|   0|  0|    2|           1|           1|
    |xor_ln194_12_fu_4835_p2    |       xor|   0|  0|    2|           1|           1|
    |xor_ln194_130_fu_7549_p2   |       xor|   0|  0|    2|           1|           1|
    |xor_ln194_131_fu_7571_p2   |       xor|   0|  0|    2|           1|           1|
    |xor_ln194_132_fu_7595_p2   |       xor|   0|  0|    2|           1|           1|
    |xor_ln194_133_fu_7617_p2   |       xor|   0|  0|    2|           1|           1|
    |xor_ln194_134_fu_7641_p2   |       xor|   0|  0|    2|           1|           1|
    |xor_ln194_135_fu_7663_p2   |       xor|   0|  0|    2|           1|           1|
    |xor_ln194_136_fu_7687_p2   |       xor|   0|  0|    2|           1|           1|
    |xor_ln194_137_fu_7709_p2   |       xor|   0|  0|    2|           1|           1|
    |xor_ln194_138_fu_7733_p2   |       xor|   0|  0|    2|           1|           1|
    |xor_ln194_139_fu_7755_p2   |       xor|   0|  0|    2|           1|           1|
    |xor_ln194_13_fu_4857_p2    |       xor|   0|  0|    2|           1|           1|
    |xor_ln194_140_fu_7779_p2   |       xor|   0|  0|    2|           1|           1|
    |xor_ln194_141_fu_7801_p2   |       xor|   0|  0|    2|           1|           1|
    |xor_ln194_142_fu_7825_p2   |       xor|   0|  0|    2|           1|           1|
    |xor_ln194_143_fu_7847_p2   |       xor|   0|  0|    2|           1|           1|
    |xor_ln194_144_fu_7871_p2   |       xor|   0|  0|    2|           1|           1|
    |xor_ln194_145_fu_7893_p2   |       xor|   0|  0|    2|           1|           1|
    |xor_ln194_146_fu_7917_p2   |       xor|   0|  0|    2|           1|           1|
    |xor_ln194_147_fu_7939_p2   |       xor|   0|  0|    2|           1|           1|
    |xor_ln194_148_fu_7963_p2   |       xor|   0|  0|    2|           1|           1|
    |xor_ln194_149_fu_7985_p2   |       xor|   0|  0|    2|           1|           1|
    |xor_ln194_14_fu_4881_p2    |       xor|   0|  0|    2|           1|           1|
    |xor_ln194_150_fu_8009_p2   |       xor|   0|  0|    2|           1|           1|
    |xor_ln194_151_fu_8031_p2   |       xor|   0|  0|    2|           1|           1|
    |xor_ln194_152_fu_8055_p2   |       xor|   0|  0|    2|           1|           1|
    |xor_ln194_153_fu_8077_p2   |       xor|   0|  0|    2|           1|           1|
    |xor_ln194_154_fu_8101_p2   |       xor|   0|  0|    2|           1|           1|
    |xor_ln194_155_fu_8123_p2   |       xor|   0|  0|    2|           1|           1|
    |xor_ln194_156_fu_8147_p2   |       xor|   0|  0|    2|           1|           1|
    |xor_ln194_157_fu_8169_p2   |       xor|   0|  0|    2|           1|           1|
    |xor_ln194_158_fu_8193_p2   |       xor|   0|  0|    2|           1|           1|
    |xor_ln194_159_fu_8215_p2   |       xor|   0|  0|    2|           1|           1|
    |xor_ln194_15_fu_4903_p2    |       xor|   0|  0|    2|           1|           1|
    |xor_ln194_160_fu_8239_p2   |       xor|   0|  0|    2|           1|           1|
    |xor_ln194_161_fu_8261_p2   |       xor|   0|  0|    2|           1|           1|
    |xor_ln194_162_fu_8285_p2   |       xor|   0|  0|    2|           1|           1|
    |xor_ln194_163_fu_8307_p2   |       xor|   0|  0|    2|           1|           1|
    |xor_ln194_164_fu_8331_p2   |       xor|   0|  0|    2|           1|           1|
    |xor_ln194_165_fu_8353_p2   |       xor|   0|  0|    2|           1|           1|
    |xor_ln194_166_fu_8377_p2   |       xor|   0|  0|    2|           1|           1|
    |xor_ln194_167_fu_8399_p2   |       xor|   0|  0|    2|           1|           1|
    |xor_ln194_168_fu_8423_p2   |       xor|   0|  0|    2|           1|           1|
    |xor_ln194_169_fu_8445_p2   |       xor|   0|  0|    2|           1|           1|
    |xor_ln194_16_fu_4927_p2    |       xor|   0|  0|    2|           1|           1|
    |xor_ln194_170_fu_8469_p2   |       xor|   0|  0|    2|           1|           1|
    |xor_ln194_171_fu_8491_p2   |       xor|   0|  0|    2|           1|           1|
    |xor_ln194_172_fu_8515_p2   |       xor|   0|  0|    2|           1|           1|
    |xor_ln194_173_fu_8537_p2   |       xor|   0|  0|    2|           1|           1|
    |xor_ln194_174_fu_8561_p2   |       xor|   0|  0|    2|           1|           1|
    |xor_ln194_175_fu_8583_p2   |       xor|   0|  0|    2|           1|           1|
    |xor_ln194_176_fu_8607_p2   |       xor|   0|  0|    2|           1|           1|
    |xor_ln194_177_fu_8629_p2   |       xor|   0|  0|    2|           1|           1|
    |xor_ln194_178_fu_8653_p2   |       xor|   0|  0|    2|           1|           1|
    |xor_ln194_179_fu_8675_p2   |       xor|   0|  0|    2|           1|           1|
    |xor_ln194_17_fu_4949_p2    |       xor|   0|  0|    2|           1|           1|
    |xor_ln194_180_fu_8699_p2   |       xor|   0|  0|    2|           1|           1|
    |xor_ln194_181_fu_8721_p2   |       xor|   0|  0|    2|           1|           1|
    |xor_ln194_182_fu_8745_p2   |       xor|   0|  0|    2|           1|           1|
    |xor_ln194_183_fu_8767_p2   |       xor|   0|  0|    2|           1|           1|
    |xor_ln194_184_fu_8791_p2   |       xor|   0|  0|    2|           1|           1|
    |xor_ln194_185_fu_8813_p2   |       xor|   0|  0|    2|           1|           1|
    |xor_ln194_186_fu_8837_p2   |       xor|   0|  0|    2|           1|           1|
    |xor_ln194_187_fu_8859_p2   |       xor|   0|  0|    2|           1|           1|
    |xor_ln194_188_fu_8883_p2   |       xor|   0|  0|    2|           1|           1|
    |xor_ln194_189_fu_8905_p2   |       xor|   0|  0|    2|           1|           1|
    |xor_ln194_18_fu_4973_p2    |       xor|   0|  0|    2|           1|           1|
    |xor_ln194_190_fu_8929_p2   |       xor|   0|  0|    2|           1|           1|
    |xor_ln194_191_fu_8951_p2   |       xor|   0|  0|    2|           1|           1|
    |xor_ln194_192_fu_8975_p2   |       xor|   0|  0|    2|           1|           1|
    |xor_ln194_193_fu_8997_p2   |       xor|   0|  0|    2|           1|           1|
    |xor_ln194_194_fu_9021_p2   |       xor|   0|  0|    2|           1|           1|
    |xor_ln194_195_fu_9043_p2   |       xor|   0|  0|    2|           1|           1|
    |xor_ln194_196_fu_9067_p2   |       xor|   0|  0|    2|           1|           1|
    |xor_ln194_197_fu_9089_p2   |       xor|   0|  0|    2|           1|           1|
    |xor_ln194_198_fu_9113_p2   |       xor|   0|  0|    2|           1|           1|
    |xor_ln194_199_fu_9135_p2   |       xor|   0|  0|    2|           1|           1|
    |xor_ln194_19_fu_4995_p2    |       xor|   0|  0|    2|           1|           1|
    |xor_ln194_1_fu_4581_p2     |       xor|   0|  0|    2|           1|           1|
    |xor_ln194_200_fu_9159_p2   |       xor|   0|  0|    2|           1|           1|
    |xor_ln194_201_fu_9181_p2   |       xor|   0|  0|    2|           1|           1|
    |xor_ln194_202_fu_9205_p2   |       xor|   0|  0|    2|           1|           1|
    |xor_ln194_203_fu_9227_p2   |       xor|   0|  0|    2|           1|           1|
    |xor_ln194_204_fu_9251_p2   |       xor|   0|  0|    2|           1|           1|
    |xor_ln194_205_fu_9273_p2   |       xor|   0|  0|    2|           1|           1|
    |xor_ln194_206_fu_9297_p2   |       xor|   0|  0|    2|           1|           1|
    |xor_ln194_207_fu_9319_p2   |       xor|   0|  0|    2|           1|           1|
    |xor_ln194_208_fu_9343_p2   |       xor|   0|  0|    2|           1|           1|
    |xor_ln194_209_fu_9365_p2   |       xor|   0|  0|    2|           1|           1|
    |xor_ln194_20_fu_5019_p2    |       xor|   0|  0|    2|           1|           1|
    |xor_ln194_210_fu_9389_p2   |       xor|   0|  0|    2|           1|           1|
    |xor_ln194_211_fu_9411_p2   |       xor|   0|  0|    2|           1|           1|
    |xor_ln194_212_fu_9435_p2   |       xor|   0|  0|    2|           1|           1|
    |xor_ln194_213_fu_9457_p2   |       xor|   0|  0|    2|           1|           1|
    |xor_ln194_214_fu_9481_p2   |       xor|   0|  0|    2|           1|           1|
    |xor_ln194_215_fu_9503_p2   |       xor|   0|  0|    2|           1|           1|
    |xor_ln194_216_fu_9527_p2   |       xor|   0|  0|    2|           1|           1|
    |xor_ln194_217_fu_9549_p2   |       xor|   0|  0|    2|           1|           1|
    |xor_ln194_218_fu_9573_p2   |       xor|   0|  0|    2|           1|           1|
    |xor_ln194_219_fu_9595_p2   |       xor|   0|  0|    2|           1|           1|
    |xor_ln194_21_fu_5041_p2    |       xor|   0|  0|    2|           1|           1|
    |xor_ln194_220_fu_9619_p2   |       xor|   0|  0|    2|           1|           1|
    |xor_ln194_221_fu_9641_p2   |       xor|   0|  0|    2|           1|           1|
    |xor_ln194_222_fu_9665_p2   |       xor|   0|  0|    2|           1|           1|
    |xor_ln194_223_fu_9687_p2   |       xor|   0|  0|    2|           1|           1|
    |xor_ln194_224_fu_9711_p2   |       xor|   0|  0|    2|           1|           1|
    |xor_ln194_225_fu_9733_p2   |       xor|   0|  0|    2|           1|           1|
    |xor_ln194_226_fu_9757_p2   |       xor|   0|  0|    2|           1|           1|
    |xor_ln194_227_fu_9779_p2   |       xor|   0|  0|    2|           1|           1|
    |xor_ln194_228_fu_9803_p2   |       xor|   0|  0|    2|           1|           1|
    |xor_ln194_229_fu_9825_p2   |       xor|   0|  0|    2|           1|           1|
    |xor_ln194_22_fu_5065_p2    |       xor|   0|  0|    2|           1|           1|
    |xor_ln194_230_fu_9849_p2   |       xor|   0|  0|    2|           1|           1|
    |xor_ln194_231_fu_9871_p2   |       xor|   0|  0|    2|           1|           1|
    |xor_ln194_232_fu_9895_p2   |       xor|   0|  0|    2|           1|           1|
    |xor_ln194_233_fu_9917_p2   |       xor|   0|  0|    2|           1|           1|
    |xor_ln194_234_fu_9941_p2   |       xor|   0|  0|    2|           1|           1|
    |xor_ln194_235_fu_9963_p2   |       xor|   0|  0|    2|           1|           1|
    |xor_ln194_236_fu_9987_p2   |       xor|   0|  0|    2|           1|           1|
    |xor_ln194_237_fu_10009_p2  |       xor|   0|  0|    2|           1|           1|
    |xor_ln194_238_fu_10033_p2  |       xor|   0|  0|    2|           1|           1|
    |xor_ln194_239_fu_10055_p2  |       xor|   0|  0|    2|           1|           1|
    |xor_ln194_23_fu_5087_p2    |       xor|   0|  0|    2|           1|           1|
    |xor_ln194_240_fu_10079_p2  |       xor|   0|  0|    2|           1|           1|
    |xor_ln194_241_fu_10101_p2  |       xor|   0|  0|    2|           1|           1|
    |xor_ln194_242_fu_10125_p2  |       xor|   0|  0|    2|           1|           1|
    |xor_ln194_243_fu_10147_p2  |       xor|   0|  0|    2|           1|           1|
    |xor_ln194_244_fu_10171_p2  |       xor|   0|  0|    2|           1|           1|
    |xor_ln194_245_fu_10193_p2  |       xor|   0|  0|    2|           1|           1|
    |xor_ln194_246_fu_10217_p2  |       xor|   0|  0|    2|           1|           1|
    |xor_ln194_247_fu_10239_p2  |       xor|   0|  0|    2|           1|           1|
    |xor_ln194_248_fu_10263_p2  |       xor|   0|  0|    2|           1|           1|
    |xor_ln194_249_fu_10285_p2  |       xor|   0|  0|    2|           1|           1|
    |xor_ln194_24_fu_5111_p2    |       xor|   0|  0|    2|           1|           1|
    |xor_ln194_250_fu_10309_p2  |       xor|   0|  0|    2|           1|           1|
    |xor_ln194_251_fu_10331_p2  |       xor|   0|  0|    2|           1|           1|
    |xor_ln194_252_fu_10355_p2  |       xor|   0|  0|    2|           1|           1|
    |xor_ln194_253_fu_10377_p2  |       xor|   0|  0|    2|           1|           1|
    |xor_ln194_254_fu_10401_p2  |       xor|   0|  0|    2|           1|           1|
    |xor_ln194_255_fu_10423_p2  |       xor|   0|  0|    2|           1|           1|
    |xor_ln194_256_fu_10447_p2  |       xor|   0|  0|    2|           1|           1|
    |xor_ln194_257_fu_10469_p2  |       xor|   0|  0|    2|           1|           1|
    |xor_ln194_258_fu_10493_p2  |       xor|   0|  0|    2|           1|           1|
    |xor_ln194_259_fu_10515_p2  |       xor|   0|  0|    2|           1|           1|
    |xor_ln194_25_fu_5133_p2    |       xor|   0|  0|    2|           1|           1|
    |xor_ln194_260_fu_10539_p2  |       xor|   0|  0|    2|           1|           1|
    |xor_ln194_261_fu_10561_p2  |       xor|   0|  0|    2|           1|           1|
    |xor_ln194_262_fu_10585_p2  |       xor|   0|  0|    2|           1|           1|
    |xor_ln194_263_fu_10607_p2  |       xor|   0|  0|    2|           1|           1|
    |xor_ln194_264_fu_10631_p2  |       xor|   0|  0|    2|           1|           1|
    |xor_ln194_265_fu_10653_p2  |       xor|   0|  0|    2|           1|           1|
    |xor_ln194_266_fu_10677_p2  |       xor|   0|  0|    2|           1|           1|
    |xor_ln194_267_fu_10699_p2  |       xor|   0|  0|    2|           1|           1|
    |xor_ln194_268_fu_10723_p2  |       xor|   0|  0|    2|           1|           1|
    |xor_ln194_269_fu_10745_p2  |       xor|   0|  0|    2|           1|           1|
    |xor_ln194_26_fu_5157_p2    |       xor|   0|  0|    2|           1|           1|
    |xor_ln194_270_fu_10769_p2  |       xor|   0|  0|    2|           1|           1|
    |xor_ln194_271_fu_10791_p2  |       xor|   0|  0|    2|           1|           1|
    |xor_ln194_272_fu_10815_p2  |       xor|   0|  0|    2|           1|           1|
    |xor_ln194_273_fu_10837_p2  |       xor|   0|  0|    2|           1|           1|
    |xor_ln194_274_fu_10861_p2  |       xor|   0|  0|    2|           1|           1|
    |xor_ln194_275_fu_10883_p2  |       xor|   0|  0|    2|           1|           1|
    |xor_ln194_276_fu_10907_p2  |       xor|   0|  0|    2|           1|           1|
    |xor_ln194_277_fu_10929_p2  |       xor|   0|  0|    2|           1|           1|
    |xor_ln194_278_fu_10953_p2  |       xor|   0|  0|    2|           1|           1|
    |xor_ln194_279_fu_10975_p2  |       xor|   0|  0|    2|           1|           1|
    |xor_ln194_27_fu_5179_p2    |       xor|   0|  0|    2|           1|           1|
    |xor_ln194_280_fu_10999_p2  |       xor|   0|  0|    2|           1|           1|
    |xor_ln194_281_fu_11021_p2  |       xor|   0|  0|    2|           1|           1|
    |xor_ln194_282_fu_11045_p2  |       xor|   0|  0|    2|           1|           1|
    |xor_ln194_283_fu_11067_p2  |       xor|   0|  0|    2|           1|           1|
    |xor_ln194_284_fu_11091_p2  |       xor|   0|  0|    2|           1|           1|
    |xor_ln194_285_fu_11113_p2  |       xor|   0|  0|    2|           1|           1|
    |xor_ln194_286_fu_11137_p2  |       xor|   0|  0|    2|           1|           1|
    |xor_ln194_287_fu_11159_p2  |       xor|   0|  0|    2|           1|           1|
    |xor_ln194_288_fu_11183_p2  |       xor|   0|  0|    2|           1|           1|
    |xor_ln194_289_fu_11205_p2  |       xor|   0|  0|    2|           1|           1|
    |xor_ln194_28_fu_5203_p2    |       xor|   0|  0|    2|           1|           1|
    |xor_ln194_290_fu_11229_p2  |       xor|   0|  0|    2|           1|           1|
    |xor_ln194_291_fu_11251_p2  |       xor|   0|  0|    2|           1|           1|
    |xor_ln194_292_fu_11275_p2  |       xor|   0|  0|    2|           1|           1|
    |xor_ln194_293_fu_11297_p2  |       xor|   0|  0|    2|           1|           1|
    |xor_ln194_294_fu_11321_p2  |       xor|   0|  0|    2|           1|           1|
    |xor_ln194_295_fu_11343_p2  |       xor|   0|  0|    2|           1|           1|
    |xor_ln194_296_fu_11367_p2  |       xor|   0|  0|    2|           1|           1|
    |xor_ln194_297_fu_11389_p2  |       xor|   0|  0|    2|           1|           1|
    |xor_ln194_298_fu_11413_p2  |       xor|   0|  0|    2|           1|           1|
    |xor_ln194_299_fu_11435_p2  |       xor|   0|  0|    2|           1|           1|
    |xor_ln194_29_fu_5225_p2    |       xor|   0|  0|    2|           1|           1|
    |xor_ln194_2_fu_4605_p2     |       xor|   0|  0|    2|           1|           1|
    |xor_ln194_300_fu_11459_p2  |       xor|   0|  0|    2|           1|           1|
    |xor_ln194_301_fu_11481_p2  |       xor|   0|  0|    2|           1|           1|
    |xor_ln194_302_fu_11505_p2  |       xor|   0|  0|    2|           1|           1|
    |xor_ln194_303_fu_11527_p2  |       xor|   0|  0|    2|           1|           1|
    |xor_ln194_304_fu_11551_p2  |       xor|   0|  0|    2|           1|           1|
    |xor_ln194_305_fu_11573_p2  |       xor|   0|  0|    2|           1|           1|
    |xor_ln194_306_fu_11597_p2  |       xor|   0|  0|    2|           1|           1|
    |xor_ln194_307_fu_11619_p2  |       xor|   0|  0|    2|           1|           1|
    |xor_ln194_308_fu_11643_p2  |       xor|   0|  0|    2|           1|           1|
    |xor_ln194_309_fu_11665_p2  |       xor|   0|  0|    2|           1|           1|
    |xor_ln194_30_fu_5249_p2    |       xor|   0|  0|    2|           1|           1|
    |xor_ln194_310_fu_11689_p2  |       xor|   0|  0|    2|           1|           1|
    |xor_ln194_311_fu_11711_p2  |       xor|   0|  0|    2|           1|           1|
    |xor_ln194_312_fu_11735_p2  |       xor|   0|  0|    2|           1|           1|
    |xor_ln194_313_fu_11757_p2  |       xor|   0|  0|    2|           1|           1|
    |xor_ln194_314_fu_11781_p2  |       xor|   0|  0|    2|           1|           1|
    |xor_ln194_315_fu_11803_p2  |       xor|   0|  0|    2|           1|           1|
    |xor_ln194_316_fu_11827_p2  |       xor|   0|  0|    2|           1|           1|
    |xor_ln194_317_fu_11849_p2  |       xor|   0|  0|    2|           1|           1|
    |xor_ln194_318_fu_11873_p2  |       xor|   0|  0|    2|           1|           1|
    |xor_ln194_319_fu_11895_p2  |       xor|   0|  0|    2|           1|           1|
    |xor_ln194_31_fu_5271_p2    |       xor|   0|  0|    2|           1|           1|
    |xor_ln194_320_fu_11919_p2  |       xor|   0|  0|    2|           1|           1|
    |xor_ln194_321_fu_11941_p2  |       xor|   0|  0|    2|           1|           1|
    |xor_ln194_322_fu_11965_p2  |       xor|   0|  0|    2|           1|           1|
    |xor_ln194_323_fu_11987_p2  |       xor|   0|  0|    2|           1|           1|
    |xor_ln194_324_fu_12011_p2  |       xor|   0|  0|    2|           1|           1|
    |xor_ln194_325_fu_12033_p2  |       xor|   0|  0|    2|           1|           1|
    |xor_ln194_326_fu_12057_p2  |       xor|   0|  0|    2|           1|           1|
    |xor_ln194_327_fu_12079_p2  |       xor|   0|  0|    2|           1|           1|
    |xor_ln194_328_fu_12103_p2  |       xor|   0|  0|    2|           1|           1|
    |xor_ln194_329_fu_12125_p2  |       xor|   0|  0|    2|           1|           1|
    |xor_ln194_32_fu_5295_p2    |       xor|   0|  0|    2|           1|           1|
    |xor_ln194_330_fu_12149_p2  |       xor|   0|  0|    2|           1|           1|
    |xor_ln194_331_fu_12171_p2  |       xor|   0|  0|    2|           1|           1|
    |xor_ln194_332_fu_12195_p2  |       xor|   0|  0|    2|           1|           1|
    |xor_ln194_333_fu_12217_p2  |       xor|   0|  0|    2|           1|           1|
    |xor_ln194_334_fu_12241_p2  |       xor|   0|  0|    2|           1|           1|
    |xor_ln194_335_fu_12263_p2  |       xor|   0|  0|    2|           1|           1|
    |xor_ln194_336_fu_12287_p2  |       xor|   0|  0|    2|           1|           1|
    |xor_ln194_337_fu_12309_p2  |       xor|   0|  0|    2|           1|           1|
    |xor_ln194_338_fu_12333_p2  |       xor|   0|  0|    2|           1|           1|
    |xor_ln194_339_fu_12355_p2  |       xor|   0|  0|    2|           1|           1|
    |xor_ln194_33_fu_5317_p2    |       xor|   0|  0|    2|           1|           1|
    |xor_ln194_340_fu_12379_p2  |       xor|   0|  0|    2|           1|           1|
    |xor_ln194_341_fu_12401_p2  |       xor|   0|  0|    2|           1|           1|
    |xor_ln194_342_fu_12425_p2  |       xor|   0|  0|    2|           1|           1|
    |xor_ln194_343_fu_12447_p2  |       xor|   0|  0|    2|           1|           1|
    |xor_ln194_344_fu_12471_p2  |       xor|   0|  0|    2|           1|           1|
    |xor_ln194_345_fu_12493_p2  |       xor|   0|  0|    2|           1|           1|
    |xor_ln194_346_fu_12517_p2  |       xor|   0|  0|    2|           1|           1|
    |xor_ln194_347_fu_12539_p2  |       xor|   0|  0|    2|           1|           1|
    |xor_ln194_348_fu_12563_p2  |       xor|   0|  0|    2|           1|           1|
    |xor_ln194_349_fu_12585_p2  |       xor|   0|  0|    2|           1|           1|
    |xor_ln194_34_fu_5341_p2    |       xor|   0|  0|    2|           1|           1|
    |xor_ln194_350_fu_12609_p2  |       xor|   0|  0|    2|           1|           1|
    |xor_ln194_351_fu_12631_p2  |       xor|   0|  0|    2|           1|           1|
    |xor_ln194_352_fu_12655_p2  |       xor|   0|  0|    2|           1|           1|
    |xor_ln194_353_fu_12677_p2  |       xor|   0|  0|    2|           1|           1|
    |xor_ln194_354_fu_12701_p2  |       xor|   0|  0|    2|           1|           1|
    |xor_ln194_355_fu_12723_p2  |       xor|   0|  0|    2|           1|           1|
    |xor_ln194_356_fu_12747_p2  |       xor|   0|  0|    2|           1|           1|
    |xor_ln194_357_fu_12769_p2  |       xor|   0|  0|    2|           1|           1|
    |xor_ln194_358_fu_12793_p2  |       xor|   0|  0|    2|           1|           1|
    |xor_ln194_359_fu_12815_p2  |       xor|   0|  0|    2|           1|           1|
    |xor_ln194_35_fu_5363_p2    |       xor|   0|  0|    2|           1|           1|
    |xor_ln194_360_fu_12839_p2  |       xor|   0|  0|    2|           1|           1|
    |xor_ln194_361_fu_12861_p2  |       xor|   0|  0|    2|           1|           1|
    |xor_ln194_362_fu_12885_p2  |       xor|   0|  0|    2|           1|           1|
    |xor_ln194_363_fu_12907_p2  |       xor|   0|  0|    2|           1|           1|
    |xor_ln194_364_fu_12931_p2  |       xor|   0|  0|    2|           1|           1|
    |xor_ln194_365_fu_12953_p2  |       xor|   0|  0|    2|           1|           1|
    |xor_ln194_366_fu_12977_p2  |       xor|   0|  0|    2|           1|           1|
    |xor_ln194_367_fu_12999_p2  |       xor|   0|  0|    2|           1|           1|
    |xor_ln194_368_fu_13023_p2  |       xor|   0|  0|    2|           1|           1|
    |xor_ln194_369_fu_13045_p2  |       xor|   0|  0|    2|           1|           1|
    |xor_ln194_36_fu_5387_p2    |       xor|   0|  0|    2|           1|           1|
    |xor_ln194_370_fu_13069_p2  |       xor|   0|  0|    2|           1|           1|
    |xor_ln194_371_fu_13091_p2  |       xor|   0|  0|    2|           1|           1|
    |xor_ln194_372_fu_13115_p2  |       xor|   0|  0|    2|           1|           1|
    |xor_ln194_373_fu_13137_p2  |       xor|   0|  0|    2|           1|           1|
    |xor_ln194_374_fu_13161_p2  |       xor|   0|  0|    2|           1|           1|
    |xor_ln194_375_fu_13183_p2  |       xor|   0|  0|    2|           1|           1|
    |xor_ln194_376_fu_13207_p2  |       xor|   0|  0|    2|           1|           1|
    |xor_ln194_377_fu_13229_p2  |       xor|   0|  0|    2|           1|           1|
    |xor_ln194_378_fu_13253_p2  |       xor|   0|  0|    2|           1|           1|
    |xor_ln194_379_fu_13275_p2  |       xor|   0|  0|    2|           1|           1|
    |xor_ln194_37_fu_5409_p2    |       xor|   0|  0|    2|           1|           1|
    |xor_ln194_380_fu_13299_p2  |       xor|   0|  0|    2|           1|           1|
    |xor_ln194_381_fu_13321_p2  |       xor|   0|  0|    2|           1|           1|
    |xor_ln194_382_fu_13345_p2  |       xor|   0|  0|    2|           1|           1|
    |xor_ln194_383_fu_13367_p2  |       xor|   0|  0|    2|           1|           1|
    |xor_ln194_384_fu_13391_p2  |       xor|   0|  0|    2|           1|           1|
    |xor_ln194_385_fu_13413_p2  |       xor|   0|  0|    2|           1|           1|
    |xor_ln194_386_fu_13437_p2  |       xor|   0|  0|    2|           1|           1|
    |xor_ln194_387_fu_13459_p2  |       xor|   0|  0|    2|           1|           1|
    |xor_ln194_388_fu_13483_p2  |       xor|   0|  0|    2|           1|           1|
    |xor_ln194_389_fu_13505_p2  |       xor|   0|  0|    2|           1|           1|
    |xor_ln194_38_fu_5433_p2    |       xor|   0|  0|    2|           1|           1|
    |xor_ln194_390_fu_13529_p2  |       xor|   0|  0|    2|           1|           1|
    |xor_ln194_391_fu_13551_p2  |       xor|   0|  0|    2|           1|           1|
    |xor_ln194_392_fu_13575_p2  |       xor|   0|  0|    2|           1|           1|
    |xor_ln194_393_fu_13597_p2  |       xor|   0|  0|    2|           1|           1|
    |xor_ln194_394_fu_13621_p2  |       xor|   0|  0|    2|           1|           1|
    |xor_ln194_395_fu_13643_p2  |       xor|   0|  0|    2|           1|           1|
    |xor_ln194_396_fu_13667_p2  |       xor|   0|  0|    2|           1|           1|
    |xor_ln194_397_fu_13689_p2  |       xor|   0|  0|    2|           1|           1|
    |xor_ln194_398_fu_13713_p2  |       xor|   0|  0|    2|           1|           1|
    |xor_ln194_399_fu_13735_p2  |       xor|   0|  0|    2|           1|           1|
    |xor_ln194_39_fu_5455_p2    |       xor|   0|  0|    2|           1|           1|
    |xor_ln194_3_fu_4627_p2     |       xor|   0|  0|    2|           1|           1|
    |xor_ln194_400_fu_13759_p2  |       xor|   0|  0|    2|           1|           1|
    |xor_ln194_401_fu_13781_p2  |       xor|   0|  0|    2|           1|           1|
    |xor_ln194_402_fu_13805_p2  |       xor|   0|  0|    2|           1|           1|
    |xor_ln194_403_fu_13827_p2  |       xor|   0|  0|    2|           1|           1|
    |xor_ln194_404_fu_13851_p2  |       xor|   0|  0|    2|           1|           1|
    |xor_ln194_405_fu_13873_p2  |       xor|   0|  0|    2|           1|           1|
    |xor_ln194_406_fu_13897_p2  |       xor|   0|  0|    2|           1|           1|
    |xor_ln194_407_fu_13919_p2  |       xor|   0|  0|    2|           1|           1|
    |xor_ln194_408_fu_13943_p2  |       xor|   0|  0|    2|           1|           1|
    |xor_ln194_409_fu_13965_p2  |       xor|   0|  0|    2|           1|           1|
    |xor_ln194_40_fu_5479_p2    |       xor|   0|  0|    2|           1|           1|
    |xor_ln194_410_fu_13989_p2  |       xor|   0|  0|    2|           1|           1|
    |xor_ln194_411_fu_14011_p2  |       xor|   0|  0|    2|           1|           1|
    |xor_ln194_412_fu_14035_p2  |       xor|   0|  0|    2|           1|           1|
    |xor_ln194_413_fu_14057_p2  |       xor|   0|  0|    2|           1|           1|
    |xor_ln194_414_fu_14081_p2  |       xor|   0|  0|    2|           1|           1|
    |xor_ln194_415_fu_14103_p2  |       xor|   0|  0|    2|           1|           1|
    |xor_ln194_416_fu_14127_p2  |       xor|   0|  0|    2|           1|           1|
    |xor_ln194_417_fu_14149_p2  |       xor|   0|  0|    2|           1|           1|
    |xor_ln194_418_fu_14173_p2  |       xor|   0|  0|    2|           1|           1|
    |xor_ln194_419_fu_14195_p2  |       xor|   0|  0|    2|           1|           1|
    |xor_ln194_41_fu_5501_p2    |       xor|   0|  0|    2|           1|           1|
    |xor_ln194_420_fu_14219_p2  |       xor|   0|  0|    2|           1|           1|
    |xor_ln194_421_fu_14241_p2  |       xor|   0|  0|    2|           1|           1|
    |xor_ln194_422_fu_14265_p2  |       xor|   0|  0|    2|           1|           1|
    |xor_ln194_423_fu_14287_p2  |       xor|   0|  0|    2|           1|           1|
    |xor_ln194_424_fu_14311_p2  |       xor|   0|  0|    2|           1|           1|
    |xor_ln194_425_fu_14333_p2  |       xor|   0|  0|    2|           1|           1|
    |xor_ln194_426_fu_14357_p2  |       xor|   0|  0|    2|           1|           1|
    |xor_ln194_427_fu_14379_p2  |       xor|   0|  0|    2|           1|           1|
    |xor_ln194_428_fu_14403_p2  |       xor|   0|  0|    2|           1|           1|
    |xor_ln194_429_fu_14425_p2  |       xor|   0|  0|    2|           1|           1|
    |xor_ln194_42_fu_5525_p2    |       xor|   0|  0|    2|           1|           1|
    |xor_ln194_430_fu_14449_p2  |       xor|   0|  0|    2|           1|           1|
    |xor_ln194_431_fu_14471_p2  |       xor|   0|  0|    2|           1|           1|
    |xor_ln194_432_fu_14495_p2  |       xor|   0|  0|    2|           1|           1|
    |xor_ln194_433_fu_14517_p2  |       xor|   0|  0|    2|           1|           1|
    |xor_ln194_434_fu_14541_p2  |       xor|   0|  0|    2|           1|           1|
    |xor_ln194_43_fu_5547_p2    |       xor|   0|  0|    2|           1|           1|
    |xor_ln194_44_fu_5571_p2    |       xor|   0|  0|    2|           1|           1|
    |xor_ln194_45_fu_5593_p2    |       xor|   0|  0|    2|           1|           1|
    |xor_ln194_46_fu_5617_p2    |       xor|   0|  0|    2|           1|           1|
    |xor_ln194_47_fu_5639_p2    |       xor|   0|  0|    2|           1|           1|
    |xor_ln194_48_fu_5663_p2    |       xor|   0|  0|    2|           1|           1|
    |xor_ln194_49_fu_5685_p2    |       xor|   0|  0|    2|           1|           1|
    |xor_ln194_4_fu_4651_p2     |       xor|   0|  0|    2|           1|           1|
    |xor_ln194_50_fu_5709_p2    |       xor|   0|  0|    2|           1|           1|
    |xor_ln194_51_fu_5731_p2    |       xor|   0|  0|    2|           1|           1|
    |xor_ln194_52_fu_5755_p2    |       xor|   0|  0|    2|           1|           1|
    |xor_ln194_53_fu_5777_p2    |       xor|   0|  0|    2|           1|           1|
    |xor_ln194_54_fu_5801_p2    |       xor|   0|  0|    2|           1|           1|
    |xor_ln194_55_fu_5823_p2    |       xor|   0|  0|    2|           1|           1|
    |xor_ln194_56_fu_5847_p2    |       xor|   0|  0|    2|           1|           1|
    |xor_ln194_57_fu_5869_p2    |       xor|   0|  0|    2|           1|           1|
    |xor_ln194_58_fu_5893_p2    |       xor|   0|  0|    2|           1|           1|
    |xor_ln194_59_fu_5915_p2    |       xor|   0|  0|    2|           1|           1|
    |xor_ln194_5_fu_4673_p2     |       xor|   0|  0|    2|           1|           1|
    |xor_ln194_60_fu_5939_p2    |       xor|   0|  0|    2|           1|           1|
    |xor_ln194_61_fu_5961_p2    |       xor|   0|  0|    2|           1|           1|
    |xor_ln194_62_fu_5985_p2    |       xor|   0|  0|    2|           1|           1|
    |xor_ln194_63_fu_6007_p2    |       xor|   0|  0|    2|           1|           1|
    |xor_ln194_64_fu_6031_p2    |       xor|   0|  0|    2|           1|           1|
    |xor_ln194_65_fu_6053_p2    |       xor|   0|  0|    2|           1|           1|
    |xor_ln194_66_fu_6077_p2    |       xor|   0|  0|    2|           1|           1|
    |xor_ln194_67_fu_6099_p2    |       xor|   0|  0|    2|           1|           1|
    |xor_ln194_68_fu_6123_p2    |       xor|   0|  0|    2|           1|           1|
    |xor_ln194_69_fu_6145_p2    |       xor|   0|  0|    2|           1|           1|
    |xor_ln194_6_fu_4697_p2     |       xor|   0|  0|    2|           1|           1|
    |xor_ln194_70_fu_6169_p2    |       xor|   0|  0|    2|           1|           1|
    |xor_ln194_71_fu_6191_p2    |       xor|   0|  0|    2|           1|           1|
    |xor_ln194_72_fu_6215_p2    |       xor|   0|  0|    2|           1|           1|
    |xor_ln194_73_fu_6237_p2    |       xor|   0|  0|    2|           1|           1|
    |xor_ln194_74_fu_6261_p2    |       xor|   0|  0|    2|           1|           1|
    |xor_ln194_75_fu_6283_p2    |       xor|   0|  0|    2|           1|           1|
    |xor_ln194_76_fu_6307_p2    |       xor|   0|  0|    2|           1|           1|
    |xor_ln194_77_fu_6329_p2    |       xor|   0|  0|    2|           1|           1|
    |xor_ln194_78_fu_6353_p2    |       xor|   0|  0|    2|           1|           1|
    |xor_ln194_79_fu_6375_p2    |       xor|   0|  0|    2|           1|           1|
    |xor_ln194_7_fu_4719_p2     |       xor|   0|  0|    2|           1|           1|
    |xor_ln194_80_fu_6399_p2    |       xor|   0|  0|    2|           1|           1|
    |xor_ln194_81_fu_6421_p2    |       xor|   0|  0|    2|           1|           1|
    |xor_ln194_82_fu_6445_p2    |       xor|   0|  0|    2|           1|           1|
    |xor_ln194_83_fu_6467_p2    |       xor|   0|  0|    2|           1|           1|
    |xor_ln194_84_fu_6491_p2    |       xor|   0|  0|    2|           1|           1|
    |xor_ln194_85_fu_6513_p2    |       xor|   0|  0|    2|           1|           1|
    |xor_ln194_86_fu_6537_p2    |       xor|   0|  0|    2|           1|           1|
    |xor_ln194_87_fu_6559_p2    |       xor|   0|  0|    2|           1|           1|
    |xor_ln194_88_fu_6583_p2    |       xor|   0|  0|    2|           1|           1|
    |xor_ln194_89_fu_6605_p2    |       xor|   0|  0|    2|           1|           1|
    |xor_ln194_8_fu_4743_p2     |       xor|   0|  0|    2|           1|           1|
    |xor_ln194_90_fu_6629_p2    |       xor|   0|  0|    2|           1|           1|
    |xor_ln194_91_fu_6651_p2    |       xor|   0|  0|    2|           1|           1|
    |xor_ln194_92_fu_6675_p2    |       xor|   0|  0|    2|           1|           1|
    |xor_ln194_93_fu_6697_p2    |       xor|   0|  0|    2|           1|           1|
    |xor_ln194_94_fu_6721_p2    |       xor|   0|  0|    2|           1|           1|
    |xor_ln194_95_fu_6743_p2    |       xor|   0|  0|    2|           1|           1|
    |xor_ln194_96_fu_6767_p2    |       xor|   0|  0|    2|           1|           1|
    |xor_ln194_97_fu_6789_p2    |       xor|   0|  0|    2|           1|           1|
    |xor_ln194_98_fu_6813_p2    |       xor|   0|  0|    2|           1|           1|
    |xor_ln194_99_fu_6835_p2    |       xor|   0|  0|    2|           1|           1|
    |xor_ln194_9_fu_4765_p2     |       xor|   0|  0|    2|           1|           1|
    |xor_ln194_fu_4553_p2       |       xor|   0|  0|    2|           1|           1|
    +---------------------------+----------+----+---+-----+------------+------------+
    |Total                      |          |   0|  0|63073|       36931|       56275|
    +---------------------------+----------+----+---+-----+------------+------------+

    * Multiplexer: 
    +-----------+------+-----------+-----+-----------+
    |    Name   |  LUT | Input Size| Bits| Total Bits|
    +-----------+------+-----------+-----+-----------+
    |ap_NS_fsm  |  1178|        222|    1|        222|
    |ap_return  |     9|          2|   40|         80|
    +-----------+------+-----------+-----+-----------+
    |Total      |  1187|        224|   41|        302|
    +-----------+------+-----------+-----+-----------+

    * Register: 
    +------------------------+-----+----+-----+-----------+
    |          Name          |  FF | LUT| Bits| Const Bits|
    +------------------------+-----+----+-----+-----------+
    |add_ln183_10_reg_14838  |   40|   0|   40|          0|
    |add_ln183_11_reg_15604  |   40|   0|   40|          0|
    |add_ln183_15_reg_15609  |   40|   0|   40|          0|
    |add_ln183_17_reg_14843  |   40|   0|   40|          0|
    |add_ln183_18_reg_15614  |   40|   0|   40|          0|
    |add_ln183_20_reg_15619  |   40|   0|   40|          0|
    |add_ln183_21_reg_15624  |   40|   0|   40|          0|
    |add_ln183_24_reg_14848  |   40|   0|   40|          0|
    |add_ln183_25_reg_15629  |   40|   0|   40|          0|
    |add_ln183_28_reg_15634  |   40|   0|   40|          0|
    |add_ln183_3_reg_14833   |   40|   0|   40|          0|
    |add_ln183_4_reg_15589   |   40|   0|   40|          0|
    |add_ln183_6_reg_15594   |   40|   0|   40|          0|
    |add_ln183_7_reg_15599   |   40|   0|   40|          0|
    |add_ln183_reg_15584     |   40|   0|   40|          0|
    |ap_CS_fsm               |  221|   0|  221|          0|
    |ap_return_preg          |   40|   0|   40|          0|
    |e_1001_reg_16636        |   40|   0|   40|          0|
    |e_1007_reg_16642        |   40|   0|   40|          0|
    |e_1013_reg_16648        |   40|   0|   40|          0|
    |e_1019_reg_16654        |   40|   0|   40|          0|
    |e_101_reg_15736         |   40|   0|   40|          0|
    |e_1025_reg_16660        |   40|   0|   40|          0|
    |e_1031_reg_16666        |   40|   0|   40|          0|
    |e_1037_reg_16672        |   40|   0|   40|          0|
    |e_1043_reg_16678        |   40|   0|   40|          0|
    |e_1049_reg_16684        |   40|   0|   40|          0|
    |e_1055_reg_16690        |   40|   0|   40|          0|
    |e_1061_reg_16696        |   40|   0|   40|          0|
    |e_1067_reg_16702        |   40|   0|   40|          0|
    |e_1073_reg_16708        |   40|   0|   40|          0|
    |e_1079_reg_16714        |   40|   0|   40|          0|
    |e_107_reg_15742         |   40|   0|   40|          0|
    |e_1085_reg_16720        |   40|   0|   40|          0|
    |e_1091_reg_16726        |   40|   0|   40|          0|
    |e_1097_reg_16732        |   40|   0|   40|          0|
    |e_1103_reg_16738        |   40|   0|   40|          0|
    |e_1109_reg_16744        |   40|   0|   40|          0|
    |e_1115_reg_16750        |   40|   0|   40|          0|
    |e_1121_reg_16756        |   40|   0|   40|          0|
    |e_1127_reg_16762        |   40|   0|   40|          0|
    |e_1133_reg_16768        |   40|   0|   40|          0|
    |e_1139_reg_16774        |   40|   0|   40|          0|
    |e_113_reg_15748         |   40|   0|   40|          0|
    |e_1145_reg_16780        |   40|   0|   40|          0|
    |e_1151_reg_16786        |   40|   0|   40|          0|
    |e_1157_reg_16792        |   40|   0|   40|          0|
    |e_1163_reg_16798        |   40|   0|   40|          0|
    |e_1169_reg_16804        |   40|   0|   40|          0|
    |e_1175_reg_16810        |   40|   0|   40|          0|
    |e_1181_reg_16816        |   40|   0|   40|          0|
    |e_1187_reg_16822        |   40|   0|   40|          0|
    |e_1193_reg_16828        |   40|   0|   40|          0|
    |e_1199_reg_16834        |   40|   0|   40|          0|
    |e_119_reg_15754         |   40|   0|   40|          0|
    |e_11_reg_15646          |   40|   0|   40|          0|
    |e_1205_reg_16840        |   40|   0|   40|          0|
    |e_1211_reg_16846        |   40|   0|   40|          0|
    |e_1217_reg_16852        |   40|   0|   40|          0|
    |e_1223_reg_16858        |   40|   0|   40|          0|
    |e_1229_reg_16864        |   40|   0|   40|          0|
    |e_1235_reg_16870        |   40|   0|   40|          0|
    |e_1241_reg_16876        |   40|   0|   40|          0|
    |e_1247_reg_16882        |   40|   0|   40|          0|
    |e_1253_reg_16888        |   40|   0|   40|          0|
    |e_1259_reg_16894        |   40|   0|   40|          0|
    |e_125_reg_15760         |   40|   0|   40|          0|
    |e_1265_reg_16900        |   40|   0|   40|          0|
    |e_1271_reg_16906        |   40|   0|   40|          0|
    |e_1277_reg_16912        |   40|   0|   40|          0|
    |e_1283_reg_16918        |   40|   0|   40|          0|
    |e_1289_reg_16924        |   40|   0|   40|          0|
    |e_1295_reg_16930        |   40|   0|   40|          0|
    |e_1301_reg_16936        |   40|   0|   40|          0|
    |e_131_reg_15766         |   40|   0|   40|          0|
    |e_137_reg_15772         |   40|   0|   40|          0|
    |e_143_reg_15778         |   40|   0|   40|          0|
    |e_149_reg_15784         |   40|   0|   40|          0|
    |e_155_reg_15790         |   40|   0|   40|          0|
    |e_161_reg_15796         |   40|   0|   40|          0|
    |e_167_reg_15802         |   40|   0|   40|          0|
    |e_173_reg_15808         |   40|   0|   40|          0|
    |e_179_reg_15814         |   40|   0|   40|          0|
    |e_17_reg_15652          |   40|   0|   40|          0|
    |e_185_reg_15820         |   40|   0|   40|          0|
    |e_191_reg_15826         |   40|   0|   40|          0|
    |e_197_reg_15832         |   40|   0|   40|          0|
    |e_203_reg_15838         |   40|   0|   40|          0|
    |e_209_reg_15844         |   40|   0|   40|          0|
    |e_215_reg_15850         |   40|   0|   40|          0|
    |e_221_reg_15856         |   40|   0|   40|          0|
    |e_227_reg_15862         |   40|   0|   40|          0|
    |e_233_reg_15868         |   40|   0|   40|          0|
    |e_239_reg_15874         |   40|   0|   40|          0|
    |e_23_reg_15658          |   40|   0|   40|          0|
    |e_245_reg_15880         |   40|   0|   40|          0|
    |e_251_reg_15886         |   40|   0|   40|          0|
    |e_257_reg_15892         |   40|   0|   40|          0|
    |e_263_reg_15898         |   40|   0|   40|          0|
    |e_269_reg_15904         |   40|   0|   40|          0|
    |e_275_reg_15910         |   40|   0|   40|          0|
    |e_281_reg_15916         |   40|   0|   40|          0|
    |e_287_reg_15922         |   40|   0|   40|          0|
    |e_293_reg_15928         |   40|   0|   40|          0|
    |e_299_reg_15934         |   40|   0|   40|          0|
    |e_29_reg_15664          |   40|   0|   40|          0|
    |e_305_reg_15940         |   40|   0|   40|          0|
    |e_311_reg_15946         |   40|   0|   40|          0|
    |e_317_reg_15952         |   40|   0|   40|          0|
    |e_323_reg_15958         |   40|   0|   40|          0|
    |e_329_reg_15964         |   40|   0|   40|          0|
    |e_335_reg_15970         |   40|   0|   40|          0|
    |e_341_reg_15976         |   40|   0|   40|          0|
    |e_347_reg_15982         |   40|   0|   40|          0|
    |e_353_reg_15988         |   40|   0|   40|          0|
    |e_359_reg_15994         |   40|   0|   40|          0|
    |e_35_reg_15670          |   40|   0|   40|          0|
    |e_365_reg_16000         |   40|   0|   40|          0|
    |e_371_reg_16006         |   40|   0|   40|          0|
    |e_377_reg_16012         |   40|   0|   40|          0|
    |e_383_reg_16018         |   40|   0|   40|          0|
    |e_389_reg_16024         |   40|   0|   40|          0|
    |e_395_reg_16030         |   40|   0|   40|          0|
    |e_401_reg_16036         |   40|   0|   40|          0|
    |e_407_reg_16042         |   40|   0|   40|          0|
    |e_413_reg_16048         |   40|   0|   40|          0|
    |e_419_reg_16054         |   40|   0|   40|          0|
    |e_41_reg_15676          |   40|   0|   40|          0|
    |e_425_reg_16060         |   40|   0|   40|          0|
    |e_431_reg_16066         |   40|   0|   40|          0|
    |e_437_reg_16072         |   40|   0|   40|          0|
    |e_443_reg_16078         |   40|   0|   40|          0|
    |e_449_reg_16084         |   40|   0|   40|          0|
    |e_455_reg_16090         |   40|   0|   40|          0|
    |e_461_reg_16096         |   40|   0|   40|          0|
    |e_467_reg_16102         |   40|   0|   40|          0|
    |e_473_reg_16108         |   40|   0|   40|          0|
    |e_479_reg_16114         |   40|   0|   40|          0|
    |e_47_reg_15682          |   40|   0|   40|          0|
    |e_485_reg_16120         |   40|   0|   40|          0|
    |e_491_reg_16126         |   40|   0|   40|          0|
    |e_497_reg_16132         |   40|   0|   40|          0|
    |e_503_reg_16138         |   40|   0|   40|          0|
    |e_509_reg_16144         |   40|   0|   40|          0|
    |e_515_reg_16150         |   40|   0|   40|          0|
    |e_521_reg_16156         |   40|   0|   40|          0|
    |e_527_reg_16162         |   40|   0|   40|          0|
    |e_533_reg_16168         |   40|   0|   40|          0|
    |e_539_reg_16174         |   40|   0|   40|          0|
    |e_53_reg_15688          |   40|   0|   40|          0|
    |e_545_reg_16180         |   40|   0|   40|          0|
    |e_551_reg_16186         |   40|   0|   40|          0|
    |e_557_reg_16192         |   40|   0|   40|          0|
    |e_563_reg_16198         |   40|   0|   40|          0|
    |e_569_reg_16204         |   40|   0|   40|          0|
    |e_575_reg_16210         |   40|   0|   40|          0|
    |e_581_reg_16216         |   40|   0|   40|          0|
    |e_587_reg_16222         |   40|   0|   40|          0|
    |e_593_reg_16228         |   40|   0|   40|          0|
    |e_599_reg_16234         |   40|   0|   40|          0|
    |e_59_reg_15694          |   40|   0|   40|          0|
    |e_5_reg_15640           |   40|   0|   40|          0|
    |e_605_reg_16240         |   40|   0|   40|          0|
    |e_611_reg_16246         |   40|   0|   40|          0|
    |e_617_reg_16252         |   40|   0|   40|          0|
    |e_623_reg_16258         |   40|   0|   40|          0|
    |e_629_reg_16264         |   40|   0|   40|          0|
    |e_635_reg_16270         |   40|   0|   40|          0|
    |e_641_reg_16276         |   40|   0|   40|          0|
    |e_647_reg_16282         |   40|   0|   40|          0|
    |e_653_reg_16288         |   40|   0|   40|          0|
    |e_659_reg_16294         |   40|   0|   40|          0|
    |e_65_reg_15700          |   40|   0|   40|          0|
    |e_665_reg_16300         |   40|   0|   40|          0|
    |e_671_reg_16306         |   40|   0|   40|          0|
    |e_677_reg_16312         |   40|   0|   40|          0|
    |e_683_reg_16318         |   40|   0|   40|          0|
    |e_689_reg_16324         |   40|   0|   40|          0|
    |e_695_reg_16330         |   40|   0|   40|          0|
    |e_701_reg_16336         |   40|   0|   40|          0|
    |e_707_reg_16342         |   40|   0|   40|          0|
    |e_713_reg_16348         |   40|   0|   40|          0|
    |e_719_reg_16354         |   40|   0|   40|          0|
    |e_71_reg_15706          |   40|   0|   40|          0|
    |e_725_reg_16360         |   40|   0|   40|          0|
    |e_731_reg_16366         |   40|   0|   40|          0|
    |e_737_reg_16372         |   40|   0|   40|          0|
    |e_743_reg_16378         |   40|   0|   40|          0|
    |e_749_reg_16384         |   40|   0|   40|          0|
    |e_755_reg_16390         |   40|   0|   40|          0|
    |e_761_reg_16396         |   40|   0|   40|          0|
    |e_767_reg_16402         |   40|   0|   40|          0|
    |e_773_reg_16408         |   40|   0|   40|          0|
    |e_779_reg_16414         |   40|   0|   40|          0|
    |e_77_reg_15712          |   40|   0|   40|          0|
    |e_785_reg_16420         |   40|   0|   40|          0|
    |e_791_reg_16426         |   40|   0|   40|          0|
    |e_797_reg_16432         |   40|   0|   40|          0|
    |e_803_reg_16438         |   40|   0|   40|          0|
    |e_809_reg_16444         |   40|   0|   40|          0|
    |e_815_reg_16450         |   40|   0|   40|          0|
    |e_821_reg_16456         |   40|   0|   40|          0|
    |e_827_reg_16462         |   40|   0|   40|          0|
    |e_833_reg_16468         |   40|   0|   40|          0|
    |e_839_reg_16474         |   40|   0|   40|          0|
    |e_83_reg_15718          |   40|   0|   40|          0|
    |e_845_reg_16480         |   40|   0|   40|          0|
    |e_851_reg_16486         |   40|   0|   40|          0|
    |e_857_reg_16492         |   40|   0|   40|          0|
    |e_863_reg_16498         |   40|   0|   40|          0|
    |e_869_reg_16504         |   40|   0|   40|          0|
    |e_875_reg_16510         |   40|   0|   40|          0|
    |e_881_reg_16516         |   40|   0|   40|          0|
    |e_887_reg_16522         |   40|   0|   40|          0|
    |e_893_reg_16528         |   40|   0|   40|          0|
    |e_899_reg_16534         |   40|   0|   40|          0|
    |e_89_reg_15724          |   40|   0|   40|          0|
    |e_905_reg_16540         |   40|   0|   40|          0|
    |e_911_reg_16546         |   40|   0|   40|          0|
    |e_917_reg_16552         |   40|   0|   40|          0|
    |e_923_reg_16558         |   40|   0|   40|          0|
    |e_929_reg_16564         |   40|   0|   40|          0|
    |e_935_reg_16570         |   40|   0|   40|          0|
    |e_941_reg_16576         |   40|   0|   40|          0|
    |e_947_reg_16582         |   40|   0|   40|          0|
    |e_953_reg_16588         |   40|   0|   40|          0|
    |e_959_reg_16594         |   40|   0|   40|          0|
    |e_95_reg_15730          |   40|   0|   40|          0|
    |e_965_reg_16600         |   40|   0|   40|          0|
    |e_971_reg_16606         |   40|   0|   40|          0|
    |e_977_reg_16612         |   40|   0|   40|          0|
    |e_983_reg_16618         |   40|   0|   40|          0|
    |e_989_reg_16624         |   40|   0|   40|          0|
    |e_995_reg_16630         |   40|   0|   40|          0|
    |term_27_reg_15579       |   40|   0|   40|          0|
    +------------------------+-----+----+-----+-----------+
    |Total                   | 9581|   0| 9581|          0|
    +------------------------+-----+----+-----+-----------+



================================================================
== Interface
================================================================
* Summary: 
+-------------+-----+-----+------------+----------------------+--------------+
|  RTL Ports  | Dir | Bits|  Protocol  |     Source Object    |    C Type    |
+-------------+-----+-----+------------+----------------------+--------------+
|ap_clk       |   in|    1|  ap_ctrl_hs|  uniform_delta_energy|  return value|
|ap_rst       |   in|    1|  ap_ctrl_hs|  uniform_delta_energy|  return value|
|ap_start     |   in|    1|  ap_ctrl_hs|  uniform_delta_energy|  return value|
|ap_done      |  out|    1|  ap_ctrl_hs|  uniform_delta_energy|  return value|
|ap_idle      |  out|    1|  ap_ctrl_hs|  uniform_delta_energy|  return value|
|ap_ready     |  out|    1|  ap_ctrl_hs|  uniform_delta_energy|  return value|
|ap_return    |  out|   40|  ap_ctrl_hs|  uniform_delta_energy|  return value|
|J_0_1_val    |   in|   40|     ap_none|             J_0_1_val|        scalar|
|J_0_2_val    |   in|   40|     ap_none|             J_0_2_val|        scalar|
|J_0_3_val    |   in|   40|     ap_none|             J_0_3_val|        scalar|
|J_0_4_val    |   in|   40|     ap_none|             J_0_4_val|        scalar|
|J_0_5_val    |   in|   40|     ap_none|             J_0_5_val|        scalar|
|J_0_6_val    |   in|   40|     ap_none|             J_0_6_val|        scalar|
|J_0_7_val    |   in|   40|     ap_none|             J_0_7_val|        scalar|
|J_0_8_val    |   in|   40|     ap_none|             J_0_8_val|        scalar|
|J_0_9_val    |   in|   40|     ap_none|             J_0_9_val|        scalar|
|J_0_10_val   |   in|   40|     ap_none|            J_0_10_val|        scalar|
|J_0_11_val   |   in|   40|     ap_none|            J_0_11_val|        scalar|
|J_0_12_val   |   in|   40|     ap_none|            J_0_12_val|        scalar|
|J_0_13_val   |   in|   40|     ap_none|            J_0_13_val|        scalar|
|J_0_14_val   |   in|   40|     ap_none|            J_0_14_val|        scalar|
|J_0_15_val   |   in|   40|     ap_none|            J_0_15_val|        scalar|
|J_0_16_val   |   in|   40|     ap_none|            J_0_16_val|        scalar|
|J_0_17_val   |   in|   40|     ap_none|            J_0_17_val|        scalar|
|J_0_18_val   |   in|   40|     ap_none|            J_0_18_val|        scalar|
|J_0_19_val   |   in|   40|     ap_none|            J_0_19_val|        scalar|
|J_0_20_val   |   in|   40|     ap_none|            J_0_20_val|        scalar|
|J_0_21_val   |   in|   40|     ap_none|            J_0_21_val|        scalar|
|J_0_22_val   |   in|   40|     ap_none|            J_0_22_val|        scalar|
|J_0_23_val   |   in|   40|     ap_none|            J_0_23_val|        scalar|
|J_0_24_val   |   in|   40|     ap_none|            J_0_24_val|        scalar|
|J_0_25_val   |   in|   40|     ap_none|            J_0_25_val|        scalar|
|J_0_26_val   |   in|   40|     ap_none|            J_0_26_val|        scalar|
|J_0_27_val   |   in|   40|     ap_none|            J_0_27_val|        scalar|
|J_0_28_val   |   in|   40|     ap_none|            J_0_28_val|        scalar|
|J_0_29_val   |   in|   40|     ap_none|            J_0_29_val|        scalar|
|J_1_2_val    |   in|   40|     ap_none|             J_1_2_val|        scalar|
|J_1_3_val    |   in|   40|     ap_none|             J_1_3_val|        scalar|
|J_1_4_val    |   in|   40|     ap_none|             J_1_4_val|        scalar|
|J_1_5_val    |   in|   40|     ap_none|             J_1_5_val|        scalar|
|J_1_6_val    |   in|   40|     ap_none|             J_1_6_val|        scalar|
|J_1_7_val    |   in|   40|     ap_none|             J_1_7_val|        scalar|
|J_1_8_val    |   in|   40|     ap_none|             J_1_8_val|        scalar|
|J_1_9_val    |   in|   40|     ap_none|             J_1_9_val|        scalar|
|J_1_10_val   |   in|   40|     ap_none|            J_1_10_val|        scalar|
|J_1_11_val   |   in|   40|     ap_none|            J_1_11_val|        scalar|
|J_1_12_val   |   in|   40|     ap_none|            J_1_12_val|        scalar|
|J_1_13_val   |   in|   40|     ap_none|            J_1_13_val|        scalar|
|J_1_14_val   |   in|   40|     ap_none|            J_1_14_val|        scalar|
|J_1_15_val   |   in|   40|     ap_none|            J_1_15_val|        scalar|
|J_1_16_val   |   in|   40|     ap_none|            J_1_16_val|        scalar|
|J_1_17_val   |   in|   40|     ap_none|            J_1_17_val|        scalar|
|J_1_18_val   |   in|   40|     ap_none|            J_1_18_val|        scalar|
|J_1_19_val   |   in|   40|     ap_none|            J_1_19_val|        scalar|
|J_1_20_val   |   in|   40|     ap_none|            J_1_20_val|        scalar|
|J_1_21_val   |   in|   40|     ap_none|            J_1_21_val|        scalar|
|J_1_22_val   |   in|   40|     ap_none|            J_1_22_val|        scalar|
|J_1_23_val   |   in|   40|     ap_none|            J_1_23_val|        scalar|
|J_1_24_val   |   in|   40|     ap_none|            J_1_24_val|        scalar|
|J_1_25_val   |   in|   40|     ap_none|            J_1_25_val|        scalar|
|J_1_26_val   |   in|   40|     ap_none|            J_1_26_val|        scalar|
|J_1_27_val   |   in|   40|     ap_none|            J_1_27_val|        scalar|
|J_1_28_val   |   in|   40|     ap_none|            J_1_28_val|        scalar|
|J_1_29_val   |   in|   40|     ap_none|            J_1_29_val|        scalar|
|J_2_3_val    |   in|   40|     ap_none|             J_2_3_val|        scalar|
|J_2_4_val    |   in|   40|     ap_none|             J_2_4_val|        scalar|
|J_2_5_val    |   in|   40|     ap_none|             J_2_5_val|        scalar|
|J_2_6_val    |   in|   40|     ap_none|             J_2_6_val|        scalar|
|J_2_7_val    |   in|   40|     ap_none|             J_2_7_val|        scalar|
|J_2_8_val    |   in|   40|     ap_none|             J_2_8_val|        scalar|
|J_2_9_val    |   in|   40|     ap_none|             J_2_9_val|        scalar|
|J_2_10_val   |   in|   40|     ap_none|            J_2_10_val|        scalar|
|J_2_11_val   |   in|   40|     ap_none|            J_2_11_val|        scalar|
|J_2_12_val   |   in|   40|     ap_none|            J_2_12_val|        scalar|
|J_2_13_val   |   in|   40|     ap_none|            J_2_13_val|        scalar|
|J_2_14_val   |   in|   40|     ap_none|            J_2_14_val|        scalar|
|J_2_15_val   |   in|   40|     ap_none|            J_2_15_val|        scalar|
|J_2_16_val   |   in|   40|     ap_none|            J_2_16_val|        scalar|
|J_2_17_val   |   in|   40|     ap_none|            J_2_17_val|        scalar|
|J_2_18_val   |   in|   40|     ap_none|            J_2_18_val|        scalar|
|J_2_19_val   |   in|   40|     ap_none|            J_2_19_val|        scalar|
|J_2_20_val   |   in|   40|     ap_none|            J_2_20_val|        scalar|
|J_2_21_val   |   in|   40|     ap_none|            J_2_21_val|        scalar|
|J_2_22_val   |   in|   40|     ap_none|            J_2_22_val|        scalar|
|J_2_23_val   |   in|   40|     ap_none|            J_2_23_val|        scalar|
|J_2_24_val   |   in|   40|     ap_none|            J_2_24_val|        scalar|
|J_2_25_val   |   in|   40|     ap_none|            J_2_25_val|        scalar|
|J_2_26_val   |   in|   40|     ap_none|            J_2_26_val|        scalar|
|J_2_27_val   |   in|   40|     ap_none|            J_2_27_val|        scalar|
|J_2_28_val   |   in|   40|     ap_none|            J_2_28_val|        scalar|
|J_2_29_val   |   in|   40|     ap_none|            J_2_29_val|        scalar|
|J_3_4_val    |   in|   40|     ap_none|             J_3_4_val|        scalar|
|J_3_5_val    |   in|   40|     ap_none|             J_3_5_val|        scalar|
|J_3_6_val    |   in|   40|     ap_none|             J_3_6_val|        scalar|
|J_3_7_val    |   in|   40|     ap_none|             J_3_7_val|        scalar|
|J_3_8_val    |   in|   40|     ap_none|             J_3_8_val|        scalar|
|J_3_9_val    |   in|   40|     ap_none|             J_3_9_val|        scalar|
|J_3_10_val   |   in|   40|     ap_none|            J_3_10_val|        scalar|
|J_3_11_val   |   in|   40|     ap_none|            J_3_11_val|        scalar|
|J_3_12_val   |   in|   40|     ap_none|            J_3_12_val|        scalar|
|J_3_13_val   |   in|   40|     ap_none|            J_3_13_val|        scalar|
|J_3_14_val   |   in|   40|     ap_none|            J_3_14_val|        scalar|
|J_3_15_val   |   in|   40|     ap_none|            J_3_15_val|        scalar|
|J_3_16_val   |   in|   40|     ap_none|            J_3_16_val|        scalar|
|J_3_17_val   |   in|   40|     ap_none|            J_3_17_val|        scalar|
|J_3_18_val   |   in|   40|     ap_none|            J_3_18_val|        scalar|
|J_3_19_val   |   in|   40|     ap_none|            J_3_19_val|        scalar|
|J_3_20_val   |   in|   40|     ap_none|            J_3_20_val|        scalar|
|J_3_21_val   |   in|   40|     ap_none|            J_3_21_val|        scalar|
|J_3_22_val   |   in|   40|     ap_none|            J_3_22_val|        scalar|
|J_3_23_val   |   in|   40|     ap_none|            J_3_23_val|        scalar|
|J_3_24_val   |   in|   40|     ap_none|            J_3_24_val|        scalar|
|J_3_25_val   |   in|   40|     ap_none|            J_3_25_val|        scalar|
|J_3_26_val   |   in|   40|     ap_none|            J_3_26_val|        scalar|
|J_3_27_val   |   in|   40|     ap_none|            J_3_27_val|        scalar|
|J_3_28_val   |   in|   40|     ap_none|            J_3_28_val|        scalar|
|J_3_29_val   |   in|   40|     ap_none|            J_3_29_val|        scalar|
|J_4_5_val    |   in|   40|     ap_none|             J_4_5_val|        scalar|
|J_4_6_val    |   in|   40|     ap_none|             J_4_6_val|        scalar|
|J_4_7_val    |   in|   40|     ap_none|             J_4_7_val|        scalar|
|J_4_8_val    |   in|   40|     ap_none|             J_4_8_val|        scalar|
|J_4_9_val    |   in|   40|     ap_none|             J_4_9_val|        scalar|
|J_4_10_val   |   in|   40|     ap_none|            J_4_10_val|        scalar|
|J_4_11_val   |   in|   40|     ap_none|            J_4_11_val|        scalar|
|J_4_12_val   |   in|   40|     ap_none|            J_4_12_val|        scalar|
|J_4_13_val   |   in|   40|     ap_none|            J_4_13_val|        scalar|
|J_4_14_val   |   in|   40|     ap_none|            J_4_14_val|        scalar|
|J_4_15_val   |   in|   40|     ap_none|            J_4_15_val|        scalar|
|J_4_16_val   |   in|   40|     ap_none|            J_4_16_val|        scalar|
|J_4_17_val   |   in|   40|     ap_none|            J_4_17_val|        scalar|
|J_4_18_val   |   in|   40|     ap_none|            J_4_18_val|        scalar|
|J_4_19_val   |   in|   40|     ap_none|            J_4_19_val|        scalar|
|J_4_20_val   |   in|   40|     ap_none|            J_4_20_val|        scalar|
|J_4_21_val   |   in|   40|     ap_none|            J_4_21_val|        scalar|
|J_4_22_val   |   in|   40|     ap_none|            J_4_22_val|        scalar|
|J_4_23_val   |   in|   40|     ap_none|            J_4_23_val|        scalar|
|J_4_24_val   |   in|   40|     ap_none|            J_4_24_val|        scalar|
|J_4_25_val   |   in|   40|     ap_none|            J_4_25_val|        scalar|
|J_4_26_val   |   in|   40|     ap_none|            J_4_26_val|        scalar|
|J_4_27_val   |   in|   40|     ap_none|            J_4_27_val|        scalar|
|J_4_28_val   |   in|   40|     ap_none|            J_4_28_val|        scalar|
|J_4_29_val   |   in|   40|     ap_none|            J_4_29_val|        scalar|
|J_5_6_val    |   in|   40|     ap_none|             J_5_6_val|        scalar|
|J_5_7_val    |   in|   40|     ap_none|             J_5_7_val|        scalar|
|J_5_8_val    |   in|   40|     ap_none|             J_5_8_val|        scalar|
|J_5_9_val    |   in|   40|     ap_none|             J_5_9_val|        scalar|
|J_5_10_val   |   in|   40|     ap_none|            J_5_10_val|        scalar|
|J_5_11_val   |   in|   40|     ap_none|            J_5_11_val|        scalar|
|J_5_12_val   |   in|   40|     ap_none|            J_5_12_val|        scalar|
|J_5_13_val   |   in|   40|     ap_none|            J_5_13_val|        scalar|
|J_5_14_val   |   in|   40|     ap_none|            J_5_14_val|        scalar|
|J_5_15_val   |   in|   40|     ap_none|            J_5_15_val|        scalar|
|J_5_16_val   |   in|   40|     ap_none|            J_5_16_val|        scalar|
|J_5_17_val   |   in|   40|     ap_none|            J_5_17_val|        scalar|
|J_5_18_val   |   in|   40|     ap_none|            J_5_18_val|        scalar|
|J_5_19_val   |   in|   40|     ap_none|            J_5_19_val|        scalar|
|J_5_20_val   |   in|   40|     ap_none|            J_5_20_val|        scalar|
|J_5_21_val   |   in|   40|     ap_none|            J_5_21_val|        scalar|
|J_5_22_val   |   in|   40|     ap_none|            J_5_22_val|        scalar|
|J_5_23_val   |   in|   40|     ap_none|            J_5_23_val|        scalar|
|J_5_24_val   |   in|   40|     ap_none|            J_5_24_val|        scalar|
|J_5_25_val   |   in|   40|     ap_none|            J_5_25_val|        scalar|
|J_5_26_val   |   in|   40|     ap_none|            J_5_26_val|        scalar|
|J_5_27_val   |   in|   40|     ap_none|            J_5_27_val|        scalar|
|J_5_28_val   |   in|   40|     ap_none|            J_5_28_val|        scalar|
|J_5_29_val   |   in|   40|     ap_none|            J_5_29_val|        scalar|
|J_6_7_val    |   in|   40|     ap_none|             J_6_7_val|        scalar|
|J_6_8_val    |   in|   40|     ap_none|             J_6_8_val|        scalar|
|J_6_9_val    |   in|   40|     ap_none|             J_6_9_val|        scalar|
|J_6_10_val   |   in|   40|     ap_none|            J_6_10_val|        scalar|
|J_6_11_val   |   in|   40|     ap_none|            J_6_11_val|        scalar|
|J_6_12_val   |   in|   40|     ap_none|            J_6_12_val|        scalar|
|J_6_13_val   |   in|   40|     ap_none|            J_6_13_val|        scalar|
|J_6_14_val   |   in|   40|     ap_none|            J_6_14_val|        scalar|
|J_6_15_val   |   in|   40|     ap_none|            J_6_15_val|        scalar|
|J_6_16_val   |   in|   40|     ap_none|            J_6_16_val|        scalar|
|J_6_17_val   |   in|   40|     ap_none|            J_6_17_val|        scalar|
|J_6_18_val   |   in|   40|     ap_none|            J_6_18_val|        scalar|
|J_6_19_val   |   in|   40|     ap_none|            J_6_19_val|        scalar|
|J_6_20_val   |   in|   40|     ap_none|            J_6_20_val|        scalar|
|J_6_21_val   |   in|   40|     ap_none|            J_6_21_val|        scalar|
|J_6_22_val   |   in|   40|     ap_none|            J_6_22_val|        scalar|
|J_6_23_val   |   in|   40|     ap_none|            J_6_23_val|        scalar|
|J_6_24_val   |   in|   40|     ap_none|            J_6_24_val|        scalar|
|J_6_25_val   |   in|   40|     ap_none|            J_6_25_val|        scalar|
|J_6_26_val   |   in|   40|     ap_none|            J_6_26_val|        scalar|
|J_6_27_val   |   in|   40|     ap_none|            J_6_27_val|        scalar|
|J_6_28_val   |   in|   40|     ap_none|            J_6_28_val|        scalar|
|J_6_29_val   |   in|   40|     ap_none|            J_6_29_val|        scalar|
|J_7_8_val    |   in|   40|     ap_none|             J_7_8_val|        scalar|
|J_7_9_val    |   in|   40|     ap_none|             J_7_9_val|        scalar|
|J_7_10_val   |   in|   40|     ap_none|            J_7_10_val|        scalar|
|J_7_11_val   |   in|   40|     ap_none|            J_7_11_val|        scalar|
|J_7_12_val   |   in|   40|     ap_none|            J_7_12_val|        scalar|
|J_7_13_val   |   in|   40|     ap_none|            J_7_13_val|        scalar|
|J_7_14_val   |   in|   40|     ap_none|            J_7_14_val|        scalar|
|J_7_15_val   |   in|   40|     ap_none|            J_7_15_val|        scalar|
|J_7_16_val   |   in|   40|     ap_none|            J_7_16_val|        scalar|
|J_7_17_val   |   in|   40|     ap_none|            J_7_17_val|        scalar|
|J_7_18_val   |   in|   40|     ap_none|            J_7_18_val|        scalar|
|J_7_19_val   |   in|   40|     ap_none|            J_7_19_val|        scalar|
|J_7_20_val   |   in|   40|     ap_none|            J_7_20_val|        scalar|
|J_7_21_val   |   in|   40|     ap_none|            J_7_21_val|        scalar|
|J_7_22_val   |   in|   40|     ap_none|            J_7_22_val|        scalar|
|J_7_23_val   |   in|   40|     ap_none|            J_7_23_val|        scalar|
|J_7_24_val   |   in|   40|     ap_none|            J_7_24_val|        scalar|
|J_7_25_val   |   in|   40|     ap_none|            J_7_25_val|        scalar|
|J_7_26_val   |   in|   40|     ap_none|            J_7_26_val|        scalar|
|J_7_27_val   |   in|   40|     ap_none|            J_7_27_val|        scalar|
|J_7_28_val   |   in|   40|     ap_none|            J_7_28_val|        scalar|
|J_7_29_val   |   in|   40|     ap_none|            J_7_29_val|        scalar|
|J_8_9_val    |   in|   40|     ap_none|             J_8_9_val|        scalar|
|J_8_10_val   |   in|   40|     ap_none|            J_8_10_val|        scalar|
|J_8_11_val   |   in|   40|     ap_none|            J_8_11_val|        scalar|
|J_8_12_val   |   in|   40|     ap_none|            J_8_12_val|        scalar|
|J_8_13_val   |   in|   40|     ap_none|            J_8_13_val|        scalar|
|J_8_14_val   |   in|   40|     ap_none|            J_8_14_val|        scalar|
|J_8_15_val   |   in|   40|     ap_none|            J_8_15_val|        scalar|
|J_8_16_val   |   in|   40|     ap_none|            J_8_16_val|        scalar|
|J_8_17_val   |   in|   40|     ap_none|            J_8_17_val|        scalar|
|J_8_18_val   |   in|   40|     ap_none|            J_8_18_val|        scalar|
|J_8_19_val   |   in|   40|     ap_none|            J_8_19_val|        scalar|
|J_8_20_val   |   in|   40|     ap_none|            J_8_20_val|        scalar|
|J_8_21_val   |   in|   40|     ap_none|            J_8_21_val|        scalar|
|J_8_22_val   |   in|   40|     ap_none|            J_8_22_val|        scalar|
|J_8_23_val   |   in|   40|     ap_none|            J_8_23_val|        scalar|
|J_8_24_val   |   in|   40|     ap_none|            J_8_24_val|        scalar|
|J_8_25_val   |   in|   40|     ap_none|            J_8_25_val|        scalar|
|J_8_26_val   |   in|   40|     ap_none|            J_8_26_val|        scalar|
|J_8_27_val   |   in|   40|     ap_none|            J_8_27_val|        scalar|
|J_8_28_val   |   in|   40|     ap_none|            J_8_28_val|        scalar|
|J_8_29_val   |   in|   40|     ap_none|            J_8_29_val|        scalar|
|J_9_10_val   |   in|   40|     ap_none|            J_9_10_val|        scalar|
|J_9_11_val   |   in|   40|     ap_none|            J_9_11_val|        scalar|
|J_9_12_val   |   in|   40|     ap_none|            J_9_12_val|        scalar|
|J_9_13_val   |   in|   40|     ap_none|            J_9_13_val|        scalar|
|J_9_14_val   |   in|   40|     ap_none|            J_9_14_val|        scalar|
|J_9_15_val   |   in|   40|     ap_none|            J_9_15_val|        scalar|
|J_9_16_val   |   in|   40|     ap_none|            J_9_16_val|        scalar|
|J_9_17_val   |   in|   40|     ap_none|            J_9_17_val|        scalar|
|J_9_18_val   |   in|   40|     ap_none|            J_9_18_val|        scalar|
|J_9_19_val   |   in|   40|     ap_none|            J_9_19_val|        scalar|
|J_9_20_val   |   in|   40|     ap_none|            J_9_20_val|        scalar|
|J_9_21_val   |   in|   40|     ap_none|            J_9_21_val|        scalar|
|J_9_22_val   |   in|   40|     ap_none|            J_9_22_val|        scalar|
|J_9_23_val   |   in|   40|     ap_none|            J_9_23_val|        scalar|
|J_9_24_val   |   in|   40|     ap_none|            J_9_24_val|        scalar|
|J_9_25_val   |   in|   40|     ap_none|            J_9_25_val|        scalar|
|J_9_26_val   |   in|   40|     ap_none|            J_9_26_val|        scalar|
|J_9_27_val   |   in|   40|     ap_none|            J_9_27_val|        scalar|
|J_9_28_val   |   in|   40|     ap_none|            J_9_28_val|        scalar|
|J_9_29_val   |   in|   40|     ap_none|            J_9_29_val|        scalar|
|J_10_11_val  |   in|   40|     ap_none|           J_10_11_val|        scalar|
|J_10_12_val  |   in|   40|     ap_none|           J_10_12_val|        scalar|
|J_10_13_val  |   in|   40|     ap_none|           J_10_13_val|        scalar|
|J_10_14_val  |   in|   40|     ap_none|           J_10_14_val|        scalar|
|J_10_15_val  |   in|   40|     ap_none|           J_10_15_val|        scalar|
|J_10_16_val  |   in|   40|     ap_none|           J_10_16_val|        scalar|
|J_10_17_val  |   in|   40|     ap_none|           J_10_17_val|        scalar|
|J_10_18_val  |   in|   40|     ap_none|           J_10_18_val|        scalar|
|J_10_19_val  |   in|   40|     ap_none|           J_10_19_val|        scalar|
|J_10_20_val  |   in|   40|     ap_none|           J_10_20_val|        scalar|
|J_10_21_val  |   in|   40|     ap_none|           J_10_21_val|        scalar|
|J_10_22_val  |   in|   40|     ap_none|           J_10_22_val|        scalar|
|J_10_23_val  |   in|   40|     ap_none|           J_10_23_val|        scalar|
|J_10_24_val  |   in|   40|     ap_none|           J_10_24_val|        scalar|
|J_10_25_val  |   in|   40|     ap_none|           J_10_25_val|        scalar|
|J_10_26_val  |   in|   40|     ap_none|           J_10_26_val|        scalar|
|J_10_27_val  |   in|   40|     ap_none|           J_10_27_val|        scalar|
|J_10_28_val  |   in|   40|     ap_none|           J_10_28_val|        scalar|
|J_10_29_val  |   in|   40|     ap_none|           J_10_29_val|        scalar|
|J_11_12_val  |   in|   40|     ap_none|           J_11_12_val|        scalar|
|J_11_13_val  |   in|   40|     ap_none|           J_11_13_val|        scalar|
|J_11_14_val  |   in|   40|     ap_none|           J_11_14_val|        scalar|
|J_11_15_val  |   in|   40|     ap_none|           J_11_15_val|        scalar|
|J_11_16_val  |   in|   40|     ap_none|           J_11_16_val|        scalar|
|J_11_17_val  |   in|   40|     ap_none|           J_11_17_val|        scalar|
|J_11_18_val  |   in|   40|     ap_none|           J_11_18_val|        scalar|
|J_11_19_val  |   in|   40|     ap_none|           J_11_19_val|        scalar|
|J_11_20_val  |   in|   40|     ap_none|           J_11_20_val|        scalar|
|J_11_21_val  |   in|   40|     ap_none|           J_11_21_val|        scalar|
|J_11_22_val  |   in|   40|     ap_none|           J_11_22_val|        scalar|
|J_11_23_val  |   in|   40|     ap_none|           J_11_23_val|        scalar|
|J_11_24_val  |   in|   40|     ap_none|           J_11_24_val|        scalar|
|J_11_25_val  |   in|   40|     ap_none|           J_11_25_val|        scalar|
|J_11_26_val  |   in|   40|     ap_none|           J_11_26_val|        scalar|
|J_11_27_val  |   in|   40|     ap_none|           J_11_27_val|        scalar|
|J_11_28_val  |   in|   40|     ap_none|           J_11_28_val|        scalar|
|J_11_29_val  |   in|   40|     ap_none|           J_11_29_val|        scalar|
|J_12_13_val  |   in|   40|     ap_none|           J_12_13_val|        scalar|
|J_12_14_val  |   in|   40|     ap_none|           J_12_14_val|        scalar|
|J_12_15_val  |   in|   40|     ap_none|           J_12_15_val|        scalar|
|J_12_16_val  |   in|   40|     ap_none|           J_12_16_val|        scalar|
|J_12_17_val  |   in|   40|     ap_none|           J_12_17_val|        scalar|
|J_12_18_val  |   in|   40|     ap_none|           J_12_18_val|        scalar|
|J_12_19_val  |   in|   40|     ap_none|           J_12_19_val|        scalar|
|J_12_20_val  |   in|   40|     ap_none|           J_12_20_val|        scalar|
|J_12_21_val  |   in|   40|     ap_none|           J_12_21_val|        scalar|
|J_12_22_val  |   in|   40|     ap_none|           J_12_22_val|        scalar|
|J_12_23_val  |   in|   40|     ap_none|           J_12_23_val|        scalar|
|J_12_24_val  |   in|   40|     ap_none|           J_12_24_val|        scalar|
|J_12_25_val  |   in|   40|     ap_none|           J_12_25_val|        scalar|
|J_12_26_val  |   in|   40|     ap_none|           J_12_26_val|        scalar|
|J_12_27_val  |   in|   40|     ap_none|           J_12_27_val|        scalar|
|J_12_28_val  |   in|   40|     ap_none|           J_12_28_val|        scalar|
|J_12_29_val  |   in|   40|     ap_none|           J_12_29_val|        scalar|
|J_13_14_val  |   in|   40|     ap_none|           J_13_14_val|        scalar|
|J_13_15_val  |   in|   40|     ap_none|           J_13_15_val|        scalar|
|J_13_16_val  |   in|   40|     ap_none|           J_13_16_val|        scalar|
|J_13_17_val  |   in|   40|     ap_none|           J_13_17_val|        scalar|
|J_13_18_val  |   in|   40|     ap_none|           J_13_18_val|        scalar|
|J_13_19_val  |   in|   40|     ap_none|           J_13_19_val|        scalar|
|J_13_20_val  |   in|   40|     ap_none|           J_13_20_val|        scalar|
|J_13_21_val  |   in|   40|     ap_none|           J_13_21_val|        scalar|
|J_13_22_val  |   in|   40|     ap_none|           J_13_22_val|        scalar|
|J_13_23_val  |   in|   40|     ap_none|           J_13_23_val|        scalar|
|J_13_24_val  |   in|   40|     ap_none|           J_13_24_val|        scalar|
|J_13_25_val  |   in|   40|     ap_none|           J_13_25_val|        scalar|
|J_13_26_val  |   in|   40|     ap_none|           J_13_26_val|        scalar|
|J_13_27_val  |   in|   40|     ap_none|           J_13_27_val|        scalar|
|J_13_28_val  |   in|   40|     ap_none|           J_13_28_val|        scalar|
|J_13_29_val  |   in|   40|     ap_none|           J_13_29_val|        scalar|
|J_14_15_val  |   in|   40|     ap_none|           J_14_15_val|        scalar|
|J_14_16_val  |   in|   40|     ap_none|           J_14_16_val|        scalar|
|J_14_17_val  |   in|   40|     ap_none|           J_14_17_val|        scalar|
|J_14_18_val  |   in|   40|     ap_none|           J_14_18_val|        scalar|
|J_14_19_val  |   in|   40|     ap_none|           J_14_19_val|        scalar|
|J_14_20_val  |   in|   40|     ap_none|           J_14_20_val|        scalar|
|J_14_21_val  |   in|   40|     ap_none|           J_14_21_val|        scalar|
|J_14_22_val  |   in|   40|     ap_none|           J_14_22_val|        scalar|
|J_14_23_val  |   in|   40|     ap_none|           J_14_23_val|        scalar|
|J_14_24_val  |   in|   40|     ap_none|           J_14_24_val|        scalar|
|J_14_25_val  |   in|   40|     ap_none|           J_14_25_val|        scalar|
|J_14_26_val  |   in|   40|     ap_none|           J_14_26_val|        scalar|
|J_14_27_val  |   in|   40|     ap_none|           J_14_27_val|        scalar|
|J_14_28_val  |   in|   40|     ap_none|           J_14_28_val|        scalar|
|J_14_29_val  |   in|   40|     ap_none|           J_14_29_val|        scalar|
|J_15_16_val  |   in|   40|     ap_none|           J_15_16_val|        scalar|
|J_15_17_val  |   in|   40|     ap_none|           J_15_17_val|        scalar|
|J_15_18_val  |   in|   40|     ap_none|           J_15_18_val|        scalar|
|J_15_19_val  |   in|   40|     ap_none|           J_15_19_val|        scalar|
|J_15_20_val  |   in|   40|     ap_none|           J_15_20_val|        scalar|
|J_15_21_val  |   in|   40|     ap_none|           J_15_21_val|        scalar|
|J_15_22_val  |   in|   40|     ap_none|           J_15_22_val|        scalar|
|J_15_23_val  |   in|   40|     ap_none|           J_15_23_val|        scalar|
|J_15_24_val  |   in|   40|     ap_none|           J_15_24_val|        scalar|
|J_15_25_val  |   in|   40|     ap_none|           J_15_25_val|        scalar|
|J_15_26_val  |   in|   40|     ap_none|           J_15_26_val|        scalar|
|J_15_27_val  |   in|   40|     ap_none|           J_15_27_val|        scalar|
|J_15_28_val  |   in|   40|     ap_none|           J_15_28_val|        scalar|
|J_15_29_val  |   in|   40|     ap_none|           J_15_29_val|        scalar|
|J_16_17_val  |   in|   40|     ap_none|           J_16_17_val|        scalar|
|J_16_18_val  |   in|   40|     ap_none|           J_16_18_val|        scalar|
|J_16_19_val  |   in|   40|     ap_none|           J_16_19_val|        scalar|
|J_16_20_val  |   in|   40|     ap_none|           J_16_20_val|        scalar|
|J_16_21_val  |   in|   40|     ap_none|           J_16_21_val|        scalar|
|J_16_22_val  |   in|   40|     ap_none|           J_16_22_val|        scalar|
|J_16_23_val  |   in|   40|     ap_none|           J_16_23_val|        scalar|
|J_16_24_val  |   in|   40|     ap_none|           J_16_24_val|        scalar|
|J_16_25_val  |   in|   40|     ap_none|           J_16_25_val|        scalar|
|J_16_26_val  |   in|   40|     ap_none|           J_16_26_val|        scalar|
|J_16_27_val  |   in|   40|     ap_none|           J_16_27_val|        scalar|
|J_16_28_val  |   in|   40|     ap_none|           J_16_28_val|        scalar|
|J_16_29_val  |   in|   40|     ap_none|           J_16_29_val|        scalar|
|J_17_18_val  |   in|   40|     ap_none|           J_17_18_val|        scalar|
|J_17_19_val  |   in|   40|     ap_none|           J_17_19_val|        scalar|
|J_17_20_val  |   in|   40|     ap_none|           J_17_20_val|        scalar|
|J_17_21_val  |   in|   40|     ap_none|           J_17_21_val|        scalar|
|J_17_22_val  |   in|   40|     ap_none|           J_17_22_val|        scalar|
|J_17_23_val  |   in|   40|     ap_none|           J_17_23_val|        scalar|
|J_17_24_val  |   in|   40|     ap_none|           J_17_24_val|        scalar|
|J_17_25_val  |   in|   40|     ap_none|           J_17_25_val|        scalar|
|J_17_26_val  |   in|   40|     ap_none|           J_17_26_val|        scalar|
|J_17_27_val  |   in|   40|     ap_none|           J_17_27_val|        scalar|
|J_17_28_val  |   in|   40|     ap_none|           J_17_28_val|        scalar|
|J_17_29_val  |   in|   40|     ap_none|           J_17_29_val|        scalar|
|J_18_19_val  |   in|   40|     ap_none|           J_18_19_val|        scalar|
|J_18_20_val  |   in|   40|     ap_none|           J_18_20_val|        scalar|
|J_18_21_val  |   in|   40|     ap_none|           J_18_21_val|        scalar|
|J_18_22_val  |   in|   40|     ap_none|           J_18_22_val|        scalar|
|J_18_23_val  |   in|   40|     ap_none|           J_18_23_val|        scalar|
|J_18_24_val  |   in|   40|     ap_none|           J_18_24_val|        scalar|
|J_18_25_val  |   in|   40|     ap_none|           J_18_25_val|        scalar|
|J_18_26_val  |   in|   40|     ap_none|           J_18_26_val|        scalar|
|J_18_27_val  |   in|   40|     ap_none|           J_18_27_val|        scalar|
|J_18_28_val  |   in|   40|     ap_none|           J_18_28_val|        scalar|
|J_18_29_val  |   in|   40|     ap_none|           J_18_29_val|        scalar|
|J_19_20_val  |   in|   40|     ap_none|           J_19_20_val|        scalar|
|J_19_21_val  |   in|   40|     ap_none|           J_19_21_val|        scalar|
|J_19_22_val  |   in|   40|     ap_none|           J_19_22_val|        scalar|
|J_19_23_val  |   in|   40|     ap_none|           J_19_23_val|        scalar|
|J_19_24_val  |   in|   40|     ap_none|           J_19_24_val|        scalar|
|J_19_25_val  |   in|   40|     ap_none|           J_19_25_val|        scalar|
|J_19_26_val  |   in|   40|     ap_none|           J_19_26_val|        scalar|
|J_19_27_val  |   in|   40|     ap_none|           J_19_27_val|        scalar|
|J_19_28_val  |   in|   40|     ap_none|           J_19_28_val|        scalar|
|J_19_29_val  |   in|   40|     ap_none|           J_19_29_val|        scalar|
|J_20_21_val  |   in|   40|     ap_none|           J_20_21_val|        scalar|
|J_20_22_val  |   in|   40|     ap_none|           J_20_22_val|        scalar|
|J_20_23_val  |   in|   40|     ap_none|           J_20_23_val|        scalar|
|J_20_24_val  |   in|   40|     ap_none|           J_20_24_val|        scalar|
|J_20_25_val  |   in|   40|     ap_none|           J_20_25_val|        scalar|
|J_20_26_val  |   in|   40|     ap_none|           J_20_26_val|        scalar|
|J_20_27_val  |   in|   40|     ap_none|           J_20_27_val|        scalar|
|J_20_28_val  |   in|   40|     ap_none|           J_20_28_val|        scalar|
|J_20_29_val  |   in|   40|     ap_none|           J_20_29_val|        scalar|
|J_21_22_val  |   in|   40|     ap_none|           J_21_22_val|        scalar|
|J_21_23_val  |   in|   40|     ap_none|           J_21_23_val|        scalar|
|J_21_24_val  |   in|   40|     ap_none|           J_21_24_val|        scalar|
|J_21_25_val  |   in|   40|     ap_none|           J_21_25_val|        scalar|
|J_21_26_val  |   in|   40|     ap_none|           J_21_26_val|        scalar|
|J_21_27_val  |   in|   40|     ap_none|           J_21_27_val|        scalar|
|J_21_28_val  |   in|   40|     ap_none|           J_21_28_val|        scalar|
|J_21_29_val  |   in|   40|     ap_none|           J_21_29_val|        scalar|
|J_22_23_val  |   in|   40|     ap_none|           J_22_23_val|        scalar|
|J_22_24_val  |   in|   40|     ap_none|           J_22_24_val|        scalar|
|J_22_25_val  |   in|   40|     ap_none|           J_22_25_val|        scalar|
|J_22_26_val  |   in|   40|     ap_none|           J_22_26_val|        scalar|
|J_22_27_val  |   in|   40|     ap_none|           J_22_27_val|        scalar|
|J_22_28_val  |   in|   40|     ap_none|           J_22_28_val|        scalar|
|J_22_29_val  |   in|   40|     ap_none|           J_22_29_val|        scalar|
|J_23_24_val  |   in|   40|     ap_none|           J_23_24_val|        scalar|
|J_23_25_val  |   in|   40|     ap_none|           J_23_25_val|        scalar|
|J_23_26_val  |   in|   40|     ap_none|           J_23_26_val|        scalar|
|J_23_27_val  |   in|   40|     ap_none|           J_23_27_val|        scalar|
|J_23_28_val  |   in|   40|     ap_none|           J_23_28_val|        scalar|
|J_23_29_val  |   in|   40|     ap_none|           J_23_29_val|        scalar|
|J_24_25_val  |   in|   40|     ap_none|           J_24_25_val|        scalar|
|J_24_26_val  |   in|   40|     ap_none|           J_24_26_val|        scalar|
|J_24_27_val  |   in|   40|     ap_none|           J_24_27_val|        scalar|
|J_24_28_val  |   in|   40|     ap_none|           J_24_28_val|        scalar|
|J_24_29_val  |   in|   40|     ap_none|           J_24_29_val|        scalar|
|J_25_26_val  |   in|   40|     ap_none|           J_25_26_val|        scalar|
|J_25_27_val  |   in|   40|     ap_none|           J_25_27_val|        scalar|
|J_25_28_val  |   in|   40|     ap_none|           J_25_28_val|        scalar|
|J_25_29_val  |   in|   40|     ap_none|           J_25_29_val|        scalar|
|J_26_27_val  |   in|   40|     ap_none|           J_26_27_val|        scalar|
|J_26_28_val  |   in|   40|     ap_none|           J_26_28_val|        scalar|
|J_26_29_val  |   in|   40|     ap_none|           J_26_29_val|        scalar|
|J_27_28_val  |   in|   40|     ap_none|           J_27_28_val|        scalar|
|J_27_29_val  |   in|   40|     ap_none|           J_27_29_val|        scalar|
|J_28_29_val  |   in|   40|     ap_none|           J_28_29_val|        scalar|
|h_0_val      |   in|   40|     ap_none|               h_0_val|        scalar|
|h_1_val      |   in|   40|     ap_none|               h_1_val|        scalar|
|h_2_val      |   in|   40|     ap_none|               h_2_val|        scalar|
|h_3_val      |   in|   40|     ap_none|               h_3_val|        scalar|
|h_4_val      |   in|   40|     ap_none|               h_4_val|        scalar|
|h_5_val      |   in|   40|     ap_none|               h_5_val|        scalar|
|h_6_val      |   in|   40|     ap_none|               h_6_val|        scalar|
|h_7_val      |   in|   40|     ap_none|               h_7_val|        scalar|
|h_8_val      |   in|   40|     ap_none|               h_8_val|        scalar|
|h_9_val      |   in|   40|     ap_none|               h_9_val|        scalar|
|h_10_val     |   in|   40|     ap_none|              h_10_val|        scalar|
|h_11_val     |   in|   40|     ap_none|              h_11_val|        scalar|
|h_12_val     |   in|   40|     ap_none|              h_12_val|        scalar|
|h_13_val     |   in|   40|     ap_none|              h_13_val|        scalar|
|h_14_val     |   in|   40|     ap_none|              h_14_val|        scalar|
|h_15_val     |   in|   40|     ap_none|              h_15_val|        scalar|
|h_16_val     |   in|   40|     ap_none|              h_16_val|        scalar|
|h_17_val     |   in|   40|     ap_none|              h_17_val|        scalar|
|h_18_val     |   in|   40|     ap_none|              h_18_val|        scalar|
|h_19_val     |   in|   40|     ap_none|              h_19_val|        scalar|
|h_20_val     |   in|   40|     ap_none|              h_20_val|        scalar|
|h_21_val     |   in|   40|     ap_none|              h_21_val|        scalar|
|h_22_val     |   in|   40|     ap_none|              h_22_val|        scalar|
|h_23_val     |   in|   40|     ap_none|              h_23_val|        scalar|
|h_24_val     |   in|   40|     ap_none|              h_24_val|        scalar|
|h_25_val     |   in|   40|     ap_none|              h_25_val|        scalar|
|h_26_val     |   in|   40|     ap_none|              h_26_val|        scalar|
|h_27_val     |   in|   40|     ap_none|              h_27_val|        scalar|
|h_28_val     |   in|   40|     ap_none|              h_28_val|        scalar|
|h_29_val     |   in|   40|     ap_none|              h_29_val|        scalar|
|y_0_val      |   in|    1|     ap_none|               y_0_val|        scalar|
|y_1_val      |   in|    1|     ap_none|               y_1_val|        scalar|
|y_2_val      |   in|    1|     ap_none|               y_2_val|        scalar|
|y_3_val      |   in|    1|     ap_none|               y_3_val|        scalar|
|y_4_val      |   in|    1|     ap_none|               y_4_val|        scalar|
|y_5_val      |   in|    1|     ap_none|               y_5_val|        scalar|
|y_6_val      |   in|    1|     ap_none|               y_6_val|        scalar|
|y_7_val      |   in|    1|     ap_none|               y_7_val|        scalar|
|y_8_val      |   in|    1|     ap_none|               y_8_val|        scalar|
|y_9_val      |   in|    1|     ap_none|               y_9_val|        scalar|
|y_10_val     |   in|    1|     ap_none|              y_10_val|        scalar|
|y_11_val     |   in|    1|     ap_none|              y_11_val|        scalar|
|y_12_val     |   in|    1|     ap_none|              y_12_val|        scalar|
|y_13_val     |   in|    1|     ap_none|              y_13_val|        scalar|
|y_14_val     |   in|    1|     ap_none|              y_14_val|        scalar|
|y_15_val     |   in|    1|     ap_none|              y_15_val|        scalar|
|y_16_val     |   in|    1|     ap_none|              y_16_val|        scalar|
|y_17_val     |   in|    1|     ap_none|              y_17_val|        scalar|
|y_18_val     |   in|    1|     ap_none|              y_18_val|        scalar|
|y_19_val     |   in|    1|     ap_none|              y_19_val|        scalar|
|y_20_val     |   in|    1|     ap_none|              y_20_val|        scalar|
|y_21_val     |   in|    1|     ap_none|              y_21_val|        scalar|
|y_22_val     |   in|    1|     ap_none|              y_22_val|        scalar|
|y_23_val     |   in|    1|     ap_none|              y_23_val|        scalar|
|y_24_val     |   in|    1|     ap_none|              y_24_val|        scalar|
|y_25_val     |   in|    1|     ap_none|              y_25_val|        scalar|
|y_26_val     |   in|    1|     ap_none|              y_26_val|        scalar|
|y_27_val     |   in|    1|     ap_none|              y_27_val|        scalar|
|y_28_val     |   in|    1|     ap_none|              y_28_val|        scalar|
|y_29_val     |   in|    1|     ap_none|              y_29_val|        scalar|
|old_energy   |   in|   40|     ap_none|            old_energy|        scalar|
+-------------+-----+-----+------------+----------------------+--------------+

