

================================================================
== Vitis HLS Report for 'uniform_delta_energy'
================================================================
* Date:           Tue May 19 20:46:50 2026

* Version:        2025.2 (Build 6295257 on Nov 14 2025)
* Project:        hls_uniform_metropolis_step_N27
* Solution:       hls (Vivado IP Flow Target)
* Product family: virtexuplus
* Target device:  xcvu19p-fsva3824-2-e


================================================================
== Performance Estimates
================================================================
+ Timing: 
    * Summary: 
    +--------+---------+----------+------------+
    |  Clock |  Target | Estimated| Uncertainty|
    +--------+---------+----------+------------+
    |ap_clk  |  3.33 ns|  2.388 ns|     0.90 ns|
    +--------+---------+----------+------------+

+ Latency: 
    * Summary: 
    +---------+---------+----------+----------+-----+-----+---------+
    |  Latency (cycles) |  Latency (absolute) |  Interval | Pipeline|
    |   min   |   max   |    min   |    max   | min | max |   Type  |
    +---------+---------+----------+----------+-----+-----+---------+
    |      178|      178|  0.593 us|  0.593 us|  178|  178|       no|
    +---------+---------+----------+----------+-----+-----+---------+

    + Detail: 
        * Instance: 
        N/A

        * Loop: 
        N/A



================================================================
== Utilization Estimates
================================================================
* Summary: 
+---------------------+---------+------+---------+---------+-----+
|         Name        | BRAM_18K|  DSP |    FF   |   LUT   | URAM|
+---------------------+---------+------+---------+---------+-----+
|DSP                  |        -|     -|        -|        -|    -|
|Expression           |        -|     -|        0|    51247|    -|
|FIFO                 |        -|     -|        -|        -|    -|
|Instance             |        -|     -|        -|        -|    -|
|Memory               |        -|     -|        -|        -|    -|
|Multiplexer          |        -|     -|        0|      961|    -|
|Register             |        -|     -|     7819|        -|    -|
+---------------------+---------+------+---------+---------+-----+
|Total                |        0|     0|     7819|    52208|    0|
+---------------------+---------+------+---------+---------+-----+
|Available SLR        |     1080|   960|  2042880|  1021440|   80|
+---------------------+---------+------+---------+---------+-----+
|Utilization SLR (%)  |        0|     0|       ~0|        5|    0|
+---------------------+---------+------+---------+---------+-----+
|Available            |     4320|  3840|  8171520|  4085760|  320|
+---------------------+---------+------+---------+---------+-----+
|Utilization (%)      |        0|     0|       ~0|        1|    0|
+---------------------+---------+------+---------+---------+-----+

+ Detail: 
    * Instance: 
    N/A

    * DSP: 
    N/A

    * Memory: 
    N/A

    * FIFO: 
    N/A

    * Expression: 
    +---------------------------+----------+----+---+-----+------------+------------+
    |       Variable Name       | Operation| DSP| FF| LUT | Bitwidth P0| Bitwidth P1|
    +---------------------------+----------+----+---+-----+------------+------------+
    |add_ln183_10_fu_3738_p2    |         +|   0|  0|   40|          40|          40|
    |add_ln183_11_fu_3743_p2    |         +|   0|  0|   40|          40|          40|
    |add_ln183_12_fu_3685_p2    |         +|   0|  0|   40|          40|          40|
    |add_ln183_13_fu_3691_p2    |         +|   0|  0|   40|          40|          40|
    |add_ln183_14_fu_3697_p2    |         +|   0|  0|   40|          40|          40|
    |add_ln183_15_fu_3344_p2    |         +|   0|  0|   47|          40|          40|
    |add_ln183_16_fu_3703_p2    |         +|   0|  0|   40|          40|          40|
    |add_ln183_17_fu_3749_p2    |         +|   0|  0|   40|          40|          40|
    |add_ln183_18_fu_3708_p2    |         +|   0|  0|   47|          40|          40|
    |add_ln183_19_fu_3753_p2    |         +|   0|  0|   40|          40|          40|
    |add_ln183_1_fu_3725_p2     |         +|   0|  0|   40|          40|          40|
    |add_ln183_20_fu_3714_p2    |         +|   0|  0|   40|          40|          40|
    |add_ln183_21_fu_3350_p2    |         +|   0|  0|   47|          40|          40|
    |add_ln183_22_fu_3720_p2    |         +|   0|  0|   40|          40|          40|
    |add_ln183_23_fu_3757_p2    |         +|   0|  0|   40|          40|          40|
    |add_ln183_24_fu_3762_p2    |         +|   0|  0|   40|          40|          40|
    |add_ln183_25_fu_3768_p2    |         +|   0|  0|   40|          40|          40|
    |add_ln183_2_fu_3656_p2     |         +|   0|  0|   40|          40|          40|
    |add_ln183_3_fu_3662_p2     |         +|   0|  0|   40|          40|          40|
    |add_ln183_4_fu_3729_p2     |         +|   0|  0|   40|          40|          40|
    |add_ln183_5_fu_3668_p2     |         +|   0|  0|   47|          40|          40|
    |add_ln183_6_fu_3734_p2     |         +|   0|  0|   40|          40|          40|
    |add_ln183_7_fu_3674_p2     |         +|   0|  0|   40|          40|          40|
    |add_ln183_8_fu_3338_p2     |         +|   0|  0|   47|          40|          40|
    |add_ln183_9_fu_3680_p2     |         +|   0|  0|   40|          40|          40|
    |add_ln183_fu_3650_p2       |         +|   0|  0|   47|          40|          40|
    |add_ln195_fu_3778_p2       |         +|   0|  0|   40|          40|          40|
    |e_1000_fu_11448_p2         |         +|   0|  0|   47|          40|          40|
    |e_1003_fu_11471_p2         |         +|   0|  0|   47|          40|          40|
    |e_1006_fu_11494_p2         |         +|   0|  0|   47|          40|          40|
    |e_1009_fu_11517_p2         |         +|   0|  0|   47|          40|          40|
    |e_100_fu_4548_p2           |         +|   0|  0|   47|          40|          40|
    |e_1012_fu_11540_p2         |         +|   0|  0|   47|          40|          40|
    |e_1015_fu_11563_p2         |         +|   0|  0|   47|          40|          40|
    |e_1018_fu_11586_p2         |         +|   0|  0|   47|          40|          40|
    |e_1021_fu_11609_p2         |         +|   0|  0|   47|          40|          40|
    |e_1024_fu_11632_p2         |         +|   0|  0|   47|          40|          40|
    |e_1027_fu_11655_p2         |         +|   0|  0|   47|          40|          40|
    |e_1030_fu_11678_p2         |         +|   0|  0|   47|          40|          40|
    |e_1033_fu_11701_p2         |         +|   0|  0|   47|          40|          40|
    |e_1036_fu_11724_p2         |         +|   0|  0|   47|          40|          40|
    |e_1039_fu_11747_p2         |         +|   0|  0|   47|          40|          40|
    |e_103_fu_4571_p2           |         +|   0|  0|   47|          40|          40|
    |e_1042_fu_11770_p2         |         +|   0|  0|   47|          40|          40|
    |e_1045_fu_11793_p2         |         +|   0|  0|   47|          40|          40|
    |e_1048_fu_11816_p2         |         +|   0|  0|   47|          40|          40|
    |e_1051_fu_11839_p2         |         +|   0|  0|   47|          40|          40|
    |e_106_fu_4594_p2           |         +|   0|  0|   47|          40|          40|
    |e_109_fu_4617_p2           |         +|   0|  0|   47|          40|          40|
    |e_10_fu_3858_p2            |         +|   0|  0|   47|          40|          40|
    |e_112_fu_4640_p2           |         +|   0|  0|   47|          40|          40|
    |e_115_fu_4663_p2           |         +|   0|  0|   47|          40|          40|
    |e_118_fu_4686_p2           |         +|   0|  0|   47|          40|          40|
    |e_121_fu_4709_p2           |         +|   0|  0|   47|          40|          40|
    |e_124_fu_4732_p2           |         +|   0|  0|   47|          40|          40|
    |e_127_fu_4755_p2           |         +|   0|  0|   47|          40|          40|
    |e_130_fu_4778_p2           |         +|   0|  0|   47|          40|          40|
    |e_133_fu_4801_p2           |         +|   0|  0|   47|          40|          40|
    |e_136_fu_4824_p2           |         +|   0|  0|   47|          40|          40|
    |e_139_fu_4847_p2           |         +|   0|  0|   47|          40|          40|
    |e_13_fu_3881_p2            |         +|   0|  0|   47|          40|          40|
    |e_142_fu_4870_p2           |         +|   0|  0|   47|          40|          40|
    |e_145_fu_4893_p2           |         +|   0|  0|   47|          40|          40|
    |e_148_fu_4916_p2           |         +|   0|  0|   47|          40|          40|
    |e_151_fu_4939_p2           |         +|   0|  0|   47|          40|          40|
    |e_154_fu_4962_p2           |         +|   0|  0|   47|          40|          40|
    |e_157_fu_4985_p2           |         +|   0|  0|   47|          40|          40|
    |e_160_fu_5008_p2           |         +|   0|  0|   47|          40|          40|
    |e_163_fu_5031_p2           |         +|   0|  0|   47|          40|          40|
    |e_166_fu_5054_p2           |         +|   0|  0|   47|          40|          40|
    |e_169_fu_5077_p2           |         +|   0|  0|   47|          40|          40|
    |e_16_fu_3904_p2            |         +|   0|  0|   47|          40|          40|
    |e_172_fu_5100_p2           |         +|   0|  0|   47|          40|          40|
    |e_175_fu_5123_p2           |         +|   0|  0|   47|          40|          40|
    |e_178_fu_5146_p2           |         +|   0|  0|   47|          40|          40|
    |e_181_fu_5169_p2           |         +|   0|  0|   47|          40|          40|
    |e_184_fu_5192_p2           |         +|   0|  0|   47|          40|          40|
    |e_187_fu_5215_p2           |         +|   0|  0|   47|          40|          40|
    |e_190_fu_5238_p2           |         +|   0|  0|   47|          40|          40|
    |e_193_fu_5261_p2           |         +|   0|  0|   47|          40|          40|
    |e_196_fu_5284_p2           |         +|   0|  0|   47|          40|          40|
    |e_199_fu_5307_p2           |         +|   0|  0|   47|          40|          40|
    |e_19_fu_3927_p2            |         +|   0|  0|   47|          40|          40|
    |e_202_fu_5330_p2           |         +|   0|  0|   47|          40|          40|
    |e_205_fu_5353_p2           |         +|   0|  0|   47|          40|          40|
    |e_208_fu_5376_p2           |         +|   0|  0|   47|          40|          40|
    |e_211_fu_5399_p2           |         +|   0|  0|   47|          40|          40|
    |e_214_fu_5422_p2           |         +|   0|  0|   47|          40|          40|
    |e_217_fu_5445_p2           |         +|   0|  0|   47|          40|          40|
    |e_220_fu_5468_p2           |         +|   0|  0|   47|          40|          40|
    |e_223_fu_5491_p2           |         +|   0|  0|   47|          40|          40|
    |e_226_fu_5514_p2           |         +|   0|  0|   47|          40|          40|
    |e_229_fu_5537_p2           |         +|   0|  0|   47|          40|          40|
    |e_22_fu_3950_p2            |         +|   0|  0|   47|          40|          40|
    |e_232_fu_5560_p2           |         +|   0|  0|   47|          40|          40|
    |e_235_fu_5583_p2           |         +|   0|  0|   47|          40|          40|
    |e_238_fu_5606_p2           |         +|   0|  0|   47|          40|          40|
    |e_241_fu_5629_p2           |         +|   0|  0|   47|          40|          40|
    |e_244_fu_5652_p2           |         +|   0|  0|   47|          40|          40|
    |e_247_fu_5675_p2           |         +|   0|  0|   47|          40|          40|
    |e_250_fu_5698_p2           |         +|   0|  0|   47|          40|          40|
    |e_253_fu_5721_p2           |         +|   0|  0|   47|          40|          40|
    |e_256_fu_5744_p2           |         +|   0|  0|   47|          40|          40|
    |e_259_fu_5767_p2           |         +|   0|  0|   47|          40|          40|
    |e_25_fu_3973_p2            |         +|   0|  0|   47|          40|          40|
    |e_262_fu_5790_p2           |         +|   0|  0|   47|          40|          40|
    |e_265_fu_5813_p2           |         +|   0|  0|   47|          40|          40|
    |e_268_fu_5836_p2           |         +|   0|  0|   47|          40|          40|
    |e_271_fu_5859_p2           |         +|   0|  0|   47|          40|          40|
    |e_274_fu_5882_p2           |         +|   0|  0|   47|          40|          40|
    |e_277_fu_5905_p2           |         +|   0|  0|   47|          40|          40|
    |e_280_fu_5928_p2           |         +|   0|  0|   47|          40|          40|
    |e_283_fu_5951_p2           |         +|   0|  0|   47|          40|          40|
    |e_286_fu_5974_p2           |         +|   0|  0|   47|          40|          40|
    |e_289_fu_5997_p2           |         +|   0|  0|   47|          40|          40|
    |e_28_fu_3996_p2            |         +|   0|  0|   47|          40|          40|
    |e_292_fu_6020_p2           |         +|   0|  0|   47|          40|          40|
    |e_295_fu_6043_p2           |         +|   0|  0|   47|          40|          40|
    |e_298_fu_6066_p2           |         +|   0|  0|   47|          40|          40|
    |e_301_fu_6089_p2           |         +|   0|  0|   47|          40|          40|
    |e_304_fu_6112_p2           |         +|   0|  0|   47|          40|          40|
    |e_307_fu_6135_p2           |         +|   0|  0|   47|          40|          40|
    |e_310_fu_6158_p2           |         +|   0|  0|   47|          40|          40|
    |e_313_fu_6181_p2           |         +|   0|  0|   47|          40|          40|
    |e_316_fu_6204_p2           |         +|   0|  0|   47|          40|          40|
    |e_319_fu_6227_p2           |         +|   0|  0|   47|          40|          40|
    |e_31_fu_4019_p2            |         +|   0|  0|   47|          40|          40|
    |e_322_fu_6250_p2           |         +|   0|  0|   47|          40|          40|
    |e_325_fu_6273_p2           |         +|   0|  0|   47|          40|          40|
    |e_328_fu_6296_p2           |         +|   0|  0|   47|          40|          40|
    |e_331_fu_6319_p2           |         +|   0|  0|   47|          40|          40|
    |e_334_fu_6342_p2           |         +|   0|  0|   47|          40|          40|
    |e_337_fu_6365_p2           |         +|   0|  0|   47|          40|          40|
    |e_340_fu_6388_p2           |         +|   0|  0|   47|          40|          40|
    |e_343_fu_6411_p2           |         +|   0|  0|   47|          40|          40|
    |e_346_fu_6434_p2           |         +|   0|  0|   47|          40|          40|
    |e_349_fu_6457_p2           |         +|   0|  0|   47|          40|          40|
    |e_34_fu_4042_p2            |         +|   0|  0|   47|          40|          40|
    |e_352_fu_6480_p2           |         +|   0|  0|   47|          40|          40|
    |e_355_fu_6503_p2           |         +|   0|  0|   47|          40|          40|
    |e_358_fu_6526_p2           |         +|   0|  0|   47|          40|          40|
    |e_361_fu_6549_p2           |         +|   0|  0|   47|          40|          40|
    |e_364_fu_6572_p2           |         +|   0|  0|   47|          40|          40|
    |e_367_fu_6595_p2           |         +|   0|  0|   47|          40|          40|
    |e_370_fu_6618_p2           |         +|   0|  0|   47|          40|          40|
    |e_373_fu_6641_p2           |         +|   0|  0|   47|          40|          40|
    |e_376_fu_6664_p2           |         +|   0|  0|   47|          40|          40|
    |e_379_fu_6687_p2           |         +|   0|  0|   47|          40|          40|
    |e_37_fu_4065_p2            |         +|   0|  0|   47|          40|          40|
    |e_382_fu_6710_p2           |         +|   0|  0|   47|          40|          40|
    |e_385_fu_6733_p2           |         +|   0|  0|   47|          40|          40|
    |e_388_fu_6756_p2           |         +|   0|  0|   47|          40|          40|
    |e_391_fu_6779_p2           |         +|   0|  0|   47|          40|          40|
    |e_394_fu_6802_p2           |         +|   0|  0|   47|          40|          40|
    |e_397_fu_6825_p2           |         +|   0|  0|   47|          40|          40|
    |e_400_fu_6848_p2           |         +|   0|  0|   47|          40|          40|
    |e_403_fu_6871_p2           |         +|   0|  0|   47|          40|          40|
    |e_406_fu_6894_p2           |         +|   0|  0|   47|          40|          40|
    |e_409_fu_6917_p2           |         +|   0|  0|   47|          40|          40|
    |e_40_fu_4088_p2            |         +|   0|  0|   47|          40|          40|
    |e_412_fu_6940_p2           |         +|   0|  0|   47|          40|          40|
    |e_415_fu_6963_p2           |         +|   0|  0|   47|          40|          40|
    |e_418_fu_6986_p2           |         +|   0|  0|   47|          40|          40|
    |e_421_fu_7009_p2           |         +|   0|  0|   47|          40|          40|
    |e_424_fu_7032_p2           |         +|   0|  0|   47|          40|          40|
    |e_427_fu_7055_p2           |         +|   0|  0|   47|          40|          40|
    |e_430_fu_7078_p2           |         +|   0|  0|   47|          40|          40|
    |e_433_fu_7101_p2           |         +|   0|  0|   47|          40|          40|
    |e_436_fu_7124_p2           |         +|   0|  0|   47|          40|          40|
    |e_439_fu_7147_p2           |         +|   0|  0|   47|          40|          40|
    |e_43_fu_4111_p2            |         +|   0|  0|   47|          40|          40|
    |e_442_fu_7170_p2           |         +|   0|  0|   47|          40|          40|
    |e_445_fu_7193_p2           |         +|   0|  0|   47|          40|          40|
    |e_448_fu_7216_p2           |         +|   0|  0|   47|          40|          40|
    |e_451_fu_7239_p2           |         +|   0|  0|   47|          40|          40|
    |e_454_fu_7262_p2           |         +|   0|  0|   47|          40|          40|
    |e_457_fu_7285_p2           |         +|   0|  0|   47|          40|          40|
    |e_460_fu_7308_p2           |         +|   0|  0|   47|          40|          40|
    |e_463_fu_7331_p2           |         +|   0|  0|   47|          40|          40|
    |e_466_fu_7354_p2           |         +|   0|  0|   47|          40|          40|
    |e_469_fu_7377_p2           |         +|   0|  0|   47|          40|          40|
    |e_46_fu_4134_p2            |         +|   0|  0|   47|          40|          40|
    |e_472_fu_7400_p2           |         +|   0|  0|   47|          40|          40|
    |e_475_fu_7423_p2           |         +|   0|  0|   47|          40|          40|
    |e_478_fu_7446_p2           |         +|   0|  0|   47|          40|          40|
    |e_481_fu_7469_p2           |         +|   0|  0|   47|          40|          40|
    |e_484_fu_7492_p2           |         +|   0|  0|   47|          40|          40|
    |e_487_fu_7515_p2           |         +|   0|  0|   47|          40|          40|
    |e_490_fu_7538_p2           |         +|   0|  0|   47|          40|          40|
    |e_493_fu_7561_p2           |         +|   0|  0|   47|          40|          40|
    |e_496_fu_7584_p2           |         +|   0|  0|   47|          40|          40|
    |e_499_fu_7607_p2           |         +|   0|  0|   47|          40|          40|
    |e_49_fu_4157_p2            |         +|   0|  0|   47|          40|          40|
    |e_4_fu_3812_p2             |         +|   0|  0|   47|          40|          40|
    |e_502_fu_7630_p2           |         +|   0|  0|   47|          40|          40|
    |e_505_fu_7653_p2           |         +|   0|  0|   47|          40|          40|
    |e_508_fu_7676_p2           |         +|   0|  0|   47|          40|          40|
    |e_511_fu_7699_p2           |         +|   0|  0|   47|          40|          40|
    |e_514_fu_7722_p2           |         +|   0|  0|   47|          40|          40|
    |e_517_fu_7745_p2           |         +|   0|  0|   47|          40|          40|
    |e_520_fu_7768_p2           |         +|   0|  0|   47|          40|          40|
    |e_523_fu_7791_p2           |         +|   0|  0|   47|          40|          40|
    |e_526_fu_7814_p2           |         +|   0|  0|   47|          40|          40|
    |e_529_fu_7837_p2           |         +|   0|  0|   47|          40|          40|
    |e_52_fu_4180_p2            |         +|   0|  0|   47|          40|          40|
    |e_532_fu_7860_p2           |         +|   0|  0|   47|          40|          40|
    |e_535_fu_7883_p2           |         +|   0|  0|   47|          40|          40|
    |e_538_fu_7906_p2           |         +|   0|  0|   47|          40|          40|
    |e_541_fu_7929_p2           |         +|   0|  0|   47|          40|          40|
    |e_544_fu_7952_p2           |         +|   0|  0|   47|          40|          40|
    |e_547_fu_7975_p2           |         +|   0|  0|   47|          40|          40|
    |e_550_fu_7998_p2           |         +|   0|  0|   47|          40|          40|
    |e_553_fu_8021_p2           |         +|   0|  0|   47|          40|          40|
    |e_556_fu_8044_p2           |         +|   0|  0|   47|          40|          40|
    |e_559_fu_8067_p2           |         +|   0|  0|   47|          40|          40|
    |e_55_fu_4203_p2            |         +|   0|  0|   47|          40|          40|
    |e_562_fu_8090_p2           |         +|   0|  0|   47|          40|          40|
    |e_565_fu_8113_p2           |         +|   0|  0|   47|          40|          40|
    |e_568_fu_8136_p2           |         +|   0|  0|   47|          40|          40|
    |e_571_fu_8159_p2           |         +|   0|  0|   47|          40|          40|
    |e_574_fu_8182_p2           |         +|   0|  0|   47|          40|          40|
    |e_577_fu_8205_p2           |         +|   0|  0|   47|          40|          40|
    |e_580_fu_8228_p2           |         +|   0|  0|   47|          40|          40|
    |e_583_fu_8251_p2           |         +|   0|  0|   47|          40|          40|
    |e_586_fu_8274_p2           |         +|   0|  0|   47|          40|          40|
    |e_589_fu_8297_p2           |         +|   0|  0|   47|          40|          40|
    |e_58_fu_4226_p2            |         +|   0|  0|   47|          40|          40|
    |e_592_fu_8320_p2           |         +|   0|  0|   47|          40|          40|
    |e_595_fu_8343_p2           |         +|   0|  0|   47|          40|          40|
    |e_598_fu_8366_p2           |         +|   0|  0|   47|          40|          40|
    |e_601_fu_8389_p2           |         +|   0|  0|   47|          40|          40|
    |e_604_fu_8412_p2           |         +|   0|  0|   47|          40|          40|
    |e_607_fu_8435_p2           |         +|   0|  0|   47|          40|          40|
    |e_610_fu_8458_p2           |         +|   0|  0|   47|          40|          40|
    |e_613_fu_8481_p2           |         +|   0|  0|   47|          40|          40|
    |e_616_fu_8504_p2           |         +|   0|  0|   47|          40|          40|
    |e_619_fu_8527_p2           |         +|   0|  0|   47|          40|          40|
    |e_61_fu_4249_p2            |         +|   0|  0|   47|          40|          40|
    |e_622_fu_8550_p2           |         +|   0|  0|   47|          40|          40|
    |e_625_fu_8573_p2           |         +|   0|  0|   47|          40|          40|
    |e_628_fu_8596_p2           |         +|   0|  0|   47|          40|          40|
    |e_631_fu_8619_p2           |         +|   0|  0|   47|          40|          40|
    |e_634_fu_8642_p2           |         +|   0|  0|   47|          40|          40|
    |e_637_fu_8665_p2           |         +|   0|  0|   47|          40|          40|
    |e_640_fu_8688_p2           |         +|   0|  0|   47|          40|          40|
    |e_643_fu_8711_p2           |         +|   0|  0|   47|          40|          40|
    |e_646_fu_8734_p2           |         +|   0|  0|   47|          40|          40|
    |e_649_fu_8757_p2           |         +|   0|  0|   47|          40|          40|
    |e_64_fu_4272_p2            |         +|   0|  0|   47|          40|          40|
    |e_652_fu_8780_p2           |         +|   0|  0|   47|          40|          40|
    |e_655_fu_8803_p2           |         +|   0|  0|   47|          40|          40|
    |e_658_fu_8826_p2           |         +|   0|  0|   47|          40|          40|
    |e_661_fu_8849_p2           |         +|   0|  0|   47|          40|          40|
    |e_664_fu_8872_p2           |         +|   0|  0|   47|          40|          40|
    |e_667_fu_8895_p2           |         +|   0|  0|   47|          40|          40|
    |e_670_fu_8918_p2           |         +|   0|  0|   47|          40|          40|
    |e_673_fu_8941_p2           |         +|   0|  0|   47|          40|          40|
    |e_676_fu_8964_p2           |         +|   0|  0|   47|          40|          40|
    |e_679_fu_8987_p2           |         +|   0|  0|   47|          40|          40|
    |e_67_fu_4295_p2            |         +|   0|  0|   47|          40|          40|
    |e_682_fu_9010_p2           |         +|   0|  0|   47|          40|          40|
    |e_685_fu_9033_p2           |         +|   0|  0|   47|          40|          40|
    |e_688_fu_9056_p2           |         +|   0|  0|   47|          40|          40|
    |e_691_fu_9079_p2           |         +|   0|  0|   47|          40|          40|
    |e_694_fu_9102_p2           |         +|   0|  0|   47|          40|          40|
    |e_697_fu_9125_p2           |         +|   0|  0|   47|          40|          40|
    |e_700_fu_9148_p2           |         +|   0|  0|   47|          40|          40|
    |e_703_fu_9171_p2           |         +|   0|  0|   47|          40|          40|
    |e_706_fu_9194_p2           |         +|   0|  0|   47|          40|          40|
    |e_709_fu_9217_p2           |         +|   0|  0|   47|          40|          40|
    |e_70_fu_4318_p2            |         +|   0|  0|   47|          40|          40|
    |e_712_fu_9240_p2           |         +|   0|  0|   47|          40|          40|
    |e_715_fu_9263_p2           |         +|   0|  0|   47|          40|          40|
    |e_718_fu_9286_p2           |         +|   0|  0|   47|          40|          40|
    |e_721_fu_9309_p2           |         +|   0|  0|   47|          40|          40|
    |e_724_fu_9332_p2           |         +|   0|  0|   47|          40|          40|
    |e_727_fu_9355_p2           |         +|   0|  0|   47|          40|          40|
    |e_730_fu_9378_p2           |         +|   0|  0|   47|          40|          40|
    |e_733_fu_9401_p2           |         +|   0|  0|   47|          40|          40|
    |e_736_fu_9424_p2           |         +|   0|  0|   47|          40|          40|
    |e_739_fu_9447_p2           |         +|   0|  0|   47|          40|          40|
    |e_73_fu_4341_p2            |         +|   0|  0|   47|          40|          40|
    |e_742_fu_9470_p2           |         +|   0|  0|   47|          40|          40|
    |e_745_fu_9493_p2           |         +|   0|  0|   47|          40|          40|
    |e_748_fu_9516_p2           |         +|   0|  0|   47|          40|          40|
    |e_751_fu_9539_p2           |         +|   0|  0|   47|          40|          40|
    |e_754_fu_9562_p2           |         +|   0|  0|   47|          40|          40|
    |e_757_fu_9585_p2           |         +|   0|  0|   47|          40|          40|
    |e_760_fu_9608_p2           |         +|   0|  0|   47|          40|          40|
    |e_763_fu_9631_p2           |         +|   0|  0|   47|          40|          40|
    |e_766_fu_9654_p2           |         +|   0|  0|   47|          40|          40|
    |e_769_fu_9677_p2           |         +|   0|  0|   47|          40|          40|
    |e_76_fu_4364_p2            |         +|   0|  0|   47|          40|          40|
    |e_772_fu_9700_p2           |         +|   0|  0|   47|          40|          40|
    |e_775_fu_9723_p2           |         +|   0|  0|   47|          40|          40|
    |e_778_fu_9746_p2           |         +|   0|  0|   47|          40|          40|
    |e_781_fu_9769_p2           |         +|   0|  0|   47|          40|          40|
    |e_784_fu_9792_p2           |         +|   0|  0|   47|          40|          40|
    |e_787_fu_9815_p2           |         +|   0|  0|   47|          40|          40|
    |e_790_fu_9838_p2           |         +|   0|  0|   47|          40|          40|
    |e_793_fu_9861_p2           |         +|   0|  0|   47|          40|          40|
    |e_796_fu_9884_p2           |         +|   0|  0|   47|          40|          40|
    |e_799_fu_9907_p2           |         +|   0|  0|   47|          40|          40|
    |e_79_fu_4387_p2            |         +|   0|  0|   47|          40|          40|
    |e_7_fu_3835_p2             |         +|   0|  0|   47|          40|          40|
    |e_802_fu_9930_p2           |         +|   0|  0|   47|          40|          40|
    |e_805_fu_9953_p2           |         +|   0|  0|   47|          40|          40|
    |e_808_fu_9976_p2           |         +|   0|  0|   47|          40|          40|
    |e_811_fu_9999_p2           |         +|   0|  0|   47|          40|          40|
    |e_814_fu_10022_p2          |         +|   0|  0|   47|          40|          40|
    |e_817_fu_10045_p2          |         +|   0|  0|   47|          40|          40|
    |e_820_fu_10068_p2          |         +|   0|  0|   47|          40|          40|
    |e_823_fu_10091_p2          |         +|   0|  0|   47|          40|          40|
    |e_826_fu_10114_p2          |         +|   0|  0|   47|          40|          40|
    |e_829_fu_10137_p2          |         +|   0|  0|   47|          40|          40|
    |e_82_fu_4410_p2            |         +|   0|  0|   47|          40|          40|
    |e_832_fu_10160_p2          |         +|   0|  0|   47|          40|          40|
    |e_835_fu_10183_p2          |         +|   0|  0|   47|          40|          40|
    |e_838_fu_10206_p2          |         +|   0|  0|   47|          40|          40|
    |e_841_fu_10229_p2          |         +|   0|  0|   47|          40|          40|
    |e_844_fu_10252_p2          |         +|   0|  0|   47|          40|          40|
    |e_847_fu_10275_p2          |         +|   0|  0|   47|          40|          40|
    |e_850_fu_10298_p2          |         +|   0|  0|   47|          40|          40|
    |e_853_fu_10321_p2          |         +|   0|  0|   47|          40|          40|
    |e_856_fu_10344_p2          |         +|   0|  0|   47|          40|          40|
    |e_859_fu_10367_p2          |         +|   0|  0|   47|          40|          40|
    |e_85_fu_4433_p2            |         +|   0|  0|   47|          40|          40|
    |e_862_fu_10390_p2          |         +|   0|  0|   47|          40|          40|
    |e_865_fu_10413_p2          |         +|   0|  0|   47|          40|          40|
    |e_868_fu_10436_p2          |         +|   0|  0|   47|          40|          40|
    |e_871_fu_10459_p2          |         +|   0|  0|   47|          40|          40|
    |e_874_fu_10482_p2          |         +|   0|  0|   47|          40|          40|
    |e_877_fu_10505_p2          |         +|   0|  0|   47|          40|          40|
    |e_880_fu_10528_p2          |         +|   0|  0|   47|          40|          40|
    |e_883_fu_10551_p2          |         +|   0|  0|   47|          40|          40|
    |e_886_fu_10574_p2          |         +|   0|  0|   47|          40|          40|
    |e_889_fu_10597_p2          |         +|   0|  0|   47|          40|          40|
    |e_88_fu_4456_p2            |         +|   0|  0|   47|          40|          40|
    |e_892_fu_10620_p2          |         +|   0|  0|   47|          40|          40|
    |e_895_fu_10643_p2          |         +|   0|  0|   47|          40|          40|
    |e_898_fu_10666_p2          |         +|   0|  0|   47|          40|          40|
    |e_901_fu_10689_p2          |         +|   0|  0|   47|          40|          40|
    |e_904_fu_10712_p2          |         +|   0|  0|   47|          40|          40|
    |e_907_fu_10735_p2          |         +|   0|  0|   47|          40|          40|
    |e_910_fu_10758_p2          |         +|   0|  0|   47|          40|          40|
    |e_913_fu_10781_p2          |         +|   0|  0|   47|          40|          40|
    |e_916_fu_10804_p2          |         +|   0|  0|   47|          40|          40|
    |e_919_fu_10827_p2          |         +|   0|  0|   47|          40|          40|
    |e_91_fu_4479_p2            |         +|   0|  0|   47|          40|          40|
    |e_922_fu_10850_p2          |         +|   0|  0|   47|          40|          40|
    |e_925_fu_10873_p2          |         +|   0|  0|   47|          40|          40|
    |e_928_fu_10896_p2          |         +|   0|  0|   47|          40|          40|
    |e_931_fu_10919_p2          |         +|   0|  0|   47|          40|          40|
    |e_934_fu_10942_p2          |         +|   0|  0|   47|          40|          40|
    |e_937_fu_10965_p2          |         +|   0|  0|   47|          40|          40|
    |e_940_fu_10988_p2          |         +|   0|  0|   47|          40|          40|
    |e_943_fu_11011_p2          |         +|   0|  0|   47|          40|          40|
    |e_946_fu_11034_p2          |         +|   0|  0|   47|          40|          40|
    |e_949_fu_11057_p2          |         +|   0|  0|   47|          40|          40|
    |e_94_fu_4502_p2            |         +|   0|  0|   47|          40|          40|
    |e_952_fu_11080_p2          |         +|   0|  0|   47|          40|          40|
    |e_955_fu_11103_p2          |         +|   0|  0|   47|          40|          40|
    |e_958_fu_11126_p2          |         +|   0|  0|   47|          40|          40|
    |e_961_fu_11149_p2          |         +|   0|  0|   47|          40|          40|
    |e_964_fu_11172_p2          |         +|   0|  0|   47|          40|          40|
    |e_967_fu_11195_p2          |         +|   0|  0|   47|          40|          40|
    |e_970_fu_11218_p2          |         +|   0|  0|   47|          40|          40|
    |e_973_fu_11241_p2          |         +|   0|  0|   47|          40|          40|
    |e_976_fu_11264_p2          |         +|   0|  0|   47|          40|          40|
    |e_979_fu_11287_p2          |         +|   0|  0|   47|          40|          40|
    |e_97_fu_4525_p2            |         +|   0|  0|   47|          40|          40|
    |e_982_fu_11310_p2          |         +|   0|  0|   47|          40|          40|
    |e_985_fu_11333_p2          |         +|   0|  0|   47|          40|          40|
    |e_988_fu_11356_p2          |         +|   0|  0|   47|          40|          40|
    |e_991_fu_11379_p2          |         +|   0|  0|   47|          40|          40|
    |e_994_fu_11402_p2          |         +|   0|  0|   47|          40|          40|
    |e_997_fu_11425_p2          |         +|   0|  0|   47|          40|          40|
    |e_1002_fu_11466_p2         |         -|   0|  0|   47|          40|          40|
    |e_1005_fu_11488_p2         |         -|   0|  0|   47|          40|          40|
    |e_1008_fu_11512_p2         |         -|   0|  0|   47|          40|          40|
    |e_1011_fu_11534_p2         |         -|   0|  0|   47|          40|          40|
    |e_1014_fu_11558_p2         |         -|   0|  0|   47|          40|          40|
    |e_1017_fu_11580_p2         |         -|   0|  0|   47|          40|          40|
    |e_1020_fu_11604_p2         |         -|   0|  0|   47|          40|          40|
    |e_1023_fu_11626_p2         |         -|   0|  0|   47|          40|          40|
    |e_1026_fu_11650_p2         |         -|   0|  0|   47|          40|          40|
    |e_1029_fu_11672_p2         |         -|   0|  0|   47|          40|          40|
    |e_102_fu_4566_p2           |         -|   0|  0|   47|          40|          40|
    |e_1032_fu_11696_p2         |         -|   0|  0|   47|          40|          40|
    |e_1035_fu_11718_p2         |         -|   0|  0|   47|          40|          40|
    |e_1038_fu_11742_p2         |         -|   0|  0|   47|          40|          40|
    |e_1041_fu_11764_p2         |         -|   0|  0|   47|          40|          40|
    |e_1044_fu_11788_p2         |         -|   0|  0|   47|          40|          40|
    |e_1047_fu_11810_p2         |         -|   0|  0|   47|          40|          40|
    |e_1050_fu_11834_p2         |         -|   0|  0|   47|          40|          40|
    |e_105_fu_4588_p2           |         -|   0|  0|   47|          40|          40|
    |e_108_fu_4612_p2           |         -|   0|  0|   47|          40|          40|
    |e_111_fu_4634_p2           |         -|   0|  0|   47|          40|          40|
    |e_114_fu_4658_p2           |         -|   0|  0|   47|          40|          40|
    |e_117_fu_4680_p2           |         -|   0|  0|   47|          40|          40|
    |e_120_fu_4704_p2           |         -|   0|  0|   47|          40|          40|
    |e_123_fu_4726_p2           |         -|   0|  0|   47|          40|          40|
    |e_126_fu_4750_p2           |         -|   0|  0|   47|          40|          40|
    |e_129_fu_4772_p2           |         -|   0|  0|   47|          40|          40|
    |e_12_fu_3876_p2            |         -|   0|  0|   47|          40|          40|
    |e_132_fu_4796_p2           |         -|   0|  0|   47|          40|          40|
    |e_135_fu_4818_p2           |         -|   0|  0|   47|          40|          40|
    |e_138_fu_4842_p2           |         -|   0|  0|   47|          40|          40|
    |e_141_fu_4864_p2           |         -|   0|  0|   47|          40|          40|
    |e_144_fu_4888_p2           |         -|   0|  0|   47|          40|          40|
    |e_147_fu_4910_p2           |         -|   0|  0|   47|          40|          40|
    |e_150_fu_4934_p2           |         -|   0|  0|   47|          40|          40|
    |e_153_fu_4956_p2           |         -|   0|  0|   47|          40|          40|
    |e_156_fu_4980_p2           |         -|   0|  0|   47|          40|          40|
    |e_159_fu_5002_p2           |         -|   0|  0|   47|          40|          40|
    |e_15_fu_3898_p2            |         -|   0|  0|   47|          40|          40|
    |e_162_fu_5026_p2           |         -|   0|  0|   47|          40|          40|
    |e_165_fu_5048_p2           |         -|   0|  0|   47|          40|          40|
    |e_168_fu_5072_p2           |         -|   0|  0|   47|          40|          40|
    |e_171_fu_5094_p2           |         -|   0|  0|   47|          40|          40|
    |e_174_fu_5118_p2           |         -|   0|  0|   47|          40|          40|
    |e_177_fu_5140_p2           |         -|   0|  0|   47|          40|          40|
    |e_180_fu_5164_p2           |         -|   0|  0|   47|          40|          40|
    |e_183_fu_5186_p2           |         -|   0|  0|   47|          40|          40|
    |e_186_fu_5210_p2           |         -|   0|  0|   47|          40|          40|
    |e_189_fu_5232_p2           |         -|   0|  0|   47|          40|          40|
    |e_18_fu_3922_p2            |         -|   0|  0|   47|          40|          40|
    |e_192_fu_5256_p2           |         -|   0|  0|   47|          40|          40|
    |e_195_fu_5278_p2           |         -|   0|  0|   47|          40|          40|
    |e_198_fu_5302_p2           |         -|   0|  0|   47|          40|          40|
    |e_1_fu_3789_p2             |         -|   0|  0|   47|          40|          40|
    |e_201_fu_5324_p2           |         -|   0|  0|   47|          40|          40|
    |e_204_fu_5348_p2           |         -|   0|  0|   47|          40|          40|
    |e_207_fu_5370_p2           |         -|   0|  0|   47|          40|          40|
    |e_210_fu_5394_p2           |         -|   0|  0|   47|          40|          40|
    |e_213_fu_5416_p2           |         -|   0|  0|   47|          40|          40|
    |e_216_fu_5440_p2           |         -|   0|  0|   47|          40|          40|
    |e_219_fu_5462_p2           |         -|   0|  0|   47|          40|          40|
    |e_21_fu_3944_p2            |         -|   0|  0|   47|          40|          40|
    |e_222_fu_5486_p2           |         -|   0|  0|   47|          40|          40|
    |e_225_fu_5508_p2           |         -|   0|  0|   47|          40|          40|
    |e_228_fu_5532_p2           |         -|   0|  0|   47|          40|          40|
    |e_231_fu_5554_p2           |         -|   0|  0|   47|          40|          40|
    |e_234_fu_5578_p2           |         -|   0|  0|   47|          40|          40|
    |e_237_fu_5600_p2           |         -|   0|  0|   47|          40|          40|
    |e_240_fu_5624_p2           |         -|   0|  0|   47|          40|          40|
    |e_243_fu_5646_p2           |         -|   0|  0|   47|          40|          40|
    |e_246_fu_5670_p2           |         -|   0|  0|   47|          40|          40|
    |e_249_fu_5692_p2           |         -|   0|  0|   47|          40|          40|
    |e_24_fu_3968_p2            |         -|   0|  0|   47|          40|          40|
    |e_252_fu_5716_p2           |         -|   0|  0|   47|          40|          40|
    |e_255_fu_5738_p2           |         -|   0|  0|   47|          40|          40|
    |e_258_fu_5762_p2           |         -|   0|  0|   47|          40|          40|
    |e_261_fu_5784_p2           |         -|   0|  0|   47|          40|          40|
    |e_264_fu_5808_p2           |         -|   0|  0|   47|          40|          40|
    |e_267_fu_5830_p2           |         -|   0|  0|   47|          40|          40|
    |e_270_fu_5854_p2           |         -|   0|  0|   47|          40|          40|
    |e_273_fu_5876_p2           |         -|   0|  0|   47|          40|          40|
    |e_276_fu_5900_p2           |         -|   0|  0|   47|          40|          40|
    |e_279_fu_5922_p2           |         -|   0|  0|   47|          40|          40|
    |e_27_fu_3990_p2            |         -|   0|  0|   47|          40|          40|
    |e_282_fu_5946_p2           |         -|   0|  0|   47|          40|          40|
    |e_285_fu_5968_p2           |         -|   0|  0|   47|          40|          40|
    |e_288_fu_5992_p2           |         -|   0|  0|   47|          40|          40|
    |e_291_fu_6014_p2           |         -|   0|  0|   47|          40|          40|
    |e_294_fu_6038_p2           |         -|   0|  0|   47|          40|          40|
    |e_297_fu_6060_p2           |         -|   0|  0|   47|          40|          40|
    |e_300_fu_6084_p2           |         -|   0|  0|   47|          40|          40|
    |e_303_fu_6106_p2           |         -|   0|  0|   47|          40|          40|
    |e_306_fu_6130_p2           |         -|   0|  0|   47|          40|          40|
    |e_309_fu_6152_p2           |         -|   0|  0|   47|          40|          40|
    |e_30_fu_4014_p2            |         -|   0|  0|   47|          40|          40|
    |e_312_fu_6176_p2           |         -|   0|  0|   47|          40|          40|
    |e_315_fu_6198_p2           |         -|   0|  0|   47|          40|          40|
    |e_318_fu_6222_p2           |         -|   0|  0|   47|          40|          40|
    |e_321_fu_6244_p2           |         -|   0|  0|   47|          40|          40|
    |e_324_fu_6268_p2           |         -|   0|  0|   47|          40|          40|
    |e_327_fu_6290_p2           |         -|   0|  0|   47|          40|          40|
    |e_330_fu_6314_p2           |         -|   0|  0|   47|          40|          40|
    |e_333_fu_6336_p2           |         -|   0|  0|   47|          40|          40|
    |e_336_fu_6360_p2           |         -|   0|  0|   47|          40|          40|
    |e_339_fu_6382_p2           |         -|   0|  0|   47|          40|          40|
    |e_33_fu_4036_p2            |         -|   0|  0|   47|          40|          40|
    |e_342_fu_6406_p2           |         -|   0|  0|   47|          40|          40|
    |e_345_fu_6428_p2           |         -|   0|  0|   47|          40|          40|
    |e_348_fu_6452_p2           |         -|   0|  0|   47|          40|          40|
    |e_351_fu_6474_p2           |         -|   0|  0|   47|          40|          40|
    |e_354_fu_6498_p2           |         -|   0|  0|   47|          40|          40|
    |e_357_fu_6520_p2           |         -|   0|  0|   47|          40|          40|
    |e_360_fu_6544_p2           |         -|   0|  0|   47|          40|          40|
    |e_363_fu_6566_p2           |         -|   0|  0|   47|          40|          40|
    |e_366_fu_6590_p2           |         -|   0|  0|   47|          40|          40|
    |e_369_fu_6612_p2           |         -|   0|  0|   47|          40|          40|
    |e_36_fu_4060_p2            |         -|   0|  0|   47|          40|          40|
    |e_372_fu_6636_p2           |         -|   0|  0|   47|          40|          40|
    |e_375_fu_6658_p2           |         -|   0|  0|   47|          40|          40|
    |e_378_fu_6682_p2           |         -|   0|  0|   47|          40|          40|
    |e_381_fu_6704_p2           |         -|   0|  0|   47|          40|          40|
    |e_384_fu_6728_p2           |         -|   0|  0|   47|          40|          40|
    |e_387_fu_6750_p2           |         -|   0|  0|   47|          40|          40|
    |e_390_fu_6774_p2           |         -|   0|  0|   47|          40|          40|
    |e_393_fu_6796_p2           |         -|   0|  0|   47|          40|          40|
    |e_396_fu_6820_p2           |         -|   0|  0|   47|          40|          40|
    |e_399_fu_6842_p2           |         -|   0|  0|   47|          40|          40|
    |e_39_fu_4082_p2            |         -|   0|  0|   47|          40|          40|
    |e_3_fu_3806_p2             |         -|   0|  0|   47|          40|          40|
    |e_402_fu_6866_p2           |         -|   0|  0|   47|          40|          40|
    |e_405_fu_6888_p2           |         -|   0|  0|   47|          40|          40|
    |e_408_fu_6912_p2           |         -|   0|  0|   47|          40|          40|
    |e_411_fu_6934_p2           |         -|   0|  0|   47|          40|          40|
    |e_414_fu_6958_p2           |         -|   0|  0|   47|          40|          40|
    |e_417_fu_6980_p2           |         -|   0|  0|   47|          40|          40|
    |e_420_fu_7004_p2           |         -|   0|  0|   47|          40|          40|
    |e_423_fu_7026_p2           |         -|   0|  0|   47|          40|          40|
    |e_426_fu_7050_p2           |         -|   0|  0|   47|          40|          40|
    |e_429_fu_7072_p2           |         -|   0|  0|   47|          40|          40|
    |e_42_fu_4106_p2            |         -|   0|  0|   47|          40|          40|
    |e_432_fu_7096_p2           |         -|   0|  0|   47|          40|          40|
    |e_435_fu_7118_p2           |         -|   0|  0|   47|          40|          40|
    |e_438_fu_7142_p2           |         -|   0|  0|   47|          40|          40|
    |e_441_fu_7164_p2           |         -|   0|  0|   47|          40|          40|
    |e_444_fu_7188_p2           |         -|   0|  0|   47|          40|          40|
    |e_447_fu_7210_p2           |         -|   0|  0|   47|          40|          40|
    |e_450_fu_7234_p2           |         -|   0|  0|   47|          40|          40|
    |e_453_fu_7256_p2           |         -|   0|  0|   47|          40|          40|
    |e_456_fu_7280_p2           |         -|   0|  0|   47|          40|          40|
    |e_459_fu_7302_p2           |         -|   0|  0|   47|          40|          40|
    |e_45_fu_4128_p2            |         -|   0|  0|   47|          40|          40|
    |e_462_fu_7326_p2           |         -|   0|  0|   47|          40|          40|
    |e_465_fu_7348_p2           |         -|   0|  0|   47|          40|          40|
    |e_468_fu_7372_p2           |         -|   0|  0|   47|          40|          40|
    |e_471_fu_7394_p2           |         -|   0|  0|   47|          40|          40|
    |e_474_fu_7418_p2           |         -|   0|  0|   47|          40|          40|
    |e_477_fu_7440_p2           |         -|   0|  0|   47|          40|          40|
    |e_480_fu_7464_p2           |         -|   0|  0|   47|          40|          40|
    |e_483_fu_7486_p2           |         -|   0|  0|   47|          40|          40|
    |e_486_fu_7510_p2           |         -|   0|  0|   47|          40|          40|
    |e_489_fu_7532_p2           |         -|   0|  0|   47|          40|          40|
    |e_48_fu_4152_p2            |         -|   0|  0|   47|          40|          40|
    |e_492_fu_7556_p2           |         -|   0|  0|   47|          40|          40|
    |e_495_fu_7578_p2           |         -|   0|  0|   47|          40|          40|
    |e_498_fu_7602_p2           |         -|   0|  0|   47|          40|          40|
    |e_501_fu_7624_p2           |         -|   0|  0|   47|          40|          40|
    |e_504_fu_7648_p2           |         -|   0|  0|   47|          40|          40|
    |e_507_fu_7670_p2           |         -|   0|  0|   47|          40|          40|
    |e_510_fu_7694_p2           |         -|   0|  0|   47|          40|          40|
    |e_513_fu_7716_p2           |         -|   0|  0|   47|          40|          40|
    |e_516_fu_7740_p2           |         -|   0|  0|   47|          40|          40|
    |e_519_fu_7762_p2           |         -|   0|  0|   47|          40|          40|
    |e_51_fu_4174_p2            |         -|   0|  0|   47|          40|          40|
    |e_522_fu_7786_p2           |         -|   0|  0|   47|          40|          40|
    |e_525_fu_7808_p2           |         -|   0|  0|   47|          40|          40|
    |e_528_fu_7832_p2           |         -|   0|  0|   47|          40|          40|
    |e_531_fu_7854_p2           |         -|   0|  0|   47|          40|          40|
    |e_534_fu_7878_p2           |         -|   0|  0|   47|          40|          40|
    |e_537_fu_7900_p2           |         -|   0|  0|   47|          40|          40|
    |e_540_fu_7924_p2           |         -|   0|  0|   47|          40|          40|
    |e_543_fu_7946_p2           |         -|   0|  0|   47|          40|          40|
    |e_546_fu_7970_p2           |         -|   0|  0|   47|          40|          40|
    |e_549_fu_7992_p2           |         -|   0|  0|   47|          40|          40|
    |e_54_fu_4198_p2            |         -|   0|  0|   47|          40|          40|
    |e_552_fu_8016_p2           |         -|   0|  0|   47|          40|          40|
    |e_555_fu_8038_p2           |         -|   0|  0|   47|          40|          40|
    |e_558_fu_8062_p2           |         -|   0|  0|   47|          40|          40|
    |e_561_fu_8084_p2           |         -|   0|  0|   47|          40|          40|
    |e_564_fu_8108_p2           |         -|   0|  0|   47|          40|          40|
    |e_567_fu_8130_p2           |         -|   0|  0|   47|          40|          40|
    |e_570_fu_8154_p2           |         -|   0|  0|   47|          40|          40|
    |e_573_fu_8176_p2           |         -|   0|  0|   47|          40|          40|
    |e_576_fu_8200_p2           |         -|   0|  0|   47|          40|          40|
    |e_579_fu_8222_p2           |         -|   0|  0|   47|          40|          40|
    |e_57_fu_4220_p2            |         -|   0|  0|   47|          40|          40|
    |e_582_fu_8246_p2           |         -|   0|  0|   47|          40|          40|
    |e_585_fu_8268_p2           |         -|   0|  0|   47|          40|          40|
    |e_588_fu_8292_p2           |         -|   0|  0|   47|          40|          40|
    |e_591_fu_8314_p2           |         -|   0|  0|   47|          40|          40|
    |e_594_fu_8338_p2           |         -|   0|  0|   47|          40|          40|
    |e_597_fu_8360_p2           |         -|   0|  0|   47|          40|          40|
    |e_600_fu_8384_p2           |         -|   0|  0|   47|          40|          40|
    |e_603_fu_8406_p2           |         -|   0|  0|   47|          40|          40|
    |e_606_fu_8430_p2           |         -|   0|  0|   47|          40|          40|
    |e_609_fu_8452_p2           |         -|   0|  0|   47|          40|          40|
    |e_60_fu_4244_p2            |         -|   0|  0|   47|          40|          40|
    |e_612_fu_8476_p2           |         -|   0|  0|   47|          40|          40|
    |e_615_fu_8498_p2           |         -|   0|  0|   47|          40|          40|
    |e_618_fu_8522_p2           |         -|   0|  0|   47|          40|          40|
    |e_621_fu_8544_p2           |         -|   0|  0|   47|          40|          40|
    |e_624_fu_8568_p2           |         -|   0|  0|   47|          40|          40|
    |e_627_fu_8590_p2           |         -|   0|  0|   47|          40|          40|
    |e_630_fu_8614_p2           |         -|   0|  0|   47|          40|          40|
    |e_633_fu_8636_p2           |         -|   0|  0|   47|          40|          40|
    |e_636_fu_8660_p2           |         -|   0|  0|   47|          40|          40|
    |e_639_fu_8682_p2           |         -|   0|  0|   47|          40|          40|
    |e_63_fu_4266_p2            |         -|   0|  0|   47|          40|          40|
    |e_642_fu_8706_p2           |         -|   0|  0|   47|          40|          40|
    |e_645_fu_8728_p2           |         -|   0|  0|   47|          40|          40|
    |e_648_fu_8752_p2           |         -|   0|  0|   47|          40|          40|
    |e_651_fu_8774_p2           |         -|   0|  0|   47|          40|          40|
    |e_654_fu_8798_p2           |         -|   0|  0|   47|          40|          40|
    |e_657_fu_8820_p2           |         -|   0|  0|   47|          40|          40|
    |e_660_fu_8844_p2           |         -|   0|  0|   47|          40|          40|
    |e_663_fu_8866_p2           |         -|   0|  0|   47|          40|          40|
    |e_666_fu_8890_p2           |         -|   0|  0|   47|          40|          40|
    |e_669_fu_8912_p2           |         -|   0|  0|   47|          40|          40|
    |e_66_fu_4290_p2            |         -|   0|  0|   47|          40|          40|
    |e_672_fu_8936_p2           |         -|   0|  0|   47|          40|          40|
    |e_675_fu_8958_p2           |         -|   0|  0|   47|          40|          40|
    |e_678_fu_8982_p2           |         -|   0|  0|   47|          40|          40|
    |e_681_fu_9004_p2           |         -|   0|  0|   47|          40|          40|
    |e_684_fu_9028_p2           |         -|   0|  0|   47|          40|          40|
    |e_687_fu_9050_p2           |         -|   0|  0|   47|          40|          40|
    |e_690_fu_9074_p2           |         -|   0|  0|   47|          40|          40|
    |e_693_fu_9096_p2           |         -|   0|  0|   47|          40|          40|
    |e_696_fu_9120_p2           |         -|   0|  0|   47|          40|          40|
    |e_699_fu_9142_p2           |         -|   0|  0|   47|          40|          40|
    |e_69_fu_4312_p2            |         -|   0|  0|   47|          40|          40|
    |e_6_fu_3830_p2             |         -|   0|  0|   47|          40|          40|
    |e_702_fu_9166_p2           |         -|   0|  0|   47|          40|          40|
    |e_705_fu_9188_p2           |         -|   0|  0|   47|          40|          40|
    |e_708_fu_9212_p2           |         -|   0|  0|   47|          40|          40|
    |e_711_fu_9234_p2           |         -|   0|  0|   47|          40|          40|
    |e_714_fu_9258_p2           |         -|   0|  0|   47|          40|          40|
    |e_717_fu_9280_p2           |         -|   0|  0|   47|          40|          40|
    |e_720_fu_9304_p2           |         -|   0|  0|   47|          40|          40|
    |e_723_fu_9326_p2           |         -|   0|  0|   47|          40|          40|
    |e_726_fu_9350_p2           |         -|   0|  0|   47|          40|          40|
    |e_729_fu_9372_p2           |         -|   0|  0|   47|          40|          40|
    |e_72_fu_4336_p2            |         -|   0|  0|   47|          40|          40|
    |e_732_fu_9396_p2           |         -|   0|  0|   47|          40|          40|
    |e_735_fu_9418_p2           |         -|   0|  0|   47|          40|          40|
    |e_738_fu_9442_p2           |         -|   0|  0|   47|          40|          40|
    |e_741_fu_9464_p2           |         -|   0|  0|   47|          40|          40|
    |e_744_fu_9488_p2           |         -|   0|  0|   47|          40|          40|
    |e_747_fu_9510_p2           |         -|   0|  0|   47|          40|          40|
    |e_750_fu_9534_p2           |         -|   0|  0|   47|          40|          40|
    |e_753_fu_9556_p2           |         -|   0|  0|   47|          40|          40|
    |e_756_fu_9580_p2           |         -|   0|  0|   47|          40|          40|
    |e_759_fu_9602_p2           |         -|   0|  0|   47|          40|          40|
    |e_75_fu_4358_p2            |         -|   0|  0|   47|          40|          40|
    |e_762_fu_9626_p2           |         -|   0|  0|   47|          40|          40|
    |e_765_fu_9648_p2           |         -|   0|  0|   47|          40|          40|
    |e_768_fu_9672_p2           |         -|   0|  0|   47|          40|          40|
    |e_771_fu_9694_p2           |         -|   0|  0|   47|          40|          40|
    |e_774_fu_9718_p2           |         -|   0|  0|   47|          40|          40|
    |e_777_fu_9740_p2           |         -|   0|  0|   47|          40|          40|
    |e_780_fu_9764_p2           |         -|   0|  0|   47|          40|          40|
    |e_783_fu_9786_p2           |         -|   0|  0|   47|          40|          40|
    |e_786_fu_9810_p2           |         -|   0|  0|   47|          40|          40|
    |e_789_fu_9832_p2           |         -|   0|  0|   47|          40|          40|
    |e_78_fu_4382_p2            |         -|   0|  0|   47|          40|          40|
    |e_792_fu_9856_p2           |         -|   0|  0|   47|          40|          40|
    |e_795_fu_9878_p2           |         -|   0|  0|   47|          40|          40|
    |e_798_fu_9902_p2           |         -|   0|  0|   47|          40|          40|
    |e_801_fu_9924_p2           |         -|   0|  0|   47|          40|          40|
    |e_804_fu_9948_p2           |         -|   0|  0|   47|          40|          40|
    |e_807_fu_9970_p2           |         -|   0|  0|   47|          40|          40|
    |e_810_fu_9994_p2           |         -|   0|  0|   47|          40|          40|
    |e_813_fu_10016_p2          |         -|   0|  0|   47|          40|          40|
    |e_816_fu_10040_p2          |         -|   0|  0|   47|          40|          40|
    |e_819_fu_10062_p2          |         -|   0|  0|   47|          40|          40|
    |e_81_fu_4404_p2            |         -|   0|  0|   47|          40|          40|
    |e_822_fu_10086_p2          |         -|   0|  0|   47|          40|          40|
    |e_825_fu_10108_p2          |         -|   0|  0|   47|          40|          40|
    |e_828_fu_10132_p2          |         -|   0|  0|   47|          40|          40|
    |e_831_fu_10154_p2          |         -|   0|  0|   47|          40|          40|
    |e_834_fu_10178_p2          |         -|   0|  0|   47|          40|          40|
    |e_837_fu_10200_p2          |         -|   0|  0|   47|          40|          40|
    |e_840_fu_10224_p2          |         -|   0|  0|   47|          40|          40|
    |e_843_fu_10246_p2          |         -|   0|  0|   47|          40|          40|
    |e_846_fu_10270_p2          |         -|   0|  0|   47|          40|          40|
    |e_849_fu_10292_p2          |         -|   0|  0|   47|          40|          40|
    |e_84_fu_4428_p2            |         -|   0|  0|   47|          40|          40|
    |e_852_fu_10316_p2          |         -|   0|  0|   47|          40|          40|
    |e_855_fu_10338_p2          |         -|   0|  0|   47|          40|          40|
    |e_858_fu_10362_p2          |         -|   0|  0|   47|          40|          40|
    |e_861_fu_10384_p2          |         -|   0|  0|   47|          40|          40|
    |e_864_fu_10408_p2          |         -|   0|  0|   47|          40|          40|
    |e_867_fu_10430_p2          |         -|   0|  0|   47|          40|          40|
    |e_870_fu_10454_p2          |         -|   0|  0|   47|          40|          40|
    |e_873_fu_10476_p2          |         -|   0|  0|   47|          40|          40|
    |e_876_fu_10500_p2          |         -|   0|  0|   47|          40|          40|
    |e_879_fu_10522_p2          |         -|   0|  0|   47|          40|          40|
    |e_87_fu_4450_p2            |         -|   0|  0|   47|          40|          40|
    |e_882_fu_10546_p2          |         -|   0|  0|   47|          40|          40|
    |e_885_fu_10568_p2          |         -|   0|  0|   47|          40|          40|
    |e_888_fu_10592_p2          |         -|   0|  0|   47|          40|          40|
    |e_891_fu_10614_p2          |         -|   0|  0|   47|          40|          40|
    |e_894_fu_10638_p2          |         -|   0|  0|   47|          40|          40|
    |e_897_fu_10660_p2          |         -|   0|  0|   47|          40|          40|
    |e_900_fu_10684_p2          |         -|   0|  0|   47|          40|          40|
    |e_903_fu_10706_p2          |         -|   0|  0|   47|          40|          40|
    |e_906_fu_10730_p2          |         -|   0|  0|   47|          40|          40|
    |e_909_fu_10752_p2          |         -|   0|  0|   47|          40|          40|
    |e_90_fu_4474_p2            |         -|   0|  0|   47|          40|          40|
    |e_912_fu_10776_p2          |         -|   0|  0|   47|          40|          40|
    |e_915_fu_10798_p2          |         -|   0|  0|   47|          40|          40|
    |e_918_fu_10822_p2          |         -|   0|  0|   47|          40|          40|
    |e_921_fu_10844_p2          |         -|   0|  0|   47|          40|          40|
    |e_924_fu_10868_p2          |         -|   0|  0|   47|          40|          40|
    |e_927_fu_10890_p2          |         -|   0|  0|   47|          40|          40|
    |e_930_fu_10914_p2          |         -|   0|  0|   47|          40|          40|
    |e_933_fu_10936_p2          |         -|   0|  0|   47|          40|          40|
    |e_936_fu_10960_p2          |         -|   0|  0|   47|          40|          40|
    |e_939_fu_10982_p2          |         -|   0|  0|   47|          40|          40|
    |e_93_fu_4496_p2            |         -|   0|  0|   47|          40|          40|
    |e_942_fu_11006_p2          |         -|   0|  0|   47|          40|          40|
    |e_945_fu_11028_p2          |         -|   0|  0|   47|          40|          40|
    |e_948_fu_11052_p2          |         -|   0|  0|   47|          40|          40|
    |e_951_fu_11074_p2          |         -|   0|  0|   47|          40|          40|
    |e_954_fu_11098_p2          |         -|   0|  0|   47|          40|          40|
    |e_957_fu_11120_p2          |         -|   0|  0|   47|          40|          40|
    |e_960_fu_11144_p2          |         -|   0|  0|   47|          40|          40|
    |e_963_fu_11166_p2          |         -|   0|  0|   47|          40|          40|
    |e_966_fu_11190_p2          |         -|   0|  0|   47|          40|          40|
    |e_969_fu_11212_p2          |         -|   0|  0|   47|          40|          40|
    |e_96_fu_4520_p2            |         -|   0|  0|   47|          40|          40|
    |e_972_fu_11236_p2          |         -|   0|  0|   47|          40|          40|
    |e_975_fu_11258_p2          |         -|   0|  0|   47|          40|          40|
    |e_978_fu_11282_p2          |         -|   0|  0|   47|          40|          40|
    |e_981_fu_11304_p2          |         -|   0|  0|   47|          40|          40|
    |e_984_fu_11328_p2          |         -|   0|  0|   47|          40|          40|
    |e_987_fu_11350_p2          |         -|   0|  0|   47|          40|          40|
    |e_990_fu_11374_p2          |         -|   0|  0|   47|          40|          40|
    |e_993_fu_11396_p2          |         -|   0|  0|   47|          40|          40|
    |e_996_fu_11420_p2          |         -|   0|  0|   47|          40|          40|
    |e_999_fu_11442_p2          |         -|   0|  0|   47|          40|          40|
    |e_99_fu_4542_p2            |         -|   0|  0|   47|          40|          40|
    |e_9_fu_3852_p2             |         -|   0|  0|   47|          40|          40|
    |e_fu_3783_p2               |         -|   0|  0|   40|           1|          40|
    |out_fu_11852_p2            |         -|   0|  0|   47|          40|          40|
    |sub_ln42_10_fu_3468_p2     |         -|   0|  0|   47|           1|          40|
    |sub_ln42_11_fu_3282_p2     |         -|   0|  0|   47|           1|          40|
    |sub_ln42_12_fu_3482_p2     |         -|   0|  0|   47|           1|          40|
    |sub_ln42_13_fu_3496_p2     |         -|   0|  0|   47|           1|          40|
    |sub_ln42_14_fu_3510_p2     |         -|   0|  0|   47|           1|          40|
    |sub_ln42_15_fu_3524_p2     |         -|   0|  0|   47|           1|          40|
    |sub_ln42_16_fu_3538_p2     |         -|   0|  0|   47|           1|          40|
    |sub_ln42_17_fu_3296_p2     |         -|   0|  0|   47|           1|          40|
    |sub_ln42_18_fu_3310_p2     |         -|   0|  0|   47|           1|          40|
    |sub_ln42_19_fu_3552_p2     |         -|   0|  0|   47|           1|          40|
    |sub_ln42_1_fu_3370_p2      |         -|   0|  0|   47|           1|          40|
    |sub_ln42_20_fu_3566_p2     |         -|   0|  0|   47|           1|          40|
    |sub_ln42_21_fu_3580_p2     |         -|   0|  0|   47|           1|          40|
    |sub_ln42_22_fu_3594_p2     |         -|   0|  0|   47|           1|          40|
    |sub_ln42_23_fu_3608_p2     |         -|   0|  0|   47|           1|          40|
    |sub_ln42_24_fu_3622_p2     |         -|   0|  0|   47|           1|          40|
    |sub_ln42_25_fu_3636_p2     |         -|   0|  0|   47|           1|          40|
    |sub_ln42_26_fu_3324_p2     |         -|   0|  0|   47|           1|          40|
    |sub_ln42_2_fu_3384_p2      |         -|   0|  0|   47|           1|          40|
    |sub_ln42_3_fu_3398_p2      |         -|   0|  0|   47|           1|          40|
    |sub_ln42_4_fu_3254_p2      |         -|   0|  0|   47|           1|          40|
    |sub_ln42_5_fu_3412_p2      |         -|   0|  0|   47|           1|          40|
    |sub_ln42_6_fu_3268_p2      |         -|   0|  0|   47|           1|          40|
    |sub_ln42_7_fu_3426_p2      |         -|   0|  0|   47|           1|          40|
    |sub_ln42_8_fu_3440_p2      |         -|   0|  0|   47|           1|          40|
    |sub_ln42_9_fu_3454_p2      |         -|   0|  0|   47|           1|          40|
    |sub_ln42_fu_3356_p2        |         -|   0|  0|   47|           1|          40|
    |e_1001_fu_11454_p3         |    select|   0|  0|   40|           1|          40|
    |e_1004_fu_11476_p3         |    select|   0|  0|   40|           1|          40|
    |e_1007_fu_11500_p3         |    select|   0|  0|   40|           1|          40|
    |e_1010_fu_11522_p3         |    select|   0|  0|   40|           1|          40|
    |e_1013_fu_11546_p3         |    select|   0|  0|   40|           1|          40|
    |e_1016_fu_11568_p3         |    select|   0|  0|   40|           1|          40|
    |e_1019_fu_11592_p3         |    select|   0|  0|   40|           1|          40|
    |e_101_fu_4554_p3           |    select|   0|  0|   40|           1|          40|
    |e_1022_fu_11614_p3         |    select|   0|  0|   40|           1|          40|
    |e_1025_fu_11638_p3         |    select|   0|  0|   40|           1|          40|
    |e_1028_fu_11660_p3         |    select|   0|  0|   40|           1|          40|
    |e_1031_fu_11684_p3         |    select|   0|  0|   40|           1|          40|
    |e_1034_fu_11706_p3         |    select|   0|  0|   40|           1|          40|
    |e_1037_fu_11730_p3         |    select|   0|  0|   40|           1|          40|
    |e_1040_fu_11752_p3         |    select|   0|  0|   40|           1|          40|
    |e_1043_fu_11776_p3         |    select|   0|  0|   40|           1|          40|
    |e_1046_fu_11798_p3         |    select|   0|  0|   40|           1|          40|
    |e_1049_fu_11822_p3         |    select|   0|  0|   40|           1|          40|
    |e_104_fu_4576_p3           |    select|   0|  0|   40|           1|          40|
    |e_1052_fu_11844_p3         |    select|   0|  0|   40|           1|          40|
    |e_107_fu_4600_p3           |    select|   0|  0|   40|           1|          40|
    |e_110_fu_4622_p3           |    select|   0|  0|   40|           1|          40|
    |e_113_fu_4646_p3           |    select|   0|  0|   40|           1|          40|
    |e_116_fu_4668_p3           |    select|   0|  0|   40|           1|          40|
    |e_119_fu_4692_p3           |    select|   0|  0|   40|           1|          40|
    |e_11_fu_3864_p3            |    select|   0|  0|   40|           1|          40|
    |e_122_fu_4714_p3           |    select|   0|  0|   40|           1|          40|
    |e_125_fu_4738_p3           |    select|   0|  0|   40|           1|          40|
    |e_128_fu_4760_p3           |    select|   0|  0|   40|           1|          40|
    |e_131_fu_4784_p3           |    select|   0|  0|   40|           1|          40|
    |e_134_fu_4806_p3           |    select|   0|  0|   40|           1|          40|
    |e_137_fu_4830_p3           |    select|   0|  0|   40|           1|          40|
    |e_140_fu_4852_p3           |    select|   0|  0|   40|           1|          40|
    |e_143_fu_4876_p3           |    select|   0|  0|   40|           1|          40|
    |e_146_fu_4898_p3           |    select|   0|  0|   40|           1|          40|
    |e_149_fu_4922_p3           |    select|   0|  0|   40|           1|          40|
    |e_14_fu_3886_p3            |    select|   0|  0|   40|           1|          40|
    |e_152_fu_4944_p3           |    select|   0|  0|   40|           1|          40|
    |e_155_fu_4968_p3           |    select|   0|  0|   40|           1|          40|
    |e_158_fu_4990_p3           |    select|   0|  0|   40|           1|          40|
    |e_161_fu_5014_p3           |    select|   0|  0|   40|           1|          40|
    |e_164_fu_5036_p3           |    select|   0|  0|   40|           1|          40|
    |e_167_fu_5060_p3           |    select|   0|  0|   40|           1|          40|
    |e_170_fu_5082_p3           |    select|   0|  0|   40|           1|          40|
    |e_173_fu_5106_p3           |    select|   0|  0|   40|           1|          40|
    |e_176_fu_5128_p3           |    select|   0|  0|   40|           1|          40|
    |e_179_fu_5152_p3           |    select|   0|  0|   40|           1|          40|
    |e_17_fu_3910_p3            |    select|   0|  0|   40|           1|          40|
    |e_182_fu_5174_p3           |    select|   0|  0|   40|           1|          40|
    |e_185_fu_5198_p3           |    select|   0|  0|   40|           1|          40|
    |e_188_fu_5220_p3           |    select|   0|  0|   40|           1|          40|
    |e_191_fu_5244_p3           |    select|   0|  0|   40|           1|          40|
    |e_194_fu_5266_p3           |    select|   0|  0|   40|           1|          40|
    |e_197_fu_5290_p3           |    select|   0|  0|   40|           1|          40|
    |e_200_fu_5312_p3           |    select|   0|  0|   40|           1|          40|
    |e_203_fu_5336_p3           |    select|   0|  0|   40|           1|          40|
    |e_206_fu_5358_p3           |    select|   0|  0|   40|           1|          40|
    |e_209_fu_5382_p3           |    select|   0|  0|   40|           1|          40|
    |e_20_fu_3932_p3            |    select|   0|  0|   40|           1|          40|
    |e_212_fu_5404_p3           |    select|   0|  0|   40|           1|          40|
    |e_215_fu_5428_p3           |    select|   0|  0|   40|           1|          40|
    |e_218_fu_5450_p3           |    select|   0|  0|   40|           1|          40|
    |e_221_fu_5474_p3           |    select|   0|  0|   40|           1|          40|
    |e_224_fu_5496_p3           |    select|   0|  0|   40|           1|          40|
    |e_227_fu_5520_p3           |    select|   0|  0|   40|           1|          40|
    |e_230_fu_5542_p3           |    select|   0|  0|   40|           1|          40|
    |e_233_fu_5566_p3           |    select|   0|  0|   40|           1|          40|
    |e_236_fu_5588_p3           |    select|   0|  0|   40|           1|          40|
    |e_239_fu_5612_p3           |    select|   0|  0|   40|           1|          40|
    |e_23_fu_3956_p3            |    select|   0|  0|   40|           1|          40|
    |e_242_fu_5634_p3           |    select|   0|  0|   40|           1|          40|
    |e_245_fu_5658_p3           |    select|   0|  0|   40|           1|          40|
    |e_248_fu_5680_p3           |    select|   0|  0|   40|           1|          40|
    |e_251_fu_5704_p3           |    select|   0|  0|   40|           1|          40|
    |e_254_fu_5726_p3           |    select|   0|  0|   40|           1|          40|
    |e_257_fu_5750_p3           |    select|   0|  0|   40|           1|          40|
    |e_260_fu_5772_p3           |    select|   0|  0|   40|           1|          40|
    |e_263_fu_5796_p3           |    select|   0|  0|   40|           1|          40|
    |e_266_fu_5818_p3           |    select|   0|  0|   40|           1|          40|
    |e_269_fu_5842_p3           |    select|   0|  0|   40|           1|          40|
    |e_26_fu_3978_p3            |    select|   0|  0|   40|           1|          40|
    |e_272_fu_5864_p3           |    select|   0|  0|   40|           1|          40|
    |e_275_fu_5888_p3           |    select|   0|  0|   40|           1|          40|
    |e_278_fu_5910_p3           |    select|   0|  0|   40|           1|          40|
    |e_281_fu_5934_p3           |    select|   0|  0|   40|           1|          40|
    |e_284_fu_5956_p3           |    select|   0|  0|   40|           1|          40|
    |e_287_fu_5980_p3           |    select|   0|  0|   40|           1|          40|
    |e_290_fu_6002_p3           |    select|   0|  0|   40|           1|          40|
    |e_293_fu_6026_p3           |    select|   0|  0|   40|           1|          40|
    |e_296_fu_6048_p3           |    select|   0|  0|   40|           1|          40|
    |e_299_fu_6072_p3           |    select|   0|  0|   40|           1|          40|
    |e_29_fu_4002_p3            |    select|   0|  0|   40|           1|          40|
    |e_2_fu_3794_p3             |    select|   0|  0|   40|           1|          40|
    |e_302_fu_6094_p3           |    select|   0|  0|   40|           1|          40|
    |e_305_fu_6118_p3           |    select|   0|  0|   40|           1|          40|
    |e_308_fu_6140_p3           |    select|   0|  0|   40|           1|          40|
    |e_311_fu_6164_p3           |    select|   0|  0|   40|           1|          40|
    |e_314_fu_6186_p3           |    select|   0|  0|   40|           1|          40|
    |e_317_fu_6210_p3           |    select|   0|  0|   40|           1|          40|
    |e_320_fu_6232_p3           |    select|   0|  0|   40|           1|          40|
    |e_323_fu_6256_p3           |    select|   0|  0|   40|           1|          40|
    |e_326_fu_6278_p3           |    select|   0|  0|   40|           1|          40|
    |e_329_fu_6302_p3           |    select|   0|  0|   40|           1|          40|
    |e_32_fu_4024_p3            |    select|   0|  0|   40|           1|          40|
    |e_332_fu_6324_p3           |    select|   0|  0|   40|           1|          40|
    |e_335_fu_6348_p3           |    select|   0|  0|   40|           1|          40|
    |e_338_fu_6370_p3           |    select|   0|  0|   40|           1|          40|
    |e_341_fu_6394_p3           |    select|   0|  0|   40|           1|          40|
    |e_344_fu_6416_p3           |    select|   0|  0|   40|           1|          40|
    |e_347_fu_6440_p3           |    select|   0|  0|   40|           1|          40|
    |e_350_fu_6462_p3           |    select|   0|  0|   40|           1|          40|
    |e_353_fu_6486_p3           |    select|   0|  0|   40|           1|          40|
    |e_356_fu_6508_p3           |    select|   0|  0|   40|           1|          40|
    |e_359_fu_6532_p3           |    select|   0|  0|   40|           1|          40|
    |e_35_fu_4048_p3            |    select|   0|  0|   40|           1|          40|
    |e_362_fu_6554_p3           |    select|   0|  0|   40|           1|          40|
    |e_365_fu_6578_p3           |    select|   0|  0|   40|           1|          40|
    |e_368_fu_6600_p3           |    select|   0|  0|   40|           1|          40|
    |e_371_fu_6624_p3           |    select|   0|  0|   40|           1|          40|
    |e_374_fu_6646_p3           |    select|   0|  0|   40|           1|          40|
    |e_377_fu_6670_p3           |    select|   0|  0|   40|           1|          40|
    |e_380_fu_6692_p3           |    select|   0|  0|   40|           1|          40|
    |e_383_fu_6716_p3           |    select|   0|  0|   40|           1|          40|
    |e_386_fu_6738_p3           |    select|   0|  0|   40|           1|          40|
    |e_389_fu_6762_p3           |    select|   0|  0|   40|           1|          40|
    |e_38_fu_4070_p3            |    select|   0|  0|   40|           1|          40|
    |e_392_fu_6784_p3           |    select|   0|  0|   40|           1|          40|
    |e_395_fu_6808_p3           |    select|   0|  0|   40|           1|          40|
    |e_398_fu_6830_p3           |    select|   0|  0|   40|           1|          40|
    |e_401_fu_6854_p3           |    select|   0|  0|   40|           1|          40|
    |e_404_fu_6876_p3           |    select|   0|  0|   40|           1|          40|
    |e_407_fu_6900_p3           |    select|   0|  0|   40|           1|          40|
    |e_410_fu_6922_p3           |    select|   0|  0|   40|           1|          40|
    |e_413_fu_6946_p3           |    select|   0|  0|   40|           1|          40|
    |e_416_fu_6968_p3           |    select|   0|  0|   40|           1|          40|
    |e_419_fu_6992_p3           |    select|   0|  0|   40|           1|          40|
    |e_41_fu_4094_p3            |    select|   0|  0|   40|           1|          40|
    |e_422_fu_7014_p3           |    select|   0|  0|   40|           1|          40|
    |e_425_fu_7038_p3           |    select|   0|  0|   40|           1|          40|
    |e_428_fu_7060_p3           |    select|   0|  0|   40|           1|          40|
    |e_431_fu_7084_p3           |    select|   0|  0|   40|           1|          40|
    |e_434_fu_7106_p3           |    select|   0|  0|   40|           1|          40|
    |e_437_fu_7130_p3           |    select|   0|  0|   40|           1|          40|
    |e_440_fu_7152_p3           |    select|   0|  0|   40|           1|          40|
    |e_443_fu_7176_p3           |    select|   0|  0|   40|           1|          40|
    |e_446_fu_7198_p3           |    select|   0|  0|   40|           1|          40|
    |e_449_fu_7222_p3           |    select|   0|  0|   40|           1|          40|
    |e_44_fu_4116_p3            |    select|   0|  0|   40|           1|          40|
    |e_452_fu_7244_p3           |    select|   0|  0|   40|           1|          40|
    |e_455_fu_7268_p3           |    select|   0|  0|   40|           1|          40|
    |e_458_fu_7290_p3           |    select|   0|  0|   40|           1|          40|
    |e_461_fu_7314_p3           |    select|   0|  0|   40|           1|          40|
    |e_464_fu_7336_p3           |    select|   0|  0|   40|           1|          40|
    |e_467_fu_7360_p3           |    select|   0|  0|   40|           1|          40|
    |e_470_fu_7382_p3           |    select|   0|  0|   40|           1|          40|
    |e_473_fu_7406_p3           |    select|   0|  0|   40|           1|          40|
    |e_476_fu_7428_p3           |    select|   0|  0|   40|           1|          40|
    |e_479_fu_7452_p3           |    select|   0|  0|   40|           1|          40|
    |e_47_fu_4140_p3            |    select|   0|  0|   40|           1|          40|
    |e_482_fu_7474_p3           |    select|   0|  0|   40|           1|          40|
    |e_485_fu_7498_p3           |    select|   0|  0|   40|           1|          40|
    |e_488_fu_7520_p3           |    select|   0|  0|   40|           1|          40|
    |e_491_fu_7544_p3           |    select|   0|  0|   40|           1|          40|
    |e_494_fu_7566_p3           |    select|   0|  0|   40|           1|          40|
    |e_497_fu_7590_p3           |    select|   0|  0|   40|           1|          40|
    |e_500_fu_7612_p3           |    select|   0|  0|   40|           1|          40|
    |e_503_fu_7636_p3           |    select|   0|  0|   40|           1|          40|
    |e_506_fu_7658_p3           |    select|   0|  0|   40|           1|          40|
    |e_509_fu_7682_p3           |    select|   0|  0|   40|           1|          40|
    |e_50_fu_4162_p3            |    select|   0|  0|   40|           1|          40|
    |e_512_fu_7704_p3           |    select|   0|  0|   40|           1|          40|
    |e_515_fu_7728_p3           |    select|   0|  0|   40|           1|          40|
    |e_518_fu_7750_p3           |    select|   0|  0|   40|           1|          40|
    |e_521_fu_7774_p3           |    select|   0|  0|   40|           1|          40|
    |e_524_fu_7796_p3           |    select|   0|  0|   40|           1|          40|
    |e_527_fu_7820_p3           |    select|   0|  0|   40|           1|          40|
    |e_530_fu_7842_p3           |    select|   0|  0|   40|           1|          40|
    |e_533_fu_7866_p3           |    select|   0|  0|   40|           1|          40|
    |e_536_fu_7888_p3           |    select|   0|  0|   40|           1|          40|
    |e_539_fu_7912_p3           |    select|   0|  0|   40|           1|          40|
    |e_53_fu_4186_p3            |    select|   0|  0|   40|           1|          40|
    |e_542_fu_7934_p3           |    select|   0|  0|   40|           1|          40|
    |e_545_fu_7958_p3           |    select|   0|  0|   40|           1|          40|
    |e_548_fu_7980_p3           |    select|   0|  0|   40|           1|          40|
    |e_551_fu_8004_p3           |    select|   0|  0|   40|           1|          40|
    |e_554_fu_8026_p3           |    select|   0|  0|   40|           1|          40|
    |e_557_fu_8050_p3           |    select|   0|  0|   40|           1|          40|
    |e_560_fu_8072_p3           |    select|   0|  0|   40|           1|          40|
    |e_563_fu_8096_p3           |    select|   0|  0|   40|           1|          40|
    |e_566_fu_8118_p3           |    select|   0|  0|   40|           1|          40|
    |e_569_fu_8142_p3           |    select|   0|  0|   40|           1|          40|
    |e_56_fu_4208_p3            |    select|   0|  0|   40|           1|          40|
    |e_572_fu_8164_p3           |    select|   0|  0|   40|           1|          40|
    |e_575_fu_8188_p3           |    select|   0|  0|   40|           1|          40|
    |e_578_fu_8210_p3           |    select|   0|  0|   40|           1|          40|
    |e_581_fu_8234_p3           |    select|   0|  0|   40|           1|          40|
    |e_584_fu_8256_p3           |    select|   0|  0|   40|           1|          40|
    |e_587_fu_8280_p3           |    select|   0|  0|   40|           1|          40|
    |e_590_fu_8302_p3           |    select|   0|  0|   40|           1|          40|
    |e_593_fu_8326_p3           |    select|   0|  0|   40|           1|          40|
    |e_596_fu_8348_p3           |    select|   0|  0|   40|           1|          40|
    |e_599_fu_8372_p3           |    select|   0|  0|   40|           1|          40|
    |e_59_fu_4232_p3            |    select|   0|  0|   40|           1|          40|
    |e_5_fu_3818_p3             |    select|   0|  0|   40|           1|          40|
    |e_602_fu_8394_p3           |    select|   0|  0|   40|           1|          40|
    |e_605_fu_8418_p3           |    select|   0|  0|   40|           1|          40|
    |e_608_fu_8440_p3           |    select|   0|  0|   40|           1|          40|
    |e_611_fu_8464_p3           |    select|   0|  0|   40|           1|          40|
    |e_614_fu_8486_p3           |    select|   0|  0|   40|           1|          40|
    |e_617_fu_8510_p3           |    select|   0|  0|   40|           1|          40|
    |e_620_fu_8532_p3           |    select|   0|  0|   40|           1|          40|
    |e_623_fu_8556_p3           |    select|   0|  0|   40|           1|          40|
    |e_626_fu_8578_p3           |    select|   0|  0|   40|           1|          40|
    |e_629_fu_8602_p3           |    select|   0|  0|   40|           1|          40|
    |e_62_fu_4254_p3            |    select|   0|  0|   40|           1|          40|
    |e_632_fu_8624_p3           |    select|   0|  0|   40|           1|          40|
    |e_635_fu_8648_p3           |    select|   0|  0|   40|           1|          40|
    |e_638_fu_8670_p3           |    select|   0|  0|   40|           1|          40|
    |e_641_fu_8694_p3           |    select|   0|  0|   40|           1|          40|
    |e_644_fu_8716_p3           |    select|   0|  0|   40|           1|          40|
    |e_647_fu_8740_p3           |    select|   0|  0|   40|           1|          40|
    |e_650_fu_8762_p3           |    select|   0|  0|   40|           1|          40|
    |e_653_fu_8786_p3           |    select|   0|  0|   40|           1|          40|
    |e_656_fu_8808_p3           |    select|   0|  0|   40|           1|          40|
    |e_659_fu_8832_p3           |    select|   0|  0|   40|           1|          40|
    |e_65_fu_4278_p3            |    select|   0|  0|   40|           1|          40|
    |e_662_fu_8854_p3           |    select|   0|  0|   40|           1|          40|
    |e_665_fu_8878_p3           |    select|   0|  0|   40|           1|          40|
    |e_668_fu_8900_p3           |    select|   0|  0|   40|           1|          40|
    |e_671_fu_8924_p3           |    select|   0|  0|   40|           1|          40|
    |e_674_fu_8946_p3           |    select|   0|  0|   40|           1|          40|
    |e_677_fu_8970_p3           |    select|   0|  0|   40|           1|          40|
    |e_680_fu_8992_p3           |    select|   0|  0|   40|           1|          40|
    |e_683_fu_9016_p3           |    select|   0|  0|   40|           1|          40|
    |e_686_fu_9038_p3           |    select|   0|  0|   40|           1|          40|
    |e_689_fu_9062_p3           |    select|   0|  0|   40|           1|          40|
    |e_68_fu_4300_p3            |    select|   0|  0|   40|           1|          40|
    |e_692_fu_9084_p3           |    select|   0|  0|   40|           1|          40|
    |e_695_fu_9108_p3           |    select|   0|  0|   40|           1|          40|
    |e_698_fu_9130_p3           |    select|   0|  0|   40|           1|          40|
    |e_701_fu_9154_p3           |    select|   0|  0|   40|           1|          40|
    |e_704_fu_9176_p3           |    select|   0|  0|   40|           1|          40|
    |e_707_fu_9200_p3           |    select|   0|  0|   40|           1|          40|
    |e_710_fu_9222_p3           |    select|   0|  0|   40|           1|          40|
    |e_713_fu_9246_p3           |    select|   0|  0|   40|           1|          40|
    |e_716_fu_9268_p3           |    select|   0|  0|   40|           1|          40|
    |e_719_fu_9292_p3           |    select|   0|  0|   40|           1|          40|
    |e_71_fu_4324_p3            |    select|   0|  0|   40|           1|          40|
    |e_722_fu_9314_p3           |    select|   0|  0|   40|           1|          40|
    |e_725_fu_9338_p3           |    select|   0|  0|   40|           1|          40|
    |e_728_fu_9360_p3           |    select|   0|  0|   40|           1|          40|
    |e_731_fu_9384_p3           |    select|   0|  0|   40|           1|          40|
    |e_734_fu_9406_p3           |    select|   0|  0|   40|           1|          40|
    |e_737_fu_9430_p3           |    select|   0|  0|   40|           1|          40|
    |e_740_fu_9452_p3           |    select|   0|  0|   40|           1|          40|
    |e_743_fu_9476_p3           |    select|   0|  0|   40|           1|          40|
    |e_746_fu_9498_p3           |    select|   0|  0|   40|           1|          40|
    |e_749_fu_9522_p3           |    select|   0|  0|   40|           1|          40|
    |e_74_fu_4346_p3            |    select|   0|  0|   40|           1|          40|
    |e_752_fu_9544_p3           |    select|   0|  0|   40|           1|          40|
    |e_755_fu_9568_p3           |    select|   0|  0|   40|           1|          40|
    |e_758_fu_9590_p3           |    select|   0|  0|   40|           1|          40|
    |e_761_fu_9614_p3           |    select|   0|  0|   40|           1|          40|
    |e_764_fu_9636_p3           |    select|   0|  0|   40|           1|          40|
    |e_767_fu_9660_p3           |    select|   0|  0|   40|           1|          40|
    |e_770_fu_9682_p3           |    select|   0|  0|   40|           1|          40|
    |e_773_fu_9706_p3           |    select|   0|  0|   40|           1|          40|
    |e_776_fu_9728_p3           |    select|   0|  0|   40|           1|          40|
    |e_779_fu_9752_p3           |    select|   0|  0|   40|           1|          40|
    |e_77_fu_4370_p3            |    select|   0|  0|   40|           1|          40|
    |e_782_fu_9774_p3           |    select|   0|  0|   40|           1|          40|
    |e_785_fu_9798_p3           |    select|   0|  0|   40|           1|          40|
    |e_788_fu_9820_p3           |    select|   0|  0|   40|           1|          40|
    |e_791_fu_9844_p3           |    select|   0|  0|   40|           1|          40|
    |e_794_fu_9866_p3           |    select|   0|  0|   40|           1|          40|
    |e_797_fu_9890_p3           |    select|   0|  0|   40|           1|          40|
    |e_800_fu_9912_p3           |    select|   0|  0|   40|           1|          40|
    |e_803_fu_9936_p3           |    select|   0|  0|   40|           1|          40|
    |e_806_fu_9958_p3           |    select|   0|  0|   40|           1|          40|
    |e_809_fu_9982_p3           |    select|   0|  0|   40|           1|          40|
    |e_80_fu_4392_p3            |    select|   0|  0|   40|           1|          40|
    |e_812_fu_10004_p3          |    select|   0|  0|   40|           1|          40|
    |e_815_fu_10028_p3          |    select|   0|  0|   40|           1|          40|
    |e_818_fu_10050_p3          |    select|   0|  0|   40|           1|          40|
    |e_821_fu_10074_p3          |    select|   0|  0|   40|           1|          40|
    |e_824_fu_10096_p3          |    select|   0|  0|   40|           1|          40|
    |e_827_fu_10120_p3          |    select|   0|  0|   40|           1|          40|
    |e_830_fu_10142_p3          |    select|   0|  0|   40|           1|          40|
    |e_833_fu_10166_p3          |    select|   0|  0|   40|           1|          40|
    |e_836_fu_10188_p3          |    select|   0|  0|   40|           1|          40|
    |e_839_fu_10212_p3          |    select|   0|  0|   40|           1|          40|
    |e_83_fu_4416_p3            |    select|   0|  0|   40|           1|          40|
    |e_842_fu_10234_p3          |    select|   0|  0|   40|           1|          40|
    |e_845_fu_10258_p3          |    select|   0|  0|   40|           1|          40|
    |e_848_fu_10280_p3          |    select|   0|  0|   40|           1|          40|
    |e_851_fu_10304_p3          |    select|   0|  0|   40|           1|          40|
    |e_854_fu_10326_p3          |    select|   0|  0|   40|           1|          40|
    |e_857_fu_10350_p3          |    select|   0|  0|   40|           1|          40|
    |e_860_fu_10372_p3          |    select|   0|  0|   40|           1|          40|
    |e_863_fu_10396_p3          |    select|   0|  0|   40|           1|          40|
    |e_866_fu_10418_p3          |    select|   0|  0|   40|           1|          40|
    |e_869_fu_10442_p3          |    select|   0|  0|   40|           1|          40|
    |e_86_fu_4438_p3            |    select|   0|  0|   40|           1|          40|
    |e_872_fu_10464_p3          |    select|   0|  0|   40|           1|          40|
    |e_875_fu_10488_p3          |    select|   0|  0|   40|           1|          40|
    |e_878_fu_10510_p3          |    select|   0|  0|   40|           1|          40|
    |e_881_fu_10534_p3          |    select|   0|  0|   40|           1|          40|
    |e_884_fu_10556_p3          |    select|   0|  0|   40|           1|          40|
    |e_887_fu_10580_p3          |    select|   0|  0|   40|           1|          40|
    |e_890_fu_10602_p3          |    select|   0|  0|   40|           1|          40|
    |e_893_fu_10626_p3          |    select|   0|  0|   40|           1|          40|
    |e_896_fu_10648_p3          |    select|   0|  0|   40|           1|          40|
    |e_899_fu_10672_p3          |    select|   0|  0|   40|           1|          40|
    |e_89_fu_4462_p3            |    select|   0|  0|   40|           1|          40|
    |e_8_fu_3840_p3             |    select|   0|  0|   40|           1|          40|
    |e_902_fu_10694_p3          |    select|   0|  0|   40|           1|          40|
    |e_905_fu_10718_p3          |    select|   0|  0|   40|           1|          40|
    |e_908_fu_10740_p3          |    select|   0|  0|   40|           1|          40|
    |e_911_fu_10764_p3          |    select|   0|  0|   40|           1|          40|
    |e_914_fu_10786_p3          |    select|   0|  0|   40|           1|          40|
    |e_917_fu_10810_p3          |    select|   0|  0|   40|           1|          40|
    |e_920_fu_10832_p3          |    select|   0|  0|   40|           1|          40|
    |e_923_fu_10856_p3          |    select|   0|  0|   40|           1|          40|
    |e_926_fu_10878_p3          |    select|   0|  0|   40|           1|          40|
    |e_929_fu_10902_p3          |    select|   0|  0|   40|           1|          40|
    |e_92_fu_4484_p3            |    select|   0|  0|   40|           1|          40|
    |e_932_fu_10924_p3          |    select|   0|  0|   40|           1|          40|
    |e_935_fu_10948_p3          |    select|   0|  0|   40|           1|          40|
    |e_938_fu_10970_p3          |    select|   0|  0|   40|           1|          40|
    |e_941_fu_10994_p3          |    select|   0|  0|   40|           1|          40|
    |e_944_fu_11016_p3          |    select|   0|  0|   40|           1|          40|
    |e_947_fu_11040_p3          |    select|   0|  0|   40|           1|          40|
    |e_950_fu_11062_p3          |    select|   0|  0|   40|           1|          40|
    |e_953_fu_11086_p3          |    select|   0|  0|   40|           1|          40|
    |e_956_fu_11108_p3          |    select|   0|  0|   40|           1|          40|
    |e_959_fu_11132_p3          |    select|   0|  0|   40|           1|          40|
    |e_95_fu_4508_p3            |    select|   0|  0|   40|           1|          40|
    |e_962_fu_11154_p3          |    select|   0|  0|   40|           1|          40|
    |e_965_fu_11178_p3          |    select|   0|  0|   40|           1|          40|
    |e_968_fu_11200_p3          |    select|   0|  0|   40|           1|          40|
    |e_971_fu_11224_p3          |    select|   0|  0|   40|           1|          40|
    |e_974_fu_11246_p3          |    select|   0|  0|   40|           1|          40|
    |e_977_fu_11270_p3          |    select|   0|  0|   40|           1|          40|
    |e_980_fu_11292_p3          |    select|   0|  0|   40|           1|          40|
    |e_983_fu_11316_p3          |    select|   0|  0|   40|           1|          40|
    |e_986_fu_11338_p3          |    select|   0|  0|   40|           1|          40|
    |e_989_fu_11362_p3          |    select|   0|  0|   40|           1|          40|
    |e_98_fu_4530_p3            |    select|   0|  0|   40|           1|          40|
    |e_992_fu_11384_p3          |    select|   0|  0|   40|           1|          40|
    |e_995_fu_11408_p3          |    select|   0|  0|   40|           1|          40|
    |e_998_fu_11430_p3          |    select|   0|  0|   40|           1|          40|
    |term_10_fu_3474_p3         |    select|   0|  0|   40|           1|          40|
    |term_11_fu_3288_p3         |    select|   0|  0|   40|           1|          40|
    |term_12_fu_3488_p3         |    select|   0|  0|   40|           1|          40|
    |term_13_fu_3502_p3         |    select|   0|  0|   40|           1|          40|
    |term_14_fu_3516_p3         |    select|   0|  0|   40|           1|          40|
    |term_15_fu_3530_p3         |    select|   0|  0|   40|           1|          40|
    |term_16_fu_3544_p3         |    select|   0|  0|   40|           1|          40|
    |term_17_fu_3302_p3         |    select|   0|  0|   40|           1|          40|
    |term_18_fu_3316_p3         |    select|   0|  0|   40|           1|          40|
    |term_19_fu_3558_p3         |    select|   0|  0|   40|           1|          40|
    |term_1_fu_3376_p3          |    select|   0|  0|   40|           1|          40|
    |term_20_fu_3572_p3         |    select|   0|  0|   40|           1|          40|
    |term_21_fu_3586_p3         |    select|   0|  0|   40|           1|          40|
    |term_22_fu_3600_p3         |    select|   0|  0|   40|           1|          40|
    |term_23_fu_3614_p3         |    select|   0|  0|   40|           1|          40|
    |term_24_fu_3628_p3         |    select|   0|  0|   40|           1|          40|
    |term_25_fu_3642_p3         |    select|   0|  0|   40|           1|          40|
    |term_26_fu_3330_p3         |    select|   0|  0|   40|           1|          40|
    |term_2_fu_3390_p3          |    select|   0|  0|   40|           1|          40|
    |term_3_fu_3404_p3          |    select|   0|  0|   40|           1|          40|
    |term_4_fu_3260_p3          |    select|   0|  0|   40|           1|          40|
    |term_5_fu_3418_p3          |    select|   0|  0|   40|           1|          40|
    |term_6_fu_3274_p3          |    select|   0|  0|   40|           1|          40|
    |term_7_fu_3432_p3          |    select|   0|  0|   40|           1|          40|
    |term_8_fu_3446_p3          |    select|   0|  0|   40|           1|          40|
    |term_9_fu_3460_p3          |    select|   0|  0|   40|           1|          40|
    |term_fu_3362_p3            |    select|   0|  0|   40|           1|          40|
    |xor_ln194_100_fu_6080_p2   |       xor|   0|  0|    2|           1|           1|
    |xor_ln194_101_fu_6102_p2   |       xor|   0|  0|    2|           1|           1|
    |xor_ln194_102_fu_6126_p2   |       xor|   0|  0|    2|           1|           1|
    |xor_ln194_103_fu_6148_p2   |       xor|   0|  0|    2|           1|           1|
    |xor_ln194_104_fu_6172_p2   |       xor|   0|  0|    2|           1|           1|
    |xor_ln194_105_fu_6194_p2   |       xor|   0|  0|    2|           1|           1|
    |xor_ln194_106_fu_6218_p2   |       xor|   0|  0|    2|           1|           1|
    |xor_ln194_107_fu_6240_p2   |       xor|   0|  0|    2|           1|           1|
    |xor_ln194_108_fu_6264_p2   |       xor|   0|  0|    2|           1|           1|
    |xor_ln194_109_fu_6286_p2   |       xor|   0|  0|    2|           1|           1|
    |xor_ln194_10_fu_4010_p2    |       xor|   0|  0|    2|           1|           1|
    |xor_ln194_110_fu_6310_p2   |       xor|   0|  0|    2|           1|           1|
    |xor_ln194_111_fu_6332_p2   |       xor|   0|  0|    2|           1|           1|
    |xor_ln194_112_fu_6356_p2   |       xor|   0|  0|    2|           1|           1|
    |xor_ln194_113_fu_6378_p2   |       xor|   0|  0|    2|           1|           1|
    |xor_ln194_114_fu_6402_p2   |       xor|   0|  0|    2|           1|           1|
    |xor_ln194_115_fu_6424_p2   |       xor|   0|  0|    2|           1|           1|
    |xor_ln194_116_fu_6448_p2   |       xor|   0|  0|    2|           1|           1|
    |xor_ln194_117_fu_6470_p2   |       xor|   0|  0|    2|           1|           1|
    |xor_ln194_118_fu_6494_p2   |       xor|   0|  0|    2|           1|           1|
    |xor_ln194_119_fu_6516_p2   |       xor|   0|  0|    2|           1|           1|
    |xor_ln194_11_fu_4032_p2    |       xor|   0|  0|    2|           1|           1|
    |xor_ln194_120_fu_6540_p2   |       xor|   0|  0|    2|           1|           1|
    |xor_ln194_121_fu_6562_p2   |       xor|   0|  0|    2|           1|           1|
    |xor_ln194_122_fu_6586_p2   |       xor|   0|  0|    2|           1|           1|
    |xor_ln194_123_fu_6608_p2   |       xor|   0|  0|    2|           1|           1|
    |xor_ln194_124_fu_6632_p2   |       xor|   0|  0|    2|           1|           1|
    |xor_ln194_125_fu_6654_p2   |       xor|   0|  0|    2|           1|           1|
    |xor_ln194_126_fu_6678_p2   |       xor|   0|  0|    2|           1|           1|
    |xor_ln194_127_fu_6700_p2   |       xor|   0|  0|    2|           1|           1|
    |xor_ln194_128_fu_6724_p2   |       xor|   0|  0|    2|           1|           1|
    |xor_ln194_129_fu_6746_p2   |       xor|   0|  0|    2|           1|           1|
    |xor_ln194_12_fu_4056_p2    |       xor|   0|  0|    2|           1|           1|
    |xor_ln194_130_fu_6770_p2   |       xor|   0|  0|    2|           1|           1|
    |xor_ln194_131_fu_6792_p2   |       xor|   0|  0|    2|           1|           1|
    |xor_ln194_132_fu_6816_p2   |       xor|   0|  0|    2|           1|           1|
    |xor_ln194_133_fu_6838_p2   |       xor|   0|  0|    2|           1|           1|
    |xor_ln194_134_fu_6862_p2   |       xor|   0|  0|    2|           1|           1|
    |xor_ln194_135_fu_6884_p2   |       xor|   0|  0|    2|           1|           1|
    |xor_ln194_136_fu_6908_p2   |       xor|   0|  0|    2|           1|           1|
    |xor_ln194_137_fu_6930_p2   |       xor|   0|  0|    2|           1|           1|
    |xor_ln194_138_fu_6954_p2   |       xor|   0|  0|    2|           1|           1|
    |xor_ln194_139_fu_6976_p2   |       xor|   0|  0|    2|           1|           1|
    |xor_ln194_13_fu_4078_p2    |       xor|   0|  0|    2|           1|           1|
    |xor_ln194_140_fu_7000_p2   |       xor|   0|  0|    2|           1|           1|
    |xor_ln194_141_fu_7022_p2   |       xor|   0|  0|    2|           1|           1|
    |xor_ln194_142_fu_7046_p2   |       xor|   0|  0|    2|           1|           1|
    |xor_ln194_143_fu_7068_p2   |       xor|   0|  0|    2|           1|           1|
    |xor_ln194_144_fu_7092_p2   |       xor|   0|  0|    2|           1|           1|
    |xor_ln194_145_fu_7114_p2   |       xor|   0|  0|    2|           1|           1|
    |xor_ln194_146_fu_7138_p2   |       xor|   0|  0|    2|           1|           1|
    |xor_ln194_147_fu_7160_p2   |       xor|   0|  0|    2|           1|           1|
    |xor_ln194_148_fu_7184_p2   |       xor|   0|  0|    2|           1|           1|
    |xor_ln194_149_fu_7206_p2   |       xor|   0|  0|    2|           1|           1|
    |xor_ln194_14_fu_4102_p2    |       xor|   0|  0|    2|           1|           1|
    |xor_ln194_150_fu_7230_p2   |       xor|   0|  0|    2|           1|           1|
    |xor_ln194_151_fu_7252_p2   |       xor|   0|  0|    2|           1|           1|
    |xor_ln194_152_fu_7276_p2   |       xor|   0|  0|    2|           1|           1|
    |xor_ln194_153_fu_7298_p2   |       xor|   0|  0|    2|           1|           1|
    |xor_ln194_154_fu_7322_p2   |       xor|   0|  0|    2|           1|           1|
    |xor_ln194_155_fu_7344_p2   |       xor|   0|  0|    2|           1|           1|
    |xor_ln194_156_fu_7368_p2   |       xor|   0|  0|    2|           1|           1|
    |xor_ln194_157_fu_7390_p2   |       xor|   0|  0|    2|           1|           1|
    |xor_ln194_158_fu_7414_p2   |       xor|   0|  0|    2|           1|           1|
    |xor_ln194_159_fu_7436_p2   |       xor|   0|  0|    2|           1|           1|
    |xor_ln194_15_fu_4124_p2    |       xor|   0|  0|    2|           1|           1|
    |xor_ln194_160_fu_7460_p2   |       xor|   0|  0|    2|           1|           1|
    |xor_ln194_161_fu_7482_p2   |       xor|   0|  0|    2|           1|           1|
    |xor_ln194_162_fu_7506_p2   |       xor|   0|  0|    2|           1|           1|
    |xor_ln194_163_fu_7528_p2   |       xor|   0|  0|    2|           1|           1|
    |xor_ln194_164_fu_7552_p2   |       xor|   0|  0|    2|           1|           1|
    |xor_ln194_165_fu_7574_p2   |       xor|   0|  0|    2|           1|           1|
    |xor_ln194_166_fu_7598_p2   |       xor|   0|  0|    2|           1|           1|
    |xor_ln194_167_fu_7620_p2   |       xor|   0|  0|    2|           1|           1|
    |xor_ln194_168_fu_7644_p2   |       xor|   0|  0|    2|           1|           1|
    |xor_ln194_169_fu_7666_p2   |       xor|   0|  0|    2|           1|           1|
    |xor_ln194_16_fu_4148_p2    |       xor|   0|  0|    2|           1|           1|
    |xor_ln194_170_fu_7690_p2   |       xor|   0|  0|    2|           1|           1|
    |xor_ln194_171_fu_7712_p2   |       xor|   0|  0|    2|           1|           1|
    |xor_ln194_172_fu_7736_p2   |       xor|   0|  0|    2|           1|           1|
    |xor_ln194_173_fu_7758_p2   |       xor|   0|  0|    2|           1|           1|
    |xor_ln194_174_fu_7782_p2   |       xor|   0|  0|    2|           1|           1|
    |xor_ln194_175_fu_7804_p2   |       xor|   0|  0|    2|           1|           1|
    |xor_ln194_176_fu_7828_p2   |       xor|   0|  0|    2|           1|           1|
    |xor_ln194_177_fu_7850_p2   |       xor|   0|  0|    2|           1|           1|
    |xor_ln194_178_fu_7874_p2   |       xor|   0|  0|    2|           1|           1|
    |xor_ln194_179_fu_7896_p2   |       xor|   0|  0|    2|           1|           1|
    |xor_ln194_17_fu_4170_p2    |       xor|   0|  0|    2|           1|           1|
    |xor_ln194_180_fu_7920_p2   |       xor|   0|  0|    2|           1|           1|
    |xor_ln194_181_fu_7942_p2   |       xor|   0|  0|    2|           1|           1|
    |xor_ln194_182_fu_7966_p2   |       xor|   0|  0|    2|           1|           1|
    |xor_ln194_183_fu_7988_p2   |       xor|   0|  0|    2|           1|           1|
    |xor_ln194_184_fu_8012_p2   |       xor|   0|  0|    2|           1|           1|
    |xor_ln194_185_fu_8034_p2   |       xor|   0|  0|    2|           1|           1|
    |xor_ln194_186_fu_8058_p2   |       xor|   0|  0|    2|           1|           1|
    |xor_ln194_187_fu_8080_p2   |       xor|   0|  0|    2|           1|           1|
    |xor_ln194_188_fu_8104_p2   |       xor|   0|  0|    2|           1|           1|
    |xor_ln194_189_fu_8126_p2   |       xor|   0|  0|    2|           1|           1|
    |xor_ln194_18_fu_4194_p2    |       xor|   0|  0|    2|           1|           1|
    |xor_ln194_190_fu_8150_p2   |       xor|   0|  0|    2|           1|           1|
    |xor_ln194_191_fu_8172_p2   |       xor|   0|  0|    2|           1|           1|
    |xor_ln194_192_fu_8196_p2   |       xor|   0|  0|    2|           1|           1|
    |xor_ln194_193_fu_8218_p2   |       xor|   0|  0|    2|           1|           1|
    |xor_ln194_194_fu_8242_p2   |       xor|   0|  0|    2|           1|           1|
    |xor_ln194_195_fu_8264_p2   |       xor|   0|  0|    2|           1|           1|
    |xor_ln194_196_fu_8288_p2   |       xor|   0|  0|    2|           1|           1|
    |xor_ln194_197_fu_8310_p2   |       xor|   0|  0|    2|           1|           1|
    |xor_ln194_198_fu_8334_p2   |       xor|   0|  0|    2|           1|           1|
    |xor_ln194_199_fu_8356_p2   |       xor|   0|  0|    2|           1|           1|
    |xor_ln194_19_fu_4216_p2    |       xor|   0|  0|    2|           1|           1|
    |xor_ln194_1_fu_3802_p2     |       xor|   0|  0|    2|           1|           1|
    |xor_ln194_200_fu_8380_p2   |       xor|   0|  0|    2|           1|           1|
    |xor_ln194_201_fu_8402_p2   |       xor|   0|  0|    2|           1|           1|
    |xor_ln194_202_fu_8426_p2   |       xor|   0|  0|    2|           1|           1|
    |xor_ln194_203_fu_8448_p2   |       xor|   0|  0|    2|           1|           1|
    |xor_ln194_204_fu_8472_p2   |       xor|   0|  0|    2|           1|           1|
    |xor_ln194_205_fu_8494_p2   |       xor|   0|  0|    2|           1|           1|
    |xor_ln194_206_fu_8518_p2   |       xor|   0|  0|    2|           1|           1|
    |xor_ln194_207_fu_8540_p2   |       xor|   0|  0|    2|           1|           1|
    |xor_ln194_208_fu_8564_p2   |       xor|   0|  0|    2|           1|           1|
    |xor_ln194_209_fu_8586_p2   |       xor|   0|  0|    2|           1|           1|
    |xor_ln194_20_fu_4240_p2    |       xor|   0|  0|    2|           1|           1|
    |xor_ln194_210_fu_8610_p2   |       xor|   0|  0|    2|           1|           1|
    |xor_ln194_211_fu_8632_p2   |       xor|   0|  0|    2|           1|           1|
    |xor_ln194_212_fu_8656_p2   |       xor|   0|  0|    2|           1|           1|
    |xor_ln194_213_fu_8678_p2   |       xor|   0|  0|    2|           1|           1|
    |xor_ln194_214_fu_8702_p2   |       xor|   0|  0|    2|           1|           1|
    |xor_ln194_215_fu_8724_p2   |       xor|   0|  0|    2|           1|           1|
    |xor_ln194_216_fu_8748_p2   |       xor|   0|  0|    2|           1|           1|
    |xor_ln194_217_fu_8770_p2   |       xor|   0|  0|    2|           1|           1|
    |xor_ln194_218_fu_8794_p2   |       xor|   0|  0|    2|           1|           1|
    |xor_ln194_219_fu_8816_p2   |       xor|   0|  0|    2|           1|           1|
    |xor_ln194_21_fu_4262_p2    |       xor|   0|  0|    2|           1|           1|
    |xor_ln194_220_fu_8840_p2   |       xor|   0|  0|    2|           1|           1|
    |xor_ln194_221_fu_8862_p2   |       xor|   0|  0|    2|           1|           1|
    |xor_ln194_222_fu_8886_p2   |       xor|   0|  0|    2|           1|           1|
    |xor_ln194_223_fu_8908_p2   |       xor|   0|  0|    2|           1|           1|
    |xor_ln194_224_fu_8932_p2   |       xor|   0|  0|    2|           1|           1|
    |xor_ln194_225_fu_8954_p2   |       xor|   0|  0|    2|           1|           1|
    |xor_ln194_226_fu_8978_p2   |       xor|   0|  0|    2|           1|           1|
    |xor_ln194_227_fu_9000_p2   |       xor|   0|  0|    2|           1|           1|
    |xor_ln194_228_fu_9024_p2   |       xor|   0|  0|    2|           1|           1|
    |xor_ln194_229_fu_9046_p2   |       xor|   0|  0|    2|           1|           1|
    |xor_ln194_22_fu_4286_p2    |       xor|   0|  0|    2|           1|           1|
    |xor_ln194_230_fu_9070_p2   |       xor|   0|  0|    2|           1|           1|
    |xor_ln194_231_fu_9092_p2   |       xor|   0|  0|    2|           1|           1|
    |xor_ln194_232_fu_9116_p2   |       xor|   0|  0|    2|           1|           1|
    |xor_ln194_233_fu_9138_p2   |       xor|   0|  0|    2|           1|           1|
    |xor_ln194_234_fu_9162_p2   |       xor|   0|  0|    2|           1|           1|
    |xor_ln194_235_fu_9184_p2   |       xor|   0|  0|    2|           1|           1|
    |xor_ln194_236_fu_9208_p2   |       xor|   0|  0|    2|           1|           1|
    |xor_ln194_237_fu_9230_p2   |       xor|   0|  0|    2|           1|           1|
    |xor_ln194_238_fu_9254_p2   |       xor|   0|  0|    2|           1|           1|
    |xor_ln194_239_fu_9276_p2   |       xor|   0|  0|    2|           1|           1|
    |xor_ln194_23_fu_4308_p2    |       xor|   0|  0|    2|           1|           1|
    |xor_ln194_240_fu_9300_p2   |       xor|   0|  0|    2|           1|           1|
    |xor_ln194_241_fu_9322_p2   |       xor|   0|  0|    2|           1|           1|
    |xor_ln194_242_fu_9346_p2   |       xor|   0|  0|    2|           1|           1|
    |xor_ln194_243_fu_9368_p2   |       xor|   0|  0|    2|           1|           1|
    |xor_ln194_244_fu_9392_p2   |       xor|   0|  0|    2|           1|           1|
    |xor_ln194_245_fu_9414_p2   |       xor|   0|  0|    2|           1|           1|
    |xor_ln194_246_fu_9438_p2   |       xor|   0|  0|    2|           1|           1|
    |xor_ln194_247_fu_9460_p2   |       xor|   0|  0|    2|           1|           1|
    |xor_ln194_248_fu_9484_p2   |       xor|   0|  0|    2|           1|           1|
    |xor_ln194_249_fu_9506_p2   |       xor|   0|  0|    2|           1|           1|
    |xor_ln194_24_fu_4332_p2    |       xor|   0|  0|    2|           1|           1|
    |xor_ln194_250_fu_9530_p2   |       xor|   0|  0|    2|           1|           1|
    |xor_ln194_251_fu_9552_p2   |       xor|   0|  0|    2|           1|           1|
    |xor_ln194_252_fu_9576_p2   |       xor|   0|  0|    2|           1|           1|
    |xor_ln194_253_fu_9598_p2   |       xor|   0|  0|    2|           1|           1|
    |xor_ln194_254_fu_9622_p2   |       xor|   0|  0|    2|           1|           1|
    |xor_ln194_255_fu_9644_p2   |       xor|   0|  0|    2|           1|           1|
    |xor_ln194_256_fu_9668_p2   |       xor|   0|  0|    2|           1|           1|
    |xor_ln194_257_fu_9690_p2   |       xor|   0|  0|    2|           1|           1|
    |xor_ln194_258_fu_9714_p2   |       xor|   0|  0|    2|           1|           1|
    |xor_ln194_259_fu_9736_p2   |       xor|   0|  0|    2|           1|           1|
    |xor_ln194_25_fu_4354_p2    |       xor|   0|  0|    2|           1|           1|
    |xor_ln194_260_fu_9760_p2   |       xor|   0|  0|    2|           1|           1|
    |xor_ln194_261_fu_9782_p2   |       xor|   0|  0|    2|           1|           1|
    |xor_ln194_262_fu_9806_p2   |       xor|   0|  0|    2|           1|           1|
    |xor_ln194_263_fu_9828_p2   |       xor|   0|  0|    2|           1|           1|
    |xor_ln194_264_fu_9852_p2   |       xor|   0|  0|    2|           1|           1|
    |xor_ln194_265_fu_9874_p2   |       xor|   0|  0|    2|           1|           1|
    |xor_ln194_266_fu_9898_p2   |       xor|   0|  0|    2|           1|           1|
    |xor_ln194_267_fu_9920_p2   |       xor|   0|  0|    2|           1|           1|
    |xor_ln194_268_fu_9944_p2   |       xor|   0|  0|    2|           1|           1|
    |xor_ln194_269_fu_9966_p2   |       xor|   0|  0|    2|           1|           1|
    |xor_ln194_26_fu_4378_p2    |       xor|   0|  0|    2|           1|           1|
    |xor_ln194_270_fu_9990_p2   |       xor|   0|  0|    2|           1|           1|
    |xor_ln194_271_fu_10012_p2  |       xor|   0|  0|    2|           1|           1|
    |xor_ln194_272_fu_10036_p2  |       xor|   0|  0|    2|           1|           1|
    |xor_ln194_273_fu_10058_p2  |       xor|   0|  0|    2|           1|           1|
    |xor_ln194_274_fu_10082_p2  |       xor|   0|  0|    2|           1|           1|
    |xor_ln194_275_fu_10104_p2  |       xor|   0|  0|    2|           1|           1|
    |xor_ln194_276_fu_10128_p2  |       xor|   0|  0|    2|           1|           1|
    |xor_ln194_277_fu_10150_p2  |       xor|   0|  0|    2|           1|           1|
    |xor_ln194_278_fu_10174_p2  |       xor|   0|  0|    2|           1|           1|
    |xor_ln194_279_fu_10196_p2  |       xor|   0|  0|    2|           1|           1|
    |xor_ln194_27_fu_4400_p2    |       xor|   0|  0|    2|           1|           1|
    |xor_ln194_280_fu_10220_p2  |       xor|   0|  0|    2|           1|           1|
    |xor_ln194_281_fu_10242_p2  |       xor|   0|  0|    2|           1|           1|
    |xor_ln194_282_fu_10266_p2  |       xor|   0|  0|    2|           1|           1|
    |xor_ln194_283_fu_10288_p2  |       xor|   0|  0|    2|           1|           1|
    |xor_ln194_284_fu_10312_p2  |       xor|   0|  0|    2|           1|           1|
    |xor_ln194_285_fu_10334_p2  |       xor|   0|  0|    2|           1|           1|
    |xor_ln194_286_fu_10358_p2  |       xor|   0|  0|    2|           1|           1|
    |xor_ln194_287_fu_10380_p2  |       xor|   0|  0|    2|           1|           1|
    |xor_ln194_288_fu_10404_p2  |       xor|   0|  0|    2|           1|           1|
    |xor_ln194_289_fu_10426_p2  |       xor|   0|  0|    2|           1|           1|
    |xor_ln194_28_fu_4424_p2    |       xor|   0|  0|    2|           1|           1|
    |xor_ln194_290_fu_10450_p2  |       xor|   0|  0|    2|           1|           1|
    |xor_ln194_291_fu_10472_p2  |       xor|   0|  0|    2|           1|           1|
    |xor_ln194_292_fu_10496_p2  |       xor|   0|  0|    2|           1|           1|
    |xor_ln194_293_fu_10518_p2  |       xor|   0|  0|    2|           1|           1|
    |xor_ln194_294_fu_10542_p2  |       xor|   0|  0|    2|           1|           1|
    |xor_ln194_295_fu_10564_p2  |       xor|   0|  0|    2|           1|           1|
    |xor_ln194_296_fu_10588_p2  |       xor|   0|  0|    2|           1|           1|
    |xor_ln194_297_fu_10610_p2  |       xor|   0|  0|    2|           1|           1|
    |xor_ln194_298_fu_10634_p2  |       xor|   0|  0|    2|           1|           1|
    |xor_ln194_299_fu_10656_p2  |       xor|   0|  0|    2|           1|           1|
    |xor_ln194_29_fu_4446_p2    |       xor|   0|  0|    2|           1|           1|
    |xor_ln194_2_fu_3826_p2     |       xor|   0|  0|    2|           1|           1|
    |xor_ln194_300_fu_10680_p2  |       xor|   0|  0|    2|           1|           1|
    |xor_ln194_301_fu_10702_p2  |       xor|   0|  0|    2|           1|           1|
    |xor_ln194_302_fu_10726_p2  |       xor|   0|  0|    2|           1|           1|
    |xor_ln194_303_fu_10748_p2  |       xor|   0|  0|    2|           1|           1|
    |xor_ln194_304_fu_10772_p2  |       xor|   0|  0|    2|           1|           1|
    |xor_ln194_305_fu_10794_p2  |       xor|   0|  0|    2|           1|           1|
    |xor_ln194_306_fu_10818_p2  |       xor|   0|  0|    2|           1|           1|
    |xor_ln194_307_fu_10840_p2  |       xor|   0|  0|    2|           1|           1|
    |xor_ln194_308_fu_10864_p2  |       xor|   0|  0|    2|           1|           1|
    |xor_ln194_309_fu_10886_p2  |       xor|   0|  0|    2|           1|           1|
    |xor_ln194_30_fu_4470_p2    |       xor|   0|  0|    2|           1|           1|
    |xor_ln194_310_fu_10910_p2  |       xor|   0|  0|    2|           1|           1|
    |xor_ln194_311_fu_10932_p2  |       xor|   0|  0|    2|           1|           1|
    |xor_ln194_312_fu_10956_p2  |       xor|   0|  0|    2|           1|           1|
    |xor_ln194_313_fu_10978_p2  |       xor|   0|  0|    2|           1|           1|
    |xor_ln194_314_fu_11002_p2  |       xor|   0|  0|    2|           1|           1|
    |xor_ln194_315_fu_11024_p2  |       xor|   0|  0|    2|           1|           1|
    |xor_ln194_316_fu_11048_p2  |       xor|   0|  0|    2|           1|           1|
    |xor_ln194_317_fu_11070_p2  |       xor|   0|  0|    2|           1|           1|
    |xor_ln194_318_fu_11094_p2  |       xor|   0|  0|    2|           1|           1|
    |xor_ln194_319_fu_11116_p2  |       xor|   0|  0|    2|           1|           1|
    |xor_ln194_31_fu_4492_p2    |       xor|   0|  0|    2|           1|           1|
    |xor_ln194_320_fu_11140_p2  |       xor|   0|  0|    2|           1|           1|
    |xor_ln194_321_fu_11162_p2  |       xor|   0|  0|    2|           1|           1|
    |xor_ln194_322_fu_11186_p2  |       xor|   0|  0|    2|           1|           1|
    |xor_ln194_323_fu_11208_p2  |       xor|   0|  0|    2|           1|           1|
    |xor_ln194_324_fu_11232_p2  |       xor|   0|  0|    2|           1|           1|
    |xor_ln194_325_fu_11254_p2  |       xor|   0|  0|    2|           1|           1|
    |xor_ln194_326_fu_11278_p2  |       xor|   0|  0|    2|           1|           1|
    |xor_ln194_327_fu_11300_p2  |       xor|   0|  0|    2|           1|           1|
    |xor_ln194_328_fu_11324_p2  |       xor|   0|  0|    2|           1|           1|
    |xor_ln194_329_fu_11346_p2  |       xor|   0|  0|    2|           1|           1|
    |xor_ln194_32_fu_4516_p2    |       xor|   0|  0|    2|           1|           1|
    |xor_ln194_330_fu_11370_p2  |       xor|   0|  0|    2|           1|           1|
    |xor_ln194_331_fu_11392_p2  |       xor|   0|  0|    2|           1|           1|
    |xor_ln194_332_fu_11416_p2  |       xor|   0|  0|    2|           1|           1|
    |xor_ln194_333_fu_11438_p2  |       xor|   0|  0|    2|           1|           1|
    |xor_ln194_334_fu_11462_p2  |       xor|   0|  0|    2|           1|           1|
    |xor_ln194_335_fu_11484_p2  |       xor|   0|  0|    2|           1|           1|
    |xor_ln194_336_fu_11508_p2  |       xor|   0|  0|    2|           1|           1|
    |xor_ln194_337_fu_11530_p2  |       xor|   0|  0|    2|           1|           1|
    |xor_ln194_338_fu_11554_p2  |       xor|   0|  0|    2|           1|           1|
    |xor_ln194_339_fu_11576_p2  |       xor|   0|  0|    2|           1|           1|
    |xor_ln194_33_fu_4538_p2    |       xor|   0|  0|    2|           1|           1|
    |xor_ln194_340_fu_11600_p2  |       xor|   0|  0|    2|           1|           1|
    |xor_ln194_341_fu_11622_p2  |       xor|   0|  0|    2|           1|           1|
    |xor_ln194_342_fu_11646_p2  |       xor|   0|  0|    2|           1|           1|
    |xor_ln194_343_fu_11668_p2  |       xor|   0|  0|    2|           1|           1|
    |xor_ln194_344_fu_11692_p2  |       xor|   0|  0|    2|           1|           1|
    |xor_ln194_345_fu_11714_p2  |       xor|   0|  0|    2|           1|           1|
    |xor_ln194_346_fu_11738_p2  |       xor|   0|  0|    2|           1|           1|
    |xor_ln194_347_fu_11760_p2  |       xor|   0|  0|    2|           1|           1|
    |xor_ln194_348_fu_11784_p2  |       xor|   0|  0|    2|           1|           1|
    |xor_ln194_349_fu_11806_p2  |       xor|   0|  0|    2|           1|           1|
    |xor_ln194_34_fu_4562_p2    |       xor|   0|  0|    2|           1|           1|
    |xor_ln194_350_fu_11830_p2  |       xor|   0|  0|    2|           1|           1|
    |xor_ln194_35_fu_4584_p2    |       xor|   0|  0|    2|           1|           1|
    |xor_ln194_36_fu_4608_p2    |       xor|   0|  0|    2|           1|           1|
    |xor_ln194_37_fu_4630_p2    |       xor|   0|  0|    2|           1|           1|
    |xor_ln194_38_fu_4654_p2    |       xor|   0|  0|    2|           1|           1|
    |xor_ln194_39_fu_4676_p2    |       xor|   0|  0|    2|           1|           1|
    |xor_ln194_3_fu_3848_p2     |       xor|   0|  0|    2|           1|           1|
    |xor_ln194_40_fu_4700_p2    |       xor|   0|  0|    2|           1|           1|
    |xor_ln194_41_fu_4722_p2    |       xor|   0|  0|    2|           1|           1|
    |xor_ln194_42_fu_4746_p2    |       xor|   0|  0|    2|           1|           1|
    |xor_ln194_43_fu_4768_p2    |       xor|   0|  0|    2|           1|           1|
    |xor_ln194_44_fu_4792_p2    |       xor|   0|  0|    2|           1|           1|
    |xor_ln194_45_fu_4814_p2    |       xor|   0|  0|    2|           1|           1|
    |xor_ln194_46_fu_4838_p2    |       xor|   0|  0|    2|           1|           1|
    |xor_ln194_47_fu_4860_p2    |       xor|   0|  0|    2|           1|           1|
    |xor_ln194_48_fu_4884_p2    |       xor|   0|  0|    2|           1|           1|
    |xor_ln194_49_fu_4906_p2    |       xor|   0|  0|    2|           1|           1|
    |xor_ln194_4_fu_3872_p2     |       xor|   0|  0|    2|           1|           1|
    |xor_ln194_50_fu_4930_p2    |       xor|   0|  0|    2|           1|           1|
    |xor_ln194_51_fu_4952_p2    |       xor|   0|  0|    2|           1|           1|
    |xor_ln194_52_fu_4976_p2    |       xor|   0|  0|    2|           1|           1|
    |xor_ln194_53_fu_4998_p2    |       xor|   0|  0|    2|           1|           1|
    |xor_ln194_54_fu_5022_p2    |       xor|   0|  0|    2|           1|           1|
    |xor_ln194_55_fu_5044_p2    |       xor|   0|  0|    2|           1|           1|
    |xor_ln194_56_fu_5068_p2    |       xor|   0|  0|    2|           1|           1|
    |xor_ln194_57_fu_5090_p2    |       xor|   0|  0|    2|           1|           1|
    |xor_ln194_58_fu_5114_p2    |       xor|   0|  0|    2|           1|           1|
    |xor_ln194_59_fu_5136_p2    |       xor|   0|  0|    2|           1|           1|
    |xor_ln194_5_fu_3894_p2     |       xor|   0|  0|    2|           1|           1|
    |xor_ln194_60_fu_5160_p2    |       xor|   0|  0|    2|           1|           1|
    |xor_ln194_61_fu_5182_p2    |       xor|   0|  0|    2|           1|           1|
    |xor_ln194_62_fu_5206_p2    |       xor|   0|  0|    2|           1|           1|
    |xor_ln194_63_fu_5228_p2    |       xor|   0|  0|    2|           1|           1|
    |xor_ln194_64_fu_5252_p2    |       xor|   0|  0|    2|           1|           1|
    |xor_ln194_65_fu_5274_p2    |       xor|   0|  0|    2|           1|           1|
    |xor_ln194_66_fu_5298_p2    |       xor|   0|  0|    2|           1|           1|
    |xor_ln194_67_fu_5320_p2    |       xor|   0|  0|    2|           1|           1|
    |xor_ln194_68_fu_5344_p2    |       xor|   0|  0|    2|           1|           1|
    |xor_ln194_69_fu_5366_p2    |       xor|   0|  0|    2|           1|           1|
    |xor_ln194_6_fu_3918_p2     |       xor|   0|  0|    2|           1|           1|
    |xor_ln194_70_fu_5390_p2    |       xor|   0|  0|    2|           1|           1|
    |xor_ln194_71_fu_5412_p2    |       xor|   0|  0|    2|           1|           1|
    |xor_ln194_72_fu_5436_p2    |       xor|   0|  0|    2|           1|           1|
    |xor_ln194_73_fu_5458_p2    |       xor|   0|  0|    2|           1|           1|
    |xor_ln194_74_fu_5482_p2    |       xor|   0|  0|    2|           1|           1|
    |xor_ln194_75_fu_5504_p2    |       xor|   0|  0|    2|           1|           1|
    |xor_ln194_76_fu_5528_p2    |       xor|   0|  0|    2|           1|           1|
    |xor_ln194_77_fu_5550_p2    |       xor|   0|  0|    2|           1|           1|
    |xor_ln194_78_fu_5574_p2    |       xor|   0|  0|    2|           1|           1|
    |xor_ln194_79_fu_5596_p2    |       xor|   0|  0|    2|           1|           1|
    |xor_ln194_7_fu_3940_p2     |       xor|   0|  0|    2|           1|           1|
    |xor_ln194_80_fu_5620_p2    |       xor|   0|  0|    2|           1|           1|
    |xor_ln194_81_fu_5642_p2    |       xor|   0|  0|    2|           1|           1|
    |xor_ln194_82_fu_5666_p2    |       xor|   0|  0|    2|           1|           1|
    |xor_ln194_83_fu_5688_p2    |       xor|   0|  0|    2|           1|           1|
    |xor_ln194_84_fu_5712_p2    |       xor|   0|  0|    2|           1|           1|
    |xor_ln194_85_fu_5734_p2    |       xor|   0|  0|    2|           1|           1|
    |xor_ln194_86_fu_5758_p2    |       xor|   0|  0|    2|           1|           1|
    |xor_ln194_87_fu_5780_p2    |       xor|   0|  0|    2|           1|           1|
    |xor_ln194_88_fu_5804_p2    |       xor|   0|  0|    2|           1|           1|
    |xor_ln194_89_fu_5826_p2    |       xor|   0|  0|    2|           1|           1|
    |xor_ln194_8_fu_3964_p2     |       xor|   0|  0|    2|           1|           1|
    |xor_ln194_90_fu_5850_p2    |       xor|   0|  0|    2|           1|           1|
    |xor_ln194_91_fu_5872_p2    |       xor|   0|  0|    2|           1|           1|
    |xor_ln194_92_fu_5896_p2    |       xor|   0|  0|    2|           1|           1|
    |xor_ln194_93_fu_5918_p2    |       xor|   0|  0|    2|           1|           1|
    |xor_ln194_94_fu_5942_p2    |       xor|   0|  0|    2|           1|           1|
    |xor_ln194_95_fu_5964_p2    |       xor|   0|  0|    2|           1|           1|
    |xor_ln194_96_fu_5988_p2    |       xor|   0|  0|    2|           1|           1|
    |xor_ln194_97_fu_6010_p2    |       xor|   0|  0|    2|           1|           1|
    |xor_ln194_98_fu_6034_p2    |       xor|   0|  0|    2|           1|           1|
    |xor_ln194_99_fu_6056_p2    |       xor|   0|  0|    2|           1|           1|
    |xor_ln194_9_fu_3986_p2     |       xor|   0|  0|    2|           1|           1|
    |xor_ln194_fu_3774_p2       |       xor|   0|  0|    2|           1|           1|
    +---------------------------+----------+----+---+-----+------------+------------+
    |Total                      |          |   0|  0|51247|       29917|       45751|
    +---------------------------+----------+----+---+-----+------------+------------+

    * Multiplexer: 
    +-----------+-----+-----------+-----+-----------+
    |    Name   | LUT | Input Size| Bits| Total Bits|
    +-----------+-----+-----------+-----+-----------+
    |ap_NS_fsm  |  952|        180|    1|        180|
    |ap_return  |    9|          2|   40|         80|
    +-----------+-----+-----------+-----+-----------+
    |Total      |  961|        182|   41|        260|
    +-----------+-----+-----------+-----+-----------+

    * Register: 
    +------------------------+-----+----+-----+-----------+
    |          Name          |  FF | LUT| Bits| Const Bits|
    +------------------------+-----+----+-----+-----------+
    |add_ln183_13_reg_12718  |   40|   0|   40|          0|
    |add_ln183_15_reg_12043  |   40|   0|   40|          0|
    |add_ln183_16_reg_12723  |   40|   0|   40|          0|
    |add_ln183_18_reg_12728  |   40|   0|   40|          0|
    |add_ln183_21_reg_12048  |   40|   0|   40|          0|
    |add_ln183_22_reg_12733  |   40|   0|   40|          0|
    |add_ln183_25_reg_12738  |   40|   0|   40|          0|
    |add_ln183_3_reg_12703   |   40|   0|   40|          0|
    |add_ln183_5_reg_12708   |   40|   0|   40|          0|
    |add_ln183_8_reg_12038   |   40|   0|   40|          0|
    |add_ln183_9_reg_12713   |   40|   0|   40|          0|
    |add_ln183_reg_12698     |   40|   0|   40|          0|
    |ap_CS_fsm               |  179|   0|  179|          0|
    |ap_return_preg          |   40|   0|   40|          0|
    |e_1001_reg_13740        |   40|   0|   40|          0|
    |e_1007_reg_13746        |   40|   0|   40|          0|
    |e_1013_reg_13752        |   40|   0|   40|          0|
    |e_1019_reg_13758        |   40|   0|   40|          0|
    |e_101_reg_12840         |   40|   0|   40|          0|
    |e_1025_reg_13764        |   40|   0|   40|          0|
    |e_1031_reg_13770        |   40|   0|   40|          0|
    |e_1037_reg_13776        |   40|   0|   40|          0|
    |e_1043_reg_13782        |   40|   0|   40|          0|
    |e_1049_reg_13788        |   40|   0|   40|          0|
    |e_107_reg_12846         |   40|   0|   40|          0|
    |e_113_reg_12852         |   40|   0|   40|          0|
    |e_119_reg_12858         |   40|   0|   40|          0|
    |e_11_reg_12750          |   40|   0|   40|          0|
    |e_125_reg_12864         |   40|   0|   40|          0|
    |e_131_reg_12870         |   40|   0|   40|          0|
    |e_137_reg_12876         |   40|   0|   40|          0|
    |e_143_reg_12882         |   40|   0|   40|          0|
    |e_149_reg_12888         |   40|   0|   40|          0|
    |e_155_reg_12894         |   40|   0|   40|          0|
    |e_161_reg_12900         |   40|   0|   40|          0|
    |e_167_reg_12906         |   40|   0|   40|          0|
    |e_173_reg_12912         |   40|   0|   40|          0|
    |e_179_reg_12918         |   40|   0|   40|          0|
    |e_17_reg_12756          |   40|   0|   40|          0|
    |e_185_reg_12924         |   40|   0|   40|          0|
    |e_191_reg_12930         |   40|   0|   40|          0|
    |e_197_reg_12936         |   40|   0|   40|          0|
    |e_203_reg_12942         |   40|   0|   40|          0|
    |e_209_reg_12948         |   40|   0|   40|          0|
    |e_215_reg_12954         |   40|   0|   40|          0|
    |e_221_reg_12960         |   40|   0|   40|          0|
    |e_227_reg_12966         |   40|   0|   40|          0|
    |e_233_reg_12972         |   40|   0|   40|          0|
    |e_239_reg_12978         |   40|   0|   40|          0|
    |e_23_reg_12762          |   40|   0|   40|          0|
    |e_245_reg_12984         |   40|   0|   40|          0|
    |e_251_reg_12990         |   40|   0|   40|          0|
    |e_257_reg_12996         |   40|   0|   40|          0|
    |e_263_reg_13002         |   40|   0|   40|          0|
    |e_269_reg_13008         |   40|   0|   40|          0|
    |e_275_reg_13014         |   40|   0|   40|          0|
    |e_281_reg_13020         |   40|   0|   40|          0|
    |e_287_reg_13026         |   40|   0|   40|          0|
    |e_293_reg_13032         |   40|   0|   40|          0|
    |e_299_reg_13038         |   40|   0|   40|          0|
    |e_29_reg_12768          |   40|   0|   40|          0|
    |e_305_reg_13044         |   40|   0|   40|          0|
    |e_311_reg_13050         |   40|   0|   40|          0|
    |e_317_reg_13056         |   40|   0|   40|          0|
    |e_323_reg_13062         |   40|   0|   40|          0|
    |e_329_reg_13068         |   40|   0|   40|          0|
    |e_335_reg_13074         |   40|   0|   40|          0|
    |e_341_reg_13080         |   40|   0|   40|          0|
    |e_347_reg_13086         |   40|   0|   40|          0|
    |e_353_reg_13092         |   40|   0|   40|          0|
    |e_359_reg_13098         |   40|   0|   40|          0|
    |e_35_reg_12774          |   40|   0|   40|          0|
    |e_365_reg_13104         |   40|   0|   40|          0|
    |e_371_reg_13110         |   40|   0|   40|          0|
    |e_377_reg_13116         |   40|   0|   40|          0|
    |e_383_reg_13122         |   40|   0|   40|          0|
    |e_389_reg_13128         |   40|   0|   40|          0|
    |e_395_reg_13134         |   40|   0|   40|          0|
    |e_401_reg_13140         |   40|   0|   40|          0|
    |e_407_reg_13146         |   40|   0|   40|          0|
    |e_413_reg_13152         |   40|   0|   40|          0|
    |e_419_reg_13158         |   40|   0|   40|          0|
    |e_41_reg_12780          |   40|   0|   40|          0|
    |e_425_reg_13164         |   40|   0|   40|          0|
    |e_431_reg_13170         |   40|   0|   40|          0|
    |e_437_reg_13176         |   40|   0|   40|          0|
    |e_443_reg_13182         |   40|   0|   40|          0|
    |e_449_reg_13188         |   40|   0|   40|          0|
    |e_455_reg_13194         |   40|   0|   40|          0|
    |e_461_reg_13200         |   40|   0|   40|          0|
    |e_467_reg_13206         |   40|   0|   40|          0|
    |e_473_reg_13212         |   40|   0|   40|          0|
    |e_479_reg_13218         |   40|   0|   40|          0|
    |e_47_reg_12786          |   40|   0|   40|          0|
    |e_485_reg_13224         |   40|   0|   40|          0|
    |e_491_reg_13230         |   40|   0|   40|          0|
    |e_497_reg_13236         |   40|   0|   40|          0|
    |e_503_reg_13242         |   40|   0|   40|          0|
    |e_509_reg_13248         |   40|   0|   40|          0|
    |e_515_reg_13254         |   40|   0|   40|          0|
    |e_521_reg_13260         |   40|   0|   40|          0|
    |e_527_reg_13266         |   40|   0|   40|          0|
    |e_533_reg_13272         |   40|   0|   40|          0|
    |e_539_reg_13278         |   40|   0|   40|          0|
    |e_53_reg_12792          |   40|   0|   40|          0|
    |e_545_reg_13284         |   40|   0|   40|          0|
    |e_551_reg_13290         |   40|   0|   40|          0|
    |e_557_reg_13296         |   40|   0|   40|          0|
    |e_563_reg_13302         |   40|   0|   40|          0|
    |e_569_reg_13308         |   40|   0|   40|          0|
    |e_575_reg_13314         |   40|   0|   40|          0|
    |e_581_reg_13320         |   40|   0|   40|          0|
    |e_587_reg_13326         |   40|   0|   40|          0|
    |e_593_reg_13332         |   40|   0|   40|          0|
    |e_599_reg_13338         |   40|   0|   40|          0|
    |e_59_reg_12798          |   40|   0|   40|          0|
    |e_5_reg_12744           |   40|   0|   40|          0|
    |e_605_reg_13344         |   40|   0|   40|          0|
    |e_611_reg_13350         |   40|   0|   40|          0|
    |e_617_reg_13356         |   40|   0|   40|          0|
    |e_623_reg_13362         |   40|   0|   40|          0|
    |e_629_reg_13368         |   40|   0|   40|          0|
    |e_635_reg_13374         |   40|   0|   40|          0|
    |e_641_reg_13380         |   40|   0|   40|          0|
    |e_647_reg_13386         |   40|   0|   40|          0|
    |e_653_reg_13392         |   40|   0|   40|          0|
    |e_659_reg_13398         |   40|   0|   40|          0|
    |e_65_reg_12804          |   40|   0|   40|          0|
    |e_665_reg_13404         |   40|   0|   40|          0|
    |e_671_reg_13410         |   40|   0|   40|          0|
    |e_677_reg_13416         |   40|   0|   40|          0|
    |e_683_reg_13422         |   40|   0|   40|          0|
    |e_689_reg_13428         |   40|   0|   40|          0|
    |e_695_reg_13434         |   40|   0|   40|          0|
    |e_701_reg_13440         |   40|   0|   40|          0|
    |e_707_reg_13446         |   40|   0|   40|          0|
    |e_713_reg_13452         |   40|   0|   40|          0|
    |e_719_reg_13458         |   40|   0|   40|          0|
    |e_71_reg_12810          |   40|   0|   40|          0|
    |e_725_reg_13464         |   40|   0|   40|          0|
    |e_731_reg_13470         |   40|   0|   40|          0|
    |e_737_reg_13476         |   40|   0|   40|          0|
    |e_743_reg_13482         |   40|   0|   40|          0|
    |e_749_reg_13488         |   40|   0|   40|          0|
    |e_755_reg_13494         |   40|   0|   40|          0|
    |e_761_reg_13500         |   40|   0|   40|          0|
    |e_767_reg_13506         |   40|   0|   40|          0|
    |e_773_reg_13512         |   40|   0|   40|          0|
    |e_779_reg_13518         |   40|   0|   40|          0|
    |e_77_reg_12816          |   40|   0|   40|          0|
    |e_785_reg_13524         |   40|   0|   40|          0|
    |e_791_reg_13530         |   40|   0|   40|          0|
    |e_797_reg_13536         |   40|   0|   40|          0|
    |e_803_reg_13542         |   40|   0|   40|          0|
    |e_809_reg_13548         |   40|   0|   40|          0|
    |e_815_reg_13554         |   40|   0|   40|          0|
    |e_821_reg_13560         |   40|   0|   40|          0|
    |e_827_reg_13566         |   40|   0|   40|          0|
    |e_833_reg_13572         |   40|   0|   40|          0|
    |e_839_reg_13578         |   40|   0|   40|          0|
    |e_83_reg_12822          |   40|   0|   40|          0|
    |e_845_reg_13584         |   40|   0|   40|          0|
    |e_851_reg_13590         |   40|   0|   40|          0|
    |e_857_reg_13596         |   40|   0|   40|          0|
    |e_863_reg_13602         |   40|   0|   40|          0|
    |e_869_reg_13608         |   40|   0|   40|          0|
    |e_875_reg_13614         |   40|   0|   40|          0|
    |e_881_reg_13620         |   40|   0|   40|          0|
    |e_887_reg_13626         |   40|   0|   40|          0|
    |e_893_reg_13632         |   40|   0|   40|          0|
    |e_899_reg_13638         |   40|   0|   40|          0|
    |e_89_reg_12828          |   40|   0|   40|          0|
    |e_905_reg_13644         |   40|   0|   40|          0|
    |e_911_reg_13650         |   40|   0|   40|          0|
    |e_917_reg_13656         |   40|   0|   40|          0|
    |e_923_reg_13662         |   40|   0|   40|          0|
    |e_929_reg_13668         |   40|   0|   40|          0|
    |e_935_reg_13674         |   40|   0|   40|          0|
    |e_941_reg_13680         |   40|   0|   40|          0|
    |e_947_reg_13686         |   40|   0|   40|          0|
    |e_953_reg_13692         |   40|   0|   40|          0|
    |e_959_reg_13698         |   40|   0|   40|          0|
    |e_95_reg_12834          |   40|   0|   40|          0|
    |e_965_reg_13704         |   40|   0|   40|          0|
    |e_971_reg_13710         |   40|   0|   40|          0|
    |e_977_reg_13716         |   40|   0|   40|          0|
    |e_983_reg_13722         |   40|   0|   40|          0|
    |e_989_reg_13728         |   40|   0|   40|          0|
    |e_995_reg_13734         |   40|   0|   40|          0|
    |term_20_reg_12688       |   40|   0|   40|          0|
    |term_24_reg_12693       |   40|   0|   40|          0|
    |term_8_reg_12683        |   40|   0|   40|          0|
    +------------------------+-----+----+-----+-----------+
    |Total                   | 7819|   0| 7819|          0|
    +------------------------+-----+----+-----+-----------+



================================================================
== Interface
================================================================
* Summary: 
+-------------+-----+-----+------------+----------------------+--------------+
|  RTL Ports  | Dir | Bits|  Protocol  |     Source Object    |    C Type    |
+-------------+-----+-----+------------+----------------------+--------------+
|ap_clk       |   in|    1|  ap_ctrl_hs|  uniform_delta_energy|  return value|
|ap_rst       |   in|    1|  ap_ctrl_hs|  uniform_delta_energy|  return value|
|ap_start     |   in|    1|  ap_ctrl_hs|  uniform_delta_energy|  return value|
|ap_done      |  out|    1|  ap_ctrl_hs|  uniform_delta_energy|  return value|
|ap_idle      |  out|    1|  ap_ctrl_hs|  uniform_delta_energy|  return value|
|ap_ready     |  out|    1|  ap_ctrl_hs|  uniform_delta_energy|  return value|
|ap_return    |  out|   40|  ap_ctrl_hs|  uniform_delta_energy|  return value|
|J_0_1_val    |   in|   40|     ap_none|             J_0_1_val|        scalar|
|J_0_2_val    |   in|   40|     ap_none|             J_0_2_val|        scalar|
|J_0_3_val    |   in|   40|     ap_none|             J_0_3_val|        scalar|
|J_0_4_val    |   in|   40|     ap_none|             J_0_4_val|        scalar|
|J_0_5_val    |   in|   40|     ap_none|             J_0_5_val|        scalar|
|J_0_6_val    |   in|   40|     ap_none|             J_0_6_val|        scalar|
|J_0_7_val    |   in|   40|     ap_none|             J_0_7_val|        scalar|
|J_0_8_val    |   in|   40|     ap_none|             J_0_8_val|        scalar|
|J_0_9_val    |   in|   40|     ap_none|             J_0_9_val|        scalar|
|J_0_10_val   |   in|   40|     ap_none|            J_0_10_val|        scalar|
|J_0_11_val   |   in|   40|     ap_none|            J_0_11_val|        scalar|
|J_0_12_val   |   in|   40|     ap_none|            J_0_12_val|        scalar|
|J_0_13_val   |   in|   40|     ap_none|            J_0_13_val|        scalar|
|J_0_14_val   |   in|   40|     ap_none|            J_0_14_val|        scalar|
|J_0_15_val   |   in|   40|     ap_none|            J_0_15_val|        scalar|
|J_0_16_val   |   in|   40|     ap_none|            J_0_16_val|        scalar|
|J_0_17_val   |   in|   40|     ap_none|            J_0_17_val|        scalar|
|J_0_18_val   |   in|   40|     ap_none|            J_0_18_val|        scalar|
|J_0_19_val   |   in|   40|     ap_none|            J_0_19_val|        scalar|
|J_0_20_val   |   in|   40|     ap_none|            J_0_20_val|        scalar|
|J_0_21_val   |   in|   40|     ap_none|            J_0_21_val|        scalar|
|J_0_22_val   |   in|   40|     ap_none|            J_0_22_val|        scalar|
|J_0_23_val   |   in|   40|     ap_none|            J_0_23_val|        scalar|
|J_0_24_val   |   in|   40|     ap_none|            J_0_24_val|        scalar|
|J_0_25_val   |   in|   40|     ap_none|            J_0_25_val|        scalar|
|J_0_26_val   |   in|   40|     ap_none|            J_0_26_val|        scalar|
|J_1_2_val    |   in|   40|     ap_none|             J_1_2_val|        scalar|
|J_1_3_val    |   in|   40|     ap_none|             J_1_3_val|        scalar|
|J_1_4_val    |   in|   40|     ap_none|             J_1_4_val|        scalar|
|J_1_5_val    |   in|   40|     ap_none|             J_1_5_val|        scalar|
|J_1_6_val    |   in|   40|     ap_none|             J_1_6_val|        scalar|
|J_1_7_val    |   in|   40|     ap_none|             J_1_7_val|        scalar|
|J_1_8_val    |   in|   40|     ap_none|             J_1_8_val|        scalar|
|J_1_9_val    |   in|   40|     ap_none|             J_1_9_val|        scalar|
|J_1_10_val   |   in|   40|     ap_none|            J_1_10_val|        scalar|
|J_1_11_val   |   in|   40|     ap_none|            J_1_11_val|        scalar|
|J_1_12_val   |   in|   40|     ap_none|            J_1_12_val|        scalar|
|J_1_13_val   |   in|   40|     ap_none|            J_1_13_val|        scalar|
|J_1_14_val   |   in|   40|     ap_none|            J_1_14_val|        scalar|
|J_1_15_val   |   in|   40|     ap_none|            J_1_15_val|        scalar|
|J_1_16_val   |   in|   40|     ap_none|            J_1_16_val|        scalar|
|J_1_17_val   |   in|   40|     ap_none|            J_1_17_val|        scalar|
|J_1_18_val   |   in|   40|     ap_none|            J_1_18_val|        scalar|
|J_1_19_val   |   in|   40|     ap_none|            J_1_19_val|        scalar|
|J_1_20_val   |   in|   40|     ap_none|            J_1_20_val|        scalar|
|J_1_21_val   |   in|   40|     ap_none|            J_1_21_val|        scalar|
|J_1_22_val   |   in|   40|     ap_none|            J_1_22_val|        scalar|
|J_1_23_val   |   in|   40|     ap_none|            J_1_23_val|        scalar|
|J_1_24_val   |   in|   40|     ap_none|            J_1_24_val|        scalar|
|J_1_25_val   |   in|   40|     ap_none|            J_1_25_val|        scalar|
|J_1_26_val   |   in|   40|     ap_none|            J_1_26_val|        scalar|
|J_2_3_val    |   in|   40|     ap_none|             J_2_3_val|        scalar|
|J_2_4_val    |   in|   40|     ap_none|             J_2_4_val|        scalar|
|J_2_5_val    |   in|   40|     ap_none|             J_2_5_val|        scalar|
|J_2_6_val    |   in|   40|     ap_none|             J_2_6_val|        scalar|
|J_2_7_val    |   in|   40|     ap_none|             J_2_7_val|        scalar|
|J_2_8_val    |   in|   40|     ap_none|             J_2_8_val|        scalar|
|J_2_9_val    |   in|   40|     ap_none|             J_2_9_val|        scalar|
|J_2_10_val   |   in|   40|     ap_none|            J_2_10_val|        scalar|
|J_2_11_val   |   in|   40|     ap_none|            J_2_11_val|        scalar|
|J_2_12_val   |   in|   40|     ap_none|            J_2_12_val|        scalar|
|J_2_13_val   |   in|   40|     ap_none|            J_2_13_val|        scalar|
|J_2_14_val   |   in|   40|     ap_none|            J_2_14_val|        scalar|
|J_2_15_val   |   in|   40|     ap_none|            J_2_15_val|        scalar|
|J_2_16_val   |   in|   40|     ap_none|            J_2_16_val|        scalar|
|J_2_17_val   |   in|   40|     ap_none|            J_2_17_val|        scalar|
|J_2_18_val   |   in|   40|     ap_none|            J_2_18_val|        scalar|
|J_2_19_val   |   in|   40|     ap_none|            J_2_19_val|        scalar|
|J_2_20_val   |   in|   40|     ap_none|            J_2_20_val|        scalar|
|J_2_21_val   |   in|   40|     ap_none|            J_2_21_val|        scalar|
|J_2_22_val   |   in|   40|     ap_none|            J_2_22_val|        scalar|
|J_2_23_val   |   in|   40|     ap_none|            J_2_23_val|        scalar|
|J_2_24_val   |   in|   40|     ap_none|            J_2_24_val|        scalar|
|J_2_25_val   |   in|   40|     ap_none|            J_2_25_val|        scalar|
|J_2_26_val   |   in|   40|     ap_none|            J_2_26_val|        scalar|
|J_3_4_val    |   in|   40|     ap_none|             J_3_4_val|        scalar|
|J_3_5_val    |   in|   40|     ap_none|             J_3_5_val|        scalar|
|J_3_6_val    |   in|   40|     ap_none|             J_3_6_val|        scalar|
|J_3_7_val    |   in|   40|     ap_none|             J_3_7_val|        scalar|
|J_3_8_val    |   in|   40|     ap_none|             J_3_8_val|        scalar|
|J_3_9_val    |   in|   40|     ap_none|             J_3_9_val|        scalar|
|J_3_10_val   |   in|   40|     ap_none|            J_3_10_val|        scalar|
|J_3_11_val   |   in|   40|     ap_none|            J_3_11_val|        scalar|
|J_3_12_val   |   in|   40|     ap_none|            J_3_12_val|        scalar|
|J_3_13_val   |   in|   40|     ap_none|            J_3_13_val|        scalar|
|J_3_14_val   |   in|   40|     ap_none|            J_3_14_val|        scalar|
|J_3_15_val   |   in|   40|     ap_none|            J_3_15_val|        scalar|
|J_3_16_val   |   in|   40|     ap_none|            J_3_16_val|        scalar|
|J_3_17_val   |   in|   40|     ap_none|            J_3_17_val|        scalar|
|J_3_18_val   |   in|   40|     ap_none|            J_3_18_val|        scalar|
|J_3_19_val   |   in|   40|     ap_none|            J_3_19_val|        scalar|
|J_3_20_val   |   in|   40|     ap_none|            J_3_20_val|        scalar|
|J_3_21_val   |   in|   40|     ap_none|            J_3_21_val|        scalar|
|J_3_22_val   |   in|   40|     ap_none|            J_3_22_val|        scalar|
|J_3_23_val   |   in|   40|     ap_none|            J_3_23_val|        scalar|
|J_3_24_val   |   in|   40|     ap_none|            J_3_24_val|        scalar|
|J_3_25_val   |   in|   40|     ap_none|            J_3_25_val|        scalar|
|J_3_26_val   |   in|   40|     ap_none|            J_3_26_val|        scalar|
|J_4_5_val    |   in|   40|     ap_none|             J_4_5_val|        scalar|
|J_4_6_val    |   in|   40|     ap_none|             J_4_6_val|        scalar|
|J_4_7_val    |   in|   40|     ap_none|             J_4_7_val|        scalar|
|J_4_8_val    |   in|   40|     ap_none|             J_4_8_val|        scalar|
|J_4_9_val    |   in|   40|     ap_none|             J_4_9_val|        scalar|
|J_4_10_val   |   in|   40|     ap_none|            J_4_10_val|        scalar|
|J_4_11_val   |   in|   40|     ap_none|            J_4_11_val|        scalar|
|J_4_12_val   |   in|   40|     ap_none|            J_4_12_val|        scalar|
|J_4_13_val   |   in|   40|     ap_none|            J_4_13_val|        scalar|
|J_4_14_val   |   in|   40|     ap_none|            J_4_14_val|        scalar|
|J_4_15_val   |   in|   40|     ap_none|            J_4_15_val|        scalar|
|J_4_16_val   |   in|   40|     ap_none|            J_4_16_val|        scalar|
|J_4_17_val   |   in|   40|     ap_none|            J_4_17_val|        scalar|
|J_4_18_val   |   in|   40|     ap_none|            J_4_18_val|        scalar|
|J_4_19_val   |   in|   40|     ap_none|            J_4_19_val|        scalar|
|J_4_20_val   |   in|   40|     ap_none|            J_4_20_val|        scalar|
|J_4_21_val   |   in|   40|     ap_none|            J_4_21_val|        scalar|
|J_4_22_val   |   in|   40|     ap_none|            J_4_22_val|        scalar|
|J_4_23_val   |   in|   40|     ap_none|            J_4_23_val|        scalar|
|J_4_24_val   |   in|   40|     ap_none|            J_4_24_val|        scalar|
|J_4_25_val   |   in|   40|     ap_none|            J_4_25_val|        scalar|
|J_4_26_val   |   in|   40|     ap_none|            J_4_26_val|        scalar|
|J_5_6_val    |   in|   40|     ap_none|             J_5_6_val|        scalar|
|J_5_7_val    |   in|   40|     ap_none|             J_5_7_val|        scalar|
|J_5_8_val    |   in|   40|     ap_none|             J_5_8_val|        scalar|
|J_5_9_val    |   in|   40|     ap_none|             J_5_9_val|        scalar|
|J_5_10_val   |   in|   40|     ap_none|            J_5_10_val|        scalar|
|J_5_11_val   |   in|   40|     ap_none|            J_5_11_val|        scalar|
|J_5_12_val   |   in|   40|     ap_none|            J_5_12_val|        scalar|
|J_5_13_val   |   in|   40|     ap_none|            J_5_13_val|        scalar|
|J_5_14_val   |   in|   40|     ap_none|            J_5_14_val|        scalar|
|J_5_15_val   |   in|   40|     ap_none|            J_5_15_val|        scalar|
|J_5_16_val   |   in|   40|     ap_none|            J_5_16_val|        scalar|
|J_5_17_val   |   in|   40|     ap_none|            J_5_17_val|        scalar|
|J_5_18_val   |   in|   40|     ap_none|            J_5_18_val|        scalar|
|J_5_19_val   |   in|   40|     ap_none|            J_5_19_val|        scalar|
|J_5_20_val   |   in|   40|     ap_none|            J_5_20_val|        scalar|
|J_5_21_val   |   in|   40|     ap_none|            J_5_21_val|        scalar|
|J_5_22_val   |   in|   40|     ap_none|            J_5_22_val|        scalar|
|J_5_23_val   |   in|   40|     ap_none|            J_5_23_val|        scalar|
|J_5_24_val   |   in|   40|     ap_none|            J_5_24_val|        scalar|
|J_5_25_val   |   in|   40|     ap_none|            J_5_25_val|        scalar|
|J_5_26_val   |   in|   40|     ap_none|            J_5_26_val|        scalar|
|J_6_7_val    |   in|   40|     ap_none|             J_6_7_val|        scalar|
|J_6_8_val    |   in|   40|     ap_none|             J_6_8_val|        scalar|
|J_6_9_val    |   in|   40|     ap_none|             J_6_9_val|        scalar|
|J_6_10_val   |   in|   40|     ap_none|            J_6_10_val|        scalar|
|J_6_11_val   |   in|   40|     ap_none|            J_6_11_val|        scalar|
|J_6_12_val   |   in|   40|     ap_none|            J_6_12_val|        scalar|
|J_6_13_val   |   in|   40|     ap_none|            J_6_13_val|        scalar|
|J_6_14_val   |   in|   40|     ap_none|            J_6_14_val|        scalar|
|J_6_15_val   |   in|   40|     ap_none|            J_6_15_val|        scalar|
|J_6_16_val   |   in|   40|     ap_none|            J_6_16_val|        scalar|
|J_6_17_val   |   in|   40|     ap_none|            J_6_17_val|        scalar|
|J_6_18_val   |   in|   40|     ap_none|            J_6_18_val|        scalar|
|J_6_19_val   |   in|   40|     ap_none|            J_6_19_val|        scalar|
|J_6_20_val   |   in|   40|     ap_none|            J_6_20_val|        scalar|
|J_6_21_val   |   in|   40|     ap_none|            J_6_21_val|        scalar|
|J_6_22_val   |   in|   40|     ap_none|            J_6_22_val|        scalar|
|J_6_23_val   |   in|   40|     ap_none|            J_6_23_val|        scalar|
|J_6_24_val   |   in|   40|     ap_none|            J_6_24_val|        scalar|
|J_6_25_val   |   in|   40|     ap_none|            J_6_25_val|        scalar|
|J_6_26_val   |   in|   40|     ap_none|            J_6_26_val|        scalar|
|J_7_8_val    |   in|   40|     ap_none|             J_7_8_val|        scalar|
|J_7_9_val    |   in|   40|     ap_none|             J_7_9_val|        scalar|
|J_7_10_val   |   in|   40|     ap_none|            J_7_10_val|        scalar|
|J_7_11_val   |   in|   40|     ap_none|            J_7_11_val|        scalar|
|J_7_12_val   |   in|   40|     ap_none|            J_7_12_val|        scalar|
|J_7_13_val   |   in|   40|     ap_none|            J_7_13_val|        scalar|
|J_7_14_val   |   in|   40|     ap_none|            J_7_14_val|        scalar|
|J_7_15_val   |   in|   40|     ap_none|            J_7_15_val|        scalar|
|J_7_16_val   |   in|   40|     ap_none|            J_7_16_val|        scalar|
|J_7_17_val   |   in|   40|     ap_none|            J_7_17_val|        scalar|
|J_7_18_val   |   in|   40|     ap_none|            J_7_18_val|        scalar|
|J_7_19_val   |   in|   40|     ap_none|            J_7_19_val|        scalar|
|J_7_20_val   |   in|   40|     ap_none|            J_7_20_val|        scalar|
|J_7_21_val   |   in|   40|     ap_none|            J_7_21_val|        scalar|
|J_7_22_val   |   in|   40|     ap_none|            J_7_22_val|        scalar|
|J_7_23_val   |   in|   40|     ap_none|            J_7_23_val|        scalar|
|J_7_24_val   |   in|   40|     ap_none|            J_7_24_val|        scalar|
|J_7_25_val   |   in|   40|     ap_none|            J_7_25_val|        scalar|
|J_7_26_val   |   in|   40|     ap_none|            J_7_26_val|        scalar|
|J_8_9_val    |   in|   40|     ap_none|             J_8_9_val|        scalar|
|J_8_10_val   |   in|   40|     ap_none|            J_8_10_val|        scalar|
|J_8_11_val   |   in|   40|     ap_none|            J_8_11_val|        scalar|
|J_8_12_val   |   in|   40|     ap_none|            J_8_12_val|        scalar|
|J_8_13_val   |   in|   40|     ap_none|            J_8_13_val|        scalar|
|J_8_14_val   |   in|   40|     ap_none|            J_8_14_val|        scalar|
|J_8_15_val   |   in|   40|     ap_none|            J_8_15_val|        scalar|
|J_8_16_val   |   in|   40|     ap_none|            J_8_16_val|        scalar|
|J_8_17_val   |   in|   40|     ap_none|            J_8_17_val|        scalar|
|J_8_18_val   |   in|   40|     ap_none|            J_8_18_val|        scalar|
|J_8_19_val   |   in|   40|     ap_none|            J_8_19_val|        scalar|
|J_8_20_val   |   in|   40|     ap_none|            J_8_20_val|        scalar|
|J_8_21_val   |   in|   40|     ap_none|            J_8_21_val|        scalar|
|J_8_22_val   |   in|   40|     ap_none|            J_8_22_val|        scalar|
|J_8_23_val   |   in|   40|     ap_none|            J_8_23_val|        scalar|
|J_8_24_val   |   in|   40|     ap_none|            J_8_24_val|        scalar|
|J_8_25_val   |   in|   40|     ap_none|            J_8_25_val|        scalar|
|J_8_26_val   |   in|   40|     ap_none|            J_8_26_val|        scalar|
|J_9_10_val   |   in|   40|     ap_none|            J_9_10_val|        scalar|
|J_9_11_val   |   in|   40|     ap_none|            J_9_11_val|        scalar|
|J_9_12_val   |   in|   40|     ap_none|            J_9_12_val|        scalar|
|J_9_13_val   |   in|   40|     ap_none|            J_9_13_val|        scalar|
|J_9_14_val   |   in|   40|     ap_none|            J_9_14_val|        scalar|
|J_9_15_val   |   in|   40|     ap_none|            J_9_15_val|        scalar|
|J_9_16_val   |   in|   40|     ap_none|            J_9_16_val|        scalar|
|J_9_17_val   |   in|   40|     ap_none|            J_9_17_val|        scalar|
|J_9_18_val   |   in|   40|     ap_none|            J_9_18_val|        scalar|
|J_9_19_val   |   in|   40|     ap_none|            J_9_19_val|        scalar|
|J_9_20_val   |   in|   40|     ap_none|            J_9_20_val|        scalar|
|J_9_21_val   |   in|   40|     ap_none|            J_9_21_val|        scalar|
|J_9_22_val   |   in|   40|     ap_none|            J_9_22_val|        scalar|
|J_9_23_val   |   in|   40|     ap_none|            J_9_23_val|        scalar|
|J_9_24_val   |   in|   40|     ap_none|            J_9_24_val|        scalar|
|J_9_25_val   |   in|   40|     ap_none|            J_9_25_val|        scalar|
|J_9_26_val   |   in|   40|     ap_none|            J_9_26_val|        scalar|
|J_10_11_val  |   in|   40|     ap_none|           J_10_11_val|        scalar|
|J_10_12_val  |   in|   40|     ap_none|           J_10_12_val|        scalar|
|J_10_13_val  |   in|   40|     ap_none|           J_10_13_val|        scalar|
|J_10_14_val  |   in|   40|     ap_none|           J_10_14_val|        scalar|
|J_10_15_val  |   in|   40|     ap_none|           J_10_15_val|        scalar|
|J_10_16_val  |   in|   40|     ap_none|           J_10_16_val|        scalar|
|J_10_17_val  |   in|   40|     ap_none|           J_10_17_val|        scalar|
|J_10_18_val  |   in|   40|     ap_none|           J_10_18_val|        scalar|
|J_10_19_val  |   in|   40|     ap_none|           J_10_19_val|        scalar|
|J_10_20_val  |   in|   40|     ap_none|           J_10_20_val|        scalar|
|J_10_21_val  |   in|   40|     ap_none|           J_10_21_val|        scalar|
|J_10_22_val  |   in|   40|     ap_none|           J_10_22_val|        scalar|
|J_10_23_val  |   in|   40|     ap_none|           J_10_23_val|        scalar|
|J_10_24_val  |   in|   40|     ap_none|           J_10_24_val|        scalar|
|J_10_25_val  |   in|   40|     ap_none|           J_10_25_val|        scalar|
|J_10_26_val  |   in|   40|     ap_none|           J_10_26_val|        scalar|
|J_11_12_val  |   in|   40|     ap_none|           J_11_12_val|        scalar|
|J_11_13_val  |   in|   40|     ap_none|           J_11_13_val|        scalar|
|J_11_14_val  |   in|   40|     ap_none|           J_11_14_val|        scalar|
|J_11_15_val  |   in|   40|     ap_none|           J_11_15_val|        scalar|
|J_11_16_val  |   in|   40|     ap_none|           J_11_16_val|        scalar|
|J_11_17_val  |   in|   40|     ap_none|           J_11_17_val|        scalar|
|J_11_18_val  |   in|   40|     ap_none|           J_11_18_val|        scalar|
|J_11_19_val  |   in|   40|     ap_none|           J_11_19_val|        scalar|
|J_11_20_val  |   in|   40|     ap_none|           J_11_20_val|        scalar|
|J_11_21_val  |   in|   40|     ap_none|           J_11_21_val|        scalar|
|J_11_22_val  |   in|   40|     ap_none|           J_11_22_val|        scalar|
|J_11_23_val  |   in|   40|     ap_none|           J_11_23_val|        scalar|
|J_11_24_val  |   in|   40|     ap_none|           J_11_24_val|        scalar|
|J_11_25_val  |   in|   40|     ap_none|           J_11_25_val|        scalar|
|J_11_26_val  |   in|   40|     ap_none|           J_11_26_val|        scalar|
|J_12_13_val  |   in|   40|     ap_none|           J_12_13_val|        scalar|
|J_12_14_val  |   in|   40|     ap_none|           J_12_14_val|        scalar|
|J_12_15_val  |   in|   40|     ap_none|           J_12_15_val|        scalar|
|J_12_16_val  |   in|   40|     ap_none|           J_12_16_val|        scalar|
|J_12_17_val  |   in|   40|     ap_none|           J_12_17_val|        scalar|
|J_12_18_val  |   in|   40|     ap_none|           J_12_18_val|        scalar|
|J_12_19_val  |   in|   40|     ap_none|           J_12_19_val|        scalar|
|J_12_20_val  |   in|   40|     ap_none|           J_12_20_val|        scalar|
|J_12_21_val  |   in|   40|     ap_none|           J_12_21_val|        scalar|
|J_12_22_val  |   in|   40|     ap_none|           J_12_22_val|        scalar|
|J_12_23_val  |   in|   40|     ap_none|           J_12_23_val|        scalar|
|J_12_24_val  |   in|   40|     ap_none|           J_12_24_val|        scalar|
|J_12_25_val  |   in|   40|     ap_none|           J_12_25_val|        scalar|
|J_12_26_val  |   in|   40|     ap_none|           J_12_26_val|        scalar|
|J_13_14_val  |   in|   40|     ap_none|           J_13_14_val|        scalar|
|J_13_15_val  |   in|   40|     ap_none|           J_13_15_val|        scalar|
|J_13_16_val  |   in|   40|     ap_none|           J_13_16_val|        scalar|
|J_13_17_val  |   in|   40|     ap_none|           J_13_17_val|        scalar|
|J_13_18_val  |   in|   40|     ap_none|           J_13_18_val|        scalar|
|J_13_19_val  |   in|   40|     ap_none|           J_13_19_val|        scalar|
|J_13_20_val  |   in|   40|     ap_none|           J_13_20_val|        scalar|
|J_13_21_val  |   in|   40|     ap_none|           J_13_21_val|        scalar|
|J_13_22_val  |   in|   40|     ap_none|           J_13_22_val|        scalar|
|J_13_23_val  |   in|   40|     ap_none|           J_13_23_val|        scalar|
|J_13_24_val  |   in|   40|     ap_none|           J_13_24_val|        scalar|
|J_13_25_val  |   in|   40|     ap_none|           J_13_25_val|        scalar|
|J_13_26_val  |   in|   40|     ap_none|           J_13_26_val|        scalar|
|J_14_15_val  |   in|   40|     ap_none|           J_14_15_val|        scalar|
|J_14_16_val  |   in|   40|     ap_none|           J_14_16_val|        scalar|
|J_14_17_val  |   in|   40|     ap_none|           J_14_17_val|        scalar|
|J_14_18_val  |   in|   40|     ap_none|           J_14_18_val|        scalar|
|J_14_19_val  |   in|   40|     ap_none|           J_14_19_val|        scalar|
|J_14_20_val  |   in|   40|     ap_none|           J_14_20_val|        scalar|
|J_14_21_val  |   in|   40|     ap_none|           J_14_21_val|        scalar|
|J_14_22_val  |   in|   40|     ap_none|           J_14_22_val|        scalar|
|J_14_23_val  |   in|   40|     ap_none|           J_14_23_val|        scalar|
|J_14_24_val  |   in|   40|     ap_none|           J_14_24_val|        scalar|
|J_14_25_val  |   in|   40|     ap_none|           J_14_25_val|        scalar|
|J_14_26_val  |   in|   40|     ap_none|           J_14_26_val|        scalar|
|J_15_16_val  |   in|   40|     ap_none|           J_15_16_val|        scalar|
|J_15_17_val  |   in|   40|     ap_none|           J_15_17_val|        scalar|
|J_15_18_val  |   in|   40|     ap_none|           J_15_18_val|        scalar|
|J_15_19_val  |   in|   40|     ap_none|           J_15_19_val|        scalar|
|J_15_20_val  |   in|   40|     ap_none|           J_15_20_val|        scalar|
|J_15_21_val  |   in|   40|     ap_none|           J_15_21_val|        scalar|
|J_15_22_val  |   in|   40|     ap_none|           J_15_22_val|        scalar|
|J_15_23_val  |   in|   40|     ap_none|           J_15_23_val|        scalar|
|J_15_24_val  |   in|   40|     ap_none|           J_15_24_val|        scalar|
|J_15_25_val  |   in|   40|     ap_none|           J_15_25_val|        scalar|
|J_15_26_val  |   in|   40|     ap_none|           J_15_26_val|        scalar|
|J_16_17_val  |   in|   40|     ap_none|           J_16_17_val|        scalar|
|J_16_18_val  |   in|   40|     ap_none|           J_16_18_val|        scalar|
|J_16_19_val  |   in|   40|     ap_none|           J_16_19_val|        scalar|
|J_16_20_val  |   in|   40|     ap_none|           J_16_20_val|        scalar|
|J_16_21_val  |   in|   40|     ap_none|           J_16_21_val|        scalar|
|J_16_22_val  |   in|   40|     ap_none|           J_16_22_val|        scalar|
|J_16_23_val  |   in|   40|     ap_none|           J_16_23_val|        scalar|
|J_16_24_val  |   in|   40|     ap_none|           J_16_24_val|        scalar|
|J_16_25_val  |   in|   40|     ap_none|           J_16_25_val|        scalar|
|J_16_26_val  |   in|   40|     ap_none|           J_16_26_val|        scalar|
|J_17_18_val  |   in|   40|     ap_none|           J_17_18_val|        scalar|
|J_17_19_val  |   in|   40|     ap_none|           J_17_19_val|        scalar|
|J_17_20_val  |   in|   40|     ap_none|           J_17_20_val|        scalar|
|J_17_21_val  |   in|   40|     ap_none|           J_17_21_val|        scalar|
|J_17_22_val  |   in|   40|     ap_none|           J_17_22_val|        scalar|
|J_17_23_val  |   in|   40|     ap_none|           J_17_23_val|        scalar|
|J_17_24_val  |   in|   40|     ap_none|           J_17_24_val|        scalar|
|J_17_25_val  |   in|   40|     ap_none|           J_17_25_val|        scalar|
|J_17_26_val  |   in|   40|     ap_none|           J_17_26_val|        scalar|
|J_18_19_val  |   in|   40|     ap_none|           J_18_19_val|        scalar|
|J_18_20_val  |   in|   40|     ap_none|           J_18_20_val|        scalar|
|J_18_21_val  |   in|   40|     ap_none|           J_18_21_val|        scalar|
|J_18_22_val  |   in|   40|     ap_none|           J_18_22_val|        scalar|
|J_18_23_val  |   in|   40|     ap_none|           J_18_23_val|        scalar|
|J_18_24_val  |   in|   40|     ap_none|           J_18_24_val|        scalar|
|J_18_25_val  |   in|   40|     ap_none|           J_18_25_val|        scalar|
|J_18_26_val  |   in|   40|     ap_none|           J_18_26_val|        scalar|
|J_19_20_val  |   in|   40|     ap_none|           J_19_20_val|        scalar|
|J_19_21_val  |   in|   40|     ap_none|           J_19_21_val|        scalar|
|J_19_22_val  |   in|   40|     ap_none|           J_19_22_val|        scalar|
|J_19_23_val  |   in|   40|     ap_none|           J_19_23_val|        scalar|
|J_19_24_val  |   in|   40|     ap_none|           J_19_24_val|        scalar|
|J_19_25_val  |   in|   40|     ap_none|           J_19_25_val|        scalar|
|J_19_26_val  |   in|   40|     ap_none|           J_19_26_val|        scalar|
|J_20_21_val  |   in|   40|     ap_none|           J_20_21_val|        scalar|
|J_20_22_val  |   in|   40|     ap_none|           J_20_22_val|        scalar|
|J_20_23_val  |   in|   40|     ap_none|           J_20_23_val|        scalar|
|J_20_24_val  |   in|   40|     ap_none|           J_20_24_val|        scalar|
|J_20_25_val  |   in|   40|     ap_none|           J_20_25_val|        scalar|
|J_20_26_val  |   in|   40|     ap_none|           J_20_26_val|        scalar|
|J_21_22_val  |   in|   40|     ap_none|           J_21_22_val|        scalar|
|J_21_23_val  |   in|   40|     ap_none|           J_21_23_val|        scalar|
|J_21_24_val  |   in|   40|     ap_none|           J_21_24_val|        scalar|
|J_21_25_val  |   in|   40|     ap_none|           J_21_25_val|        scalar|
|J_21_26_val  |   in|   40|     ap_none|           J_21_26_val|        scalar|
|J_22_23_val  |   in|   40|     ap_none|           J_22_23_val|        scalar|
|J_22_24_val  |   in|   40|     ap_none|           J_22_24_val|        scalar|
|J_22_25_val  |   in|   40|     ap_none|           J_22_25_val|        scalar|
|J_22_26_val  |   in|   40|     ap_none|           J_22_26_val|        scalar|
|J_23_24_val  |   in|   40|     ap_none|           J_23_24_val|        scalar|
|J_23_25_val  |   in|   40|     ap_none|           J_23_25_val|        scalar|
|J_23_26_val  |   in|   40|     ap_none|           J_23_26_val|        scalar|
|J_24_25_val  |   in|   40|     ap_none|           J_24_25_val|        scalar|
|J_24_26_val  |   in|   40|     ap_none|           J_24_26_val|        scalar|
|J_25_26_val  |   in|   40|     ap_none|           J_25_26_val|        scalar|
|h_0_val      |   in|   40|     ap_none|               h_0_val|        scalar|
|h_1_val      |   in|   40|     ap_none|               h_1_val|        scalar|
|h_2_val      |   in|   40|     ap_none|               h_2_val|        scalar|
|h_3_val      |   in|   40|     ap_none|               h_3_val|        scalar|
|h_4_val      |   in|   40|     ap_none|               h_4_val|        scalar|
|h_5_val      |   in|   40|     ap_none|               h_5_val|        scalar|
|h_6_val      |   in|   40|     ap_none|               h_6_val|        scalar|
|h_7_val      |   in|   40|     ap_none|               h_7_val|        scalar|
|h_8_val      |   in|   40|     ap_none|               h_8_val|        scalar|
|h_9_val      |   in|   40|     ap_none|               h_9_val|        scalar|
|h_10_val     |   in|   40|     ap_none|              h_10_val|        scalar|
|h_11_val     |   in|   40|     ap_none|              h_11_val|        scalar|
|h_12_val     |   in|   40|     ap_none|              h_12_val|        scalar|
|h_13_val     |   in|   40|     ap_none|              h_13_val|        scalar|
|h_14_val     |   in|   40|     ap_none|              h_14_val|        scalar|
|h_15_val     |   in|   40|     ap_none|              h_15_val|        scalar|
|h_16_val     |   in|   40|     ap_none|              h_16_val|        scalar|
|h_17_val     |   in|   40|     ap_none|              h_17_val|        scalar|
|h_18_val     |   in|   40|     ap_none|              h_18_val|        scalar|
|h_19_val     |   in|   40|     ap_none|              h_19_val|        scalar|
|h_20_val     |   in|   40|     ap_none|              h_20_val|        scalar|
|h_21_val     |   in|   40|     ap_none|              h_21_val|        scalar|
|h_22_val     |   in|   40|     ap_none|              h_22_val|        scalar|
|h_23_val     |   in|   40|     ap_none|              h_23_val|        scalar|
|h_24_val     |   in|   40|     ap_none|              h_24_val|        scalar|
|h_25_val     |   in|   40|     ap_none|              h_25_val|        scalar|
|h_26_val     |   in|   40|     ap_none|              h_26_val|        scalar|
|y_0_val      |   in|    1|     ap_none|               y_0_val|        scalar|
|y_1_val      |   in|    1|     ap_none|               y_1_val|        scalar|
|y_2_val      |   in|    1|     ap_none|               y_2_val|        scalar|
|y_3_val      |   in|    1|     ap_none|               y_3_val|        scalar|
|y_4_val      |   in|    1|     ap_none|               y_4_val|        scalar|
|y_5_val      |   in|    1|     ap_none|               y_5_val|        scalar|
|y_6_val      |   in|    1|     ap_none|               y_6_val|        scalar|
|y_7_val      |   in|    1|     ap_none|               y_7_val|        scalar|
|y_8_val      |   in|    1|     ap_none|               y_8_val|        scalar|
|y_9_val      |   in|    1|     ap_none|               y_9_val|        scalar|
|y_10_val     |   in|    1|     ap_none|              y_10_val|        scalar|
|y_11_val     |   in|    1|     ap_none|              y_11_val|        scalar|
|y_12_val     |   in|    1|     ap_none|              y_12_val|        scalar|
|y_13_val     |   in|    1|     ap_none|              y_13_val|        scalar|
|y_14_val     |   in|    1|     ap_none|              y_14_val|        scalar|
|y_15_val     |   in|    1|     ap_none|              y_15_val|        scalar|
|y_16_val     |   in|    1|     ap_none|              y_16_val|        scalar|
|y_17_val     |   in|    1|     ap_none|              y_17_val|        scalar|
|y_18_val     |   in|    1|     ap_none|              y_18_val|        scalar|
|y_19_val     |   in|    1|     ap_none|              y_19_val|        scalar|
|y_20_val     |   in|    1|     ap_none|              y_20_val|        scalar|
|y_21_val     |   in|    1|     ap_none|              y_21_val|        scalar|
|y_22_val     |   in|    1|     ap_none|              y_22_val|        scalar|
|y_23_val     |   in|    1|     ap_none|              y_23_val|        scalar|
|y_24_val     |   in|    1|     ap_none|              y_24_val|        scalar|
|y_25_val     |   in|    1|     ap_none|              y_25_val|        scalar|
|y_26_val     |   in|    1|     ap_none|              y_26_val|        scalar|
|old_energy   |   in|   40|     ap_none|            old_energy|        scalar|
+-------------+-----+-----+------------+----------------------+--------------+

