

================================================================
== Synthesis Summary Report of 'local_metropolis_step'
================================================================
+ General Information: 
    * Date:           Tue May 19 20:47:31 2026
    * Version:        2025.2 (Build 6295257 on Nov 14 2025)
    * Project:        hls_local_metropolis_step_N28
    * Solution:       hls (Vivado IP Flow Target)
    * Product family: virtexuplus
    * Target device:  xcvu19p-fsva3824-2-e
    

* Performance & Resource Estimates: 
+-------------------------+------+---------------+----------+---------+------+----------+---------+---------+------+------+----------+-------------+-------------+-----+
|         Modules         | Issue|               | Iteration|         | Trip |          |      Latency      |      |      |          |             |             |     |
|         & Loops         | Type | Violation Type|  Latency | Interval| Count| Pipelined| (cycles)|   (ns)  | Slack| BRAM |    DSP   |      FF     |     LUT     | URAM|
+-------------------------+------+---------------+----------+---------+------+----------+---------+---------+------+------+----------+-------------+-------------+-----+
|+ local_metropolis_step  |     -|              -|         -|       32|     -|        no|       31|  103.323|  0.04|     -|  13 (~0%)|  35045 (~0%)|  11200 (~0%)|    -|
| + local_delta_energy    |     -|              -|         -|       19|     -|        no|       19|   63.327|  0.04|     -|   6 (~0%)|   2714 (~0%)|  10231 (~0%)|    -|
+-------------------------+------+---------------+----------+---------+------+----------+---------+---------+------+------+----------+-------------+-------------+-----+
    Name Prefix: '+' for module, 'o' for loop, '*' for dataflow


================================================================
== HW Interfaces
================================================================
* Other Ports
+--------------+---------+-----------+----------+
| Port         | Mode    | Direction | Bitwidth |
+--------------+---------+-----------+----------+
| J_0_0        | ap_none | in        | 40       |
| J_0_1        | ap_none | in        | 40       |
| J_0_10       | ap_none | in        | 40       |
| J_0_11       | ap_none | in        | 40       |
| J_0_12       | ap_none | in        | 40       |
| J_0_13       | ap_none | in        | 40       |
| J_0_14       | ap_none | in        | 40       |
| J_0_15       | ap_none | in        | 40       |
| J_0_16       | ap_none | in        | 40       |
| J_0_17       | ap_none | in        | 40       |
| J_0_18       | ap_none | in        | 40       |
| J_0_19       | ap_none | in        | 40       |
| J_0_2        | ap_none | in        | 40       |
| J_0_20       | ap_none | in        | 40       |
| J_0_21       | ap_none | in        | 40       |
| J_0_22       | ap_none | in        | 40       |
| J_0_23       | ap_none | in        | 40       |
| J_0_24       | ap_none | in        | 40       |
| J_0_25       | ap_none | in        | 40       |
| J_0_26       | ap_none | in        | 40       |
| J_0_27       | ap_none | in        | 40       |
| J_0_3        | ap_none | in        | 40       |
| J_0_4        | ap_none | in        | 40       |
| J_0_5        | ap_none | in        | 40       |
| J_0_6        | ap_none | in        | 40       |
| J_0_7        | ap_none | in        | 40       |
| J_0_8        | ap_none | in        | 40       |
| J_0_9        | ap_none | in        | 40       |
| J_10_0       | ap_none | in        | 40       |
| J_10_1       | ap_none | in        | 40       |
| J_10_10      | ap_none | in        | 40       |
| J_10_11      | ap_none | in        | 40       |
| J_10_12      | ap_none | in        | 40       |
| J_10_13      | ap_none | in        | 40       |
| J_10_14      | ap_none | in        | 40       |
| J_10_15      | ap_none | in        | 40       |
| J_10_16      | ap_none | in        | 40       |
| J_10_17      | ap_none | in        | 40       |
| J_10_18      | ap_none | in        | 40       |
| J_10_19      | ap_none | in        | 40       |
| J_10_2       | ap_none | in        | 40       |
| J_10_20      | ap_none | in        | 40       |
| J_10_21      | ap_none | in        | 40       |
| J_10_22      | ap_none | in        | 40       |
| J_10_23      | ap_none | in        | 40       |
| J_10_24      | ap_none | in        | 40       |
| J_10_25      | ap_none | in        | 40       |
| J_10_26      | ap_none | in        | 40       |
| J_10_27      | ap_none | in        | 40       |
| J_10_3       | ap_none | in        | 40       |
| J_10_4       | ap_none | in        | 40       |
| J_10_5       | ap_none | in        | 40       |
| J_10_6       | ap_none | in        | 40       |
| J_10_7       | ap_none | in        | 40       |
| J_10_8       | ap_none | in        | 40       |
| J_10_9       | ap_none | in        | 40       |
| J_11_0       | ap_none | in        | 40       |
| J_11_1       | ap_none | in        | 40       |
| J_11_10      | ap_none | in        | 40       |
| J_11_11      | ap_none | in        | 40       |
| J_11_12      | ap_none | in        | 40       |
| J_11_13      | ap_none | in        | 40       |
| J_11_14      | ap_none | in        | 40       |
| J_11_15      | ap_none | in        | 40       |
| J_11_16      | ap_none | in        | 40       |
| J_11_17      | ap_none | in        | 40       |
| J_11_18      | ap_none | in        | 40       |
| J_11_19      | ap_none | in        | 40       |
| J_11_2       | ap_none | in        | 40       |
| J_11_20      | ap_none | in        | 40       |
| J_11_21      | ap_none | in        | 40       |
| J_11_22      | ap_none | in        | 40       |
| J_11_23      | ap_none | in        | 40       |
| J_11_24      | ap_none | in        | 40       |
| J_11_25      | ap_none | in        | 40       |
| J_11_26      | ap_none | in        | 40       |
| J_11_27      | ap_none | in        | 40       |
| J_11_3       | ap_none | in        | 40       |
| J_11_4       | ap_none | in        | 40       |
| J_11_5       | ap_none | in        | 40       |
| J_11_6       | ap_none | in        | 40       |
| J_11_7       | ap_none | in        | 40       |
| J_11_8       | ap_none | in        | 40       |
| J_11_9       | ap_none | in        | 40       |
| J_12_0       | ap_none | in        | 40       |
| J_12_1       | ap_none | in        | 40       |
| J_12_10      | ap_none | in        | 40       |
| J_12_11      | ap_none | in        | 40       |
| J_12_12      | ap_none | in        | 40       |
| J_12_13      | ap_none | in        | 40       |
| J_12_14      | ap_none | in        | 40       |
| J_12_15      | ap_none | in        | 40       |
| J_12_16      | ap_none | in        | 40       |
| J_12_17      | ap_none | in        | 40       |
| J_12_18      | ap_none | in        | 40       |
| J_12_19      | ap_none | in        | 40       |
| J_12_2       | ap_none | in        | 40       |
| J_12_20      | ap_none | in        | 40       |
| J_12_21      | ap_none | in        | 40       |
| J_12_22      | ap_none | in        | 40       |
| J_12_23      | ap_none | in        | 40       |
| J_12_24      | ap_none | in        | 40       |
| J_12_25      | ap_none | in        | 40       |
| J_12_26      | ap_none | in        | 40       |
| J_12_27      | ap_none | in        | 40       |
| J_12_3       | ap_none | in        | 40       |
| J_12_4       | ap_none | in        | 40       |
| J_12_5       | ap_none | in        | 40       |
| J_12_6       | ap_none | in        | 40       |
| J_12_7       | ap_none | in        | 40       |
| J_12_8       | ap_none | in        | 40       |
| J_12_9       | ap_none | in        | 40       |
| J_13_0       | ap_none | in        | 40       |
| J_13_1       | ap_none | in        | 40       |
| J_13_10      | ap_none | in        | 40       |
| J_13_11      | ap_none | in        | 40       |
| J_13_12      | ap_none | in        | 40       |
| J_13_13      | ap_none | in        | 40       |
| J_13_14      | ap_none | in        | 40       |
| J_13_15      | ap_none | in        | 40       |
| J_13_16      | ap_none | in        | 40       |
| J_13_17      | ap_none | in        | 40       |
| J_13_18      | ap_none | in        | 40       |
| J_13_19      | ap_none | in        | 40       |
| J_13_2       | ap_none | in        | 40       |
| J_13_20      | ap_none | in        | 40       |
| J_13_21      | ap_none | in        | 40       |
| J_13_22      | ap_none | in        | 40       |
| J_13_23      | ap_none | in        | 40       |
| J_13_24      | ap_none | in        | 40       |
| J_13_25      | ap_none | in        | 40       |
| J_13_26      | ap_none | in        | 40       |
| J_13_27      | ap_none | in        | 40       |
| J_13_3       | ap_none | in        | 40       |
| J_13_4       | ap_none | in        | 40       |
| J_13_5       | ap_none | in        | 40       |
| J_13_6       | ap_none | in        | 40       |
| J_13_7       | ap_none | in        | 40       |
| J_13_8       | ap_none | in        | 40       |
| J_13_9       | ap_none | in        | 40       |
| J_14_0       | ap_none | in        | 40       |
| J_14_1       | ap_none | in        | 40       |
| J_14_10      | ap_none | in        | 40       |
| J_14_11      | ap_none | in        | 40       |
| J_14_12      | ap_none | in        | 40       |
| J_14_13      | ap_none | in        | 40       |
| J_14_14      | ap_none | in        | 40       |
| J_14_15      | ap_none | in        | 40       |
| J_14_16      | ap_none | in        | 40       |
| J_14_17      | ap_none | in        | 40       |
| J_14_18      | ap_none | in        | 40       |
| J_14_19      | ap_none | in        | 40       |
| J_14_2       | ap_none | in        | 40       |
| J_14_20      | ap_none | in        | 40       |
| J_14_21      | ap_none | in        | 40       |
| J_14_22      | ap_none | in        | 40       |
| J_14_23      | ap_none | in        | 40       |
| J_14_24      | ap_none | in        | 40       |
| J_14_25      | ap_none | in        | 40       |
| J_14_26      | ap_none | in        | 40       |
| J_14_27      | ap_none | in        | 40       |
| J_14_3       | ap_none | in        | 40       |
| J_14_4       | ap_none | in        | 40       |
| J_14_5       | ap_none | in        | 40       |
| J_14_6       | ap_none | in        | 40       |
| J_14_7       | ap_none | in        | 40       |
| J_14_8       | ap_none | in        | 40       |
| J_14_9       | ap_none | in        | 40       |
| J_15_0       | ap_none | in        | 40       |
| J_15_1       | ap_none | in        | 40       |
| J_15_10      | ap_none | in        | 40       |
| J_15_11      | ap_none | in        | 40       |
| J_15_12      | ap_none | in        | 40       |
| J_15_13      | ap_none | in        | 40       |
| J_15_14      | ap_none | in        | 40       |
| J_15_15      | ap_none | in        | 40       |
| J_15_16      | ap_none | in        | 40       |
| J_15_17      | ap_none | in        | 40       |
| J_15_18      | ap_none | in        | 40       |
| J_15_19      | ap_none | in        | 40       |
| J_15_2       | ap_none | in        | 40       |
| J_15_20      | ap_none | in        | 40       |
| J_15_21      | ap_none | in        | 40       |
| J_15_22      | ap_none | in        | 40       |
| J_15_23      | ap_none | in        | 40       |
| J_15_24      | ap_none | in        | 40       |
| J_15_25      | ap_none | in        | 40       |
| J_15_26      | ap_none | in        | 40       |
| J_15_27      | ap_none | in        | 40       |
| J_15_3       | ap_none | in        | 40       |
| J_15_4       | ap_none | in        | 40       |
| J_15_5       | ap_none | in        | 40       |
| J_15_6       | ap_none | in        | 40       |
| J_15_7       | ap_none | in        | 40       |
| J_15_8       | ap_none | in        | 40       |
| J_15_9       | ap_none | in        | 40       |
| J_16_0       | ap_none | in        | 40       |
| J_16_1       | ap_none | in        | 40       |
| J_16_10      | ap_none | in        | 40       |
| J_16_11      | ap_none | in        | 40       |
| J_16_12      | ap_none | in        | 40       |
| J_16_13      | ap_none | in        | 40       |
| J_16_14      | ap_none | in        | 40       |
| J_16_15      | ap_none | in        | 40       |
| J_16_16      | ap_none | in        | 40       |
| J_16_17      | ap_none | in        | 40       |
| J_16_18      | ap_none | in        | 40       |
| J_16_19      | ap_none | in        | 40       |
| J_16_2       | ap_none | in        | 40       |
| J_16_20      | ap_none | in        | 40       |
| J_16_21      | ap_none | in        | 40       |
| J_16_22      | ap_none | in        | 40       |
| J_16_23      | ap_none | in        | 40       |
| J_16_24      | ap_none | in        | 40       |
| J_16_25      | ap_none | in        | 40       |
| J_16_26      | ap_none | in        | 40       |
| J_16_27      | ap_none | in        | 40       |
| J_16_3       | ap_none | in        | 40       |
| J_16_4       | ap_none | in        | 40       |
| J_16_5       | ap_none | in        | 40       |
| J_16_6       | ap_none | in        | 40       |
| J_16_7       | ap_none | in        | 40       |
| J_16_8       | ap_none | in        | 40       |
| J_16_9       | ap_none | in        | 40       |
| J_17_0       | ap_none | in        | 40       |
| J_17_1       | ap_none | in        | 40       |
| J_17_10      | ap_none | in        | 40       |
| J_17_11      | ap_none | in        | 40       |
| J_17_12      | ap_none | in        | 40       |
| J_17_13      | ap_none | in        | 40       |
| J_17_14      | ap_none | in        | 40       |
| J_17_15      | ap_none | in        | 40       |
| J_17_16      | ap_none | in        | 40       |
| J_17_17      | ap_none | in        | 40       |
| J_17_18      | ap_none | in        | 40       |
| J_17_19      | ap_none | in        | 40       |
| J_17_2       | ap_none | in        | 40       |
| J_17_20      | ap_none | in        | 40       |
| J_17_21      | ap_none | in        | 40       |
| J_17_22      | ap_none | in        | 40       |
| J_17_23      | ap_none | in        | 40       |
| J_17_24      | ap_none | in        | 40       |
| J_17_25      | ap_none | in        | 40       |
| J_17_26      | ap_none | in        | 40       |
| J_17_27      | ap_none | in        | 40       |
| J_17_3       | ap_none | in        | 40       |
| J_17_4       | ap_none | in        | 40       |
| J_17_5       | ap_none | in        | 40       |
| J_17_6       | ap_none | in        | 40       |
| J_17_7       | ap_none | in        | 40       |
| J_17_8       | ap_none | in        | 40       |
| J_17_9       | ap_none | in        | 40       |
| J_18_0       | ap_none | in        | 40       |
| J_18_1       | ap_none | in        | 40       |
| J_18_10      | ap_none | in        | 40       |
| J_18_11      | ap_none | in        | 40       |
| J_18_12      | ap_none | in        | 40       |
| J_18_13      | ap_none | in        | 40       |
| J_18_14      | ap_none | in        | 40       |
| J_18_15      | ap_none | in        | 40       |
| J_18_16      | ap_none | in        | 40       |
| J_18_17      | ap_none | in        | 40       |
| J_18_18      | ap_none | in        | 40       |
| J_18_19      | ap_none | in        | 40       |
| J_18_2       | ap_none | in        | 40       |
| J_18_20      | ap_none | in        | 40       |
| J_18_21      | ap_none | in        | 40       |
| J_18_22      | ap_none | in        | 40       |
| J_18_23      | ap_none | in        | 40       |
| J_18_24      | ap_none | in        | 40       |
| J_18_25      | ap_none | in        | 40       |
| J_18_26      | ap_none | in        | 40       |
| J_18_27      | ap_none | in        | 40       |
| J_18_3       | ap_none | in        | 40       |
| J_18_4       | ap_none | in        | 40       |
| J_18_5       | ap_none | in        | 40       |
| J_18_6       | ap_none | in        | 40       |
| J_18_7       | ap_none | in        | 40       |
| J_18_8       | ap_none | in        | 40       |
| J_18_9       | ap_none | in        | 40       |
| J_19_0       | ap_none | in        | 40       |
| J_19_1       | ap_none | in        | 40       |
| J_19_10      | ap_none | in        | 40       |
| J_19_11      | ap_none | in        | 40       |
| J_19_12      | ap_none | in        | 40       |
| J_19_13      | ap_none | in        | 40       |
| J_19_14      | ap_none | in        | 40       |
| J_19_15      | ap_none | in        | 40       |
| J_19_16      | ap_none | in        | 40       |
| J_19_17      | ap_none | in        | 40       |
| J_19_18      | ap_none | in        | 40       |
| J_19_19      | ap_none | in        | 40       |
| J_19_2       | ap_none | in        | 40       |
| J_19_20      | ap_none | in        | 40       |
| J_19_21      | ap_none | in        | 40       |
| J_19_22      | ap_none | in        | 40       |
| J_19_23      | ap_none | in        | 40       |
| J_19_24      | ap_none | in        | 40       |
| J_19_25      | ap_none | in        | 40       |
| J_19_26      | ap_none | in        | 40       |
| J_19_27      | ap_none | in        | 40       |
| J_19_3       | ap_none | in        | 40       |
| J_19_4       | ap_none | in        | 40       |
| J_19_5       | ap_none | in        | 40       |
| J_19_6       | ap_none | in        | 40       |
| J_19_7       | ap_none | in        | 40       |
| J_19_8       | ap_none | in        | 40       |
| J_19_9       | ap_none | in        | 40       |
| J_1_0        | ap_none | in        | 40       |
| J_1_1        | ap_none | in        | 40       |
| J_1_10       | ap_none | in        | 40       |
| J_1_11       | ap_none | in        | 40       |
| J_1_12       | ap_none | in        | 40       |
| J_1_13       | ap_none | in        | 40       |
| J_1_14       | ap_none | in        | 40       |
| J_1_15       | ap_none | in        | 40       |
| J_1_16       | ap_none | in        | 40       |
| J_1_17       | ap_none | in        | 40       |
| J_1_18       | ap_none | in        | 40       |
| J_1_19       | ap_none | in        | 40       |
| J_1_2        | ap_none | in        | 40       |
| J_1_20       | ap_none | in        | 40       |
| J_1_21       | ap_none | in        | 40       |
| J_1_22       | ap_none | in        | 40       |
| J_1_23       | ap_none | in        | 40       |
| J_1_24       | ap_none | in        | 40       |
| J_1_25       | ap_none | in        | 40       |
| J_1_26       | ap_none | in        | 40       |
| J_1_27       | ap_none | in        | 40       |
| J_1_3        | ap_none | in        | 40       |
| J_1_4        | ap_none | in        | 40       |
| J_1_5        | ap_none | in        | 40       |
| J_1_6        | ap_none | in        | 40       |
| J_1_7        | ap_none | in        | 40       |
| J_1_8        | ap_none | in        | 40       |
| J_1_9        | ap_none | in        | 40       |
| J_20_0       | ap_none | in        | 40       |
| J_20_1       | ap_none | in        | 40       |
| J_20_10      | ap_none | in        | 40       |
| J_20_11      | ap_none | in        | 40       |
| J_20_12      | ap_none | in        | 40       |
| J_20_13      | ap_none | in        | 40       |
| J_20_14      | ap_none | in        | 40       |
| J_20_15      | ap_none | in        | 40       |
| J_20_16      | ap_none | in        | 40       |
| J_20_17      | ap_none | in        | 40       |
| J_20_18      | ap_none | in        | 40       |
| J_20_19      | ap_none | in        | 40       |
| J_20_2       | ap_none | in        | 40       |
| J_20_20      | ap_none | in        | 40       |
| J_20_21      | ap_none | in        | 40       |
| J_20_22      | ap_none | in        | 40       |
| J_20_23      | ap_none | in        | 40       |
| J_20_24      | ap_none | in        | 40       |
| J_20_25      | ap_none | in        | 40       |
| J_20_26      | ap_none | in        | 40       |
| J_20_27      | ap_none | in        | 40       |
| J_20_3       | ap_none | in        | 40       |
| J_20_4       | ap_none | in        | 40       |
| J_20_5       | ap_none | in        | 40       |
| J_20_6       | ap_none | in        | 40       |
| J_20_7       | ap_none | in        | 40       |
| J_20_8       | ap_none | in        | 40       |
| J_20_9       | ap_none | in        | 40       |
| J_21_0       | ap_none | in        | 40       |
| J_21_1       | ap_none | in        | 40       |
| J_21_10      | ap_none | in        | 40       |
| J_21_11      | ap_none | in        | 40       |
| J_21_12      | ap_none | in        | 40       |
| J_21_13      | ap_none | in        | 40       |
| J_21_14      | ap_none | in        | 40       |
| J_21_15      | ap_none | in        | 40       |
| J_21_16      | ap_none | in        | 40       |
| J_21_17      | ap_none | in        | 40       |
| J_21_18      | ap_none | in        | 40       |
| J_21_19      | ap_none | in        | 40       |
| J_21_2       | ap_none | in        | 40       |
| J_21_20      | ap_none | in        | 40       |
| J_21_21      | ap_none | in        | 40       |
| J_21_22      | ap_none | in        | 40       |
| J_21_23      | ap_none | in        | 40       |
| J_21_24      | ap_none | in        | 40       |
| J_21_25      | ap_none | in        | 40       |
| J_21_26      | ap_none | in        | 40       |
| J_21_27      | ap_none | in        | 40       |
| J_21_3       | ap_none | in        | 40       |
| J_21_4       | ap_none | in        | 40       |
| J_21_5       | ap_none | in        | 40       |
| J_21_6       | ap_none | in        | 40       |
| J_21_7       | ap_none | in        | 40       |
| J_21_8       | ap_none | in        | 40       |
| J_21_9       | ap_none | in        | 40       |
| J_22_0       | ap_none | in        | 40       |
| J_22_1       | ap_none | in        | 40       |
| J_22_10      | ap_none | in        | 40       |
| J_22_11      | ap_none | in        | 40       |
| J_22_12      | ap_none | in        | 40       |
| J_22_13      | ap_none | in        | 40       |
| J_22_14      | ap_none | in        | 40       |
| J_22_15      | ap_none | in        | 40       |
| J_22_16      | ap_none | in        | 40       |
| J_22_17      | ap_none | in        | 40       |
| J_22_18      | ap_none | in        | 40       |
| J_22_19      | ap_none | in        | 40       |
| J_22_2       | ap_none | in        | 40       |
| J_22_20      | ap_none | in        | 40       |
| J_22_21      | ap_none | in        | 40       |
| J_22_22      | ap_none | in        | 40       |
| J_22_23      | ap_none | in        | 40       |
| J_22_24      | ap_none | in        | 40       |
| J_22_25      | ap_none | in        | 40       |
| J_22_26      | ap_none | in        | 40       |
| J_22_27      | ap_none | in        | 40       |
| J_22_3       | ap_none | in        | 40       |
| J_22_4       | ap_none | in        | 40       |
| J_22_5       | ap_none | in        | 40       |
| J_22_6       | ap_none | in        | 40       |
| J_22_7       | ap_none | in        | 40       |
| J_22_8       | ap_none | in        | 40       |
| J_22_9       | ap_none | in        | 40       |
| J_23_0       | ap_none | in        | 40       |
| J_23_1       | ap_none | in        | 40       |
| J_23_10      | ap_none | in        | 40       |
| J_23_11      | ap_none | in        | 40       |
| J_23_12      | ap_none | in        | 40       |
| J_23_13      | ap_none | in        | 40       |
| J_23_14      | ap_none | in        | 40       |
| J_23_15      | ap_none | in        | 40       |
| J_23_16      | ap_none | in        | 40       |
| J_23_17      | ap_none | in        | 40       |
| J_23_18      | ap_none | in        | 40       |
| J_23_19      | ap_none | in        | 40       |
| J_23_2       | ap_none | in        | 40       |
| J_23_20      | ap_none | in        | 40       |
| J_23_21      | ap_none | in        | 40       |
| J_23_22      | ap_none | in        | 40       |
| J_23_23      | ap_none | in        | 40       |
| J_23_24      | ap_none | in        | 40       |
| J_23_25      | ap_none | in        | 40       |
| J_23_26      | ap_none | in        | 40       |
| J_23_27      | ap_none | in        | 40       |
| J_23_3       | ap_none | in        | 40       |
| J_23_4       | ap_none | in        | 40       |
| J_23_5       | ap_none | in        | 40       |
| J_23_6       | ap_none | in        | 40       |
| J_23_7       | ap_none | in        | 40       |
| J_23_8       | ap_none | in        | 40       |
| J_23_9       | ap_none | in        | 40       |
| J_24_0       | ap_none | in        | 40       |
| J_24_1       | ap_none | in        | 40       |
| J_24_10      | ap_none | in        | 40       |
| J_24_11      | ap_none | in        | 40       |
| J_24_12      | ap_none | in        | 40       |
| J_24_13      | ap_none | in        | 40       |
| J_24_14      | ap_none | in        | 40       |
| J_24_15      | ap_none | in        | 40       |
| J_24_16      | ap_none | in        | 40       |
| J_24_17      | ap_none | in        | 40       |
| J_24_18      | ap_none | in        | 40       |
| J_24_19      | ap_none | in        | 40       |
| J_24_2       | ap_none | in        | 40       |
| J_24_20      | ap_none | in        | 40       |
| J_24_21      | ap_none | in        | 40       |
| J_24_22      | ap_none | in        | 40       |
| J_24_23      | ap_none | in        | 40       |
| J_24_24      | ap_none | in        | 40       |
| J_24_25      | ap_none | in        | 40       |
| J_24_26      | ap_none | in        | 40       |
| J_24_27      | ap_none | in        | 40       |
| J_24_3       | ap_none | in        | 40       |
| J_24_4       | ap_none | in        | 40       |
| J_24_5       | ap_none | in        | 40       |
| J_24_6       | ap_none | in        | 40       |
| J_24_7       | ap_none | in        | 40       |
| J_24_8       | ap_none | in        | 40       |
| J_24_9       | ap_none | in        | 40       |
| J_25_0       | ap_none | in        | 40       |
| J_25_1       | ap_none | in        | 40       |
| J_25_10      | ap_none | in        | 40       |
| J_25_11      | ap_none | in        | 40       |
| J_25_12      | ap_none | in        | 40       |
| J_25_13      | ap_none | in        | 40       |
| J_25_14      | ap_none | in        | 40       |
| J_25_15      | ap_none | in        | 40       |
| J_25_16      | ap_none | in        | 40       |
| J_25_17      | ap_none | in        | 40       |
| J_25_18      | ap_none | in        | 40       |
| J_25_19      | ap_none | in        | 40       |
| J_25_2       | ap_none | in        | 40       |
| J_25_20      | ap_none | in        | 40       |
| J_25_21      | ap_none | in        | 40       |
| J_25_22      | ap_none | in        | 40       |
| J_25_23      | ap_none | in        | 40       |
| J_25_24      | ap_none | in        | 40       |
| J_25_25      | ap_none | in        | 40       |
| J_25_26      | ap_none | in        | 40       |
| J_25_27      | ap_none | in        | 40       |
| J_25_3       | ap_none | in        | 40       |
| J_25_4       | ap_none | in        | 40       |
| J_25_5       | ap_none | in        | 40       |
| J_25_6       | ap_none | in        | 40       |
| J_25_7       | ap_none | in        | 40       |
| J_25_8       | ap_none | in        | 40       |
| J_25_9       | ap_none | in        | 40       |
| J_26_0       | ap_none | in        | 40       |
| J_26_1       | ap_none | in        | 40       |
| J_26_10      | ap_none | in        | 40       |
| J_26_11      | ap_none | in        | 40       |
| J_26_12      | ap_none | in        | 40       |
| J_26_13      | ap_none | in        | 40       |
| J_26_14      | ap_none | in        | 40       |
| J_26_15      | ap_none | in        | 40       |
| J_26_16      | ap_none | in        | 40       |
| J_26_17      | ap_none | in        | 40       |
| J_26_18      | ap_none | in        | 40       |
| J_26_19      | ap_none | in        | 40       |
| J_26_2       | ap_none | in        | 40       |
| J_26_20      | ap_none | in        | 40       |
| J_26_21      | ap_none | in        | 40       |
| J_26_22      | ap_none | in        | 40       |
| J_26_23      | ap_none | in        | 40       |
| J_26_24      | ap_none | in        | 40       |
| J_26_25      | ap_none | in        | 40       |
| J_26_26      | ap_none | in        | 40       |
| J_26_27      | ap_none | in        | 40       |
| J_26_3       | ap_none | in        | 40       |
| J_26_4       | ap_none | in        | 40       |
| J_26_5       | ap_none | in        | 40       |
| J_26_6       | ap_none | in        | 40       |
| J_26_7       | ap_none | in        | 40       |
| J_26_8       | ap_none | in        | 40       |
| J_26_9       | ap_none | in        | 40       |
| J_27_0       | ap_none | in        | 40       |
| J_27_1       | ap_none | in        | 40       |
| J_27_10      | ap_none | in        | 40       |
| J_27_11      | ap_none | in        | 40       |
| J_27_12      | ap_none | in        | 40       |
| J_27_13      | ap_none | in        | 40       |
| J_27_14      | ap_none | in        | 40       |
| J_27_15      | ap_none | in        | 40       |
| J_27_16      | ap_none | in        | 40       |
| J_27_17      | ap_none | in        | 40       |
| J_27_18      | ap_none | in        | 40       |
| J_27_19      | ap_none | in        | 40       |
| J_27_2       | ap_none | in        | 40       |
| J_27_20      | ap_none | in        | 40       |
| J_27_21      | ap_none | in        | 40       |
| J_27_22      | ap_none | in        | 40       |
| J_27_23      | ap_none | in        | 40       |
| J_27_24      | ap_none | in        | 40       |
| J_27_25      | ap_none | in        | 40       |
| J_27_26      | ap_none | in        | 40       |
| J_27_27      | ap_none | in        | 40       |
| J_27_3       | ap_none | in        | 40       |
| J_27_4       | ap_none | in        | 40       |
| J_27_5       | ap_none | in        | 40       |
| J_27_6       | ap_none | in        | 40       |
| J_27_7       | ap_none | in        | 40       |
| J_27_8       | ap_none | in        | 40       |
| J_27_9       | ap_none | in        | 40       |
| J_2_0        | ap_none | in        | 40       |
| J_2_1        | ap_none | in        | 40       |
| J_2_10       | ap_none | in        | 40       |
| J_2_11       | ap_none | in        | 40       |
| J_2_12       | ap_none | in        | 40       |
| J_2_13       | ap_none | in        | 40       |
| J_2_14       | ap_none | in        | 40       |
| J_2_15       | ap_none | in        | 40       |
| J_2_16       | ap_none | in        | 40       |
| J_2_17       | ap_none | in        | 40       |
| J_2_18       | ap_none | in        | 40       |
| J_2_19       | ap_none | in        | 40       |
| J_2_2        | ap_none | in        | 40       |
| J_2_20       | ap_none | in        | 40       |
| J_2_21       | ap_none | in        | 40       |
| J_2_22       | ap_none | in        | 40       |
| J_2_23       | ap_none | in        | 40       |
| J_2_24       | ap_none | in        | 40       |
| J_2_25       | ap_none | in        | 40       |
| J_2_26       | ap_none | in        | 40       |
| J_2_27       | ap_none | in        | 40       |
| J_2_3        | ap_none | in        | 40       |
| J_2_4        | ap_none | in        | 40       |
| J_2_5        | ap_none | in        | 40       |
| J_2_6        | ap_none | in        | 40       |
| J_2_7        | ap_none | in        | 40       |
| J_2_8        | ap_none | in        | 40       |
| J_2_9        | ap_none | in        | 40       |
| J_3_0        | ap_none | in        | 40       |
| J_3_1        | ap_none | in        | 40       |
| J_3_10       | ap_none | in        | 40       |
| J_3_11       | ap_none | in        | 40       |
| J_3_12       | ap_none | in        | 40       |
| J_3_13       | ap_none | in        | 40       |
| J_3_14       | ap_none | in        | 40       |
| J_3_15       | ap_none | in        | 40       |
| J_3_16       | ap_none | in        | 40       |
| J_3_17       | ap_none | in        | 40       |
| J_3_18       | ap_none | in        | 40       |
| J_3_19       | ap_none | in        | 40       |
| J_3_2        | ap_none | in        | 40       |
| J_3_20       | ap_none | in        | 40       |
| J_3_21       | ap_none | in        | 40       |
| J_3_22       | ap_none | in        | 40       |
| J_3_23       | ap_none | in        | 40       |
| J_3_24       | ap_none | in        | 40       |
| J_3_25       | ap_none | in        | 40       |
| J_3_26       | ap_none | in        | 40       |
| J_3_27       | ap_none | in        | 40       |
| J_3_3        | ap_none | in        | 40       |
| J_3_4        | ap_none | in        | 40       |
| J_3_5        | ap_none | in        | 40       |
| J_3_6        | ap_none | in        | 40       |
| J_3_7        | ap_none | in        | 40       |
| J_3_8        | ap_none | in        | 40       |
| J_3_9        | ap_none | in        | 40       |
| J_4_0        | ap_none | in        | 40       |
| J_4_1        | ap_none | in        | 40       |
| J_4_10       | ap_none | in        | 40       |
| J_4_11       | ap_none | in        | 40       |
| J_4_12       | ap_none | in        | 40       |
| J_4_13       | ap_none | in        | 40       |
| J_4_14       | ap_none | in        | 40       |
| J_4_15       | ap_none | in        | 40       |
| J_4_16       | ap_none | in        | 40       |
| J_4_17       | ap_none | in        | 40       |
| J_4_18       | ap_none | in        | 40       |
| J_4_19       | ap_none | in        | 40       |
| J_4_2        | ap_none | in        | 40       |
| J_4_20       | ap_none | in        | 40       |
| J_4_21       | ap_none | in        | 40       |
| J_4_22       | ap_none | in        | 40       |
| J_4_23       | ap_none | in        | 40       |
| J_4_24       | ap_none | in        | 40       |
| J_4_25       | ap_none | in        | 40       |
| J_4_26       | ap_none | in        | 40       |
| J_4_27       | ap_none | in        | 40       |
| J_4_3        | ap_none | in        | 40       |
| J_4_4        | ap_none | in        | 40       |
| J_4_5        | ap_none | in        | 40       |
| J_4_6        | ap_none | in        | 40       |
| J_4_7        | ap_none | in        | 40       |
| J_4_8        | ap_none | in        | 40       |
| J_4_9        | ap_none | in        | 40       |
| J_5_0        | ap_none | in        | 40       |
| J_5_1        | ap_none | in        | 40       |
| J_5_10       | ap_none | in        | 40       |
| J_5_11       | ap_none | in        | 40       |
| J_5_12       | ap_none | in        | 40       |
| J_5_13       | ap_none | in        | 40       |
| J_5_14       | ap_none | in        | 40       |
| J_5_15       | ap_none | in        | 40       |
| J_5_16       | ap_none | in        | 40       |
| J_5_17       | ap_none | in        | 40       |
| J_5_18       | ap_none | in        | 40       |
| J_5_19       | ap_none | in        | 40       |
| J_5_2        | ap_none | in        | 40       |
| J_5_20       | ap_none | in        | 40       |
| J_5_21       | ap_none | in        | 40       |
| J_5_22       | ap_none | in        | 40       |
| J_5_23       | ap_none | in        | 40       |
| J_5_24       | ap_none | in        | 40       |
| J_5_25       | ap_none | in        | 40       |
| J_5_26       | ap_none | in        | 40       |
| J_5_27       | ap_none | in        | 40       |
| J_5_3        | ap_none | in        | 40       |
| J_5_4        | ap_none | in        | 40       |
| J_5_5        | ap_none | in        | 40       |
| J_5_6        | ap_none | in        | 40       |
| J_5_7        | ap_none | in        | 40       |
| J_5_8        | ap_none | in        | 40       |
| J_5_9        | ap_none | in        | 40       |
| J_6_0        | ap_none | in        | 40       |
| J_6_1        | ap_none | in        | 40       |
| J_6_10       | ap_none | in        | 40       |
| J_6_11       | ap_none | in        | 40       |
| J_6_12       | ap_none | in        | 40       |
| J_6_13       | ap_none | in        | 40       |
| J_6_14       | ap_none | in        | 40       |
| J_6_15       | ap_none | in        | 40       |
| J_6_16       | ap_none | in        | 40       |
| J_6_17       | ap_none | in        | 40       |
| J_6_18       | ap_none | in        | 40       |
| J_6_19       | ap_none | in        | 40       |
| J_6_2        | ap_none | in        | 40       |
| J_6_20       | ap_none | in        | 40       |
| J_6_21       | ap_none | in        | 40       |
| J_6_22       | ap_none | in        | 40       |
| J_6_23       | ap_none | in        | 40       |
| J_6_24       | ap_none | in        | 40       |
| J_6_25       | ap_none | in        | 40       |
| J_6_26       | ap_none | in        | 40       |
| J_6_27       | ap_none | in        | 40       |
| J_6_3        | ap_none | in        | 40       |
| J_6_4        | ap_none | in        | 40       |
| J_6_5        | ap_none | in        | 40       |
| J_6_6        | ap_none | in        | 40       |
| J_6_7        | ap_none | in        | 40       |
| J_6_8        | ap_none | in        | 40       |
| J_6_9        | ap_none | in        | 40       |
| J_7_0        | ap_none | in        | 40       |
| J_7_1        | ap_none | in        | 40       |
| J_7_10       | ap_none | in        | 40       |
| J_7_11       | ap_none | in        | 40       |
| J_7_12       | ap_none | in        | 40       |
| J_7_13       | ap_none | in        | 40       |
| J_7_14       | ap_none | in        | 40       |
| J_7_15       | ap_none | in        | 40       |
| J_7_16       | ap_none | in        | 40       |
| J_7_17       | ap_none | in        | 40       |
| J_7_18       | ap_none | in        | 40       |
| J_7_19       | ap_none | in        | 40       |
| J_7_2        | ap_none | in        | 40       |
| J_7_20       | ap_none | in        | 40       |
| J_7_21       | ap_none | in        | 40       |
| J_7_22       | ap_none | in        | 40       |
| J_7_23       | ap_none | in        | 40       |
| J_7_24       | ap_none | in        | 40       |
| J_7_25       | ap_none | in        | 40       |
| J_7_26       | ap_none | in        | 40       |
| J_7_27       | ap_none | in        | 40       |
| J_7_3        | ap_none | in        | 40       |
| J_7_4        | ap_none | in        | 40       |
| J_7_5        | ap_none | in        | 40       |
| J_7_6        | ap_none | in        | 40       |
| J_7_7        | ap_none | in        | 40       |
| J_7_8        | ap_none | in        | 40       |
| J_7_9        | ap_none | in        | 40       |
| J_8_0        | ap_none | in        | 40       |
| J_8_1        | ap_none | in        | 40       |
| J_8_10       | ap_none | in        | 40       |
| J_8_11       | ap_none | in        | 40       |
| J_8_12       | ap_none | in        | 40       |
| J_8_13       | ap_none | in        | 40       |
| J_8_14       | ap_none | in        | 40       |
| J_8_15       | ap_none | in        | 40       |
| J_8_16       | ap_none | in        | 40       |
| J_8_17       | ap_none | in        | 40       |
| J_8_18       | ap_none | in        | 40       |
| J_8_19       | ap_none | in        | 40       |
| J_8_2        | ap_none | in        | 40       |
| J_8_20       | ap_none | in        | 40       |
| J_8_21       | ap_none | in        | 40       |
| J_8_22       | ap_none | in        | 40       |
| J_8_23       | ap_none | in        | 40       |
| J_8_24       | ap_none | in        | 40       |
| J_8_25       | ap_none | in        | 40       |
| J_8_26       | ap_none | in        | 40       |
| J_8_27       | ap_none | in        | 40       |
| J_8_3        | ap_none | in        | 40       |
| J_8_4        | ap_none | in        | 40       |
| J_8_5        | ap_none | in        | 40       |
| J_8_6        | ap_none | in        | 40       |
| J_8_7        | ap_none | in        | 40       |
| J_8_8        | ap_none | in        | 40       |
| J_8_9        | ap_none | in        | 40       |
| J_9_0        | ap_none | in        | 40       |
| J_9_1        | ap_none | in        | 40       |
| J_9_10       | ap_none | in        | 40       |
| J_9_11       | ap_none | in        | 40       |
| J_9_12       | ap_none | in        | 40       |
| J_9_13       | ap_none | in        | 40       |
| J_9_14       | ap_none | in        | 40       |
| J_9_15       | ap_none | in        | 40       |
| J_9_16       | ap_none | in        | 40       |
| J_9_17       | ap_none | in        | 40       |
| J_9_18       | ap_none | in        | 40       |
| J_9_19       | ap_none | in        | 40       |
| J_9_2        | ap_none | in        | 40       |
| J_9_20       | ap_none | in        | 40       |
| J_9_21       | ap_none | in        | 40       |
| J_9_22       | ap_none | in        | 40       |
| J_9_23       | ap_none | in        | 40       |
| J_9_24       | ap_none | in        | 40       |
| J_9_25       | ap_none | in        | 40       |
| J_9_26       | ap_none | in        | 40       |
| J_9_27       | ap_none | in        | 40       |
| J_9_3        | ap_none | in        | 40       |
| J_9_4        | ap_none | in        | 40       |
| J_9_5        | ap_none | in        | 40       |
| J_9_6        | ap_none | in        | 40       |
| J_9_7        | ap_none | in        | 40       |
| J_9_8        | ap_none | in        | 40       |
| J_9_9        | ap_none | in        | 40       |
| accepted     | ap_vld  | out       | 1        |
| beta         | ap_none | in        | 40       |
| delta_energy | ap_vld  | out       | 40       |
| h_0          | ap_none | in        | 40       |
| h_1          | ap_none | in        | 40       |
| h_10         | ap_none | in        | 40       |
| h_11         | ap_none | in        | 40       |
| h_12         | ap_none | in        | 40       |
| h_13         | ap_none | in        | 40       |
| h_14         | ap_none | in        | 40       |
| h_15         | ap_none | in        | 40       |
| h_16         | ap_none | in        | 40       |
| h_17         | ap_none | in        | 40       |
| h_18         | ap_none | in        | 40       |
| h_19         | ap_none | in        | 40       |
| h_2          | ap_none | in        | 40       |
| h_20         | ap_none | in        | 40       |
| h_21         | ap_none | in        | 40       |
| h_22         | ap_none | in        | 40       |
| h_23         | ap_none | in        | 40       |
| h_24         | ap_none | in        | 40       |
| h_25         | ap_none | in        | 40       |
| h_26         | ap_none | in        | 40       |
| h_27         | ap_none | in        | 40       |
| h_3          | ap_none | in        | 40       |
| h_4          | ap_none | in        | 40       |
| h_5          | ap_none | in        | 40       |
| h_6          | ap_none | in        | 40       |
| h_7          | ap_none | in        | 40       |
| h_8          | ap_none | in        | 40       |
| h_9          | ap_none | in        | 40       |
| i            | ap_none | in        | 32       |
| new_energy   | ap_vld  | out       | 40       |
| old_energy   | ap_none | in        | 40       |
| s_0          | ap_none | in        | 1        |
| s_1          | ap_none | in        | 1        |
| s_10         | ap_none | in        | 1        |
| s_11         | ap_none | in        | 1        |
| s_12         | ap_none | in        | 1        |
| s_13         | ap_none | in        | 1        |
| s_14         | ap_none | in        | 1        |
| s_15         | ap_none | in        | 1        |
| s_16         | ap_none | in        | 1        |
| s_17         | ap_none | in        | 1        |
| s_18         | ap_none | in        | 1        |
| s_19         | ap_none | in        | 1        |
| s_2          | ap_none | in        | 1        |
| s_20         | ap_none | in        | 1        |
| s_21         | ap_none | in        | 1        |
| s_22         | ap_none | in        | 1        |
| s_23         | ap_none | in        | 1        |
| s_24         | ap_none | in        | 1        |
| s_25         | ap_none | in        | 1        |
| s_26         | ap_none | in        | 1        |
| s_27         | ap_none | in        | 1        |
| s_3          | ap_none | in        | 1        |
| s_4          | ap_none | in        | 1        |
| s_5          | ap_none | in        | 1        |
| s_6          | ap_none | in        | 1        |
| s_7          | ap_none | in        | 1        |
| s_8          | ap_none | in        | 1        |
| s_9          | ap_none | in        | 1        |
| u            | ap_none | in        | 40       |
+--------------+---------+-----------+----------+

* TOP LEVEL CONTROL
+-----------+------------+-----------------------------------+
| Interface | Type       | Ports                             |
+-----------+------------+-----------------------------------+
| ap_clk    | clock      | ap_clk                            |
| ap_rst    | reset      | ap_rst                            |
| ap_ctrl   | ap_ctrl_hs | ap_done ap_idle ap_ready ap_start |
+-----------+------------+-----------------------------------+


================================================================
== SW I/O Information
================================================================
* Top Function Arguments
+--------------+-----------+---------------------------------------------------------+
| Argument     | Direction | Datatype                                                |
+--------------+-----------+---------------------------------------------------------+
| J            | in        | ap_fixed<40, 16, (ap_q_mode)5, (ap_o_mode)3, 0> const * |
| h            | in        | ap_fixed<40, 16, (ap_q_mode)5, (ap_o_mode)3, 0> const * |
| s            | in        | bool const *                                            |
| i            | in        | int                                                     |
| old_energy   | in        | ap_fixed<40, 16, (ap_q_mode)5, (ap_o_mode)3, 0>         |
| beta         | in        | ap_fixed<40, 16, (ap_q_mode)5, (ap_o_mode)3, 0>         |
| u            | in        | ap_ufixed<40, 1, (ap_q_mode)5, (ap_o_mode)3, 0>         |
| accepted     | out       | bool*                                                   |
| delta_energy | out       | ap_fixed<40, 16, (ap_q_mode)5, (ap_o_mode)3, 0>*        |
| new_energy   | out       | ap_fixed<40, 16, (ap_q_mode)5, (ap_o_mode)3, 0>*        |
+--------------+-----------+---------------------------------------------------------+

* SW-to-HW Mapping
+--------------+---------------------+---------+
| Argument     | HW Interface        | HW Type |
+--------------+---------------------+---------+
| J            | J_0_0               | port    |
| J            | J_0_1               | port    |
| J            | J_0_2               | port    |
| J            | J_0_3               | port    |
| J            | J_0_4               | port    |
| J            | J_0_5               | port    |
| J            | J_0_6               | port    |
| J            | J_0_7               | port    |
| J            | J_0_8               | port    |
| J            | J_0_9               | port    |
| J            | J_0_10              | port    |
| J            | J_0_11              | port    |
| J            | J_0_12              | port    |
| J            | J_0_13              | port    |
| J            | J_0_14              | port    |
| J            | J_0_15              | port    |
| J            | J_0_16              | port    |
| J            | J_0_17              | port    |
| J            | J_0_18              | port    |
| J            | J_0_19              | port    |
| J            | J_0_20              | port    |
| J            | J_0_21              | port    |
| J            | J_0_22              | port    |
| J            | J_0_23              | port    |
| J            | J_0_24              | port    |
| J            | J_0_25              | port    |
| J            | J_0_26              | port    |
| J            | J_0_27              | port    |
| J            | J_1_0               | port    |
| J            | J_1_1               | port    |
| J            | J_1_2               | port    |
| J            | J_1_3               | port    |
| J            | J_1_4               | port    |
| J            | J_1_5               | port    |
| J            | J_1_6               | port    |
| J            | J_1_7               | port    |
| J            | J_1_8               | port    |
| J            | J_1_9               | port    |
| J            | J_1_10              | port    |
| J            | J_1_11              | port    |
| J            | J_1_12              | port    |
| J            | J_1_13              | port    |
| J            | J_1_14              | port    |
| J            | J_1_15              | port    |
| J            | J_1_16              | port    |
| J            | J_1_17              | port    |
| J            | J_1_18              | port    |
| J            | J_1_19              | port    |
| J            | J_1_20              | port    |
| J            | J_1_21              | port    |
| J            | J_1_22              | port    |
| J            | J_1_23              | port    |
| J            | J_1_24              | port    |
| J            | J_1_25              | port    |
| J            | J_1_26              | port    |
| J            | J_1_27              | port    |
| J            | J_2_0               | port    |
| J            | J_2_1               | port    |
| J            | J_2_2               | port    |
| J            | J_2_3               | port    |
| J            | J_2_4               | port    |
| J            | J_2_5               | port    |
| J            | J_2_6               | port    |
| J            | J_2_7               | port    |
| J            | J_2_8               | port    |
| J            | J_2_9               | port    |
| J            | J_2_10              | port    |
| J            | J_2_11              | port    |
| J            | J_2_12              | port    |
| J            | J_2_13              | port    |
| J            | J_2_14              | port    |
| J            | J_2_15              | port    |
| J            | J_2_16              | port    |
| J            | J_2_17              | port    |
| J            | J_2_18              | port    |
| J            | J_2_19              | port    |
| J            | J_2_20              | port    |
| J            | J_2_21              | port    |
| J            | J_2_22              | port    |
| J            | J_2_23              | port    |
| J            | J_2_24              | port    |
| J            | J_2_25              | port    |
| J            | J_2_26              | port    |
| J            | J_2_27              | port    |
| J            | J_3_0               | port    |
| J            | J_3_1               | port    |
| J            | J_3_2               | port    |
| J            | J_3_3               | port    |
| J            | J_3_4               | port    |
| J            | J_3_5               | port    |
| J            | J_3_6               | port    |
| J            | J_3_7               | port    |
| J            | J_3_8               | port    |
| J            | J_3_9               | port    |
| J            | J_3_10              | port    |
| J            | J_3_11              | port    |
| J            | J_3_12              | port    |
| J            | J_3_13              | port    |
| J            | J_3_14              | port    |
| J            | J_3_15              | port    |
| J            | J_3_16              | port    |
| J            | J_3_17              | port    |
| J            | J_3_18              | port    |
| J            | J_3_19              | port    |
| J            | J_3_20              | port    |
| J            | J_3_21              | port    |
| J            | J_3_22              | port    |
| J            | J_3_23              | port    |
| J            | J_3_24              | port    |
| J            | J_3_25              | port    |
| J            | J_3_26              | port    |
| J            | J_3_27              | port    |
| J            | J_4_0               | port    |
| J            | J_4_1               | port    |
| J            | J_4_2               | port    |
| J            | J_4_3               | port    |
| J            | J_4_4               | port    |
| J            | J_4_5               | port    |
| J            | J_4_6               | port    |
| J            | J_4_7               | port    |
| J            | J_4_8               | port    |
| J            | J_4_9               | port    |
| J            | J_4_10              | port    |
| J            | J_4_11              | port    |
| J            | J_4_12              | port    |
| J            | J_4_13              | port    |
| J            | J_4_14              | port    |
| J            | J_4_15              | port    |
| J            | J_4_16              | port    |
| J            | J_4_17              | port    |
| J            | J_4_18              | port    |
| J            | J_4_19              | port    |
| J            | J_4_20              | port    |
| J            | J_4_21              | port    |
| J            | J_4_22              | port    |
| J            | J_4_23              | port    |
| J            | J_4_24              | port    |
| J            | J_4_25              | port    |
| J            | J_4_26              | port    |
| J            | J_4_27              | port    |
| J            | J_5_0               | port    |
| J            | J_5_1               | port    |
| J            | J_5_2               | port    |
| J            | J_5_3               | port    |
| J            | J_5_4               | port    |
| J            | J_5_5               | port    |
| J            | J_5_6               | port    |
| J            | J_5_7               | port    |
| J            | J_5_8               | port    |
| J            | J_5_9               | port    |
| J            | J_5_10              | port    |
| J            | J_5_11              | port    |
| J            | J_5_12              | port    |
| J            | J_5_13              | port    |
| J            | J_5_14              | port    |
| J            | J_5_15              | port    |
| J            | J_5_16              | port    |
| J            | J_5_17              | port    |
| J            | J_5_18              | port    |
| J            | J_5_19              | port    |
| J            | J_5_20              | port    |
| J            | J_5_21              | port    |
| J            | J_5_22              | port    |
| J            | J_5_23              | port    |
| J            | J_5_24              | port    |
| J            | J_5_25              | port    |
| J            | J_5_26              | port    |
| J            | J_5_27              | port    |
| J            | J_6_0               | port    |
| J            | J_6_1               | port    |
| J            | J_6_2               | port    |
| J            | J_6_3               | port    |
| J            | J_6_4               | port    |
| J            | J_6_5               | port    |
| J            | J_6_6               | port    |
| J            | J_6_7               | port    |
| J            | J_6_8               | port    |
| J            | J_6_9               | port    |
| J            | J_6_10              | port    |
| J            | J_6_11              | port    |
| J            | J_6_12              | port    |
| J            | J_6_13              | port    |
| J            | J_6_14              | port    |
| J            | J_6_15              | port    |
| J            | J_6_16              | port    |
| J            | J_6_17              | port    |
| J            | J_6_18              | port    |
| J            | J_6_19              | port    |
| J            | J_6_20              | port    |
| J            | J_6_21              | port    |
| J            | J_6_22              | port    |
| J            | J_6_23              | port    |
| J            | J_6_24              | port    |
| J            | J_6_25              | port    |
| J            | J_6_26              | port    |
| J            | J_6_27              | port    |
| J            | J_7_0               | port    |
| J            | J_7_1               | port    |
| J            | J_7_2               | port    |
| J            | J_7_3               | port    |
| J            | J_7_4               | port    |
| J            | J_7_5               | port    |
| J            | J_7_6               | port    |
| J            | J_7_7               | port    |
| J            | J_7_8               | port    |
| J            | J_7_9               | port    |
| J            | J_7_10              | port    |
| J            | J_7_11              | port    |
| J            | J_7_12              | port    |
| J            | J_7_13              | port    |
| J            | J_7_14              | port    |
| J            | J_7_15              | port    |
| J            | J_7_16              | port    |
| J            | J_7_17              | port    |
| J            | J_7_18              | port    |
| J            | J_7_19              | port    |
| J            | J_7_20              | port    |
| J            | J_7_21              | port    |
| J            | J_7_22              | port    |
| J            | J_7_23              | port    |
| J            | J_7_24              | port    |
| J            | J_7_25              | port    |
| J            | J_7_26              | port    |
| J            | J_7_27              | port    |
| J            | J_8_0               | port    |
| J            | J_8_1               | port    |
| J            | J_8_2               | port    |
| J            | J_8_3               | port    |
| J            | J_8_4               | port    |
| J            | J_8_5               | port    |
| J            | J_8_6               | port    |
| J            | J_8_7               | port    |
| J            | J_8_8               | port    |
| J            | J_8_9               | port    |
| J            | J_8_10              | port    |
| J            | J_8_11              | port    |
| J            | J_8_12              | port    |
| J            | J_8_13              | port    |
| J            | J_8_14              | port    |
| J            | J_8_15              | port    |
| J            | J_8_16              | port    |
| J            | J_8_17              | port    |
| J            | J_8_18              | port    |
| J            | J_8_19              | port    |
| J            | J_8_20              | port    |
| J            | J_8_21              | port    |
| J            | J_8_22              | port    |
| J            | J_8_23              | port    |
| J            | J_8_24              | port    |
| J            | J_8_25              | port    |
| J            | J_8_26              | port    |
| J            | J_8_27              | port    |
| J            | J_9_0               | port    |
| J            | J_9_1               | port    |
| J            | J_9_2               | port    |
| J            | J_9_3               | port    |
| J            | J_9_4               | port    |
| J            | J_9_5               | port    |
| J            | J_9_6               | port    |
| J            | J_9_7               | port    |
| J            | J_9_8               | port    |
| J            | J_9_9               | port    |
| J            | J_9_10              | port    |
| J            | J_9_11              | port    |
| J            | J_9_12              | port    |
| J            | J_9_13              | port    |
| J            | J_9_14              | port    |
| J            | J_9_15              | port    |
| J            | J_9_16              | port    |
| J            | J_9_17              | port    |
| J            | J_9_18              | port    |
| J            | J_9_19              | port    |
| J            | J_9_20              | port    |
| J            | J_9_21              | port    |
| J            | J_9_22              | port    |
| J            | J_9_23              | port    |
| J            | J_9_24              | port    |
| J            | J_9_25              | port    |
| J            | J_9_26              | port    |
| J            | J_9_27              | port    |
| J            | J_10_0              | port    |
| J            | J_10_1              | port    |
| J            | J_10_2              | port    |
| J            | J_10_3              | port    |
| J            | J_10_4              | port    |
| J            | J_10_5              | port    |
| J            | J_10_6              | port    |
| J            | J_10_7              | port    |
| J            | J_10_8              | port    |
| J            | J_10_9              | port    |
| J            | J_10_10             | port    |
| J            | J_10_11             | port    |
| J            | J_10_12             | port    |
| J            | J_10_13             | port    |
| J            | J_10_14             | port    |
| J            | J_10_15             | port    |
| J            | J_10_16             | port    |
| J            | J_10_17             | port    |
| J            | J_10_18             | port    |
| J            | J_10_19             | port    |
| J            | J_10_20             | port    |
| J            | J_10_21             | port    |
| J            | J_10_22             | port    |
| J            | J_10_23             | port    |
| J            | J_10_24             | port    |
| J            | J_10_25             | port    |
| J            | J_10_26             | port    |
| J            | J_10_27             | port    |
| J            | J_11_0              | port    |
| J            | J_11_1              | port    |
| J            | J_11_2              | port    |
| J            | J_11_3              | port    |
| J            | J_11_4              | port    |
| J            | J_11_5              | port    |
| J            | J_11_6              | port    |
| J            | J_11_7              | port    |
| J            | J_11_8              | port    |
| J            | J_11_9              | port    |
| J            | J_11_10             | port    |
| J            | J_11_11             | port    |
| J            | J_11_12             | port    |
| J            | J_11_13             | port    |
| J            | J_11_14             | port    |
| J            | J_11_15             | port    |
| J            | J_11_16             | port    |
| J            | J_11_17             | port    |
| J            | J_11_18             | port    |
| J            | J_11_19             | port    |
| J            | J_11_20             | port    |
| J            | J_11_21             | port    |
| J            | J_11_22             | port    |
| J            | J_11_23             | port    |
| J            | J_11_24             | port    |
| J            | J_11_25             | port    |
| J            | J_11_26             | port    |
| J            | J_11_27             | port    |
| J            | J_12_0              | port    |
| J            | J_12_1              | port    |
| J            | J_12_2              | port    |
| J            | J_12_3              | port    |
| J            | J_12_4              | port    |
| J            | J_12_5              | port    |
| J            | J_12_6              | port    |
| J            | J_12_7              | port    |
| J            | J_12_8              | port    |
| J            | J_12_9              | port    |
| J            | J_12_10             | port    |
| J            | J_12_11             | port    |
| J            | J_12_12             | port    |
| J            | J_12_13             | port    |
| J            | J_12_14             | port    |
| J            | J_12_15             | port    |
| J            | J_12_16             | port    |
| J            | J_12_17             | port    |
| J            | J_12_18             | port    |
| J            | J_12_19             | port    |
| J            | J_12_20             | port    |
| J            | J_12_21             | port    |
| J            | J_12_22             | port    |
| J            | J_12_23             | port    |
| J            | J_12_24             | port    |
| J            | J_12_25             | port    |
| J            | J_12_26             | port    |
| J            | J_12_27             | port    |
| J            | J_13_0              | port    |
| J            | J_13_1              | port    |
| J            | J_13_2              | port    |
| J            | J_13_3              | port    |
| J            | J_13_4              | port    |
| J            | J_13_5              | port    |
| J            | J_13_6              | port    |
| J            | J_13_7              | port    |
| J            | J_13_8              | port    |
| J            | J_13_9              | port    |
| J            | J_13_10             | port    |
| J            | J_13_11             | port    |
| J            | J_13_12             | port    |
| J            | J_13_13             | port    |
| J            | J_13_14             | port    |
| J            | J_13_15             | port    |
| J            | J_13_16             | port    |
| J            | J_13_17             | port    |
| J            | J_13_18             | port    |
| J            | J_13_19             | port    |
| J            | J_13_20             | port    |
| J            | J_13_21             | port    |
| J            | J_13_22             | port    |
| J            | J_13_23             | port    |
| J            | J_13_24             | port    |
| J            | J_13_25             | port    |
| J            | J_13_26             | port    |
| J            | J_13_27             | port    |
| J            | J_14_0              | port    |
| J            | J_14_1              | port    |
| J            | J_14_2              | port    |
| J            | J_14_3              | port    |
| J            | J_14_4              | port    |
| J            | J_14_5              | port    |
| J            | J_14_6              | port    |
| J            | J_14_7              | port    |
| J            | J_14_8              | port    |
| J            | J_14_9              | port    |
| J            | J_14_10             | port    |
| J            | J_14_11             | port    |
| J            | J_14_12             | port    |
| J            | J_14_13             | port    |
| J            | J_14_14             | port    |
| J            | J_14_15             | port    |
| J            | J_14_16             | port    |
| J            | J_14_17             | port    |
| J            | J_14_18             | port    |
| J            | J_14_19             | port    |
| J            | J_14_20             | port    |
| J            | J_14_21             | port    |
| J            | J_14_22             | port    |
| J            | J_14_23             | port    |
| J            | J_14_24             | port    |
| J            | J_14_25             | port    |
| J            | J_14_26             | port    |
| J            | J_14_27             | port    |
| J            | J_15_0              | port    |
| J            | J_15_1              | port    |
| J            | J_15_2              | port    |
| J            | J_15_3              | port    |
| J            | J_15_4              | port    |
| J            | J_15_5              | port    |
| J            | J_15_6              | port    |
| J            | J_15_7              | port    |
| J            | J_15_8              | port    |
| J            | J_15_9              | port    |
| J            | J_15_10             | port    |
| J            | J_15_11             | port    |
| J            | J_15_12             | port    |
| J            | J_15_13             | port    |
| J            | J_15_14             | port    |
| J            | J_15_15             | port    |
| J            | J_15_16             | port    |
| J            | J_15_17             | port    |
| J            | J_15_18             | port    |
| J            | J_15_19             | port    |
| J            | J_15_20             | port    |
| J            | J_15_21             | port    |
| J            | J_15_22             | port    |
| J            | J_15_23             | port    |
| J            | J_15_24             | port    |
| J            | J_15_25             | port    |
| J            | J_15_26             | port    |
| J            | J_15_27             | port    |
| J            | J_16_0              | port    |
| J            | J_16_1              | port    |
| J            | J_16_2              | port    |
| J            | J_16_3              | port    |
| J            | J_16_4              | port    |
| J            | J_16_5              | port    |
| J            | J_16_6              | port    |
| J            | J_16_7              | port    |
| J            | J_16_8              | port    |
| J            | J_16_9              | port    |
| J            | J_16_10             | port    |
| J            | J_16_11             | port    |
| J            | J_16_12             | port    |
| J            | J_16_13             | port    |
| J            | J_16_14             | port    |
| J            | J_16_15             | port    |
| J            | J_16_16             | port    |
| J            | J_16_17             | port    |
| J            | J_16_18             | port    |
| J            | J_16_19             | port    |
| J            | J_16_20             | port    |
| J            | J_16_21             | port    |
| J            | J_16_22             | port    |
| J            | J_16_23             | port    |
| J            | J_16_24             | port    |
| J            | J_16_25             | port    |
| J            | J_16_26             | port    |
| J            | J_16_27             | port    |
| J            | J_17_0              | port    |
| J            | J_17_1              | port    |
| J            | J_17_2              | port    |
| J            | J_17_3              | port    |
| J            | J_17_4              | port    |
| J            | J_17_5              | port    |
| J            | J_17_6              | port    |
| J            | J_17_7              | port    |
| J            | J_17_8              | port    |
| J            | J_17_9              | port    |
| J            | J_17_10             | port    |
| J            | J_17_11             | port    |
| J            | J_17_12             | port    |
| J            | J_17_13             | port    |
| J            | J_17_14             | port    |
| J            | J_17_15             | port    |
| J            | J_17_16             | port    |
| J            | J_17_17             | port    |
| J            | J_17_18             | port    |
| J            | J_17_19             | port    |
| J            | J_17_20             | port    |
| J            | J_17_21             | port    |
| J            | J_17_22             | port    |
| J            | J_17_23             | port    |
| J            | J_17_24             | port    |
| J            | J_17_25             | port    |
| J            | J_17_26             | port    |
| J            | J_17_27             | port    |
| J            | J_18_0              | port    |
| J            | J_18_1              | port    |
| J            | J_18_2              | port    |
| J            | J_18_3              | port    |
| J            | J_18_4              | port    |
| J            | J_18_5              | port    |
| J            | J_18_6              | port    |
| J            | J_18_7              | port    |
| J            | J_18_8              | port    |
| J            | J_18_9              | port    |
| J            | J_18_10             | port    |
| J            | J_18_11             | port    |
| J            | J_18_12             | port    |
| J            | J_18_13             | port    |
| J            | J_18_14             | port    |
| J            | J_18_15             | port    |
| J            | J_18_16             | port    |
| J            | J_18_17             | port    |
| J            | J_18_18             | port    |
| J            | J_18_19             | port    |
| J            | J_18_20             | port    |
| J            | J_18_21             | port    |
| J            | J_18_22             | port    |
| J            | J_18_23             | port    |
| J            | J_18_24             | port    |
| J            | J_18_25             | port    |
| J            | J_18_26             | port    |
| J            | J_18_27             | port    |
| J            | J_19_0              | port    |
| J            | J_19_1              | port    |
| J            | J_19_2              | port    |
| J            | J_19_3              | port    |
| J            | J_19_4              | port    |
| J            | J_19_5              | port    |
| J            | J_19_6              | port    |
| J            | J_19_7              | port    |
| J            | J_19_8              | port    |
| J            | J_19_9              | port    |
| J            | J_19_10             | port    |
| J            | J_19_11             | port    |
| J            | J_19_12             | port    |
| J            | J_19_13             | port    |
| J            | J_19_14             | port    |
| J            | J_19_15             | port    |
| J            | J_19_16             | port    |
| J            | J_19_17             | port    |
| J            | J_19_18             | port    |
| J            | J_19_19             | port    |
| J            | J_19_20             | port    |
| J            | J_19_21             | port    |
| J            | J_19_22             | port    |
| J            | J_19_23             | port    |
| J            | J_19_24             | port    |
| J            | J_19_25             | port    |
| J            | J_19_26             | port    |
| J            | J_19_27             | port    |
| J            | J_20_0              | port    |
| J            | J_20_1              | port    |
| J            | J_20_2              | port    |
| J            | J_20_3              | port    |
| J            | J_20_4              | port    |
| J            | J_20_5              | port    |
| J            | J_20_6              | port    |
| J            | J_20_7              | port    |
| J            | J_20_8              | port    |
| J            | J_20_9              | port    |
| J            | J_20_10             | port    |
| J            | J_20_11             | port    |
| J            | J_20_12             | port    |
| J            | J_20_13             | port    |
| J            | J_20_14             | port    |
| J            | J_20_15             | port    |
| J            | J_20_16             | port    |
| J            | J_20_17             | port    |
| J            | J_20_18             | port    |
| J            | J_20_19             | port    |
| J            | J_20_20             | port    |
| J            | J_20_21             | port    |
| J            | J_20_22             | port    |
| J            | J_20_23             | port    |
| J            | J_20_24             | port    |
| J            | J_20_25             | port    |
| J            | J_20_26             | port    |
| J            | J_20_27             | port    |
| J            | J_21_0              | port    |
| J            | J_21_1              | port    |
| J            | J_21_2              | port    |
| J            | J_21_3              | port    |
| J            | J_21_4              | port    |
| J            | J_21_5              | port    |
| J            | J_21_6              | port    |
| J            | J_21_7              | port    |
| J            | J_21_8              | port    |
| J            | J_21_9              | port    |
| J            | J_21_10             | port    |
| J            | J_21_11             | port    |
| J            | J_21_12             | port    |
| J            | J_21_13             | port    |
| J            | J_21_14             | port    |
| J            | J_21_15             | port    |
| J            | J_21_16             | port    |
| J            | J_21_17             | port    |
| J            | J_21_18             | port    |
| J            | J_21_19             | port    |
| J            | J_21_20             | port    |
| J            | J_21_21             | port    |
| J            | J_21_22             | port    |
| J            | J_21_23             | port    |
| J            | J_21_24             | port    |
| J            | J_21_25             | port    |
| J            | J_21_26             | port    |
| J            | J_21_27             | port    |
| J            | J_22_0              | port    |
| J            | J_22_1              | port    |
| J            | J_22_2              | port    |
| J            | J_22_3              | port    |
| J            | J_22_4              | port    |
| J            | J_22_5              | port    |
| J            | J_22_6              | port    |
| J            | J_22_7              | port    |
| J            | J_22_8              | port    |
| J            | J_22_9              | port    |
| J            | J_22_10             | port    |
| J            | J_22_11             | port    |
| J            | J_22_12             | port    |
| J            | J_22_13             | port    |
| J            | J_22_14             | port    |
| J            | J_22_15             | port    |
| J            | J_22_16             | port    |
| J            | J_22_17             | port    |
| J            | J_22_18             | port    |
| J            | J_22_19             | port    |
| J            | J_22_20             | port    |
| J            | J_22_21             | port    |
| J            | J_22_22             | port    |
| J            | J_22_23             | port    |
| J            | J_22_24             | port    |
| J            | J_22_25             | port    |
| J            | J_22_26             | port    |
| J            | J_22_27             | port    |
| J            | J_23_0              | port    |
| J            | J_23_1              | port    |
| J            | J_23_2              | port    |
| J            | J_23_3              | port    |
| J            | J_23_4              | port    |
| J            | J_23_5              | port    |
| J            | J_23_6              | port    |
| J            | J_23_7              | port    |
| J            | J_23_8              | port    |
| J            | J_23_9              | port    |
| J            | J_23_10             | port    |
| J            | J_23_11             | port    |
| J            | J_23_12             | port    |
| J            | J_23_13             | port    |
| J            | J_23_14             | port    |
| J            | J_23_15             | port    |
| J            | J_23_16             | port    |
| J            | J_23_17             | port    |
| J            | J_23_18             | port    |
| J            | J_23_19             | port    |
| J            | J_23_20             | port    |
| J            | J_23_21             | port    |
| J            | J_23_22             | port    |
| J            | J_23_23             | port    |
| J            | J_23_24             | port    |
| J            | J_23_25             | port    |
| J            | J_23_26             | port    |
| J            | J_23_27             | port    |
| J            | J_24_0              | port    |
| J            | J_24_1              | port    |
| J            | J_24_2              | port    |
| J            | J_24_3              | port    |
| J            | J_24_4              | port    |
| J            | J_24_5              | port    |
| J            | J_24_6              | port    |
| J            | J_24_7              | port    |
| J            | J_24_8              | port    |
| J            | J_24_9              | port    |
| J            | J_24_10             | port    |
| J            | J_24_11             | port    |
| J            | J_24_12             | port    |
| J            | J_24_13             | port    |
| J            | J_24_14             | port    |
| J            | J_24_15             | port    |
| J            | J_24_16             | port    |
| J            | J_24_17             | port    |
| J            | J_24_18             | port    |
| J            | J_24_19             | port    |
| J            | J_24_20             | port    |
| J            | J_24_21             | port    |
| J            | J_24_22             | port    |
| J            | J_24_23             | port    |
| J            | J_24_24             | port    |
| J            | J_24_25             | port    |
| J            | J_24_26             | port    |
| J            | J_24_27             | port    |
| J            | J_25_0              | port    |
| J            | J_25_1              | port    |
| J            | J_25_2              | port    |
| J            | J_25_3              | port    |
| J            | J_25_4              | port    |
| J            | J_25_5              | port    |
| J            | J_25_6              | port    |
| J            | J_25_7              | port    |
| J            | J_25_8              | port    |
| J            | J_25_9              | port    |
| J            | J_25_10             | port    |
| J            | J_25_11             | port    |
| J            | J_25_12             | port    |
| J            | J_25_13             | port    |
| J            | J_25_14             | port    |
| J            | J_25_15             | port    |
| J            | J_25_16             | port    |
| J            | J_25_17             | port    |
| J            | J_25_18             | port    |
| J            | J_25_19             | port    |
| J            | J_25_20             | port    |
| J            | J_25_21             | port    |
| J            | J_25_22             | port    |
| J            | J_25_23             | port    |
| J            | J_25_24             | port    |
| J            | J_25_25             | port    |
| J            | J_25_26             | port    |
| J            | J_25_27             | port    |
| J            | J_26_0              | port    |
| J            | J_26_1              | port    |
| J            | J_26_2              | port    |
| J            | J_26_3              | port    |
| J            | J_26_4              | port    |
| J            | J_26_5              | port    |
| J            | J_26_6              | port    |
| J            | J_26_7              | port    |
| J            | J_26_8              | port    |
| J            | J_26_9              | port    |
| J            | J_26_10             | port    |
| J            | J_26_11             | port    |
| J            | J_26_12             | port    |
| J            | J_26_13             | port    |
| J            | J_26_14             | port    |
| J            | J_26_15             | port    |
| J            | J_26_16             | port    |
| J            | J_26_17             | port    |
| J            | J_26_18             | port    |
| J            | J_26_19             | port    |
| J            | J_26_20             | port    |
| J            | J_26_21             | port    |
| J            | J_26_22             | port    |
| J            | J_26_23             | port    |
| J            | J_26_24             | port    |
| J            | J_26_25             | port    |
| J            | J_26_26             | port    |
| J            | J_26_27             | port    |
| J            | J_27_0              | port    |
| J            | J_27_1              | port    |
| J            | J_27_2              | port    |
| J            | J_27_3              | port    |
| J            | J_27_4              | port    |
| J            | J_27_5              | port    |
| J            | J_27_6              | port    |
| J            | J_27_7              | port    |
| J            | J_27_8              | port    |
| J            | J_27_9              | port    |
| J            | J_27_10             | port    |
| J            | J_27_11             | port    |
| J            | J_27_12             | port    |
| J            | J_27_13             | port    |
| J            | J_27_14             | port    |
| J            | J_27_15             | port    |
| J            | J_27_16             | port    |
| J            | J_27_17             | port    |
| J            | J_27_18             | port    |
| J            | J_27_19             | port    |
| J            | J_27_20             | port    |
| J            | J_27_21             | port    |
| J            | J_27_22             | port    |
| J            | J_27_23             | port    |
| J            | J_27_24             | port    |
| J            | J_27_25             | port    |
| J            | J_27_26             | port    |
| J            | J_27_27             | port    |
| h            | h_0                 | port    |
| h            | h_1                 | port    |
| h            | h_2                 | port    |
| h            | h_3                 | port    |
| h            | h_4                 | port    |
| h            | h_5                 | port    |
| h            | h_6                 | port    |
| h            | h_7                 | port    |
| h            | h_8                 | port    |
| h            | h_9                 | port    |
| h            | h_10                | port    |
| h            | h_11                | port    |
| h            | h_12                | port    |
| h            | h_13                | port    |
| h            | h_14                | port    |
| h            | h_15                | port    |
| h            | h_16                | port    |
| h            | h_17                | port    |
| h            | h_18                | port    |
| h            | h_19                | port    |
| h            | h_20                | port    |
| h            | h_21                | port    |
| h            | h_22                | port    |
| h            | h_23                | port    |
| h            | h_24                | port    |
| h            | h_25                | port    |
| h            | h_26                | port    |
| h            | h_27                | port    |
| s            | s_0                 | port    |
| s            | s_1                 | port    |
| s            | s_2                 | port    |
| s            | s_3                 | port    |
| s            | s_4                 | port    |
| s            | s_5                 | port    |
| s            | s_6                 | port    |
| s            | s_7                 | port    |
| s            | s_8                 | port    |
| s            | s_9                 | port    |
| s            | s_10                | port    |
| s            | s_11                | port    |
| s            | s_12                | port    |
| s            | s_13                | port    |
| s            | s_14                | port    |
| s            | s_15                | port    |
| s            | s_16                | port    |
| s            | s_17                | port    |
| s            | s_18                | port    |
| s            | s_19                | port    |
| s            | s_20                | port    |
| s            | s_21                | port    |
| s            | s_22                | port    |
| s            | s_23                | port    |
| s            | s_24                | port    |
| s            | s_25                | port    |
| s            | s_26                | port    |
| s            | s_27                | port    |
| i            | i                   | port    |
| old_energy   | old_energy          | port    |
| beta         | beta                | port    |
| u            | u                   | port    |
| accepted     | accepted            | port    |
| accepted     | accepted_ap_vld     | port    |
| delta_energy | delta_energy        | port    |
| delta_energy | delta_energy_ap_vld | port    |
| new_energy   | new_energy          | port    |
| new_energy   | new_energy_ap_vld   | port    |
+--------------+---------------------+---------+


================================================================
== Bind Op Report
================================================================
+------------------------------+-----+--------+---------------+-----------+--------------------------+---------+
| Name                         | DSP | Pragma | Variable      | Op        | Impl                     | Latency |
+------------------------------+-----+--------+---------------+-----------+--------------------------+---------+
| + local_metropolis_step      | 13  |        |               |           |                          |         |
|   icmp_ln116_fu_8415_p2      |     |        | icmp_ln116    | setlt     | auto                     | 0       |
|   mul_40ns_40s_64_2_1_U851   | 5   |        | mul_ln120     | mul       | auto                     | 1       |
|   icmp_ln59_fu_8467_p2       |     |        | icmp_ln59     | setlt     | auto                     | 0       |
|   sub_ln75_fu_8479_p2        |     |        | sub_ln75      | sub       | fabric                   | 0       |
|   sub_ln75_1_fu_8500_p2      |     |        | sub_ln75_1    | sub       | fabric                   | 0       |
|   select_ln75_fu_8512_p3     |     |        | select_ln75   | select    | auto_sel                 | 0       |
|   sub_ln84_fu_8553_p2        |     |        | sub_ln84      | sub       | fabric                   | 0       |
|   add_ln87_fu_8563_p2        |     |        | add_ln87      | add       | fabric                   | 0       |
|   sub_ln89_fu_8599_p2        |     |        | sub_ln89      | sub       | fabric                   | 0       |
|   mul_26s_36s_60_2_1_U850    | 2   |        | mul_ln89      | mul       | auto                     | 1       |
|   add_ln89_fu_8635_p2        |     |        | add_ln89      | add       | fabric                   | 0       |
|   icmp_ln95_fu_8661_p2       |     |        | icmp_ln95     | setgt     | auto                     | 0       |
|   p_fu_8719_p4               |     |        | select_ln95   | select    | auto_sel                 | 0       |
|   xor_ln59_fu_8697_p2        |     |        | xor_ln59      | xor       | auto                     | 0       |
|   icmp_ln63_fu_8495_p2       |     |        | icmp_ln63     | setlt     | auto                     | 0       |
|   icmp_ln91_fu_8667_p2       |     |        | icmp_ln91     | setgt     | auto                     | 0       |
|   and_ln91_fu_8702_p2        |     |        | and_ln91      | and       | auto                     | 0       |
|   and_ln91_1_fu_8707_p2      |     |        | and_ln91_1    | and       | auto                     | 0       |
|   sparsemux_7_2_40_1_1_U852  |     |        | p             | sparsemux | onehotencoding_realdef   | 0       |
|   icmp_ln123_fu_8739_p2      |     |        | icmp_ln123    | setlt     | auto                     | 0       |
|   xor_ln123_fu_8744_p2       |     |        | xor_ln123     | xor       | auto                     | 0       |
|   add_ln240_fu_8751_p2       |     |        | add_ln240     | add       | fabric                   | 0       |
|  + local_delta_energy        | 6   |        |               |           |                          |         |
|    sparsemux_57_5_40_1_1_U2  |     |        | field         | sparsemux | compactencoding_dontcare | 0       |
|    icmp_ln147_fu_6773_p2     |     |        | icmp_ln147    | seteq     | auto                     | 0       |
|    sparsemux_55_5_40_1_1_U3  |     |        | a             | sparsemux | compactencoding_dontcare | 0       |
|    sub_ln42_fu_6895_p2       |     |        | sub_ln42      | sub       | fabric                   | 0       |
|    term_fu_7179_p3           |     |        | term          | select    | auto_sel                 | 0       |
|    field_2_fu_7185_p2        |     |        | field_2       | add       | fabric                   | 0       |
|    field_1_fu_7190_p3        |     |        | field_1       | select    | auto_sel                 | 0       |
|    icmp_ln147_1_fu_6901_p2   |     |        | icmp_ln147_1  | seteq     | auto                     | 0       |
|    sparsemux_55_5_40_1_1_U4  |     |        | a_1           | sparsemux | compactencoding_dontcare | 0       |
|    sub_ln42_1_fu_7196_p2     |     |        | sub_ln42_1    | sub       | fabric                   | 0       |
|    term_1_fu_7201_p3         |     |        | term_1        | select    | auto_sel                 | 0       |
|    field_3_fu_7208_p2        |     |        | field_3       | add       | fabric                   | 0       |
|    field_4_fu_7214_p3        |     |        | field_4       | select    | auto_sel                 | 0       |
|    icmp_ln147_2_fu_7023_p2   |     |        | icmp_ln147_2  | seteq     | auto                     | 0       |
|    sparsemux_55_5_40_1_1_U5  |     |        | a_2           | sparsemux | compactencoding_dontcare | 0       |
|    sub_ln42_2_fu_7336_p2     |     |        | sub_ln42_2    | sub       | fabric                   | 0       |
|    term_2_fu_7457_p3         |     |        | term_2        | select    | auto_sel                 | 0       |
|    field_5_fu_7463_p2        |     |        | field_5       | add       | fabric                   | 0       |
|    field_6_fu_7468_p3        |     |        | field_6       | select    | auto_sel                 | 0       |
|    icmp_ln147_3_fu_7029_p2   |     |        | icmp_ln147_3  | seteq     | auto                     | 0       |
|    sparsemux_55_5_40_1_1_U6  |     |        | a_3           | sparsemux | compactencoding_dontcare | 0       |
|    sub_ln42_3_fu_7474_p2     |     |        | sub_ln42_3    | sub       | fabric                   | 0       |
|    term_3_fu_7479_p3         |     |        | term_3        | select    | auto_sel                 | 0       |
|    field_7_fu_7486_p2        |     |        | field_7       | add       | fabric                   | 0       |
|    field_8_fu_7492_p3        |     |        | field_8       | select    | auto_sel                 | 0       |
|    icmp_ln147_4_fu_7035_p2   |     |        | icmp_ln147_4  | seteq     | auto                     | 0       |
|    sparsemux_55_5_40_1_1_U7  |     |        | a_4           | sparsemux | compactencoding_dontcare | 0       |
|    sub_ln42_4_fu_7614_p2     |     |        | sub_ln42_4    | sub       | fabric                   | 0       |
|    term_4_fu_7735_p3         |     |        | term_4        | select    | auto_sel                 | 0       |
|    field_9_fu_7741_p2        |     |        | field_9       | add       | fabric                   | 0       |
|    field_10_fu_7746_p3       |     |        | field_10      | select    | auto_sel                 | 0       |
|    icmp_ln147_5_fu_7041_p2   |     |        | icmp_ln147_5  | seteq     | auto                     | 0       |
|    sparsemux_55_5_40_1_1_U8  |     |        | a_5           | sparsemux | compactencoding_dontcare | 0       |
|    sub_ln42_5_fu_7752_p2     |     |        | sub_ln42_5    | sub       | fabric                   | 0       |
|    term_5_fu_7757_p3         |     |        | term_5        | select    | auto_sel                 | 0       |
|    field_11_fu_7764_p2       |     |        | field_11      | add       | fabric                   | 0       |
|    field_12_fu_7770_p3       |     |        | field_12      | select    | auto_sel                 | 0       |
|    icmp_ln147_6_fu_7047_p2   |     |        | icmp_ln147_6  | seteq     | auto                     | 0       |
|    sparsemux_55_5_40_1_1_U9  |     |        | a_6           | sparsemux | compactencoding_dontcare | 0       |
|    sub_ln42_6_fu_7892_p2     |     |        | sub_ln42_6    | sub       | fabric                   | 0       |
|    term_6_fu_8013_p3         |     |        | term_6        | select    | auto_sel                 | 0       |
|    field_13_fu_8019_p2       |     |        | field_13      | add       | fabric                   | 0       |
|    field_14_fu_8024_p3       |     |        | field_14      | select    | auto_sel                 | 0       |
|    icmp_ln147_7_fu_7053_p2   |     |        | icmp_ln147_7  | seteq     | auto                     | 0       |
|    sparsemux_55_5_40_1_1_U10 |     |        | a_7           | sparsemux | compactencoding_dontcare | 0       |
|    sub_ln42_7_fu_8030_p2     |     |        | sub_ln42_7    | sub       | fabric                   | 0       |
|    term_7_fu_8035_p3         |     |        | term_7        | select    | auto_sel                 | 0       |
|    field_15_fu_8042_p2       |     |        | field_15      | add       | fabric                   | 0       |
|    field_16_fu_8048_p3       |     |        | field_16      | select    | auto_sel                 | 0       |
|    icmp_ln147_8_fu_7059_p2   |     |        | icmp_ln147_8  | seteq     | auto                     | 0       |
|    sparsemux_55_5_40_1_1_U11 |     |        | a_8           | sparsemux | compactencoding_dontcare | 0       |
|    sub_ln42_8_fu_8170_p2     |     |        | sub_ln42_8    | sub       | fabric                   | 0       |
|    term_8_fu_8291_p3         |     |        | term_8        | select    | auto_sel                 | 0       |
|    field_17_fu_8297_p2       |     |        | field_17      | add       | fabric                   | 0       |
|    field_18_fu_8302_p3       |     |        | field_18      | select    | auto_sel                 | 0       |
|    icmp_ln147_9_fu_7065_p2   |     |        | icmp_ln147_9  | seteq     | auto                     | 0       |
|    sparsemux_55_5_40_1_1_U12 |     |        | a_9           | sparsemux | compactencoding_dontcare | 0       |
|    sub_ln42_9_fu_8308_p2     |     |        | sub_ln42_9    | sub       | fabric                   | 0       |
|    term_9_fu_8313_p3         |     |        | term_9        | select    | auto_sel                 | 0       |
|    field_19_fu_8320_p2       |     |        | field_19      | add       | fabric                   | 0       |
|    field_20_fu_8326_p3       |     |        | field_20      | select    | auto_sel                 | 0       |
|    icmp_ln147_10_fu_7071_p2  |     |        | icmp_ln147_10 | seteq     | auto                     | 0       |
|    sparsemux_55_5_40_1_1_U13 |     |        | a_10          | sparsemux | compactencoding_dontcare | 0       |
|    sub_ln42_10_fu_8448_p2    |     |        | sub_ln42_10   | sub       | fabric                   | 0       |
|    term_10_fu_8569_p3        |     |        | term_10       | select    | auto_sel                 | 0       |
|    field_21_fu_8575_p2       |     |        | field_21      | add       | fabric                   | 0       |
|    field_22_fu_8580_p3       |     |        | field_22      | select    | auto_sel                 | 0       |
|    icmp_ln147_11_fu_7077_p2  |     |        | icmp_ln147_11 | seteq     | auto                     | 0       |
|    sparsemux_55_5_40_1_1_U14 |     |        | a_11          | sparsemux | compactencoding_dontcare | 0       |
|    sub_ln42_11_fu_8586_p2    |     |        | sub_ln42_11   | sub       | fabric                   | 0       |
|    term_11_fu_8591_p3        |     |        | term_11       | select    | auto_sel                 | 0       |
|    field_23_fu_8598_p2       |     |        | field_23      | add       | fabric                   | 0       |
|    field_24_fu_8604_p3       |     |        | field_24      | select    | auto_sel                 | 0       |
|    icmp_ln147_12_fu_7083_p2  |     |        | icmp_ln147_12 | seteq     | auto                     | 0       |
|    sparsemux_55_5_40_1_1_U15 |     |        | a_12          | sparsemux | compactencoding_dontcare | 0       |
|    sub_ln42_12_fu_8726_p2    |     |        | sub_ln42_12   | sub       | fabric                   | 0       |
|    term_12_fu_8847_p3        |     |        | term_12       | select    | auto_sel                 | 0       |
|    field_25_fu_8853_p2       |     |        | field_25      | add       | fabric                   | 0       |
|    field_26_fu_8858_p3       |     |        | field_26      | select    | auto_sel                 | 0       |
|    icmp_ln147_13_fu_7089_p2  |     |        | icmp_ln147_13 | seteq     | auto                     | 0       |
|    sparsemux_55_5_40_1_1_U16 |     |        | a_13          | sparsemux | compactencoding_dontcare | 0       |
|    sub_ln42_13_fu_8864_p2    |     |        | sub_ln42_13   | sub       | fabric                   | 0       |
|    term_13_fu_8869_p3        |     |        | term_13       | select    | auto_sel                 | 0       |
|    field_27_fu_8876_p2       |     |        | field_27      | add       | fabric                   | 0       |
|    field_28_fu_8882_p3       |     |        | field_28      | select    | auto_sel                 | 0       |
|    icmp_ln147_14_fu_7095_p2  |     |        | icmp_ln147_14 | seteq     | auto                     | 0       |
|    sparsemux_55_5_40_1_1_U17 |     |        | a_14          | sparsemux | compactencoding_dontcare | 0       |
|    sub_ln42_14_fu_9004_p2    |     |        | sub_ln42_14   | sub       | fabric                   | 0       |
|    term_14_fu_9125_p3        |     |        | term_14       | select    | auto_sel                 | 0       |
|    field_29_fu_9131_p2       |     |        | field_29      | add       | fabric                   | 0       |
|    field_30_fu_9136_p3       |     |        | field_30      | select    | auto_sel                 | 0       |
|    icmp_ln147_15_fu_7101_p2  |     |        | icmp_ln147_15 | seteq     | auto                     | 0       |
|    sparsemux_55_5_40_1_1_U18 |     |        | a_15          | sparsemux | compactencoding_dontcare | 0       |
|    sub_ln42_15_fu_9142_p2    |     |        | sub_ln42_15   | sub       | fabric                   | 0       |
|    term_15_fu_9147_p3        |     |        | term_15       | select    | auto_sel                 | 0       |
|    field_31_fu_9154_p2       |     |        | field_31      | add       | fabric                   | 0       |
|    field_32_fu_9160_p3       |     |        | field_32      | select    | auto_sel                 | 0       |
|    icmp_ln147_16_fu_7107_p2  |     |        | icmp_ln147_16 | seteq     | auto                     | 0       |
|    sparsemux_55_5_40_1_1_U19 |     |        | a_16          | sparsemux | compactencoding_dontcare | 0       |
|    sub_ln42_16_fu_9282_p2    |     |        | sub_ln42_16   | sub       | fabric                   | 0       |
|    term_16_fu_9508_p3        |     |        | term_16       | select    | auto_sel                 | 0       |
|    field_33_fu_9513_p2       |     |        | field_33      | add       | fabric                   | 0       |
|    field_34_fu_9518_p3       |     |        | field_34      | select    | auto_sel                 | 0       |
|    icmp_ln147_17_fu_7113_p2  |     |        | icmp_ln147_17 | seteq     | auto                     | 0       |
|    sparsemux_55_5_40_1_1_U20 |     |        | a_17          | sparsemux | compactencoding_dontcare | 0       |
|    sub_ln42_17_fu_9524_p2    |     |        | sub_ln42_17   | sub       | fabric                   | 0       |
|    term_17_fu_9529_p3        |     |        | term_17       | select    | auto_sel                 | 0       |
|    field_35_fu_9535_p2       |     |        | field_35      | add       | fabric                   | 0       |
|    field_36_fu_9541_p3       |     |        | field_36      | select    | auto_sel                 | 0       |
|    icmp_ln147_18_fu_7119_p2  |     |        | icmp_ln147_18 | seteq     | auto                     | 0       |
|    sparsemux_55_5_40_1_1_U22 |     |        | a_18          | sparsemux | compactencoding_dontcare | 0       |
|    sub_ln42_18_fu_9663_p2    |     |        | sub_ln42_18   | sub       | fabric                   | 0       |
|    term_18_fu_9784_p3        |     |        | term_18       | select    | auto_sel                 | 0       |
|    field_37_fu_9789_p2       |     |        | field_37      | add       | fabric                   | 0       |
|    field_38_fu_9794_p3       |     |        | field_38      | select    | auto_sel                 | 0       |
|    icmp_ln147_19_fu_7125_p2  |     |        | icmp_ln147_19 | seteq     | auto                     | 0       |
|    sparsemux_55_5_40_1_1_U23 |     |        | a_19          | sparsemux | compactencoding_dontcare | 0       |
|    sub_ln42_19_fu_9800_p2    |     |        | sub_ln42_19   | sub       | fabric                   | 0       |
|    term_19_fu_9805_p3        |     |        | term_19       | select    | auto_sel                 | 0       |
|    field_39_fu_9811_p2       |     |        | field_39      | add       | fabric                   | 0       |
|    field_40_fu_9817_p3       |     |        | field_40      | select    | auto_sel                 | 0       |
|    icmp_ln147_20_fu_7131_p2  |     |        | icmp_ln147_20 | seteq     | auto                     | 0       |
|    sparsemux_55_5_40_1_1_U24 |     |        | a_20          | sparsemux | compactencoding_dontcare | 0       |
|    sub_ln42_20_fu_9939_p2    |     |        | sub_ln42_20   | sub       | fabric                   | 0       |
|    term_20_fu_10060_p3       |     |        | term_20       | select    | auto_sel                 | 0       |
|    field_41_fu_10065_p2      |     |        | field_41      | add       | fabric                   | 0       |
|    field_42_fu_10070_p3      |     |        | field_42      | select    | auto_sel                 | 0       |
|    icmp_ln147_21_fu_7137_p2  |     |        | icmp_ln147_21 | seteq     | auto                     | 0       |
|    sparsemux_55_5_40_1_1_U25 |     |        | a_21          | sparsemux | compactencoding_dontcare | 0       |
|    sub_ln42_21_fu_10076_p2   |     |        | sub_ln42_21   | sub       | fabric                   | 0       |
|    term_21_fu_10081_p3       |     |        | term_21       | select    | auto_sel                 | 0       |
|    field_43_fu_10087_p2      |     |        | field_43      | add       | fabric                   | 0       |
|    field_44_fu_10093_p3      |     |        | field_44      | select    | auto_sel                 | 0       |
|    icmp_ln147_22_fu_7143_p2  |     |        | icmp_ln147_22 | seteq     | auto                     | 0       |
|    sparsemux_55_5_40_1_1_U26 |     |        | a_22          | sparsemux | compactencoding_dontcare | 0       |
|    sub_ln42_22_fu_10215_p2   |     |        | sub_ln42_22   | sub       | fabric                   | 0       |
|    term_22_fu_10336_p3       |     |        | term_22       | select    | auto_sel                 | 0       |
|    field_45_fu_10341_p2      |     |        | field_45      | add       | fabric                   | 0       |
|    field_46_fu_10346_p3      |     |        | field_46      | select    | auto_sel                 | 0       |
|    icmp_ln147_23_fu_7149_p2  |     |        | icmp_ln147_23 | seteq     | auto                     | 0       |
|    sparsemux_55_5_40_1_1_U27 |     |        | a_23          | sparsemux | compactencoding_dontcare | 0       |
|    sub_ln42_23_fu_10352_p2   |     |        | sub_ln42_23   | sub       | fabric                   | 0       |
|    term_23_fu_10357_p3       |     |        | term_23       | select    | auto_sel                 | 0       |
|    field_47_fu_10363_p2      |     |        | field_47      | add       | fabric                   | 0       |
|    field_48_fu_10369_p3      |     |        | field_48      | select    | auto_sel                 | 0       |
|    icmp_ln147_24_fu_7155_p2  |     |        | icmp_ln147_24 | seteq     | auto                     | 0       |
|    sparsemux_55_5_40_1_1_U28 |     |        | a_24          | sparsemux | compactencoding_dontcare | 0       |
|    sub_ln42_24_fu_10491_p2   |     |        | sub_ln42_24   | sub       | fabric                   | 0       |
|    term_24_fu_10612_p3       |     |        | term_24       | select    | auto_sel                 | 0       |
|    field_49_fu_10617_p2      |     |        | field_49      | add       | fabric                   | 0       |
|    field_50_fu_10622_p3      |     |        | field_50      | select    | auto_sel                 | 0       |
|    icmp_ln147_25_fu_7161_p2  |     |        | icmp_ln147_25 | seteq     | auto                     | 0       |
|    sparsemux_55_5_40_1_1_U29 |     |        | a_25          | sparsemux | compactencoding_dontcare | 0       |
|    sub_ln42_25_fu_10628_p2   |     |        | sub_ln42_25   | sub       | fabric                   | 0       |
|    term_25_fu_10633_p3       |     |        | term_25       | select    | auto_sel                 | 0       |
|    field_51_fu_10639_p2      |     |        | field_51      | add       | fabric                   | 0       |
|    field_52_fu_10645_p3      |     |        | field_52      | select    | auto_sel                 | 0       |
|    icmp_ln147_26_fu_7167_p2  |     |        | icmp_ln147_26 | seteq     | auto                     | 0       |
|    sparsemux_55_5_40_1_1_U30 |     |        | a_26          | sparsemux | compactencoding_dontcare | 0       |
|    sub_ln42_26_fu_10767_p2   |     |        | sub_ln42_26   | sub       | fabric                   | 0       |
|    term_26_fu_10888_p3       |     |        | term_26       | select    | auto_sel                 | 0       |
|    field_53_fu_10893_p2      |     |        | field_53      | add       | fabric                   | 0       |
|    field_54_fu_10898_p3      |     |        | field_54      | select    | auto_sel                 | 0       |
|    icmp_ln147_27_fu_7173_p2  |     |        | icmp_ln147_27 | seteq     | auto                     | 0       |
|    sparsemux_55_5_40_1_1_U31 |     |        | a_27          | sparsemux | compactencoding_dontcare | 0       |
|    sub_ln42_27_fu_10904_p2   |     |        | sub_ln42_27   | sub       | fabric                   | 0       |
|    term_27_fu_10909_p3       |     |        | term_27       | select    | auto_sel                 | 0       |
|    field_55_fu_10915_p2      |     |        | field_55      | add       | fabric                   | 0       |
|    field_56_fu_10921_p3      |     |        | field_56      | select    | auto_sel                 | 0       |
|    sparsemux_57_5_1_1_1_U21  |     |        | b             | sparsemux | compactencoding_dontcare | 0       |
|    mul_40s_50s_88_5_1_U1     | 6   |        | mul_ln153     | mul       | auto                     | 4       |
|    out_fu_10947_p3           |     |        | out           | select    | auto_sel                 | 0       |
+------------------------------+-----+--------+---------------+-----------+--------------------------+---------+


================================================================
== Storage Report
================================================================
+-------------------------+--------+------+------+------+--------+-------------+------+---------+------------------+
| Name                    | Usage  | Type | BRAM | URAM | Pragma | Variable    | Impl | Latency | Bitwidth, Depth, |
|                         |        |      |      |      |        |             |      |         | Banks            |
+-------------------------+--------+------+------+------+--------+-------------+------+---------+------------------+
| + local_metropolis_step |        |      | 0    | 0    |        |             |      |         |                  |
|   EXP_NEG_LUT_U         | rom_2p |      |      |      |        | EXP_NEG_LUT | auto | 1       | 40, 1025, 1      |
+-------------------------+--------+------+------+------+--------+-------------+------+---------+------------------+


================================================================
== Pragma Report
================================================================
* Valid Pragma Syntax
+-----------------+---------------------------+--------------------------------------------------+
| Type            | Options                   | Location                                         |
+-----------------+---------------------------+--------------------------------------------------+
| ARRAY_PARTITION | variable=J complete dim=0 | in local_delta_energy (src/sk_step.cpp:139)      |
| ARRAY_PARTITION | variable=h complete dim=1 | in local_delta_energy (src/sk_step.cpp:140)      |
| ARRAY_PARTITION | variable=s complete dim=1 | in local_delta_energy (src/sk_step.cpp:141)      |
| UNROLL          |                           | in local_delta_energy (src/sk_step.cpp:146)      |
| ARRAY_PARTITION | variable=J complete dim=0 | in uniform_delta_energy (src/sk_step.cpp:174)    |
| ARRAY_PARTITION | variable=h complete dim=1 | in uniform_delta_energy (src/sk_step.cpp:175)    |
| ARRAY_PARTITION | variable=y complete dim=1 | in uniform_delta_energy (src/sk_step.cpp:176)    |
| UNROLL          |                           | in uniform_delta_energy (src/sk_step.cpp:181)    |
| UNROLL          |                           | in uniform_delta_energy (src/sk_step.cpp:187)    |
| UNROLL          |                           | in uniform_delta_energy (src/sk_step.cpp:189)    |
| ARRAY_PARTITION | variable=J complete dim=0 | in local_metropolis_step (src/sk_step.cpp:229)   |
| ARRAY_PARTITION | variable=h complete dim=1 | in local_metropolis_step (src/sk_step.cpp:230)   |
| ARRAY_PARTITION | variable=s complete dim=1 | in local_metropolis_step (src/sk_step.cpp:231)   |
| ARRAY_PARTITION | variable=J complete dim=0 | in uniform_metropolis_step (src/sk_step.cpp:269) |
| ARRAY_PARTITION | variable=h complete dim=1 | in uniform_metropolis_step (src/sk_step.cpp:270) |
| ARRAY_PARTITION | variable=y complete dim=1 | in uniform_metropolis_step (src/sk_step.cpp:271) |
+-----------------+---------------------------+--------------------------------------------------+


