

================================================================
== Vitis HLS Report for 'local_metropolis_step'
================================================================
* Date:           Tue May 19 20:47:30 2026

* Version:        2025.2 (Build 6295257 on Nov 14 2025)
* Project:        hls_local_metropolis_step_N28
* Solution:       hls (Vivado IP Flow Target)
* Product family: virtexuplus
* Target device:  xcvu19p-fsva3824-2-e


================================================================
== Performance Estimates
================================================================
+ Timing: 
    * Summary: 
    +--------+---------+----------+------------+
    |  Clock |  Target | Estimated| Uncertainty|
    +--------+---------+----------+------------+
    |ap_clk  |  3.33 ns|  2.388 ns|     0.90 ns|
    +--------+---------+----------+------------+

+ Latency: 
    * Summary: 
    +---------+---------+-----------+----------+-----+-----+---------+
    |  Latency (cycles) |  Latency (absolute)  |  Interval | Pipeline|
    |   min   |   max   |    min    |    max   | min | max |   Type  |
    +---------+---------+-----------+----------+-----+-----+---------+
    |       22|       31|  73.326 ns|  0.103 us|   23|   32|       no|
    +---------+---------+-----------+----------+-----+-----+---------+

    + Detail: 
        * Instance: 
        +--------------------------------+--------------------+---------+---------+-----------+-----------+-----+-----+---------+
        |                                |                    |  Latency (cycles) |   Latency (absolute)  |  Interval | Pipeline|
        |            Instance            |       Module       |   min   |   max   |    min    |    max    | min | max |   Type  |
        +--------------------------------+--------------------+---------+---------+-----------+-----------+-----+-----+---------+
        |grp_local_delta_energy_fu_6777  |local_delta_energy  |       19|       19|  63.327 ns|  63.327 ns|   19|   19|       no|
        +--------------------------------+--------------------+---------+---------+-----------+-----------+-----+-----+---------+

        * Loop: 
        N/A



================================================================
== Utilization Estimates
================================================================
* Summary: 
+---------------------+---------+------+---------+---------+-----+
|         Name        | BRAM_18K|  DSP |    FF   |   LUT   | URAM|
+---------------------+---------+------+---------+---------+-----+
|DSP                  |        -|     -|        -|        -|    -|
|Expression           |        -|     -|        0|      703|    -|
|FIFO                 |        -|     -|        -|        -|    -|
|Instance             |        -|    13|     3113|    10404|    -|
|Memory               |        0|     -|        0|        0|    -|
|Multiplexer          |        -|     -|        0|       93|    -|
|Register             |        -|     -|    31932|        -|    -|
+---------------------+---------+------+---------+---------+-----+
|Total                |        0|    13|    35045|    11200|    0|
+---------------------+---------+------+---------+---------+-----+
|Available SLR        |     1080|   960|  2042880|  1021440|   80|
+---------------------+---------+------+---------+---------+-----+
|Utilization SLR (%)  |        0|     1|        1|        1|    0|
+---------------------+---------+------+---------+---------+-----+
|Available            |     4320|  3840|  8171520|  4085760|  320|
+---------------------+---------+------+---------+---------+-----+
|Utilization (%)      |        0|    ~0|       ~0|       ~0|    0|
+---------------------+---------+------+---------+---------+-----+

+ Detail: 
    * Instance: 
    +--------------------------------+----------------------+---------+----+------+-------+-----+
    |            Instance            |        Module        | BRAM_18K| DSP|  FF  |  LUT  | URAM|
    +--------------------------------+----------------------+---------+----+------+-------+-----+
    |grp_local_delta_energy_fu_6777  |local_delta_energy    |        0|   6|  2714|  10231|    0|
    |mul_26s_36s_60_2_1_U850         |mul_26s_36s_60_2_1    |        0|   2|   202|     84|    0|
    |mul_40ns_40s_64_2_1_U851        |mul_40ns_40s_64_2_1   |        0|   5|   197|     80|    0|
    |sparsemux_7_2_40_1_1_U852       |sparsemux_7_2_40_1_1  |        0|   0|     0|      9|    0|
    +--------------------------------+----------------------+---------+----+------+-------+-----+
    |Total                           |                      |        0|  13|  3113|  10404|    0|
    +--------------------------------+----------------------+---------+----+------+-------+-----+

    * DSP: 
    N/A

    * Memory: 
    +---------------+-------------------------+---------+---+----+-----+------+-----+------+-------------+
    |     Memory    |          Module         | BRAM_18K| FF| LUT| URAM| Words| Bits| Banks| W*Bits*Banks|
    +---------------+-------------------------+---------+---+----+-----+------+-----+------+-------------+
    |EXP_NEG_LUT_U  |EXP_NEG_LUT_ROM_AUTO_1R  |        0|  0|   0|    0|  1025|   40|     1|        41000|
    +---------------+-------------------------+---------+---+----+-----+------+-----+------+-------------+
    |Total          |                         |        0|  0|   0|    0|  1025|   40|     1|        41000|
    +---------------+-------------------------+---------+---+----+-----+------+-----+------+-------------+

    * FIFO: 
    N/A

    * Expression: 
    +------------------------+----------+----+---+-----+------------+------------+
    |      Variable Name     | Operation| DSP| FF| LUT | Bitwidth P0| Bitwidth P1|
    +------------------------+----------+----+---+-----+------------+------------+
    |add_ln240_fu_8751_p2    |         +|   0|  0|   47|          40|          40|
    |add_ln87_fu_8563_p2     |         +|   0|  0|   18|          11|           1|
    |add_ln89_fu_8635_p2     |         +|   0|  0|   68|          61|          61|
    |sub_ln75_1_fu_8500_p2   |         -|   0|  0|   66|           1|          59|
    |sub_ln75_fu_8479_p2     |         -|   0|  0|  107|           1|          88|
    |sub_ln84_fu_8553_p2     |         -|   0|  0|   34|          27|          27|
    |sub_ln89_fu_8599_p2     |         -|   0|  0|   33|          26|          26|
    |and_ln91_1_fu_8707_p2   |       and|   0|  0|    2|           1|           1|
    |and_ln91_fu_8702_p2     |       and|   0|  0|    2|           1|           1|
    |icmp_ln116_fu_8415_p2   |      icmp|   0|  0|   47|          40|           1|
    |icmp_ln123_fu_8739_p2   |      icmp|   0|  0|   47|          40|          40|
    |icmp_ln59_fu_8467_p2    |      icmp|   0|  0|   47|          40|           1|
    |icmp_ln63_fu_8495_p2    |      icmp|   0|  0|   18|          11|           1|
    |icmp_ln91_fu_8667_p2    |      icmp|   0|  0|   44|          37|           1|
    |icmp_ln95_fu_8661_p2    |      icmp|   0|  0|   20|          13|           1|
    |p_fu_8719_p4            |    select|   0|  0|   41|           1|          41|
    |select_ln75_fu_8512_p3  |    select|   0|  0|   58|           1|          59|
    |xor_ln123_fu_8744_p2    |       xor|   0|  0|    2|           1|           2|
    |xor_ln59_fu_8697_p2     |       xor|   0|  0|    2|           1|           2|
    +------------------------+----------+----+---+-----+------------+------------+
    |Total                   |          |   0|  0|  703|         354|         453|
    +------------------------+----------+----+---+-----+------------+------------+

    * Multiplexer: 
    +---------------------------------+----+-----------+-----+-----------+
    |               Name              | LUT| Input Size| Bits| Total Bits|
    +---------------------------------+----+-----------+-----+-----------+
    |accepted                         |  14|          3|    1|          3|
    |ap_NS_fsm                        |  65|         14|    1|         14|
    |ap_phi_mux_empty_phi_fu_6770_p4  |  14|          3|   40|        120|
    +---------------------------------+----+-----------+-----+-----------+
    |Total                            |  93|         20|   42|        137|
    +---------------------------------+----+-----------+-----+-----------+

    * Register: 
    +---------------------------------------------+-----+----+-----+-----------+
    |                     Name                    |  FF | LUT| Bits| Const Bits|
    +---------------------------------------------+-----+----+-----+-----------+
    |J_0_10_read_reg_8806                         |   40|   0|   40|          0|
    |J_0_11_read_reg_8811                         |   40|   0|   40|          0|
    |J_0_12_read_reg_8816                         |   40|   0|   40|          0|
    |J_0_13_read_reg_8821                         |   40|   0|   40|          0|
    |J_0_14_read_reg_8826                         |   40|   0|   40|          0|
    |J_0_15_read_reg_8831                         |   40|   0|   40|          0|
    |J_0_16_read_reg_8836                         |   40|   0|   40|          0|
    |J_0_17_read_reg_8841                         |   40|   0|   40|          0|
    |J_0_18_read_reg_8846                         |   40|   0|   40|          0|
    |J_0_19_read_reg_8851                         |   40|   0|   40|          0|
    |J_0_1_read_reg_8761                          |   40|   0|   40|          0|
    |J_0_20_read_reg_8856                         |   40|   0|   40|          0|
    |J_0_21_read_reg_8861                         |   40|   0|   40|          0|
    |J_0_22_read_reg_8866                         |   40|   0|   40|          0|
    |J_0_23_read_reg_8871                         |   40|   0|   40|          0|
    |J_0_24_read_reg_8876                         |   40|   0|   40|          0|
    |J_0_25_read_reg_8881                         |   40|   0|   40|          0|
    |J_0_26_read_reg_8886                         |   40|   0|   40|          0|
    |J_0_27_read_reg_8891                         |   40|   0|   40|          0|
    |J_0_2_read_reg_8766                          |   40|   0|   40|          0|
    |J_0_3_read_reg_8771                          |   40|   0|   40|          0|
    |J_0_4_read_reg_8776                          |   40|   0|   40|          0|
    |J_0_5_read_reg_8781                          |   40|   0|   40|          0|
    |J_0_6_read_reg_8786                          |   40|   0|   40|          0|
    |J_0_7_read_reg_8791                          |   40|   0|   40|          0|
    |J_0_8_read_reg_8796                          |   40|   0|   40|          0|
    |J_0_9_read_reg_8801                          |   40|   0|   40|          0|
    |J_10_0_read_reg_10111                        |   40|   0|   40|          0|
    |J_10_11_read_reg_10161                       |   40|   0|   40|          0|
    |J_10_12_read_reg_10166                       |   40|   0|   40|          0|
    |J_10_13_read_reg_10171                       |   40|   0|   40|          0|
    |J_10_14_read_reg_10176                       |   40|   0|   40|          0|
    |J_10_15_read_reg_10181                       |   40|   0|   40|          0|
    |J_10_16_read_reg_10186                       |   40|   0|   40|          0|
    |J_10_17_read_reg_10191                       |   40|   0|   40|          0|
    |J_10_18_read_reg_10196                       |   40|   0|   40|          0|
    |J_10_19_read_reg_10201                       |   40|   0|   40|          0|
    |J_10_1_read_reg_10116                        |   40|   0|   40|          0|
    |J_10_20_read_reg_10206                       |   40|   0|   40|          0|
    |J_10_21_read_reg_10211                       |   40|   0|   40|          0|
    |J_10_22_read_reg_10216                       |   40|   0|   40|          0|
    |J_10_23_read_reg_10221                       |   40|   0|   40|          0|
    |J_10_24_read_reg_10226                       |   40|   0|   40|          0|
    |J_10_25_read_reg_10231                       |   40|   0|   40|          0|
    |J_10_26_read_reg_10236                       |   40|   0|   40|          0|
    |J_10_27_read_reg_10241                       |   40|   0|   40|          0|
    |J_10_2_read_reg_10121                        |   40|   0|   40|          0|
    |J_10_3_read_reg_10126                        |   40|   0|   40|          0|
    |J_10_4_read_reg_10131                        |   40|   0|   40|          0|
    |J_10_5_read_reg_10136                        |   40|   0|   40|          0|
    |J_10_6_read_reg_10141                        |   40|   0|   40|          0|
    |J_10_7_read_reg_10146                        |   40|   0|   40|          0|
    |J_10_8_read_reg_10151                        |   40|   0|   40|          0|
    |J_10_9_read_reg_10156                        |   40|   0|   40|          0|
    |J_11_0_read_reg_10246                        |   40|   0|   40|          0|
    |J_11_10_read_reg_10296                       |   40|   0|   40|          0|
    |J_11_12_read_reg_10301                       |   40|   0|   40|          0|
    |J_11_13_read_reg_10306                       |   40|   0|   40|          0|
    |J_11_14_read_reg_10311                       |   40|   0|   40|          0|
    |J_11_15_read_reg_10316                       |   40|   0|   40|          0|
    |J_11_16_read_reg_10321                       |   40|   0|   40|          0|
    |J_11_17_read_reg_10326                       |   40|   0|   40|          0|
    |J_11_18_read_reg_10331                       |   40|   0|   40|          0|
    |J_11_19_read_reg_10336                       |   40|   0|   40|          0|
    |J_11_1_read_reg_10251                        |   40|   0|   40|          0|
    |J_11_20_read_reg_10341                       |   40|   0|   40|          0|
    |J_11_21_read_reg_10346                       |   40|   0|   40|          0|
    |J_11_22_read_reg_10351                       |   40|   0|   40|          0|
    |J_11_23_read_reg_10356                       |   40|   0|   40|          0|
    |J_11_24_read_reg_10361                       |   40|   0|   40|          0|
    |J_11_25_read_reg_10366                       |   40|   0|   40|          0|
    |J_11_26_read_reg_10371                       |   40|   0|   40|          0|
    |J_11_27_read_reg_10376                       |   40|   0|   40|          0|
    |J_11_2_read_reg_10256                        |   40|   0|   40|          0|
    |J_11_3_read_reg_10261                        |   40|   0|   40|          0|
    |J_11_4_read_reg_10266                        |   40|   0|   40|          0|
    |J_11_5_read_reg_10271                        |   40|   0|   40|          0|
    |J_11_6_read_reg_10276                        |   40|   0|   40|          0|
    |J_11_7_read_reg_10281                        |   40|   0|   40|          0|
    |J_11_8_read_reg_10286                        |   40|   0|   40|          0|
    |J_11_9_read_reg_10291                        |   40|   0|   40|          0|
    |J_12_0_read_reg_10381                        |   40|   0|   40|          0|
    |J_12_10_read_reg_10431                       |   40|   0|   40|          0|
    |J_12_11_read_reg_10436                       |   40|   0|   40|          0|
    |J_12_13_read_reg_10441                       |   40|   0|   40|          0|
    |J_12_14_read_reg_10446                       |   40|   0|   40|          0|
    |J_12_15_read_reg_10451                       |   40|   0|   40|          0|
    |J_12_16_read_reg_10456                       |   40|   0|   40|          0|
    |J_12_17_read_reg_10461                       |   40|   0|   40|          0|
    |J_12_18_read_reg_10466                       |   40|   0|   40|          0|
    |J_12_19_read_reg_10471                       |   40|   0|   40|          0|
    |J_12_1_read_reg_10386                        |   40|   0|   40|          0|
    |J_12_20_read_reg_10476                       |   40|   0|   40|          0|
    |J_12_21_read_reg_10481                       |   40|   0|   40|          0|
    |J_12_22_read_reg_10486                       |   40|   0|   40|          0|
    |J_12_23_read_reg_10491                       |   40|   0|   40|          0|
    |J_12_24_read_reg_10496                       |   40|   0|   40|          0|
    |J_12_25_read_reg_10501                       |   40|   0|   40|          0|
    |J_12_26_read_reg_10506                       |   40|   0|   40|          0|
    |J_12_27_read_reg_10511                       |   40|   0|   40|          0|
    |J_12_2_read_reg_10391                        |   40|   0|   40|          0|
    |J_12_3_read_reg_10396                        |   40|   0|   40|          0|
    |J_12_4_read_reg_10401                        |   40|   0|   40|          0|
    |J_12_5_read_reg_10406                        |   40|   0|   40|          0|
    |J_12_6_read_reg_10411                        |   40|   0|   40|          0|
    |J_12_7_read_reg_10416                        |   40|   0|   40|          0|
    |J_12_8_read_reg_10421                        |   40|   0|   40|          0|
    |J_12_9_read_reg_10426                        |   40|   0|   40|          0|
    |J_13_0_read_reg_10516                        |   40|   0|   40|          0|
    |J_13_10_read_reg_10566                       |   40|   0|   40|          0|
    |J_13_11_read_reg_10571                       |   40|   0|   40|          0|
    |J_13_12_read_reg_10576                       |   40|   0|   40|          0|
    |J_13_14_read_reg_10581                       |   40|   0|   40|          0|
    |J_13_15_read_reg_10586                       |   40|   0|   40|          0|
    |J_13_16_read_reg_10591                       |   40|   0|   40|          0|
    |J_13_17_read_reg_10596                       |   40|   0|   40|          0|
    |J_13_18_read_reg_10601                       |   40|   0|   40|          0|
    |J_13_19_read_reg_10606                       |   40|   0|   40|          0|
    |J_13_1_read_reg_10521                        |   40|   0|   40|          0|
    |J_13_20_read_reg_10611                       |   40|   0|   40|          0|
    |J_13_21_read_reg_10616                       |   40|   0|   40|          0|
    |J_13_22_read_reg_10621                       |   40|   0|   40|          0|
    |J_13_23_read_reg_10626                       |   40|   0|   40|          0|
    |J_13_24_read_reg_10631                       |   40|   0|   40|          0|
    |J_13_25_read_reg_10636                       |   40|   0|   40|          0|
    |J_13_26_read_reg_10641                       |   40|   0|   40|          0|
    |J_13_27_read_reg_10646                       |   40|   0|   40|          0|
    |J_13_2_read_reg_10526                        |   40|   0|   40|          0|
    |J_13_3_read_reg_10531                        |   40|   0|   40|          0|
    |J_13_4_read_reg_10536                        |   40|   0|   40|          0|
    |J_13_5_read_reg_10541                        |   40|   0|   40|          0|
    |J_13_6_read_reg_10546                        |   40|   0|   40|          0|
    |J_13_7_read_reg_10551                        |   40|   0|   40|          0|
    |J_13_8_read_reg_10556                        |   40|   0|   40|          0|
    |J_13_9_read_reg_10561                        |   40|   0|   40|          0|
    |J_14_0_read_reg_10651                        |   40|   0|   40|          0|
    |J_14_10_read_reg_10701                       |   40|   0|   40|          0|
    |J_14_11_read_reg_10706                       |   40|   0|   40|          0|
    |J_14_12_read_reg_10711                       |   40|   0|   40|          0|
    |J_14_13_read_reg_10716                       |   40|   0|   40|          0|
    |J_14_15_read_reg_10721                       |   40|   0|   40|          0|
    |J_14_16_read_reg_10726                       |   40|   0|   40|          0|
    |J_14_17_read_reg_10731                       |   40|   0|   40|          0|
    |J_14_18_read_reg_10736                       |   40|   0|   40|          0|
    |J_14_19_read_reg_10741                       |   40|   0|   40|          0|
    |J_14_1_read_reg_10656                        |   40|   0|   40|          0|
    |J_14_20_read_reg_10746                       |   40|   0|   40|          0|
    |J_14_21_read_reg_10751                       |   40|   0|   40|          0|
    |J_14_22_read_reg_10756                       |   40|   0|   40|          0|
    |J_14_23_read_reg_10761                       |   40|   0|   40|          0|
    |J_14_24_read_reg_10766                       |   40|   0|   40|          0|
    |J_14_25_read_reg_10771                       |   40|   0|   40|          0|
    |J_14_26_read_reg_10776                       |   40|   0|   40|          0|
    |J_14_27_read_reg_10781                       |   40|   0|   40|          0|
    |J_14_2_read_reg_10661                        |   40|   0|   40|          0|
    |J_14_3_read_reg_10666                        |   40|   0|   40|          0|
    |J_14_4_read_reg_10671                        |   40|   0|   40|          0|
    |J_14_5_read_reg_10676                        |   40|   0|   40|          0|
    |J_14_6_read_reg_10681                        |   40|   0|   40|          0|
    |J_14_7_read_reg_10686                        |   40|   0|   40|          0|
    |J_14_8_read_reg_10691                        |   40|   0|   40|          0|
    |J_14_9_read_reg_10696                        |   40|   0|   40|          0|
    |J_15_0_read_reg_10786                        |   40|   0|   40|          0|
    |J_15_10_read_reg_10836                       |   40|   0|   40|          0|
    |J_15_11_read_reg_10841                       |   40|   0|   40|          0|
    |J_15_12_read_reg_10846                       |   40|   0|   40|          0|
    |J_15_13_read_reg_10851                       |   40|   0|   40|          0|
    |J_15_14_read_reg_10856                       |   40|   0|   40|          0|
    |J_15_16_read_reg_10861                       |   40|   0|   40|          0|
    |J_15_17_read_reg_10866                       |   40|   0|   40|          0|
    |J_15_18_read_reg_10871                       |   40|   0|   40|          0|
    |J_15_19_read_reg_10876                       |   40|   0|   40|          0|
    |J_15_1_read_reg_10791                        |   40|   0|   40|          0|
    |J_15_20_read_reg_10881                       |   40|   0|   40|          0|
    |J_15_21_read_reg_10886                       |   40|   0|   40|          0|
    |J_15_22_read_reg_10891                       |   40|   0|   40|          0|
    |J_15_23_read_reg_10896                       |   40|   0|   40|          0|
    |J_15_24_read_reg_10901                       |   40|   0|   40|          0|
    |J_15_25_read_reg_10906                       |   40|   0|   40|          0|
    |J_15_26_read_reg_10911                       |   40|   0|   40|          0|
    |J_15_27_read_reg_10916                       |   40|   0|   40|          0|
    |J_15_2_read_reg_10796                        |   40|   0|   40|          0|
    |J_15_3_read_reg_10801                        |   40|   0|   40|          0|
    |J_15_4_read_reg_10806                        |   40|   0|   40|          0|
    |J_15_5_read_reg_10811                        |   40|   0|   40|          0|
    |J_15_6_read_reg_10816                        |   40|   0|   40|          0|
    |J_15_7_read_reg_10821                        |   40|   0|   40|          0|
    |J_15_8_read_reg_10826                        |   40|   0|   40|          0|
    |J_15_9_read_reg_10831                        |   40|   0|   40|          0|
    |J_16_0_read_reg_10921                        |   40|   0|   40|          0|
    |J_16_10_read_reg_10971                       |   40|   0|   40|          0|
    |J_16_11_read_reg_10976                       |   40|   0|   40|          0|
    |J_16_12_read_reg_10981                       |   40|   0|   40|          0|
    |J_16_13_read_reg_10986                       |   40|   0|   40|          0|
    |J_16_14_read_reg_10991                       |   40|   0|   40|          0|
    |J_16_15_read_reg_10996                       |   40|   0|   40|          0|
    |J_16_17_read_reg_11001                       |   40|   0|   40|          0|
    |J_16_18_read_reg_11006                       |   40|   0|   40|          0|
    |J_16_19_read_reg_11011                       |   40|   0|   40|          0|
    |J_16_1_read_reg_10926                        |   40|   0|   40|          0|
    |J_16_20_read_reg_11016                       |   40|   0|   40|          0|
    |J_16_21_read_reg_11021                       |   40|   0|   40|          0|
    |J_16_22_read_reg_11026                       |   40|   0|   40|          0|
    |J_16_23_read_reg_11031                       |   40|   0|   40|          0|
    |J_16_24_read_reg_11036                       |   40|   0|   40|          0|
    |J_16_25_read_reg_11041                       |   40|   0|   40|          0|
    |J_16_26_read_reg_11046                       |   40|   0|   40|          0|
    |J_16_27_read_reg_11051                       |   40|   0|   40|          0|
    |J_16_2_read_reg_10931                        |   40|   0|   40|          0|
    |J_16_3_read_reg_10936                        |   40|   0|   40|          0|
    |J_16_4_read_reg_10941                        |   40|   0|   40|          0|
    |J_16_5_read_reg_10946                        |   40|   0|   40|          0|
    |J_16_6_read_reg_10951                        |   40|   0|   40|          0|
    |J_16_7_read_reg_10956                        |   40|   0|   40|          0|
    |J_16_8_read_reg_10961                        |   40|   0|   40|          0|
    |J_16_9_read_reg_10966                        |   40|   0|   40|          0|
    |J_17_0_read_reg_11056                        |   40|   0|   40|          0|
    |J_17_10_read_reg_11106                       |   40|   0|   40|          0|
    |J_17_11_read_reg_11111                       |   40|   0|   40|          0|
    |J_17_12_read_reg_11116                       |   40|   0|   40|          0|
    |J_17_13_read_reg_11121                       |   40|   0|   40|          0|
    |J_17_14_read_reg_11126                       |   40|   0|   40|          0|
    |J_17_15_read_reg_11131                       |   40|   0|   40|          0|
    |J_17_16_read_reg_11136                       |   40|   0|   40|          0|
    |J_17_18_read_reg_11141                       |   40|   0|   40|          0|
    |J_17_19_read_reg_11146                       |   40|   0|   40|          0|
    |J_17_1_read_reg_11061                        |   40|   0|   40|          0|
    |J_17_20_read_reg_11151                       |   40|   0|   40|          0|
    |J_17_21_read_reg_11156                       |   40|   0|   40|          0|
    |J_17_22_read_reg_11161                       |   40|   0|   40|          0|
    |J_17_23_read_reg_11166                       |   40|   0|   40|          0|
    |J_17_24_read_reg_11171                       |   40|   0|   40|          0|
    |J_17_25_read_reg_11176                       |   40|   0|   40|          0|
    |J_17_26_read_reg_11181                       |   40|   0|   40|          0|
    |J_17_27_read_reg_11186                       |   40|   0|   40|          0|
    |J_17_2_read_reg_11066                        |   40|   0|   40|          0|
    |J_17_3_read_reg_11071                        |   40|   0|   40|          0|
    |J_17_4_read_reg_11076                        |   40|   0|   40|          0|
    |J_17_5_read_reg_11081                        |   40|   0|   40|          0|
    |J_17_6_read_reg_11086                        |   40|   0|   40|          0|
    |J_17_7_read_reg_11091                        |   40|   0|   40|          0|
    |J_17_8_read_reg_11096                        |   40|   0|   40|          0|
    |J_17_9_read_reg_11101                        |   40|   0|   40|          0|
    |J_18_0_read_reg_11191                        |   40|   0|   40|          0|
    |J_18_10_read_reg_11241                       |   40|   0|   40|          0|
    |J_18_11_read_reg_11246                       |   40|   0|   40|          0|
    |J_18_12_read_reg_11251                       |   40|   0|   40|          0|
    |J_18_13_read_reg_11256                       |   40|   0|   40|          0|
    |J_18_14_read_reg_11261                       |   40|   0|   40|          0|
    |J_18_15_read_reg_11266                       |   40|   0|   40|          0|
    |J_18_16_read_reg_11271                       |   40|   0|   40|          0|
    |J_18_17_read_reg_11276                       |   40|   0|   40|          0|
    |J_18_19_read_reg_11281                       |   40|   0|   40|          0|
    |J_18_1_read_reg_11196                        |   40|   0|   40|          0|
    |J_18_20_read_reg_11286                       |   40|   0|   40|          0|
    |J_18_21_read_reg_11291                       |   40|   0|   40|          0|
    |J_18_22_read_reg_11296                       |   40|   0|   40|          0|
    |J_18_23_read_reg_11301                       |   40|   0|   40|          0|
    |J_18_24_read_reg_11306                       |   40|   0|   40|          0|
    |J_18_25_read_reg_11311                       |   40|   0|   40|          0|
    |J_18_26_read_reg_11316                       |   40|   0|   40|          0|
    |J_18_27_read_reg_11321                       |   40|   0|   40|          0|
    |J_18_2_read_reg_11201                        |   40|   0|   40|          0|
    |J_18_3_read_reg_11206                        |   40|   0|   40|          0|
    |J_18_4_read_reg_11211                        |   40|   0|   40|          0|
    |J_18_5_read_reg_11216                        |   40|   0|   40|          0|
    |J_18_6_read_reg_11221                        |   40|   0|   40|          0|
    |J_18_7_read_reg_11226                        |   40|   0|   40|          0|
    |J_18_8_read_reg_11231                        |   40|   0|   40|          0|
    |J_18_9_read_reg_11236                        |   40|   0|   40|          0|
    |J_19_0_read_reg_11326                        |   40|   0|   40|          0|
    |J_19_10_read_reg_11376                       |   40|   0|   40|          0|
    |J_19_11_read_reg_11381                       |   40|   0|   40|          0|
    |J_19_12_read_reg_11386                       |   40|   0|   40|          0|
    |J_19_13_read_reg_11391                       |   40|   0|   40|          0|
    |J_19_14_read_reg_11396                       |   40|   0|   40|          0|
    |J_19_15_read_reg_11401                       |   40|   0|   40|          0|
    |J_19_16_read_reg_11406                       |   40|   0|   40|          0|
    |J_19_17_read_reg_11411                       |   40|   0|   40|          0|
    |J_19_18_read_reg_11416                       |   40|   0|   40|          0|
    |J_19_1_read_reg_11331                        |   40|   0|   40|          0|
    |J_19_20_read_reg_11421                       |   40|   0|   40|          0|
    |J_19_21_read_reg_11426                       |   40|   0|   40|          0|
    |J_19_22_read_reg_11431                       |   40|   0|   40|          0|
    |J_19_23_read_reg_11436                       |   40|   0|   40|          0|
    |J_19_24_read_reg_11441                       |   40|   0|   40|          0|
    |J_19_25_read_reg_11446                       |   40|   0|   40|          0|
    |J_19_26_read_reg_11451                       |   40|   0|   40|          0|
    |J_19_27_read_reg_11456                       |   40|   0|   40|          0|
    |J_19_2_read_reg_11336                        |   40|   0|   40|          0|
    |J_19_3_read_reg_11341                        |   40|   0|   40|          0|
    |J_19_4_read_reg_11346                        |   40|   0|   40|          0|
    |J_19_5_read_reg_11351                        |   40|   0|   40|          0|
    |J_19_6_read_reg_11356                        |   40|   0|   40|          0|
    |J_19_7_read_reg_11361                        |   40|   0|   40|          0|
    |J_19_8_read_reg_11366                        |   40|   0|   40|          0|
    |J_19_9_read_reg_11371                        |   40|   0|   40|          0|
    |J_1_0_read_reg_8896                          |   40|   0|   40|          0|
    |J_1_10_read_reg_8941                         |   40|   0|   40|          0|
    |J_1_11_read_reg_8946                         |   40|   0|   40|          0|
    |J_1_12_read_reg_8951                         |   40|   0|   40|          0|
    |J_1_13_read_reg_8956                         |   40|   0|   40|          0|
    |J_1_14_read_reg_8961                         |   40|   0|   40|          0|
    |J_1_15_read_reg_8966                         |   40|   0|   40|          0|
    |J_1_16_read_reg_8971                         |   40|   0|   40|          0|
    |J_1_17_read_reg_8976                         |   40|   0|   40|          0|
    |J_1_18_read_reg_8981                         |   40|   0|   40|          0|
    |J_1_19_read_reg_8986                         |   40|   0|   40|          0|
    |J_1_20_read_reg_8991                         |   40|   0|   40|          0|
    |J_1_21_read_reg_8996                         |   40|   0|   40|          0|
    |J_1_22_read_reg_9001                         |   40|   0|   40|          0|
    |J_1_23_read_reg_9006                         |   40|   0|   40|          0|
    |J_1_24_read_reg_9011                         |   40|   0|   40|          0|
    |J_1_25_read_reg_9016                         |   40|   0|   40|          0|
    |J_1_26_read_reg_9021                         |   40|   0|   40|          0|
    |J_1_27_read_reg_9026                         |   40|   0|   40|          0|
    |J_1_2_read_reg_8901                          |   40|   0|   40|          0|
    |J_1_3_read_reg_8906                          |   40|   0|   40|          0|
    |J_1_4_read_reg_8911                          |   40|   0|   40|          0|
    |J_1_5_read_reg_8916                          |   40|   0|   40|          0|
    |J_1_6_read_reg_8921                          |   40|   0|   40|          0|
    |J_1_7_read_reg_8926                          |   40|   0|   40|          0|
    |J_1_8_read_reg_8931                          |   40|   0|   40|          0|
    |J_1_9_read_reg_8936                          |   40|   0|   40|          0|
    |J_20_0_read_reg_11461                        |   40|   0|   40|          0|
    |J_20_10_read_reg_11511                       |   40|   0|   40|          0|
    |J_20_11_read_reg_11516                       |   40|   0|   40|          0|
    |J_20_12_read_reg_11521                       |   40|   0|   40|          0|
    |J_20_13_read_reg_11526                       |   40|   0|   40|          0|
    |J_20_14_read_reg_11531                       |   40|   0|   40|          0|
    |J_20_15_read_reg_11536                       |   40|   0|   40|          0|
    |J_20_16_read_reg_11541                       |   40|   0|   40|          0|
    |J_20_17_read_reg_11546                       |   40|   0|   40|          0|
    |J_20_18_read_reg_11551                       |   40|   0|   40|          0|
    |J_20_19_read_reg_11556                       |   40|   0|   40|          0|
    |J_20_1_read_reg_11466                        |   40|   0|   40|          0|
    |J_20_21_read_reg_11561                       |   40|   0|   40|          0|
    |J_20_22_read_reg_11566                       |   40|   0|   40|          0|
    |J_20_23_read_reg_11571                       |   40|   0|   40|          0|
    |J_20_24_read_reg_11576                       |   40|   0|   40|          0|
    |J_20_25_read_reg_11581                       |   40|   0|   40|          0|
    |J_20_26_read_reg_11586                       |   40|   0|   40|          0|
    |J_20_27_read_reg_11591                       |   40|   0|   40|          0|
    |J_20_2_read_reg_11471                        |   40|   0|   40|          0|
    |J_20_3_read_reg_11476                        |   40|   0|   40|          0|
    |J_20_4_read_reg_11481                        |   40|   0|   40|          0|
    |J_20_5_read_reg_11486                        |   40|   0|   40|          0|
    |J_20_6_read_reg_11491                        |   40|   0|   40|          0|
    |J_20_7_read_reg_11496                        |   40|   0|   40|          0|
    |J_20_8_read_reg_11501                        |   40|   0|   40|          0|
    |J_20_9_read_reg_11506                        |   40|   0|   40|          0|
    |J_21_0_read_reg_11596                        |   40|   0|   40|          0|
    |J_21_10_read_reg_11646                       |   40|   0|   40|          0|
    |J_21_11_read_reg_11651                       |   40|   0|   40|          0|
    |J_21_12_read_reg_11656                       |   40|   0|   40|          0|
    |J_21_13_read_reg_11661                       |   40|   0|   40|          0|
    |J_21_14_read_reg_11666                       |   40|   0|   40|          0|
    |J_21_15_read_reg_11671                       |   40|   0|   40|          0|
    |J_21_16_read_reg_11676                       |   40|   0|   40|          0|
    |J_21_17_read_reg_11681                       |   40|   0|   40|          0|
    |J_21_18_read_reg_11686                       |   40|   0|   40|          0|
    |J_21_19_read_reg_11691                       |   40|   0|   40|          0|
    |J_21_1_read_reg_11601                        |   40|   0|   40|          0|
    |J_21_20_read_reg_11696                       |   40|   0|   40|          0|
    |J_21_22_read_reg_11701                       |   40|   0|   40|          0|
    |J_21_23_read_reg_11706                       |   40|   0|   40|          0|
    |J_21_24_read_reg_11711                       |   40|   0|   40|          0|
    |J_21_25_read_reg_11716                       |   40|   0|   40|          0|
    |J_21_26_read_reg_11721                       |   40|   0|   40|          0|
    |J_21_27_read_reg_11726                       |   40|   0|   40|          0|
    |J_21_2_read_reg_11606                        |   40|   0|   40|          0|
    |J_21_3_read_reg_11611                        |   40|   0|   40|          0|
    |J_21_4_read_reg_11616                        |   40|   0|   40|          0|
    |J_21_5_read_reg_11621                        |   40|   0|   40|          0|
    |J_21_6_read_reg_11626                        |   40|   0|   40|          0|
    |J_21_7_read_reg_11631                        |   40|   0|   40|          0|
    |J_21_8_read_reg_11636                        |   40|   0|   40|          0|
    |J_21_9_read_reg_11641                        |   40|   0|   40|          0|
    |J_22_0_read_reg_11731                        |   40|   0|   40|          0|
    |J_22_10_read_reg_11781                       |   40|   0|   40|          0|
    |J_22_11_read_reg_11786                       |   40|   0|   40|          0|
    |J_22_12_read_reg_11791                       |   40|   0|   40|          0|
    |J_22_13_read_reg_11796                       |   40|   0|   40|          0|
    |J_22_14_read_reg_11801                       |   40|   0|   40|          0|
    |J_22_15_read_reg_11806                       |   40|   0|   40|          0|
    |J_22_16_read_reg_11811                       |   40|   0|   40|          0|
    |J_22_17_read_reg_11816                       |   40|   0|   40|          0|
    |J_22_18_read_reg_11821                       |   40|   0|   40|          0|
    |J_22_19_read_reg_11826                       |   40|   0|   40|          0|
    |J_22_1_read_reg_11736                        |   40|   0|   40|          0|
    |J_22_20_read_reg_11831                       |   40|   0|   40|          0|
    |J_22_21_read_reg_11836                       |   40|   0|   40|          0|
    |J_22_23_read_reg_11841                       |   40|   0|   40|          0|
    |J_22_24_read_reg_11846                       |   40|   0|   40|          0|
    |J_22_25_read_reg_11851                       |   40|   0|   40|          0|
    |J_22_26_read_reg_11856                       |   40|   0|   40|          0|
    |J_22_27_read_reg_11861                       |   40|   0|   40|          0|
    |J_22_2_read_reg_11741                        |   40|   0|   40|          0|
    |J_22_3_read_reg_11746                        |   40|   0|   40|          0|
    |J_22_4_read_reg_11751                        |   40|   0|   40|          0|
    |J_22_5_read_reg_11756                        |   40|   0|   40|          0|
    |J_22_6_read_reg_11761                        |   40|   0|   40|          0|
    |J_22_7_read_reg_11766                        |   40|   0|   40|          0|
    |J_22_8_read_reg_11771                        |   40|   0|   40|          0|
    |J_22_9_read_reg_11776                        |   40|   0|   40|          0|
    |J_23_0_read_reg_11866                        |   40|   0|   40|          0|
    |J_23_10_read_reg_11916                       |   40|   0|   40|          0|
    |J_23_11_read_reg_11921                       |   40|   0|   40|          0|
    |J_23_12_read_reg_11926                       |   40|   0|   40|          0|
    |J_23_13_read_reg_11931                       |   40|   0|   40|          0|
    |J_23_14_read_reg_11936                       |   40|   0|   40|          0|
    |J_23_15_read_reg_11941                       |   40|   0|   40|          0|
    |J_23_16_read_reg_11946                       |   40|   0|   40|          0|
    |J_23_17_read_reg_11951                       |   40|   0|   40|          0|
    |J_23_18_read_reg_11956                       |   40|   0|   40|          0|
    |J_23_19_read_reg_11961                       |   40|   0|   40|          0|
    |J_23_1_read_reg_11871                        |   40|   0|   40|          0|
    |J_23_20_read_reg_11966                       |   40|   0|   40|          0|
    |J_23_21_read_reg_11971                       |   40|   0|   40|          0|
    |J_23_22_read_reg_11976                       |   40|   0|   40|          0|
    |J_23_24_read_reg_11981                       |   40|   0|   40|          0|
    |J_23_25_read_reg_11986                       |   40|   0|   40|          0|
    |J_23_26_read_reg_11991                       |   40|   0|   40|          0|
    |J_23_27_read_reg_11996                       |   40|   0|   40|          0|
    |J_23_2_read_reg_11876                        |   40|   0|   40|          0|
    |J_23_3_read_reg_11881                        |   40|   0|   40|          0|
    |J_23_4_read_reg_11886                        |   40|   0|   40|          0|
    |J_23_5_read_reg_11891                        |   40|   0|   40|          0|
    |J_23_6_read_reg_11896                        |   40|   0|   40|          0|
    |J_23_7_read_reg_11901                        |   40|   0|   40|          0|
    |J_23_8_read_reg_11906                        |   40|   0|   40|          0|
    |J_23_9_read_reg_11911                        |   40|   0|   40|          0|
    |J_24_0_read_reg_12001                        |   40|   0|   40|          0|
    |J_24_10_read_reg_12051                       |   40|   0|   40|          0|
    |J_24_11_read_reg_12056                       |   40|   0|   40|          0|
    |J_24_12_read_reg_12061                       |   40|   0|   40|          0|
    |J_24_13_read_reg_12066                       |   40|   0|   40|          0|
    |J_24_14_read_reg_12071                       |   40|   0|   40|          0|
    |J_24_15_read_reg_12076                       |   40|   0|   40|          0|
    |J_24_16_read_reg_12081                       |   40|   0|   40|          0|
    |J_24_17_read_reg_12086                       |   40|   0|   40|          0|
    |J_24_18_read_reg_12091                       |   40|   0|   40|          0|
    |J_24_19_read_reg_12096                       |   40|   0|   40|          0|
    |J_24_1_read_reg_12006                        |   40|   0|   40|          0|
    |J_24_20_read_reg_12101                       |   40|   0|   40|          0|
    |J_24_21_read_reg_12106                       |   40|   0|   40|          0|
    |J_24_22_read_reg_12111                       |   40|   0|   40|          0|
    |J_24_23_read_reg_12116                       |   40|   0|   40|          0|
    |J_24_25_read_reg_12121                       |   40|   0|   40|          0|
    |J_24_26_read_reg_12126                       |   40|   0|   40|          0|
    |J_24_27_read_reg_12131                       |   40|   0|   40|          0|
    |J_24_2_read_reg_12011                        |   40|   0|   40|          0|
    |J_24_3_read_reg_12016                        |   40|   0|   40|          0|
    |J_24_4_read_reg_12021                        |   40|   0|   40|          0|
    |J_24_5_read_reg_12026                        |   40|   0|   40|          0|
    |J_24_6_read_reg_12031                        |   40|   0|   40|          0|
    |J_24_7_read_reg_12036                        |   40|   0|   40|          0|
    |J_24_8_read_reg_12041                        |   40|   0|   40|          0|
    |J_24_9_read_reg_12046                        |   40|   0|   40|          0|
    |J_25_0_read_reg_12136                        |   40|   0|   40|          0|
    |J_25_10_read_reg_12186                       |   40|   0|   40|          0|
    |J_25_11_read_reg_12191                       |   40|   0|   40|          0|
    |J_25_12_read_reg_12196                       |   40|   0|   40|          0|
    |J_25_13_read_reg_12201                       |   40|   0|   40|          0|
    |J_25_14_read_reg_12206                       |   40|   0|   40|          0|
    |J_25_15_read_reg_12211                       |   40|   0|   40|          0|
    |J_25_16_read_reg_12216                       |   40|   0|   40|          0|
    |J_25_17_read_reg_12221                       |   40|   0|   40|          0|
    |J_25_18_read_reg_12226                       |   40|   0|   40|          0|
    |J_25_19_read_reg_12231                       |   40|   0|   40|          0|
    |J_25_1_read_reg_12141                        |   40|   0|   40|          0|
    |J_25_20_read_reg_12236                       |   40|   0|   40|          0|
    |J_25_21_read_reg_12241                       |   40|   0|   40|          0|
    |J_25_22_read_reg_12246                       |   40|   0|   40|          0|
    |J_25_23_read_reg_12251                       |   40|   0|   40|          0|
    |J_25_24_read_reg_12256                       |   40|   0|   40|          0|
    |J_25_26_read_reg_12261                       |   40|   0|   40|          0|
    |J_25_27_read_reg_12266                       |   40|   0|   40|          0|
    |J_25_2_read_reg_12146                        |   40|   0|   40|          0|
    |J_25_3_read_reg_12151                        |   40|   0|   40|          0|
    |J_25_4_read_reg_12156                        |   40|   0|   40|          0|
    |J_25_5_read_reg_12161                        |   40|   0|   40|          0|
    |J_25_6_read_reg_12166                        |   40|   0|   40|          0|
    |J_25_7_read_reg_12171                        |   40|   0|   40|          0|
    |J_25_8_read_reg_12176                        |   40|   0|   40|          0|
    |J_25_9_read_reg_12181                        |   40|   0|   40|          0|
    |J_26_0_read_reg_12271                        |   40|   0|   40|          0|
    |J_26_10_read_reg_12321                       |   40|   0|   40|          0|
    |J_26_11_read_reg_12326                       |   40|   0|   40|          0|
    |J_26_12_read_reg_12331                       |   40|   0|   40|          0|
    |J_26_13_read_reg_12336                       |   40|   0|   40|          0|
    |J_26_14_read_reg_12341                       |   40|   0|   40|          0|
    |J_26_15_read_reg_12346                       |   40|   0|   40|          0|
    |J_26_16_read_reg_12351                       |   40|   0|   40|          0|
    |J_26_17_read_reg_12356                       |   40|   0|   40|          0|
    |J_26_18_read_reg_12361                       |   40|   0|   40|          0|
    |J_26_19_read_reg_12366                       |   40|   0|   40|          0|
    |J_26_1_read_reg_12276                        |   40|   0|   40|          0|
    |J_26_20_read_reg_12371                       |   40|   0|   40|          0|
    |J_26_21_read_reg_12376                       |   40|   0|   40|          0|
    |J_26_22_read_reg_12381                       |   40|   0|   40|          0|
    |J_26_23_read_reg_12386                       |   40|   0|   40|          0|
    |J_26_24_read_reg_12391                       |   40|   0|   40|          0|
    |J_26_25_read_reg_12396                       |   40|   0|   40|          0|
    |J_26_27_read_reg_12401                       |   40|   0|   40|          0|
    |J_26_2_read_reg_12281                        |   40|   0|   40|          0|
    |J_26_3_read_reg_12286                        |   40|   0|   40|          0|
    |J_26_4_read_reg_12291                        |   40|   0|   40|          0|
    |J_26_5_read_reg_12296                        |   40|   0|   40|          0|
    |J_26_6_read_reg_12301                        |   40|   0|   40|          0|
    |J_26_7_read_reg_12306                        |   40|   0|   40|          0|
    |J_26_8_read_reg_12311                        |   40|   0|   40|          0|
    |J_26_9_read_reg_12316                        |   40|   0|   40|          0|
    |J_27_0_read_reg_12406                        |   40|   0|   40|          0|
    |J_27_10_read_reg_12456                       |   40|   0|   40|          0|
    |J_27_11_read_reg_12461                       |   40|   0|   40|          0|
    |J_27_12_read_reg_12466                       |   40|   0|   40|          0|
    |J_27_13_read_reg_12471                       |   40|   0|   40|          0|
    |J_27_14_read_reg_12476                       |   40|   0|   40|          0|
    |J_27_15_read_reg_12481                       |   40|   0|   40|          0|
    |J_27_16_read_reg_12486                       |   40|   0|   40|          0|
    |J_27_17_read_reg_12491                       |   40|   0|   40|          0|
    |J_27_18_read_reg_12496                       |   40|   0|   40|          0|
    |J_27_19_read_reg_12501                       |   40|   0|   40|          0|
    |J_27_1_read_reg_12411                        |   40|   0|   40|          0|
    |J_27_20_read_reg_12506                       |   40|   0|   40|          0|
    |J_27_21_read_reg_12511                       |   40|   0|   40|          0|
    |J_27_22_read_reg_12516                       |   40|   0|   40|          0|
    |J_27_23_read_reg_12521                       |   40|   0|   40|          0|
    |J_27_24_read_reg_12526                       |   40|   0|   40|          0|
    |J_27_25_read_reg_12531                       |   40|   0|   40|          0|
    |J_27_26_read_reg_12536                       |   40|   0|   40|          0|
    |J_27_2_read_reg_12416                        |   40|   0|   40|          0|
    |J_27_3_read_reg_12421                        |   40|   0|   40|          0|
    |J_27_4_read_reg_12426                        |   40|   0|   40|          0|
    |J_27_5_read_reg_12431                        |   40|   0|   40|          0|
    |J_27_6_read_reg_12436                        |   40|   0|   40|          0|
    |J_27_7_read_reg_12441                        |   40|   0|   40|          0|
    |J_27_8_read_reg_12446                        |   40|   0|   40|          0|
    |J_27_9_read_reg_12451                        |   40|   0|   40|          0|
    |J_2_0_read_reg_9031                          |   40|   0|   40|          0|
    |J_2_10_read_reg_9076                         |   40|   0|   40|          0|
    |J_2_11_read_reg_9081                         |   40|   0|   40|          0|
    |J_2_12_read_reg_9086                         |   40|   0|   40|          0|
    |J_2_13_read_reg_9091                         |   40|   0|   40|          0|
    |J_2_14_read_reg_9096                         |   40|   0|   40|          0|
    |J_2_15_read_reg_9101                         |   40|   0|   40|          0|
    |J_2_16_read_reg_9106                         |   40|   0|   40|          0|
    |J_2_17_read_reg_9111                         |   40|   0|   40|          0|
    |J_2_18_read_reg_9116                         |   40|   0|   40|          0|
    |J_2_19_read_reg_9121                         |   40|   0|   40|          0|
    |J_2_1_read_reg_9036                          |   40|   0|   40|          0|
    |J_2_20_read_reg_9126                         |   40|   0|   40|          0|
    |J_2_21_read_reg_9131                         |   40|   0|   40|          0|
    |J_2_22_read_reg_9136                         |   40|   0|   40|          0|
    |J_2_23_read_reg_9141                         |   40|   0|   40|          0|
    |J_2_24_read_reg_9146                         |   40|   0|   40|          0|
    |J_2_25_read_reg_9151                         |   40|   0|   40|          0|
    |J_2_26_read_reg_9156                         |   40|   0|   40|          0|
    |J_2_27_read_reg_9161                         |   40|   0|   40|          0|
    |J_2_3_read_reg_9041                          |   40|   0|   40|          0|
    |J_2_4_read_reg_9046                          |   40|   0|   40|          0|
    |J_2_5_read_reg_9051                          |   40|   0|   40|          0|
    |J_2_6_read_reg_9056                          |   40|   0|   40|          0|
    |J_2_7_read_reg_9061                          |   40|   0|   40|          0|
    |J_2_8_read_reg_9066                          |   40|   0|   40|          0|
    |J_2_9_read_reg_9071                          |   40|   0|   40|          0|
    |J_3_0_read_reg_9166                          |   40|   0|   40|          0|
    |J_3_10_read_reg_9211                         |   40|   0|   40|          0|
    |J_3_11_read_reg_9216                         |   40|   0|   40|          0|
    |J_3_12_read_reg_9221                         |   40|   0|   40|          0|
    |J_3_13_read_reg_9226                         |   40|   0|   40|          0|
    |J_3_14_read_reg_9231                         |   40|   0|   40|          0|
    |J_3_15_read_reg_9236                         |   40|   0|   40|          0|
    |J_3_16_read_reg_9241                         |   40|   0|   40|          0|
    |J_3_17_read_reg_9246                         |   40|   0|   40|          0|
    |J_3_18_read_reg_9251                         |   40|   0|   40|          0|
    |J_3_19_read_reg_9256                         |   40|   0|   40|          0|
    |J_3_1_read_reg_9171                          |   40|   0|   40|          0|
    |J_3_20_read_reg_9261                         |   40|   0|   40|          0|
    |J_3_21_read_reg_9266                         |   40|   0|   40|          0|
    |J_3_22_read_reg_9271                         |   40|   0|   40|          0|
    |J_3_23_read_reg_9276                         |   40|   0|   40|          0|
    |J_3_24_read_reg_9281                         |   40|   0|   40|          0|
    |J_3_25_read_reg_9286                         |   40|   0|   40|          0|
    |J_3_26_read_reg_9291                         |   40|   0|   40|          0|
    |J_3_27_read_reg_9296                         |   40|   0|   40|          0|
    |J_3_2_read_reg_9176                          |   40|   0|   40|          0|
    |J_3_4_read_reg_9181                          |   40|   0|   40|          0|
    |J_3_5_read_reg_9186                          |   40|   0|   40|          0|
    |J_3_6_read_reg_9191                          |   40|   0|   40|          0|
    |J_3_7_read_reg_9196                          |   40|   0|   40|          0|
    |J_3_8_read_reg_9201                          |   40|   0|   40|          0|
    |J_3_9_read_reg_9206                          |   40|   0|   40|          0|
    |J_4_0_read_reg_9301                          |   40|   0|   40|          0|
    |J_4_10_read_reg_9346                         |   40|   0|   40|          0|
    |J_4_11_read_reg_9351                         |   40|   0|   40|          0|
    |J_4_12_read_reg_9356                         |   40|   0|   40|          0|
    |J_4_13_read_reg_9361                         |   40|   0|   40|          0|
    |J_4_14_read_reg_9366                         |   40|   0|   40|          0|
    |J_4_15_read_reg_9371                         |   40|   0|   40|          0|
    |J_4_16_read_reg_9376                         |   40|   0|   40|          0|
    |J_4_17_read_reg_9381                         |   40|   0|   40|          0|
    |J_4_18_read_reg_9386                         |   40|   0|   40|          0|
    |J_4_19_read_reg_9391                         |   40|   0|   40|          0|
    |J_4_1_read_reg_9306                          |   40|   0|   40|          0|
    |J_4_20_read_reg_9396                         |   40|   0|   40|          0|
    |J_4_21_read_reg_9401                         |   40|   0|   40|          0|
    |J_4_22_read_reg_9406                         |   40|   0|   40|          0|
    |J_4_23_read_reg_9411                         |   40|   0|   40|          0|
    |J_4_24_read_reg_9416                         |   40|   0|   40|          0|
    |J_4_25_read_reg_9421                         |   40|   0|   40|          0|
    |J_4_26_read_reg_9426                         |   40|   0|   40|          0|
    |J_4_27_read_reg_9431                         |   40|   0|   40|          0|
    |J_4_2_read_reg_9311                          |   40|   0|   40|          0|
    |J_4_3_read_reg_9316                          |   40|   0|   40|          0|
    |J_4_5_read_reg_9321                          |   40|   0|   40|          0|
    |J_4_6_read_reg_9326                          |   40|   0|   40|          0|
    |J_4_7_read_reg_9331                          |   40|   0|   40|          0|
    |J_4_8_read_reg_9336                          |   40|   0|   40|          0|
    |J_4_9_read_reg_9341                          |   40|   0|   40|          0|
    |J_5_0_read_reg_9436                          |   40|   0|   40|          0|
    |J_5_10_read_reg_9481                         |   40|   0|   40|          0|
    |J_5_11_read_reg_9486                         |   40|   0|   40|          0|
    |J_5_12_read_reg_9491                         |   40|   0|   40|          0|
    |J_5_13_read_reg_9496                         |   40|   0|   40|          0|
    |J_5_14_read_reg_9501                         |   40|   0|   40|          0|
    |J_5_15_read_reg_9506                         |   40|   0|   40|          0|
    |J_5_16_read_reg_9511                         |   40|   0|   40|          0|
    |J_5_17_read_reg_9516                         |   40|   0|   40|          0|
    |J_5_18_read_reg_9521                         |   40|   0|   40|          0|
    |J_5_19_read_reg_9526                         |   40|   0|   40|          0|
    |J_5_1_read_reg_9441                          |   40|   0|   40|          0|
    |J_5_20_read_reg_9531                         |   40|   0|   40|          0|
    |J_5_21_read_reg_9536                         |   40|   0|   40|          0|
    |J_5_22_read_reg_9541                         |   40|   0|   40|          0|
    |J_5_23_read_reg_9546                         |   40|   0|   40|          0|
    |J_5_24_read_reg_9551                         |   40|   0|   40|          0|
    |J_5_25_read_reg_9556                         |   40|   0|   40|          0|
    |J_5_26_read_reg_9561                         |   40|   0|   40|          0|
    |J_5_27_read_reg_9566                         |   40|   0|   40|          0|
    |J_5_2_read_reg_9446                          |   40|   0|   40|          0|
    |J_5_3_read_reg_9451                          |   40|   0|   40|          0|
    |J_5_4_read_reg_9456                          |   40|   0|   40|          0|
    |J_5_6_read_reg_9461                          |   40|   0|   40|          0|
    |J_5_7_read_reg_9466                          |   40|   0|   40|          0|
    |J_5_8_read_reg_9471                          |   40|   0|   40|          0|
    |J_5_9_read_reg_9476                          |   40|   0|   40|          0|
    |J_6_0_read_reg_9571                          |   40|   0|   40|          0|
    |J_6_10_read_reg_9616                         |   40|   0|   40|          0|
    |J_6_11_read_reg_9621                         |   40|   0|   40|          0|
    |J_6_12_read_reg_9626                         |   40|   0|   40|          0|
    |J_6_13_read_reg_9631                         |   40|   0|   40|          0|
    |J_6_14_read_reg_9636                         |   40|   0|   40|          0|
    |J_6_15_read_reg_9641                         |   40|   0|   40|          0|
    |J_6_16_read_reg_9646                         |   40|   0|   40|          0|
    |J_6_17_read_reg_9651                         |   40|   0|   40|          0|
    |J_6_18_read_reg_9656                         |   40|   0|   40|          0|
    |J_6_19_read_reg_9661                         |   40|   0|   40|          0|
    |J_6_1_read_reg_9576                          |   40|   0|   40|          0|
    |J_6_20_read_reg_9666                         |   40|   0|   40|          0|
    |J_6_21_read_reg_9671                         |   40|   0|   40|          0|
    |J_6_22_read_reg_9676                         |   40|   0|   40|          0|
    |J_6_23_read_reg_9681                         |   40|   0|   40|          0|
    |J_6_24_read_reg_9686                         |   40|   0|   40|          0|
    |J_6_25_read_reg_9691                         |   40|   0|   40|          0|
    |J_6_26_read_reg_9696                         |   40|   0|   40|          0|
    |J_6_27_read_reg_9701                         |   40|   0|   40|          0|
    |J_6_2_read_reg_9581                          |   40|   0|   40|          0|
    |J_6_3_read_reg_9586                          |   40|   0|   40|          0|
    |J_6_4_read_reg_9591                          |   40|   0|   40|          0|
    |J_6_5_read_reg_9596                          |   40|   0|   40|          0|
    |J_6_7_read_reg_9601                          |   40|   0|   40|          0|
    |J_6_8_read_reg_9606                          |   40|   0|   40|          0|
    |J_6_9_read_reg_9611                          |   40|   0|   40|          0|
    |J_7_0_read_reg_9706                          |   40|   0|   40|          0|
    |J_7_10_read_reg_9751                         |   40|   0|   40|          0|
    |J_7_11_read_reg_9756                         |   40|   0|   40|          0|
    |J_7_12_read_reg_9761                         |   40|   0|   40|          0|
    |J_7_13_read_reg_9766                         |   40|   0|   40|          0|
    |J_7_14_read_reg_9771                         |   40|   0|   40|          0|
    |J_7_15_read_reg_9776                         |   40|   0|   40|          0|
    |J_7_16_read_reg_9781                         |   40|   0|   40|          0|
    |J_7_17_read_reg_9786                         |   40|   0|   40|          0|
    |J_7_18_read_reg_9791                         |   40|   0|   40|          0|
    |J_7_19_read_reg_9796                         |   40|   0|   40|          0|
    |J_7_1_read_reg_9711                          |   40|   0|   40|          0|
    |J_7_20_read_reg_9801                         |   40|   0|   40|          0|
    |J_7_21_read_reg_9806                         |   40|   0|   40|          0|
    |J_7_22_read_reg_9811                         |   40|   0|   40|          0|
    |J_7_23_read_reg_9816                         |   40|   0|   40|          0|
    |J_7_24_read_reg_9821                         |   40|   0|   40|          0|
    |J_7_25_read_reg_9826                         |   40|   0|   40|          0|
    |J_7_26_read_reg_9831                         |   40|   0|   40|          0|
    |J_7_27_read_reg_9836                         |   40|   0|   40|          0|
    |J_7_2_read_reg_9716                          |   40|   0|   40|          0|
    |J_7_3_read_reg_9721                          |   40|   0|   40|          0|
    |J_7_4_read_reg_9726                          |   40|   0|   40|          0|
    |J_7_5_read_reg_9731                          |   40|   0|   40|          0|
    |J_7_6_read_reg_9736                          |   40|   0|   40|          0|
    |J_7_8_read_reg_9741                          |   40|   0|   40|          0|
    |J_7_9_read_reg_9746                          |   40|   0|   40|          0|
    |J_8_0_read_reg_9841                          |   40|   0|   40|          0|
    |J_8_10_read_reg_9886                         |   40|   0|   40|          0|
    |J_8_11_read_reg_9891                         |   40|   0|   40|          0|
    |J_8_12_read_reg_9896                         |   40|   0|   40|          0|
    |J_8_13_read_reg_9901                         |   40|   0|   40|          0|
    |J_8_14_read_reg_9906                         |   40|   0|   40|          0|
    |J_8_15_read_reg_9911                         |   40|   0|   40|          0|
    |J_8_16_read_reg_9916                         |   40|   0|   40|          0|
    |J_8_17_read_reg_9921                         |   40|   0|   40|          0|
    |J_8_18_read_reg_9926                         |   40|   0|   40|          0|
    |J_8_19_read_reg_9931                         |   40|   0|   40|          0|
    |J_8_1_read_reg_9846                          |   40|   0|   40|          0|
    |J_8_20_read_reg_9936                         |   40|   0|   40|          0|
    |J_8_21_read_reg_9941                         |   40|   0|   40|          0|
    |J_8_22_read_reg_9946                         |   40|   0|   40|          0|
    |J_8_23_read_reg_9951                         |   40|   0|   40|          0|
    |J_8_24_read_reg_9956                         |   40|   0|   40|          0|
    |J_8_25_read_reg_9961                         |   40|   0|   40|          0|
    |J_8_26_read_reg_9966                         |   40|   0|   40|          0|
    |J_8_27_read_reg_9971                         |   40|   0|   40|          0|
    |J_8_2_read_reg_9851                          |   40|   0|   40|          0|
    |J_8_3_read_reg_9856                          |   40|   0|   40|          0|
    |J_8_4_read_reg_9861                          |   40|   0|   40|          0|
    |J_8_5_read_reg_9866                          |   40|   0|   40|          0|
    |J_8_6_read_reg_9871                          |   40|   0|   40|          0|
    |J_8_7_read_reg_9876                          |   40|   0|   40|          0|
    |J_8_9_read_reg_9881                          |   40|   0|   40|          0|
    |J_9_0_read_reg_9976                          |   40|   0|   40|          0|
    |J_9_10_read_reg_10021                        |   40|   0|   40|          0|
    |J_9_11_read_reg_10026                        |   40|   0|   40|          0|
    |J_9_12_read_reg_10031                        |   40|   0|   40|          0|
    |J_9_13_read_reg_10036                        |   40|   0|   40|          0|
    |J_9_14_read_reg_10041                        |   40|   0|   40|          0|
    |J_9_15_read_reg_10046                        |   40|   0|   40|          0|
    |J_9_16_read_reg_10051                        |   40|   0|   40|          0|
    |J_9_17_read_reg_10056                        |   40|   0|   40|          0|
    |J_9_18_read_reg_10061                        |   40|   0|   40|          0|
    |J_9_19_read_reg_10066                        |   40|   0|   40|          0|
    |J_9_1_read_reg_9981                          |   40|   0|   40|          0|
    |J_9_20_read_reg_10071                        |   40|   0|   40|          0|
    |J_9_21_read_reg_10076                        |   40|   0|   40|          0|
    |J_9_22_read_reg_10081                        |   40|   0|   40|          0|
    |J_9_23_read_reg_10086                        |   40|   0|   40|          0|
    |J_9_24_read_reg_10091                        |   40|   0|   40|          0|
    |J_9_25_read_reg_10096                        |   40|   0|   40|          0|
    |J_9_26_read_reg_10101                        |   40|   0|   40|          0|
    |J_9_27_read_reg_10106                        |   40|   0|   40|          0|
    |J_9_2_read_reg_9986                          |   40|   0|   40|          0|
    |J_9_3_read_reg_9991                          |   40|   0|   40|          0|
    |J_9_4_read_reg_9996                          |   40|   0|   40|          0|
    |J_9_5_read_reg_10001                         |   40|   0|   40|          0|
    |J_9_6_read_reg_10006                         |   40|   0|   40|          0|
    |J_9_7_read_reg_10011                         |   40|   0|   40|          0|
    |J_9_8_read_reg_10016                         |   40|   0|   40|          0|
    |add_ln89_reg_12949                           |   61|   0|   61|          0|
    |ap_CS_fsm                                    |   13|   0|   13|          0|
    |de_reg_12821                                 |   40|   0|   40|          0|
    |grp_local_delta_energy_fu_6777_ap_start_reg  |    1|   0|    1|          0|
    |h_0_read_reg_12541                           |   40|   0|   40|          0|
    |h_10_read_reg_12591                          |   40|   0|   40|          0|
    |h_11_read_reg_12596                          |   40|   0|   40|          0|
    |h_12_read_reg_12601                          |   40|   0|   40|          0|
    |h_13_read_reg_12606                          |   40|   0|   40|          0|
    |h_14_read_reg_12611                          |   40|   0|   40|          0|
    |h_15_read_reg_12616                          |   40|   0|   40|          0|
    |h_16_read_reg_12621                          |   40|   0|   40|          0|
    |h_17_read_reg_12626                          |   40|   0|   40|          0|
    |h_18_read_reg_12631                          |   40|   0|   40|          0|
    |h_19_read_reg_12636                          |   40|   0|   40|          0|
    |h_1_read_reg_12546                           |   40|   0|   40|          0|
    |h_20_read_reg_12641                          |   40|   0|   40|          0|
    |h_21_read_reg_12646                          |   40|   0|   40|          0|
    |h_22_read_reg_12651                          |   40|   0|   40|          0|
    |h_23_read_reg_12656                          |   40|   0|   40|          0|
    |h_24_read_reg_12661                          |   40|   0|   40|          0|
    |h_25_read_reg_12666                          |   40|   0|   40|          0|
    |h_26_read_reg_12671                          |   40|   0|   40|          0|
    |h_27_read_reg_12676                          |   40|   0|   40|          0|
    |h_2_read_reg_12551                           |   40|   0|   40|          0|
    |h_3_read_reg_12556                           |   40|   0|   40|          0|
    |h_4_read_reg_12561                           |   40|   0|   40|          0|
    |h_5_read_reg_12566                           |   40|   0|   40|          0|
    |h_6_read_reg_12571                           |   40|   0|   40|          0|
    |h_7_read_reg_12576                           |   40|   0|   40|          0|
    |h_8_read_reg_12581                           |   40|   0|   40|          0|
    |h_9_read_reg_12586                           |   40|   0|   40|          0|
    |i_read_reg_8756                              |   32|   0|   32|          0|
    |icmp_ln116_reg_12840                         |    1|   0|    1|          0|
    |icmp_ln59_reg_12875                          |    1|   0|    1|          0|
    |icmp_ln63_reg_12886                          |    1|   0|    1|          0|
    |icmp_ln91_reg_12959                          |    1|   0|    1|          0|
    |icmp_ln95_reg_12954                          |    1|   0|    1|          0|
    |idx_reg_12891                                |   11|   0|   11|          0|
    |mul_ln89_reg_12944                           |   60|   0|   60|          0|
    |old_energy_read_reg_12834                    |   40|   0|   40|          0|
    |s_0_read_reg_12681                           |    1|   0|    1|          0|
    |s_10_read_reg_12731                          |    1|   0|    1|          0|
    |s_11_read_reg_12736                          |    1|   0|    1|          0|
    |s_12_read_reg_12741                          |    1|   0|    1|          0|
    |s_13_read_reg_12746                          |    1|   0|    1|          0|
    |s_14_read_reg_12751                          |    1|   0|    1|          0|
    |s_15_read_reg_12756                          |    1|   0|    1|          0|
    |s_16_read_reg_12761                          |    1|   0|    1|          0|
    |s_17_read_reg_12766                          |    1|   0|    1|          0|
    |s_18_read_reg_12771                          |    1|   0|    1|          0|
    |s_19_read_reg_12776                          |    1|   0|    1|          0|
    |s_1_read_reg_12686                           |    1|   0|    1|          0|
    |s_20_read_reg_12781                          |    1|   0|    1|          0|
    |s_21_read_reg_12786                          |    1|   0|    1|          0|
    |s_22_read_reg_12791                          |    1|   0|    1|          0|
    |s_23_read_reg_12796                          |    1|   0|    1|          0|
    |s_24_read_reg_12801                          |    1|   0|    1|          0|
    |s_25_read_reg_12806                          |    1|   0|    1|          0|
    |s_26_read_reg_12811                          |    1|   0|    1|          0|
    |s_27_read_reg_12816                          |    1|   0|    1|          0|
    |s_2_read_reg_12691                           |    1|   0|    1|          0|
    |s_3_read_reg_12696                           |    1|   0|    1|          0|
    |s_4_read_reg_12701                           |    1|   0|    1|          0|
    |s_5_read_reg_12706                           |    1|   0|    1|          0|
    |s_6_read_reg_12711                           |    1|   0|    1|          0|
    |s_7_read_reg_12716                           |    1|   0|    1|          0|
    |s_8_read_reg_12721                           |    1|   0|    1|          0|
    |s_9_read_reg_12726                           |    1|   0|    1|          0|
    |sub_ln84_reg_12903                           |   27|   0|   27|          0|
    |sub_ln89_reg_12929                           |   26|   0|   26|          0|
    |tmp_1_reg_12865                              |    1|   0|    1|          0|
    |tmp_3_reg_12898                              |   26|   0|   26|          0|
    |tmp_4_reg_12918                              |   25|   0|   25|          0|
    |tmp_5_reg_12924                              |   25|   0|   25|          0|
    |tmp_6_reg_12870                              |   11|   0|   11|          0|
    |tmp_reg_12859                                |   30|   0|   30|          0|
    |trunc_ln75_1_reg_12881                       |   30|   0|   59|         29|
    |u_read_reg_12829                             |   40|   0|   40|          0|
    |x_reg_12854                                  |   40|   0|   40|          0|
    +---------------------------------------------+-----+----+-----+-----------+
    |Total                                        |31932|   0|31961|         29|
    +---------------------------------------------+-----+----+-----+-----------+



================================================================
== Interface
================================================================
* Summary: 
+---------------------+-----+-----+------------+-----------------------+--------------+
|      RTL Ports      | Dir | Bits|  Protocol  |     Source Object     |    C Type    |
+---------------------+-----+-----+------------+-----------------------+--------------+
|ap_clk               |   in|    1|  ap_ctrl_hs|  local_metropolis_step|  return value|
|ap_rst               |   in|    1|  ap_ctrl_hs|  local_metropolis_step|  return value|
|ap_start             |   in|    1|  ap_ctrl_hs|  local_metropolis_step|  return value|
|ap_done              |  out|    1|  ap_ctrl_hs|  local_metropolis_step|  return value|
|ap_idle              |  out|    1|  ap_ctrl_hs|  local_metropolis_step|  return value|
|ap_ready             |  out|    1|  ap_ctrl_hs|  local_metropolis_step|  return value|
|J_0_0                |   in|   40|     ap_none|                  J_0_0|       pointer|
|J_0_1                |   in|   40|     ap_none|                  J_0_1|       pointer|
|J_0_2                |   in|   40|     ap_none|                  J_0_2|       pointer|
|J_0_3                |   in|   40|     ap_none|                  J_0_3|       pointer|
|J_0_4                |   in|   40|     ap_none|                  J_0_4|       pointer|
|J_0_5                |   in|   40|     ap_none|                  J_0_5|       pointer|
|J_0_6                |   in|   40|     ap_none|                  J_0_6|       pointer|
|J_0_7                |   in|   40|     ap_none|                  J_0_7|       pointer|
|J_0_8                |   in|   40|     ap_none|                  J_0_8|       pointer|
|J_0_9                |   in|   40|     ap_none|                  J_0_9|       pointer|
|J_0_10               |   in|   40|     ap_none|                 J_0_10|       pointer|
|J_0_11               |   in|   40|     ap_none|                 J_0_11|       pointer|
|J_0_12               |   in|   40|     ap_none|                 J_0_12|       pointer|
|J_0_13               |   in|   40|     ap_none|                 J_0_13|       pointer|
|J_0_14               |   in|   40|     ap_none|                 J_0_14|       pointer|
|J_0_15               |   in|   40|     ap_none|                 J_0_15|       pointer|
|J_0_16               |   in|   40|     ap_none|                 J_0_16|       pointer|
|J_0_17               |   in|   40|     ap_none|                 J_0_17|       pointer|
|J_0_18               |   in|   40|     ap_none|                 J_0_18|       pointer|
|J_0_19               |   in|   40|     ap_none|                 J_0_19|       pointer|
|J_0_20               |   in|   40|     ap_none|                 J_0_20|       pointer|
|J_0_21               |   in|   40|     ap_none|                 J_0_21|       pointer|
|J_0_22               |   in|   40|     ap_none|                 J_0_22|       pointer|
|J_0_23               |   in|   40|     ap_none|                 J_0_23|       pointer|
|J_0_24               |   in|   40|     ap_none|                 J_0_24|       pointer|
|J_0_25               |   in|   40|     ap_none|                 J_0_25|       pointer|
|J_0_26               |   in|   40|     ap_none|                 J_0_26|       pointer|
|J_0_27               |   in|   40|     ap_none|                 J_0_27|       pointer|
|J_1_0                |   in|   40|     ap_none|                  J_1_0|       pointer|
|J_1_1                |   in|   40|     ap_none|                  J_1_1|       pointer|
|J_1_2                |   in|   40|     ap_none|                  J_1_2|       pointer|
|J_1_3                |   in|   40|     ap_none|                  J_1_3|       pointer|
|J_1_4                |   in|   40|     ap_none|                  J_1_4|       pointer|
|J_1_5                |   in|   40|     ap_none|                  J_1_5|       pointer|
|J_1_6                |   in|   40|     ap_none|                  J_1_6|       pointer|
|J_1_7                |   in|   40|     ap_none|                  J_1_7|       pointer|
|J_1_8                |   in|   40|     ap_none|                  J_1_8|       pointer|
|J_1_9                |   in|   40|     ap_none|                  J_1_9|       pointer|
|J_1_10               |   in|   40|     ap_none|                 J_1_10|       pointer|
|J_1_11               |   in|   40|     ap_none|                 J_1_11|       pointer|
|J_1_12               |   in|   40|     ap_none|                 J_1_12|       pointer|
|J_1_13               |   in|   40|     ap_none|                 J_1_13|       pointer|
|J_1_14               |   in|   40|     ap_none|                 J_1_14|       pointer|
|J_1_15               |   in|   40|     ap_none|                 J_1_15|       pointer|
|J_1_16               |   in|   40|     ap_none|                 J_1_16|       pointer|
|J_1_17               |   in|   40|     ap_none|                 J_1_17|       pointer|
|J_1_18               |   in|   40|     ap_none|                 J_1_18|       pointer|
|J_1_19               |   in|   40|     ap_none|                 J_1_19|       pointer|
|J_1_20               |   in|   40|     ap_none|                 J_1_20|       pointer|
|J_1_21               |   in|   40|     ap_none|                 J_1_21|       pointer|
|J_1_22               |   in|   40|     ap_none|                 J_1_22|       pointer|
|J_1_23               |   in|   40|     ap_none|                 J_1_23|       pointer|
|J_1_24               |   in|   40|     ap_none|                 J_1_24|       pointer|
|J_1_25               |   in|   40|     ap_none|                 J_1_25|       pointer|
|J_1_26               |   in|   40|     ap_none|                 J_1_26|       pointer|
|J_1_27               |   in|   40|     ap_none|                 J_1_27|       pointer|
|J_2_0                |   in|   40|     ap_none|                  J_2_0|       pointer|
|J_2_1                |   in|   40|     ap_none|                  J_2_1|       pointer|
|J_2_2                |   in|   40|     ap_none|                  J_2_2|       pointer|
|J_2_3                |   in|   40|     ap_none|                  J_2_3|       pointer|
|J_2_4                |   in|   40|     ap_none|                  J_2_4|       pointer|
|J_2_5                |   in|   40|     ap_none|                  J_2_5|       pointer|
|J_2_6                |   in|   40|     ap_none|                  J_2_6|       pointer|
|J_2_7                |   in|   40|     ap_none|                  J_2_7|       pointer|
|J_2_8                |   in|   40|     ap_none|                  J_2_8|       pointer|
|J_2_9                |   in|   40|     ap_none|                  J_2_9|       pointer|
|J_2_10               |   in|   40|     ap_none|                 J_2_10|       pointer|
|J_2_11               |   in|   40|     ap_none|                 J_2_11|       pointer|
|J_2_12               |   in|   40|     ap_none|                 J_2_12|       pointer|
|J_2_13               |   in|   40|     ap_none|                 J_2_13|       pointer|
|J_2_14               |   in|   40|     ap_none|                 J_2_14|       pointer|
|J_2_15               |   in|   40|     ap_none|                 J_2_15|       pointer|
|J_2_16               |   in|   40|     ap_none|                 J_2_16|       pointer|
|J_2_17               |   in|   40|     ap_none|                 J_2_17|       pointer|
|J_2_18               |   in|   40|     ap_none|                 J_2_18|       pointer|
|J_2_19               |   in|   40|     ap_none|                 J_2_19|       pointer|
|J_2_20               |   in|   40|     ap_none|                 J_2_20|       pointer|
|J_2_21               |   in|   40|     ap_none|                 J_2_21|       pointer|
|J_2_22               |   in|   40|     ap_none|                 J_2_22|       pointer|
|J_2_23               |   in|   40|     ap_none|                 J_2_23|       pointer|
|J_2_24               |   in|   40|     ap_none|                 J_2_24|       pointer|
|J_2_25               |   in|   40|     ap_none|                 J_2_25|       pointer|
|J_2_26               |   in|   40|     ap_none|                 J_2_26|       pointer|
|J_2_27               |   in|   40|     ap_none|                 J_2_27|       pointer|
|J_3_0                |   in|   40|     ap_none|                  J_3_0|       pointer|
|J_3_1                |   in|   40|     ap_none|                  J_3_1|       pointer|
|J_3_2                |   in|   40|     ap_none|                  J_3_2|       pointer|
|J_3_3                |   in|   40|     ap_none|                  J_3_3|       pointer|
|J_3_4                |   in|   40|     ap_none|                  J_3_4|       pointer|
|J_3_5                |   in|   40|     ap_none|                  J_3_5|       pointer|
|J_3_6                |   in|   40|     ap_none|                  J_3_6|       pointer|
|J_3_7                |   in|   40|     ap_none|                  J_3_7|       pointer|
|J_3_8                |   in|   40|     ap_none|                  J_3_8|       pointer|
|J_3_9                |   in|   40|     ap_none|                  J_3_9|       pointer|
|J_3_10               |   in|   40|     ap_none|                 J_3_10|       pointer|
|J_3_11               |   in|   40|     ap_none|                 J_3_11|       pointer|
|J_3_12               |   in|   40|     ap_none|                 J_3_12|       pointer|
|J_3_13               |   in|   40|     ap_none|                 J_3_13|       pointer|
|J_3_14               |   in|   40|     ap_none|                 J_3_14|       pointer|
|J_3_15               |   in|   40|     ap_none|                 J_3_15|       pointer|
|J_3_16               |   in|   40|     ap_none|                 J_3_16|       pointer|
|J_3_17               |   in|   40|     ap_none|                 J_3_17|       pointer|
|J_3_18               |   in|   40|     ap_none|                 J_3_18|       pointer|
|J_3_19               |   in|   40|     ap_none|                 J_3_19|       pointer|
|J_3_20               |   in|   40|     ap_none|                 J_3_20|       pointer|
|J_3_21               |   in|   40|     ap_none|                 J_3_21|       pointer|
|J_3_22               |   in|   40|     ap_none|                 J_3_22|       pointer|
|J_3_23               |   in|   40|     ap_none|                 J_3_23|       pointer|
|J_3_24               |   in|   40|     ap_none|                 J_3_24|       pointer|
|J_3_25               |   in|   40|     ap_none|                 J_3_25|       pointer|
|J_3_26               |   in|   40|     ap_none|                 J_3_26|       pointer|
|J_3_27               |   in|   40|     ap_none|                 J_3_27|       pointer|
|J_4_0                |   in|   40|     ap_none|                  J_4_0|       pointer|
|J_4_1                |   in|   40|     ap_none|                  J_4_1|       pointer|
|J_4_2                |   in|   40|     ap_none|                  J_4_2|       pointer|
|J_4_3                |   in|   40|     ap_none|                  J_4_3|       pointer|
|J_4_4                |   in|   40|     ap_none|                  J_4_4|       pointer|
|J_4_5                |   in|   40|     ap_none|                  J_4_5|       pointer|
|J_4_6                |   in|   40|     ap_none|                  J_4_6|       pointer|
|J_4_7                |   in|   40|     ap_none|                  J_4_7|       pointer|
|J_4_8                |   in|   40|     ap_none|                  J_4_8|       pointer|
|J_4_9                |   in|   40|     ap_none|                  J_4_9|       pointer|
|J_4_10               |   in|   40|     ap_none|                 J_4_10|       pointer|
|J_4_11               |   in|   40|     ap_none|                 J_4_11|       pointer|
|J_4_12               |   in|   40|     ap_none|                 J_4_12|       pointer|
|J_4_13               |   in|   40|     ap_none|                 J_4_13|       pointer|
|J_4_14               |   in|   40|     ap_none|                 J_4_14|       pointer|
|J_4_15               |   in|   40|     ap_none|                 J_4_15|       pointer|
|J_4_16               |   in|   40|     ap_none|                 J_4_16|       pointer|
|J_4_17               |   in|   40|     ap_none|                 J_4_17|       pointer|
|J_4_18               |   in|   40|     ap_none|                 J_4_18|       pointer|
|J_4_19               |   in|   40|     ap_none|                 J_4_19|       pointer|
|J_4_20               |   in|   40|     ap_none|                 J_4_20|       pointer|
|J_4_21               |   in|   40|     ap_none|                 J_4_21|       pointer|
|J_4_22               |   in|   40|     ap_none|                 J_4_22|       pointer|
|J_4_23               |   in|   40|     ap_none|                 J_4_23|       pointer|
|J_4_24               |   in|   40|     ap_none|                 J_4_24|       pointer|
|J_4_25               |   in|   40|     ap_none|                 J_4_25|       pointer|
|J_4_26               |   in|   40|     ap_none|                 J_4_26|       pointer|
|J_4_27               |   in|   40|     ap_none|                 J_4_27|       pointer|
|J_5_0                |   in|   40|     ap_none|                  J_5_0|       pointer|
|J_5_1                |   in|   40|     ap_none|                  J_5_1|       pointer|
|J_5_2                |   in|   40|     ap_none|                  J_5_2|       pointer|
|J_5_3                |   in|   40|     ap_none|                  J_5_3|       pointer|
|J_5_4                |   in|   40|     ap_none|                  J_5_4|       pointer|
|J_5_5                |   in|   40|     ap_none|                  J_5_5|       pointer|
|J_5_6                |   in|   40|     ap_none|                  J_5_6|       pointer|
|J_5_7                |   in|   40|     ap_none|                  J_5_7|       pointer|
|J_5_8                |   in|   40|     ap_none|                  J_5_8|       pointer|
|J_5_9                |   in|   40|     ap_none|                  J_5_9|       pointer|
|J_5_10               |   in|   40|     ap_none|                 J_5_10|       pointer|
|J_5_11               |   in|   40|     ap_none|                 J_5_11|       pointer|
|J_5_12               |   in|   40|     ap_none|                 J_5_12|       pointer|
|J_5_13               |   in|   40|     ap_none|                 J_5_13|       pointer|
|J_5_14               |   in|   40|     ap_none|                 J_5_14|       pointer|
|J_5_15               |   in|   40|     ap_none|                 J_5_15|       pointer|
|J_5_16               |   in|   40|     ap_none|                 J_5_16|       pointer|
|J_5_17               |   in|   40|     ap_none|                 J_5_17|       pointer|
|J_5_18               |   in|   40|     ap_none|                 J_5_18|       pointer|
|J_5_19               |   in|   40|     ap_none|                 J_5_19|       pointer|
|J_5_20               |   in|   40|     ap_none|                 J_5_20|       pointer|
|J_5_21               |   in|   40|     ap_none|                 J_5_21|       pointer|
|J_5_22               |   in|   40|     ap_none|                 J_5_22|       pointer|
|J_5_23               |   in|   40|     ap_none|                 J_5_23|       pointer|
|J_5_24               |   in|   40|     ap_none|                 J_5_24|       pointer|
|J_5_25               |   in|   40|     ap_none|                 J_5_25|       pointer|
|J_5_26               |   in|   40|     ap_none|                 J_5_26|       pointer|
|J_5_27               |   in|   40|     ap_none|                 J_5_27|       pointer|
|J_6_0                |   in|   40|     ap_none|                  J_6_0|       pointer|
|J_6_1                |   in|   40|     ap_none|                  J_6_1|       pointer|
|J_6_2                |   in|   40|     ap_none|                  J_6_2|       pointer|
|J_6_3                |   in|   40|     ap_none|                  J_6_3|       pointer|
|J_6_4                |   in|   40|     ap_none|                  J_6_4|       pointer|
|J_6_5                |   in|   40|     ap_none|                  J_6_5|       pointer|
|J_6_6                |   in|   40|     ap_none|                  J_6_6|       pointer|
|J_6_7                |   in|   40|     ap_none|                  J_6_7|       pointer|
|J_6_8                |   in|   40|     ap_none|                  J_6_8|       pointer|
|J_6_9                |   in|   40|     ap_none|                  J_6_9|       pointer|
|J_6_10               |   in|   40|     ap_none|                 J_6_10|       pointer|
|J_6_11               |   in|   40|     ap_none|                 J_6_11|       pointer|
|J_6_12               |   in|   40|     ap_none|                 J_6_12|       pointer|
|J_6_13               |   in|   40|     ap_none|                 J_6_13|       pointer|
|J_6_14               |   in|   40|     ap_none|                 J_6_14|       pointer|
|J_6_15               |   in|   40|     ap_none|                 J_6_15|       pointer|
|J_6_16               |   in|   40|     ap_none|                 J_6_16|       pointer|
|J_6_17               |   in|   40|     ap_none|                 J_6_17|       pointer|
|J_6_18               |   in|   40|     ap_none|                 J_6_18|       pointer|
|J_6_19               |   in|   40|     ap_none|                 J_6_19|       pointer|
|J_6_20               |   in|   40|     ap_none|                 J_6_20|       pointer|
|J_6_21               |   in|   40|     ap_none|                 J_6_21|       pointer|
|J_6_22               |   in|   40|     ap_none|                 J_6_22|       pointer|
|J_6_23               |   in|   40|     ap_none|                 J_6_23|       pointer|
|J_6_24               |   in|   40|     ap_none|                 J_6_24|       pointer|
|J_6_25               |   in|   40|     ap_none|                 J_6_25|       pointer|
|J_6_26               |   in|   40|     ap_none|                 J_6_26|       pointer|
|J_6_27               |   in|   40|     ap_none|                 J_6_27|       pointer|
|J_7_0                |   in|   40|     ap_none|                  J_7_0|       pointer|
|J_7_1                |   in|   40|     ap_none|                  J_7_1|       pointer|
|J_7_2                |   in|   40|     ap_none|                  J_7_2|       pointer|
|J_7_3                |   in|   40|     ap_none|                  J_7_3|       pointer|
|J_7_4                |   in|   40|     ap_none|                  J_7_4|       pointer|
|J_7_5                |   in|   40|     ap_none|                  J_7_5|       pointer|
|J_7_6                |   in|   40|     ap_none|                  J_7_6|       pointer|
|J_7_7                |   in|   40|     ap_none|                  J_7_7|       pointer|
|J_7_8                |   in|   40|     ap_none|                  J_7_8|       pointer|
|J_7_9                |   in|   40|     ap_none|                  J_7_9|       pointer|
|J_7_10               |   in|   40|     ap_none|                 J_7_10|       pointer|
|J_7_11               |   in|   40|     ap_none|                 J_7_11|       pointer|
|J_7_12               |   in|   40|     ap_none|                 J_7_12|       pointer|
|J_7_13               |   in|   40|     ap_none|                 J_7_13|       pointer|
|J_7_14               |   in|   40|     ap_none|                 J_7_14|       pointer|
|J_7_15               |   in|   40|     ap_none|                 J_7_15|       pointer|
|J_7_16               |   in|   40|     ap_none|                 J_7_16|       pointer|
|J_7_17               |   in|   40|     ap_none|                 J_7_17|       pointer|
|J_7_18               |   in|   40|     ap_none|                 J_7_18|       pointer|
|J_7_19               |   in|   40|     ap_none|                 J_7_19|       pointer|
|J_7_20               |   in|   40|     ap_none|                 J_7_20|       pointer|
|J_7_21               |   in|   40|     ap_none|                 J_7_21|       pointer|
|J_7_22               |   in|   40|     ap_none|                 J_7_22|       pointer|
|J_7_23               |   in|   40|     ap_none|                 J_7_23|       pointer|
|J_7_24               |   in|   40|     ap_none|                 J_7_24|       pointer|
|J_7_25               |   in|   40|     ap_none|                 J_7_25|       pointer|
|J_7_26               |   in|   40|     ap_none|                 J_7_26|       pointer|
|J_7_27               |   in|   40|     ap_none|                 J_7_27|       pointer|
|J_8_0                |   in|   40|     ap_none|                  J_8_0|       pointer|
|J_8_1                |   in|   40|     ap_none|                  J_8_1|       pointer|
|J_8_2                |   in|   40|     ap_none|                  J_8_2|       pointer|
|J_8_3                |   in|   40|     ap_none|                  J_8_3|       pointer|
|J_8_4                |   in|   40|     ap_none|                  J_8_4|       pointer|
|J_8_5                |   in|   40|     ap_none|                  J_8_5|       pointer|
|J_8_6                |   in|   40|     ap_none|                  J_8_6|       pointer|
|J_8_7                |   in|   40|     ap_none|                  J_8_7|       pointer|
|J_8_8                |   in|   40|     ap_none|                  J_8_8|       pointer|
|J_8_9                |   in|   40|     ap_none|                  J_8_9|       pointer|
|J_8_10               |   in|   40|     ap_none|                 J_8_10|       pointer|
|J_8_11               |   in|   40|     ap_none|                 J_8_11|       pointer|
|J_8_12               |   in|   40|     ap_none|                 J_8_12|       pointer|
|J_8_13               |   in|   40|     ap_none|                 J_8_13|       pointer|
|J_8_14               |   in|   40|     ap_none|                 J_8_14|       pointer|
|J_8_15               |   in|   40|     ap_none|                 J_8_15|       pointer|
|J_8_16               |   in|   40|     ap_none|                 J_8_16|       pointer|
|J_8_17               |   in|   40|     ap_none|                 J_8_17|       pointer|
|J_8_18               |   in|   40|     ap_none|                 J_8_18|       pointer|
|J_8_19               |   in|   40|     ap_none|                 J_8_19|       pointer|
|J_8_20               |   in|   40|     ap_none|                 J_8_20|       pointer|
|J_8_21               |   in|   40|     ap_none|                 J_8_21|       pointer|
|J_8_22               |   in|   40|     ap_none|                 J_8_22|       pointer|
|J_8_23               |   in|   40|     ap_none|                 J_8_23|       pointer|
|J_8_24               |   in|   40|     ap_none|                 J_8_24|       pointer|
|J_8_25               |   in|   40|     ap_none|                 J_8_25|       pointer|
|J_8_26               |   in|   40|     ap_none|                 J_8_26|       pointer|
|J_8_27               |   in|   40|     ap_none|                 J_8_27|       pointer|
|J_9_0                |   in|   40|     ap_none|                  J_9_0|       pointer|
|J_9_1                |   in|   40|     ap_none|                  J_9_1|       pointer|
|J_9_2                |   in|   40|     ap_none|                  J_9_2|       pointer|
|J_9_3                |   in|   40|     ap_none|                  J_9_3|       pointer|
|J_9_4                |   in|   40|     ap_none|                  J_9_4|       pointer|
|J_9_5                |   in|   40|     ap_none|                  J_9_5|       pointer|
|J_9_6                |   in|   40|     ap_none|                  J_9_6|       pointer|
|J_9_7                |   in|   40|     ap_none|                  J_9_7|       pointer|
|J_9_8                |   in|   40|     ap_none|                  J_9_8|       pointer|
|J_9_9                |   in|   40|     ap_none|                  J_9_9|       pointer|
|J_9_10               |   in|   40|     ap_none|                 J_9_10|       pointer|
|J_9_11               |   in|   40|     ap_none|                 J_9_11|       pointer|
|J_9_12               |   in|   40|     ap_none|                 J_9_12|       pointer|
|J_9_13               |   in|   40|     ap_none|                 J_9_13|       pointer|
|J_9_14               |   in|   40|     ap_none|                 J_9_14|       pointer|
|J_9_15               |   in|   40|     ap_none|                 J_9_15|       pointer|
|J_9_16               |   in|   40|     ap_none|                 J_9_16|       pointer|
|J_9_17               |   in|   40|     ap_none|                 J_9_17|       pointer|
|J_9_18               |   in|   40|     ap_none|                 J_9_18|       pointer|
|J_9_19               |   in|   40|     ap_none|                 J_9_19|       pointer|
|J_9_20               |   in|   40|     ap_none|                 J_9_20|       pointer|
|J_9_21               |   in|   40|     ap_none|                 J_9_21|       pointer|
|J_9_22               |   in|   40|     ap_none|                 J_9_22|       pointer|
|J_9_23               |   in|   40|     ap_none|                 J_9_23|       pointer|
|J_9_24               |   in|   40|     ap_none|                 J_9_24|       pointer|
|J_9_25               |   in|   40|     ap_none|                 J_9_25|       pointer|
|J_9_26               |   in|   40|     ap_none|                 J_9_26|       pointer|
|J_9_27               |   in|   40|     ap_none|                 J_9_27|       pointer|
|J_10_0               |   in|   40|     ap_none|                 J_10_0|       pointer|
|J_10_1               |   in|   40|     ap_none|                 J_10_1|       pointer|
|J_10_2               |   in|   40|     ap_none|                 J_10_2|       pointer|
|J_10_3               |   in|   40|     ap_none|                 J_10_3|       pointer|
|J_10_4               |   in|   40|     ap_none|                 J_10_4|       pointer|
|J_10_5               |   in|   40|     ap_none|                 J_10_5|       pointer|
|J_10_6               |   in|   40|     ap_none|                 J_10_6|       pointer|
|J_10_7               |   in|   40|     ap_none|                 J_10_7|       pointer|
|J_10_8               |   in|   40|     ap_none|                 J_10_8|       pointer|
|J_10_9               |   in|   40|     ap_none|                 J_10_9|       pointer|
|J_10_10              |   in|   40|     ap_none|                J_10_10|       pointer|
|J_10_11              |   in|   40|     ap_none|                J_10_11|       pointer|
|J_10_12              |   in|   40|     ap_none|                J_10_12|       pointer|
|J_10_13              |   in|   40|     ap_none|                J_10_13|       pointer|
|J_10_14              |   in|   40|     ap_none|                J_10_14|       pointer|
|J_10_15              |   in|   40|     ap_none|                J_10_15|       pointer|
|J_10_16              |   in|   40|     ap_none|                J_10_16|       pointer|
|J_10_17              |   in|   40|     ap_none|                J_10_17|       pointer|
|J_10_18              |   in|   40|     ap_none|                J_10_18|       pointer|
|J_10_19              |   in|   40|     ap_none|                J_10_19|       pointer|
|J_10_20              |   in|   40|     ap_none|                J_10_20|       pointer|
|J_10_21              |   in|   40|     ap_none|                J_10_21|       pointer|
|J_10_22              |   in|   40|     ap_none|                J_10_22|       pointer|
|J_10_23              |   in|   40|     ap_none|                J_10_23|       pointer|
|J_10_24              |   in|   40|     ap_none|                J_10_24|       pointer|
|J_10_25              |   in|   40|     ap_none|                J_10_25|       pointer|
|J_10_26              |   in|   40|     ap_none|                J_10_26|       pointer|
|J_10_27              |   in|   40|     ap_none|                J_10_27|       pointer|
|J_11_0               |   in|   40|     ap_none|                 J_11_0|       pointer|
|J_11_1               |   in|   40|     ap_none|                 J_11_1|       pointer|
|J_11_2               |   in|   40|     ap_none|                 J_11_2|       pointer|
|J_11_3               |   in|   40|     ap_none|                 J_11_3|       pointer|
|J_11_4               |   in|   40|     ap_none|                 J_11_4|       pointer|
|J_11_5               |   in|   40|     ap_none|                 J_11_5|       pointer|
|J_11_6               |   in|   40|     ap_none|                 J_11_6|       pointer|
|J_11_7               |   in|   40|     ap_none|                 J_11_7|       pointer|
|J_11_8               |   in|   40|     ap_none|                 J_11_8|       pointer|
|J_11_9               |   in|   40|     ap_none|                 J_11_9|       pointer|
|J_11_10              |   in|   40|     ap_none|                J_11_10|       pointer|
|J_11_11              |   in|   40|     ap_none|                J_11_11|       pointer|
|J_11_12              |   in|   40|     ap_none|                J_11_12|       pointer|
|J_11_13              |   in|   40|     ap_none|                J_11_13|       pointer|
|J_11_14              |   in|   40|     ap_none|                J_11_14|       pointer|
|J_11_15              |   in|   40|     ap_none|                J_11_15|       pointer|
|J_11_16              |   in|   40|     ap_none|                J_11_16|       pointer|
|J_11_17              |   in|   40|     ap_none|                J_11_17|       pointer|
|J_11_18              |   in|   40|     ap_none|                J_11_18|       pointer|
|J_11_19              |   in|   40|     ap_none|                J_11_19|       pointer|
|J_11_20              |   in|   40|     ap_none|                J_11_20|       pointer|
|J_11_21              |   in|   40|     ap_none|                J_11_21|       pointer|
|J_11_22              |   in|   40|     ap_none|                J_11_22|       pointer|
|J_11_23              |   in|   40|     ap_none|                J_11_23|       pointer|
|J_11_24              |   in|   40|     ap_none|                J_11_24|       pointer|
|J_11_25              |   in|   40|     ap_none|                J_11_25|       pointer|
|J_11_26              |   in|   40|     ap_none|                J_11_26|       pointer|
|J_11_27              |   in|   40|     ap_none|                J_11_27|       pointer|
|J_12_0               |   in|   40|     ap_none|                 J_12_0|       pointer|
|J_12_1               |   in|   40|     ap_none|                 J_12_1|       pointer|
|J_12_2               |   in|   40|     ap_none|                 J_12_2|       pointer|
|J_12_3               |   in|   40|     ap_none|                 J_12_3|       pointer|
|J_12_4               |   in|   40|     ap_none|                 J_12_4|       pointer|
|J_12_5               |   in|   40|     ap_none|                 J_12_5|       pointer|
|J_12_6               |   in|   40|     ap_none|                 J_12_6|       pointer|
|J_12_7               |   in|   40|     ap_none|                 J_12_7|       pointer|
|J_12_8               |   in|   40|     ap_none|                 J_12_8|       pointer|
|J_12_9               |   in|   40|     ap_none|                 J_12_9|       pointer|
|J_12_10              |   in|   40|     ap_none|                J_12_10|       pointer|
|J_12_11              |   in|   40|     ap_none|                J_12_11|       pointer|
|J_12_12              |   in|   40|     ap_none|                J_12_12|       pointer|
|J_12_13              |   in|   40|     ap_none|                J_12_13|       pointer|
|J_12_14              |   in|   40|     ap_none|                J_12_14|       pointer|
|J_12_15              |   in|   40|     ap_none|                J_12_15|       pointer|
|J_12_16              |   in|   40|     ap_none|                J_12_16|       pointer|
|J_12_17              |   in|   40|     ap_none|                J_12_17|       pointer|
|J_12_18              |   in|   40|     ap_none|                J_12_18|       pointer|
|J_12_19              |   in|   40|     ap_none|                J_12_19|       pointer|
|J_12_20              |   in|   40|     ap_none|                J_12_20|       pointer|
|J_12_21              |   in|   40|     ap_none|                J_12_21|       pointer|
|J_12_22              |   in|   40|     ap_none|                J_12_22|       pointer|
|J_12_23              |   in|   40|     ap_none|                J_12_23|       pointer|
|J_12_24              |   in|   40|     ap_none|                J_12_24|       pointer|
|J_12_25              |   in|   40|     ap_none|                J_12_25|       pointer|
|J_12_26              |   in|   40|     ap_none|                J_12_26|       pointer|
|J_12_27              |   in|   40|     ap_none|                J_12_27|       pointer|
|J_13_0               |   in|   40|     ap_none|                 J_13_0|       pointer|
|J_13_1               |   in|   40|     ap_none|                 J_13_1|       pointer|
|J_13_2               |   in|   40|     ap_none|                 J_13_2|       pointer|
|J_13_3               |   in|   40|     ap_none|                 J_13_3|       pointer|
|J_13_4               |   in|   40|     ap_none|                 J_13_4|       pointer|
|J_13_5               |   in|   40|     ap_none|                 J_13_5|       pointer|
|J_13_6               |   in|   40|     ap_none|                 J_13_6|       pointer|
|J_13_7               |   in|   40|     ap_none|                 J_13_7|       pointer|
|J_13_8               |   in|   40|     ap_none|                 J_13_8|       pointer|
|J_13_9               |   in|   40|     ap_none|                 J_13_9|       pointer|
|J_13_10              |   in|   40|     ap_none|                J_13_10|       pointer|
|J_13_11              |   in|   40|     ap_none|                J_13_11|       pointer|
|J_13_12              |   in|   40|     ap_none|                J_13_12|       pointer|
|J_13_13              |   in|   40|     ap_none|                J_13_13|       pointer|
|J_13_14              |   in|   40|     ap_none|                J_13_14|       pointer|
|J_13_15              |   in|   40|     ap_none|                J_13_15|       pointer|
|J_13_16              |   in|   40|     ap_none|                J_13_16|       pointer|
|J_13_17              |   in|   40|     ap_none|                J_13_17|       pointer|
|J_13_18              |   in|   40|     ap_none|                J_13_18|       pointer|
|J_13_19              |   in|   40|     ap_none|                J_13_19|       pointer|
|J_13_20              |   in|   40|     ap_none|                J_13_20|       pointer|
|J_13_21              |   in|   40|     ap_none|                J_13_21|       pointer|
|J_13_22              |   in|   40|     ap_none|                J_13_22|       pointer|
|J_13_23              |   in|   40|     ap_none|                J_13_23|       pointer|
|J_13_24              |   in|   40|     ap_none|                J_13_24|       pointer|
|J_13_25              |   in|   40|     ap_none|                J_13_25|       pointer|
|J_13_26              |   in|   40|     ap_none|                J_13_26|       pointer|
|J_13_27              |   in|   40|     ap_none|                J_13_27|       pointer|
|J_14_0               |   in|   40|     ap_none|                 J_14_0|       pointer|
|J_14_1               |   in|   40|     ap_none|                 J_14_1|       pointer|
|J_14_2               |   in|   40|     ap_none|                 J_14_2|       pointer|
|J_14_3               |   in|   40|     ap_none|                 J_14_3|       pointer|
|J_14_4               |   in|   40|     ap_none|                 J_14_4|       pointer|
|J_14_5               |   in|   40|     ap_none|                 J_14_5|       pointer|
|J_14_6               |   in|   40|     ap_none|                 J_14_6|       pointer|
|J_14_7               |   in|   40|     ap_none|                 J_14_7|       pointer|
|J_14_8               |   in|   40|     ap_none|                 J_14_8|       pointer|
|J_14_9               |   in|   40|     ap_none|                 J_14_9|       pointer|
|J_14_10              |   in|   40|     ap_none|                J_14_10|       pointer|
|J_14_11              |   in|   40|     ap_none|                J_14_11|       pointer|
|J_14_12              |   in|   40|     ap_none|                J_14_12|       pointer|
|J_14_13              |   in|   40|     ap_none|                J_14_13|       pointer|
|J_14_14              |   in|   40|     ap_none|                J_14_14|       pointer|
|J_14_15              |   in|   40|     ap_none|                J_14_15|       pointer|
|J_14_16              |   in|   40|     ap_none|                J_14_16|       pointer|
|J_14_17              |   in|   40|     ap_none|                J_14_17|       pointer|
|J_14_18              |   in|   40|     ap_none|                J_14_18|       pointer|
|J_14_19              |   in|   40|     ap_none|                J_14_19|       pointer|
|J_14_20              |   in|   40|     ap_none|                J_14_20|       pointer|
|J_14_21              |   in|   40|     ap_none|                J_14_21|       pointer|
|J_14_22              |   in|   40|     ap_none|                J_14_22|       pointer|
|J_14_23              |   in|   40|     ap_none|                J_14_23|       pointer|
|J_14_24              |   in|   40|     ap_none|                J_14_24|       pointer|
|J_14_25              |   in|   40|     ap_none|                J_14_25|       pointer|
|J_14_26              |   in|   40|     ap_none|                J_14_26|       pointer|
|J_14_27              |   in|   40|     ap_none|                J_14_27|       pointer|
|J_15_0               |   in|   40|     ap_none|                 J_15_0|       pointer|
|J_15_1               |   in|   40|     ap_none|                 J_15_1|       pointer|
|J_15_2               |   in|   40|     ap_none|                 J_15_2|       pointer|
|J_15_3               |   in|   40|     ap_none|                 J_15_3|       pointer|
|J_15_4               |   in|   40|     ap_none|                 J_15_4|       pointer|
|J_15_5               |   in|   40|     ap_none|                 J_15_5|       pointer|
|J_15_6               |   in|   40|     ap_none|                 J_15_6|       pointer|
|J_15_7               |   in|   40|     ap_none|                 J_15_7|       pointer|
|J_15_8               |   in|   40|     ap_none|                 J_15_8|       pointer|
|J_15_9               |   in|   40|     ap_none|                 J_15_9|       pointer|
|J_15_10              |   in|   40|     ap_none|                J_15_10|       pointer|
|J_15_11              |   in|   40|     ap_none|                J_15_11|       pointer|
|J_15_12              |   in|   40|     ap_none|                J_15_12|       pointer|
|J_15_13              |   in|   40|     ap_none|                J_15_13|       pointer|
|J_15_14              |   in|   40|     ap_none|                J_15_14|       pointer|
|J_15_15              |   in|   40|     ap_none|                J_15_15|       pointer|
|J_15_16              |   in|   40|     ap_none|                J_15_16|       pointer|
|J_15_17              |   in|   40|     ap_none|                J_15_17|       pointer|
|J_15_18              |   in|   40|     ap_none|                J_15_18|       pointer|
|J_15_19              |   in|   40|     ap_none|                J_15_19|       pointer|
|J_15_20              |   in|   40|     ap_none|                J_15_20|       pointer|
|J_15_21              |   in|   40|     ap_none|                J_15_21|       pointer|
|J_15_22              |   in|   40|     ap_none|                J_15_22|       pointer|
|J_15_23              |   in|   40|     ap_none|                J_15_23|       pointer|
|J_15_24              |   in|   40|     ap_none|                J_15_24|       pointer|
|J_15_25              |   in|   40|     ap_none|                J_15_25|       pointer|
|J_15_26              |   in|   40|     ap_none|                J_15_26|       pointer|
|J_15_27              |   in|   40|     ap_none|                J_15_27|       pointer|
|J_16_0               |   in|   40|     ap_none|                 J_16_0|       pointer|
|J_16_1               |   in|   40|     ap_none|                 J_16_1|       pointer|
|J_16_2               |   in|   40|     ap_none|                 J_16_2|       pointer|
|J_16_3               |   in|   40|     ap_none|                 J_16_3|       pointer|
|J_16_4               |   in|   40|     ap_none|                 J_16_4|       pointer|
|J_16_5               |   in|   40|     ap_none|                 J_16_5|       pointer|
|J_16_6               |   in|   40|     ap_none|                 J_16_6|       pointer|
|J_16_7               |   in|   40|     ap_none|                 J_16_7|       pointer|
|J_16_8               |   in|   40|     ap_none|                 J_16_8|       pointer|
|J_16_9               |   in|   40|     ap_none|                 J_16_9|       pointer|
|J_16_10              |   in|   40|     ap_none|                J_16_10|       pointer|
|J_16_11              |   in|   40|     ap_none|                J_16_11|       pointer|
|J_16_12              |   in|   40|     ap_none|                J_16_12|       pointer|
|J_16_13              |   in|   40|     ap_none|                J_16_13|       pointer|
|J_16_14              |   in|   40|     ap_none|                J_16_14|       pointer|
|J_16_15              |   in|   40|     ap_none|                J_16_15|       pointer|
|J_16_16              |   in|   40|     ap_none|                J_16_16|       pointer|
|J_16_17              |   in|   40|     ap_none|                J_16_17|       pointer|
|J_16_18              |   in|   40|     ap_none|                J_16_18|       pointer|
|J_16_19              |   in|   40|     ap_none|                J_16_19|       pointer|
|J_16_20              |   in|   40|     ap_none|                J_16_20|       pointer|
|J_16_21              |   in|   40|     ap_none|                J_16_21|       pointer|
|J_16_22              |   in|   40|     ap_none|                J_16_22|       pointer|
|J_16_23              |   in|   40|     ap_none|                J_16_23|       pointer|
|J_16_24              |   in|   40|     ap_none|                J_16_24|       pointer|
|J_16_25              |   in|   40|     ap_none|                J_16_25|       pointer|
|J_16_26              |   in|   40|     ap_none|                J_16_26|       pointer|
|J_16_27              |   in|   40|     ap_none|                J_16_27|       pointer|
|J_17_0               |   in|   40|     ap_none|                 J_17_0|       pointer|
|J_17_1               |   in|   40|     ap_none|                 J_17_1|       pointer|
|J_17_2               |   in|   40|     ap_none|                 J_17_2|       pointer|
|J_17_3               |   in|   40|     ap_none|                 J_17_3|       pointer|
|J_17_4               |   in|   40|     ap_none|                 J_17_4|       pointer|
|J_17_5               |   in|   40|     ap_none|                 J_17_5|       pointer|
|J_17_6               |   in|   40|     ap_none|                 J_17_6|       pointer|
|J_17_7               |   in|   40|     ap_none|                 J_17_7|       pointer|
|J_17_8               |   in|   40|     ap_none|                 J_17_8|       pointer|
|J_17_9               |   in|   40|     ap_none|                 J_17_9|       pointer|
|J_17_10              |   in|   40|     ap_none|                J_17_10|       pointer|
|J_17_11              |   in|   40|     ap_none|                J_17_11|       pointer|
|J_17_12              |   in|   40|     ap_none|                J_17_12|       pointer|
|J_17_13              |   in|   40|     ap_none|                J_17_13|       pointer|
|J_17_14              |   in|   40|     ap_none|                J_17_14|       pointer|
|J_17_15              |   in|   40|     ap_none|                J_17_15|       pointer|
|J_17_16              |   in|   40|     ap_none|                J_17_16|       pointer|
|J_17_17              |   in|   40|     ap_none|                J_17_17|       pointer|
|J_17_18              |   in|   40|     ap_none|                J_17_18|       pointer|
|J_17_19              |   in|   40|     ap_none|                J_17_19|       pointer|
|J_17_20              |   in|   40|     ap_none|                J_17_20|       pointer|
|J_17_21              |   in|   40|     ap_none|                J_17_21|       pointer|
|J_17_22              |   in|   40|     ap_none|                J_17_22|       pointer|
|J_17_23              |   in|   40|     ap_none|                J_17_23|       pointer|
|J_17_24              |   in|   40|     ap_none|                J_17_24|       pointer|
|J_17_25              |   in|   40|     ap_none|                J_17_25|       pointer|
|J_17_26              |   in|   40|     ap_none|                J_17_26|       pointer|
|J_17_27              |   in|   40|     ap_none|                J_17_27|       pointer|
|J_18_0               |   in|   40|     ap_none|                 J_18_0|       pointer|
|J_18_1               |   in|   40|     ap_none|                 J_18_1|       pointer|
|J_18_2               |   in|   40|     ap_none|                 J_18_2|       pointer|
|J_18_3               |   in|   40|     ap_none|                 J_18_3|       pointer|
|J_18_4               |   in|   40|     ap_none|                 J_18_4|       pointer|
|J_18_5               |   in|   40|     ap_none|                 J_18_5|       pointer|
|J_18_6               |   in|   40|     ap_none|                 J_18_6|       pointer|
|J_18_7               |   in|   40|     ap_none|                 J_18_7|       pointer|
|J_18_8               |   in|   40|     ap_none|                 J_18_8|       pointer|
|J_18_9               |   in|   40|     ap_none|                 J_18_9|       pointer|
|J_18_10              |   in|   40|     ap_none|                J_18_10|       pointer|
|J_18_11              |   in|   40|     ap_none|                J_18_11|       pointer|
|J_18_12              |   in|   40|     ap_none|                J_18_12|       pointer|
|J_18_13              |   in|   40|     ap_none|                J_18_13|       pointer|
|J_18_14              |   in|   40|     ap_none|                J_18_14|       pointer|
|J_18_15              |   in|   40|     ap_none|                J_18_15|       pointer|
|J_18_16              |   in|   40|     ap_none|                J_18_16|       pointer|
|J_18_17              |   in|   40|     ap_none|                J_18_17|       pointer|
|J_18_18              |   in|   40|     ap_none|                J_18_18|       pointer|
|J_18_19              |   in|   40|     ap_none|                J_18_19|       pointer|
|J_18_20              |   in|   40|     ap_none|                J_18_20|       pointer|
|J_18_21              |   in|   40|     ap_none|                J_18_21|       pointer|
|J_18_22              |   in|   40|     ap_none|                J_18_22|       pointer|
|J_18_23              |   in|   40|     ap_none|                J_18_23|       pointer|
|J_18_24              |   in|   40|     ap_none|                J_18_24|       pointer|
|J_18_25              |   in|   40|     ap_none|                J_18_25|       pointer|
|J_18_26              |   in|   40|     ap_none|                J_18_26|       pointer|
|J_18_27              |   in|   40|     ap_none|                J_18_27|       pointer|
|J_19_0               |   in|   40|     ap_none|                 J_19_0|       pointer|
|J_19_1               |   in|   40|     ap_none|                 J_19_1|       pointer|
|J_19_2               |   in|   40|     ap_none|                 J_19_2|       pointer|
|J_19_3               |   in|   40|     ap_none|                 J_19_3|       pointer|
|J_19_4               |   in|   40|     ap_none|                 J_19_4|       pointer|
|J_19_5               |   in|   40|     ap_none|                 J_19_5|       pointer|
|J_19_6               |   in|   40|     ap_none|                 J_19_6|       pointer|
|J_19_7               |   in|   40|     ap_none|                 J_19_7|       pointer|
|J_19_8               |   in|   40|     ap_none|                 J_19_8|       pointer|
|J_19_9               |   in|   40|     ap_none|                 J_19_9|       pointer|
|J_19_10              |   in|   40|     ap_none|                J_19_10|       pointer|
|J_19_11              |   in|   40|     ap_none|                J_19_11|       pointer|
|J_19_12              |   in|   40|     ap_none|                J_19_12|       pointer|
|J_19_13              |   in|   40|     ap_none|                J_19_13|       pointer|
|J_19_14              |   in|   40|     ap_none|                J_19_14|       pointer|
|J_19_15              |   in|   40|     ap_none|                J_19_15|       pointer|
|J_19_16              |   in|   40|     ap_none|                J_19_16|       pointer|
|J_19_17              |   in|   40|     ap_none|                J_19_17|       pointer|
|J_19_18              |   in|   40|     ap_none|                J_19_18|       pointer|
|J_19_19              |   in|   40|     ap_none|                J_19_19|       pointer|
|J_19_20              |   in|   40|     ap_none|                J_19_20|       pointer|
|J_19_21              |   in|   40|     ap_none|                J_19_21|       pointer|
|J_19_22              |   in|   40|     ap_none|                J_19_22|       pointer|
|J_19_23              |   in|   40|     ap_none|                J_19_23|       pointer|
|J_19_24              |   in|   40|     ap_none|                J_19_24|       pointer|
|J_19_25              |   in|   40|     ap_none|                J_19_25|       pointer|
|J_19_26              |   in|   40|     ap_none|                J_19_26|       pointer|
|J_19_27              |   in|   40|     ap_none|                J_19_27|       pointer|
|J_20_0               |   in|   40|     ap_none|                 J_20_0|       pointer|
|J_20_1               |   in|   40|     ap_none|                 J_20_1|       pointer|
|J_20_2               |   in|   40|     ap_none|                 J_20_2|       pointer|
|J_20_3               |   in|   40|     ap_none|                 J_20_3|       pointer|
|J_20_4               |   in|   40|     ap_none|                 J_20_4|       pointer|
|J_20_5               |   in|   40|     ap_none|                 J_20_5|       pointer|
|J_20_6               |   in|   40|     ap_none|                 J_20_6|       pointer|
|J_20_7               |   in|   40|     ap_none|                 J_20_7|       pointer|
|J_20_8               |   in|   40|     ap_none|                 J_20_8|       pointer|
|J_20_9               |   in|   40|     ap_none|                 J_20_9|       pointer|
|J_20_10              |   in|   40|     ap_none|                J_20_10|       pointer|
|J_20_11              |   in|   40|     ap_none|                J_20_11|       pointer|
|J_20_12              |   in|   40|     ap_none|                J_20_12|       pointer|
|J_20_13              |   in|   40|     ap_none|                J_20_13|       pointer|
|J_20_14              |   in|   40|     ap_none|                J_20_14|       pointer|
|J_20_15              |   in|   40|     ap_none|                J_20_15|       pointer|
|J_20_16              |   in|   40|     ap_none|                J_20_16|       pointer|
|J_20_17              |   in|   40|     ap_none|                J_20_17|       pointer|
|J_20_18              |   in|   40|     ap_none|                J_20_18|       pointer|
|J_20_19              |   in|   40|     ap_none|                J_20_19|       pointer|
|J_20_20              |   in|   40|     ap_none|                J_20_20|       pointer|
|J_20_21              |   in|   40|     ap_none|                J_20_21|       pointer|
|J_20_22              |   in|   40|     ap_none|                J_20_22|       pointer|
|J_20_23              |   in|   40|     ap_none|                J_20_23|       pointer|
|J_20_24              |   in|   40|     ap_none|                J_20_24|       pointer|
|J_20_25              |   in|   40|     ap_none|                J_20_25|       pointer|
|J_20_26              |   in|   40|     ap_none|                J_20_26|       pointer|
|J_20_27              |   in|   40|     ap_none|                J_20_27|       pointer|
|J_21_0               |   in|   40|     ap_none|                 J_21_0|       pointer|
|J_21_1               |   in|   40|     ap_none|                 J_21_1|       pointer|
|J_21_2               |   in|   40|     ap_none|                 J_21_2|       pointer|
|J_21_3               |   in|   40|     ap_none|                 J_21_3|       pointer|
|J_21_4               |   in|   40|     ap_none|                 J_21_4|       pointer|
|J_21_5               |   in|   40|     ap_none|                 J_21_5|       pointer|
|J_21_6               |   in|   40|     ap_none|                 J_21_6|       pointer|
|J_21_7               |   in|   40|     ap_none|                 J_21_7|       pointer|
|J_21_8               |   in|   40|     ap_none|                 J_21_8|       pointer|
|J_21_9               |   in|   40|     ap_none|                 J_21_9|       pointer|
|J_21_10              |   in|   40|     ap_none|                J_21_10|       pointer|
|J_21_11              |   in|   40|     ap_none|                J_21_11|       pointer|
|J_21_12              |   in|   40|     ap_none|                J_21_12|       pointer|
|J_21_13              |   in|   40|     ap_none|                J_21_13|       pointer|
|J_21_14              |   in|   40|     ap_none|                J_21_14|       pointer|
|J_21_15              |   in|   40|     ap_none|                J_21_15|       pointer|
|J_21_16              |   in|   40|     ap_none|                J_21_16|       pointer|
|J_21_17              |   in|   40|     ap_none|                J_21_17|       pointer|
|J_21_18              |   in|   40|     ap_none|                J_21_18|       pointer|
|J_21_19              |   in|   40|     ap_none|                J_21_19|       pointer|
|J_21_20              |   in|   40|     ap_none|                J_21_20|       pointer|
|J_21_21              |   in|   40|     ap_none|                J_21_21|       pointer|
|J_21_22              |   in|   40|     ap_none|                J_21_22|       pointer|
|J_21_23              |   in|   40|     ap_none|                J_21_23|       pointer|
|J_21_24              |   in|   40|     ap_none|                J_21_24|       pointer|
|J_21_25              |   in|   40|     ap_none|                J_21_25|       pointer|
|J_21_26              |   in|   40|     ap_none|                J_21_26|       pointer|
|J_21_27              |   in|   40|     ap_none|                J_21_27|       pointer|
|J_22_0               |   in|   40|     ap_none|                 J_22_0|       pointer|
|J_22_1               |   in|   40|     ap_none|                 J_22_1|       pointer|
|J_22_2               |   in|   40|     ap_none|                 J_22_2|       pointer|
|J_22_3               |   in|   40|     ap_none|                 J_22_3|       pointer|
|J_22_4               |   in|   40|     ap_none|                 J_22_4|       pointer|
|J_22_5               |   in|   40|     ap_none|                 J_22_5|       pointer|
|J_22_6               |   in|   40|     ap_none|                 J_22_6|       pointer|
|J_22_7               |   in|   40|     ap_none|                 J_22_7|       pointer|
|J_22_8               |   in|   40|     ap_none|                 J_22_8|       pointer|
|J_22_9               |   in|   40|     ap_none|                 J_22_9|       pointer|
|J_22_10              |   in|   40|     ap_none|                J_22_10|       pointer|
|J_22_11              |   in|   40|     ap_none|                J_22_11|       pointer|
|J_22_12              |   in|   40|     ap_none|                J_22_12|       pointer|
|J_22_13              |   in|   40|     ap_none|                J_22_13|       pointer|
|J_22_14              |   in|   40|     ap_none|                J_22_14|       pointer|
|J_22_15              |   in|   40|     ap_none|                J_22_15|       pointer|
|J_22_16              |   in|   40|     ap_none|                J_22_16|       pointer|
|J_22_17              |   in|   40|     ap_none|                J_22_17|       pointer|
|J_22_18              |   in|   40|     ap_none|                J_22_18|       pointer|
|J_22_19              |   in|   40|     ap_none|                J_22_19|       pointer|
|J_22_20              |   in|   40|     ap_none|                J_22_20|       pointer|
|J_22_21              |   in|   40|     ap_none|                J_22_21|       pointer|
|J_22_22              |   in|   40|     ap_none|                J_22_22|       pointer|
|J_22_23              |   in|   40|     ap_none|                J_22_23|       pointer|
|J_22_24              |   in|   40|     ap_none|                J_22_24|       pointer|
|J_22_25              |   in|   40|     ap_none|                J_22_25|       pointer|
|J_22_26              |   in|   40|     ap_none|                J_22_26|       pointer|
|J_22_27              |   in|   40|     ap_none|                J_22_27|       pointer|
|J_23_0               |   in|   40|     ap_none|                 J_23_0|       pointer|
|J_23_1               |   in|   40|     ap_none|                 J_23_1|       pointer|
|J_23_2               |   in|   40|     ap_none|                 J_23_2|       pointer|
|J_23_3               |   in|   40|     ap_none|                 J_23_3|       pointer|
|J_23_4               |   in|   40|     ap_none|                 J_23_4|       pointer|
|J_23_5               |   in|   40|     ap_none|                 J_23_5|       pointer|
|J_23_6               |   in|   40|     ap_none|                 J_23_6|       pointer|
|J_23_7               |   in|   40|     ap_none|                 J_23_7|       pointer|
|J_23_8               |   in|   40|     ap_none|                 J_23_8|       pointer|
|J_23_9               |   in|   40|     ap_none|                 J_23_9|       pointer|
|J_23_10              |   in|   40|     ap_none|                J_23_10|       pointer|
|J_23_11              |   in|   40|     ap_none|                J_23_11|       pointer|
|J_23_12              |   in|   40|     ap_none|                J_23_12|       pointer|
|J_23_13              |   in|   40|     ap_none|                J_23_13|       pointer|
|J_23_14              |   in|   40|     ap_none|                J_23_14|       pointer|
|J_23_15              |   in|   40|     ap_none|                J_23_15|       pointer|
|J_23_16              |   in|   40|     ap_none|                J_23_16|       pointer|
|J_23_17              |   in|   40|     ap_none|                J_23_17|       pointer|
|J_23_18              |   in|   40|     ap_none|                J_23_18|       pointer|
|J_23_19              |   in|   40|     ap_none|                J_23_19|       pointer|
|J_23_20              |   in|   40|     ap_none|                J_23_20|       pointer|
|J_23_21              |   in|   40|     ap_none|                J_23_21|       pointer|
|J_23_22              |   in|   40|     ap_none|                J_23_22|       pointer|
|J_23_23              |   in|   40|     ap_none|                J_23_23|       pointer|
|J_23_24              |   in|   40|     ap_none|                J_23_24|       pointer|
|J_23_25              |   in|   40|     ap_none|                J_23_25|       pointer|
|J_23_26              |   in|   40|     ap_none|                J_23_26|       pointer|
|J_23_27              |   in|   40|     ap_none|                J_23_27|       pointer|
|J_24_0               |   in|   40|     ap_none|                 J_24_0|       pointer|
|J_24_1               |   in|   40|     ap_none|                 J_24_1|       pointer|
|J_24_2               |   in|   40|     ap_none|                 J_24_2|       pointer|
|J_24_3               |   in|   40|     ap_none|                 J_24_3|       pointer|
|J_24_4               |   in|   40|     ap_none|                 J_24_4|       pointer|
|J_24_5               |   in|   40|     ap_none|                 J_24_5|       pointer|
|J_24_6               |   in|   40|     ap_none|                 J_24_6|       pointer|
|J_24_7               |   in|   40|     ap_none|                 J_24_7|       pointer|
|J_24_8               |   in|   40|     ap_none|                 J_24_8|       pointer|
|J_24_9               |   in|   40|     ap_none|                 J_24_9|       pointer|
|J_24_10              |   in|   40|     ap_none|                J_24_10|       pointer|
|J_24_11              |   in|   40|     ap_none|                J_24_11|       pointer|
|J_24_12              |   in|   40|     ap_none|                J_24_12|       pointer|
|J_24_13              |   in|   40|     ap_none|                J_24_13|       pointer|
|J_24_14              |   in|   40|     ap_none|                J_24_14|       pointer|
|J_24_15              |   in|   40|     ap_none|                J_24_15|       pointer|
|J_24_16              |   in|   40|     ap_none|                J_24_16|       pointer|
|J_24_17              |   in|   40|     ap_none|                J_24_17|       pointer|
|J_24_18              |   in|   40|     ap_none|                J_24_18|       pointer|
|J_24_19              |   in|   40|     ap_none|                J_24_19|       pointer|
|J_24_20              |   in|   40|     ap_none|                J_24_20|       pointer|
|J_24_21              |   in|   40|     ap_none|                J_24_21|       pointer|
|J_24_22              |   in|   40|     ap_none|                J_24_22|       pointer|
|J_24_23              |   in|   40|     ap_none|                J_24_23|       pointer|
|J_24_24              |   in|   40|     ap_none|                J_24_24|       pointer|
|J_24_25              |   in|   40|     ap_none|                J_24_25|       pointer|
|J_24_26              |   in|   40|     ap_none|                J_24_26|       pointer|
|J_24_27              |   in|   40|     ap_none|                J_24_27|       pointer|
|J_25_0               |   in|   40|     ap_none|                 J_25_0|       pointer|
|J_25_1               |   in|   40|     ap_none|                 J_25_1|       pointer|
|J_25_2               |   in|   40|     ap_none|                 J_25_2|       pointer|
|J_25_3               |   in|   40|     ap_none|                 J_25_3|       pointer|
|J_25_4               |   in|   40|     ap_none|                 J_25_4|       pointer|
|J_25_5               |   in|   40|     ap_none|                 J_25_5|       pointer|
|J_25_6               |   in|   40|     ap_none|                 J_25_6|       pointer|
|J_25_7               |   in|   40|     ap_none|                 J_25_7|       pointer|
|J_25_8               |   in|   40|     ap_none|                 J_25_8|       pointer|
|J_25_9               |   in|   40|     ap_none|                 J_25_9|       pointer|
|J_25_10              |   in|   40|     ap_none|                J_25_10|       pointer|
|J_25_11              |   in|   40|     ap_none|                J_25_11|       pointer|
|J_25_12              |   in|   40|     ap_none|                J_25_12|       pointer|
|J_25_13              |   in|   40|     ap_none|                J_25_13|       pointer|
|J_25_14              |   in|   40|     ap_none|                J_25_14|       pointer|
|J_25_15              |   in|   40|     ap_none|                J_25_15|       pointer|
|J_25_16              |   in|   40|     ap_none|                J_25_16|       pointer|
|J_25_17              |   in|   40|     ap_none|                J_25_17|       pointer|
|J_25_18              |   in|   40|     ap_none|                J_25_18|       pointer|
|J_25_19              |   in|   40|     ap_none|                J_25_19|       pointer|
|J_25_20              |   in|   40|     ap_none|                J_25_20|       pointer|
|J_25_21              |   in|   40|     ap_none|                J_25_21|       pointer|
|J_25_22              |   in|   40|     ap_none|                J_25_22|       pointer|
|J_25_23              |   in|   40|     ap_none|                J_25_23|       pointer|
|J_25_24              |   in|   40|     ap_none|                J_25_24|       pointer|
|J_25_25              |   in|   40|     ap_none|                J_25_25|       pointer|
|J_25_26              |   in|   40|     ap_none|                J_25_26|       pointer|
|J_25_27              |   in|   40|     ap_none|                J_25_27|       pointer|
|J_26_0               |   in|   40|     ap_none|                 J_26_0|       pointer|
|J_26_1               |   in|   40|     ap_none|                 J_26_1|       pointer|
|J_26_2               |   in|   40|     ap_none|                 J_26_2|       pointer|
|J_26_3               |   in|   40|     ap_none|                 J_26_3|       pointer|
|J_26_4               |   in|   40|     ap_none|                 J_26_4|       pointer|
|J_26_5               |   in|   40|     ap_none|                 J_26_5|       pointer|
|J_26_6               |   in|   40|     ap_none|                 J_26_6|       pointer|
|J_26_7               |   in|   40|     ap_none|                 J_26_7|       pointer|
|J_26_8               |   in|   40|     ap_none|                 J_26_8|       pointer|
|J_26_9               |   in|   40|     ap_none|                 J_26_9|       pointer|
|J_26_10              |   in|   40|     ap_none|                J_26_10|       pointer|
|J_26_11              |   in|   40|     ap_none|                J_26_11|       pointer|
|J_26_12              |   in|   40|     ap_none|                J_26_12|       pointer|
|J_26_13              |   in|   40|     ap_none|                J_26_13|       pointer|
|J_26_14              |   in|   40|     ap_none|                J_26_14|       pointer|
|J_26_15              |   in|   40|     ap_none|                J_26_15|       pointer|
|J_26_16              |   in|   40|     ap_none|                J_26_16|       pointer|
|J_26_17              |   in|   40|     ap_none|                J_26_17|       pointer|
|J_26_18              |   in|   40|     ap_none|                J_26_18|       pointer|
|J_26_19              |   in|   40|     ap_none|                J_26_19|       pointer|
|J_26_20              |   in|   40|     ap_none|                J_26_20|       pointer|
|J_26_21              |   in|   40|     ap_none|                J_26_21|       pointer|
|J_26_22              |   in|   40|     ap_none|                J_26_22|       pointer|
|J_26_23              |   in|   40|     ap_none|                J_26_23|       pointer|
|J_26_24              |   in|   40|     ap_none|                J_26_24|       pointer|
|J_26_25              |   in|   40|     ap_none|                J_26_25|       pointer|
|J_26_26              |   in|   40|     ap_none|                J_26_26|       pointer|
|J_26_27              |   in|   40|     ap_none|                J_26_27|       pointer|
|J_27_0               |   in|   40|     ap_none|                 J_27_0|       pointer|
|J_27_1               |   in|   40|     ap_none|                 J_27_1|       pointer|
|J_27_2               |   in|   40|     ap_none|                 J_27_2|       pointer|
|J_27_3               |   in|   40|     ap_none|                 J_27_3|       pointer|
|J_27_4               |   in|   40|     ap_none|                 J_27_4|       pointer|
|J_27_5               |   in|   40|     ap_none|                 J_27_5|       pointer|
|J_27_6               |   in|   40|     ap_none|                 J_27_6|       pointer|
|J_27_7               |   in|   40|     ap_none|                 J_27_7|       pointer|
|J_27_8               |   in|   40|     ap_none|                 J_27_8|       pointer|
|J_27_9               |   in|   40|     ap_none|                 J_27_9|       pointer|
|J_27_10              |   in|   40|     ap_none|                J_27_10|       pointer|
|J_27_11              |   in|   40|     ap_none|                J_27_11|       pointer|
|J_27_12              |   in|   40|     ap_none|                J_27_12|       pointer|
|J_27_13              |   in|   40|     ap_none|                J_27_13|       pointer|
|J_27_14              |   in|   40|     ap_none|                J_27_14|       pointer|
|J_27_15              |   in|   40|     ap_none|                J_27_15|       pointer|
|J_27_16              |   in|   40|     ap_none|                J_27_16|       pointer|
|J_27_17              |   in|   40|     ap_none|                J_27_17|       pointer|
|J_27_18              |   in|   40|     ap_none|                J_27_18|       pointer|
|J_27_19              |   in|   40|     ap_none|                J_27_19|       pointer|
|J_27_20              |   in|   40|     ap_none|                J_27_20|       pointer|
|J_27_21              |   in|   40|     ap_none|                J_27_21|       pointer|
|J_27_22              |   in|   40|     ap_none|                J_27_22|       pointer|
|J_27_23              |   in|   40|     ap_none|                J_27_23|       pointer|
|J_27_24              |   in|   40|     ap_none|                J_27_24|       pointer|
|J_27_25              |   in|   40|     ap_none|                J_27_25|       pointer|
|J_27_26              |   in|   40|     ap_none|                J_27_26|       pointer|
|J_27_27              |   in|   40|     ap_none|                J_27_27|       pointer|
|h_0                  |   in|   40|     ap_none|                    h_0|       pointer|
|h_1                  |   in|   40|     ap_none|                    h_1|       pointer|
|h_2                  |   in|   40|     ap_none|                    h_2|       pointer|
|h_3                  |   in|   40|     ap_none|                    h_3|       pointer|
|h_4                  |   in|   40|     ap_none|                    h_4|       pointer|
|h_5                  |   in|   40|     ap_none|                    h_5|       pointer|
|h_6                  |   in|   40|     ap_none|                    h_6|       pointer|
|h_7                  |   in|   40|     ap_none|                    h_7|       pointer|
|h_8                  |   in|   40|     ap_none|                    h_8|       pointer|
|h_9                  |   in|   40|     ap_none|                    h_9|       pointer|
|h_10                 |   in|   40|     ap_none|                   h_10|       pointer|
|h_11                 |   in|   40|     ap_none|                   h_11|       pointer|
|h_12                 |   in|   40|     ap_none|                   h_12|       pointer|
|h_13                 |   in|   40|     ap_none|                   h_13|       pointer|
|h_14                 |   in|   40|     ap_none|                   h_14|       pointer|
|h_15                 |   in|   40|     ap_none|                   h_15|       pointer|
|h_16                 |   in|   40|     ap_none|                   h_16|       pointer|
|h_17                 |   in|   40|     ap_none|                   h_17|       pointer|
|h_18                 |   in|   40|     ap_none|                   h_18|       pointer|
|h_19                 |   in|   40|     ap_none|                   h_19|       pointer|
|h_20                 |   in|   40|     ap_none|                   h_20|       pointer|
|h_21                 |   in|   40|     ap_none|                   h_21|       pointer|
|h_22                 |   in|   40|     ap_none|                   h_22|       pointer|
|h_23                 |   in|   40|     ap_none|                   h_23|       pointer|
|h_24                 |   in|   40|     ap_none|                   h_24|       pointer|
|h_25                 |   in|   40|     ap_none|                   h_25|       pointer|
|h_26                 |   in|   40|     ap_none|                   h_26|       pointer|
|h_27                 |   in|   40|     ap_none|                   h_27|       pointer|
|s_0                  |   in|    1|     ap_none|                    s_0|       pointer|
|s_1                  |   in|    1|     ap_none|                    s_1|       pointer|
|s_2                  |   in|    1|     ap_none|                    s_2|       pointer|
|s_3                  |   in|    1|     ap_none|                    s_3|       pointer|
|s_4                  |   in|    1|     ap_none|                    s_4|       pointer|
|s_5                  |   in|    1|     ap_none|                    s_5|       pointer|
|s_6                  |   in|    1|     ap_none|                    s_6|       pointer|
|s_7                  |   in|    1|     ap_none|                    s_7|       pointer|
|s_8                  |   in|    1|     ap_none|                    s_8|       pointer|
|s_9                  |   in|    1|     ap_none|                    s_9|       pointer|
|s_10                 |   in|    1|     ap_none|                   s_10|       pointer|
|s_11                 |   in|    1|     ap_none|                   s_11|       pointer|
|s_12                 |   in|    1|     ap_none|                   s_12|       pointer|
|s_13                 |   in|    1|     ap_none|                   s_13|       pointer|
|s_14                 |   in|    1|     ap_none|                   s_14|       pointer|
|s_15                 |   in|    1|     ap_none|                   s_15|       pointer|
|s_16                 |   in|    1|     ap_none|                   s_16|       pointer|
|s_17                 |   in|    1|     ap_none|                   s_17|       pointer|
|s_18                 |   in|    1|     ap_none|                   s_18|       pointer|
|s_19                 |   in|    1|     ap_none|                   s_19|       pointer|
|s_20                 |   in|    1|     ap_none|                   s_20|       pointer|
|s_21                 |   in|    1|     ap_none|                   s_21|       pointer|
|s_22                 |   in|    1|     ap_none|                   s_22|       pointer|
|s_23                 |   in|    1|     ap_none|                   s_23|       pointer|
|s_24                 |   in|    1|     ap_none|                   s_24|       pointer|
|s_25                 |   in|    1|     ap_none|                   s_25|       pointer|
|s_26                 |   in|    1|     ap_none|                   s_26|       pointer|
|s_27                 |   in|    1|     ap_none|                   s_27|       pointer|
|i                    |   in|   32|     ap_none|                      i|        scalar|
|old_energy           |   in|   40|     ap_none|             old_energy|        scalar|
|beta                 |   in|   40|     ap_none|                   beta|        scalar|
|u                    |   in|   40|     ap_none|                      u|        scalar|
|accepted             |  out|    1|      ap_vld|               accepted|       pointer|
|accepted_ap_vld      |  out|    1|      ap_vld|               accepted|       pointer|
|delta_energy         |  out|   40|      ap_vld|           delta_energy|       pointer|
|delta_energy_ap_vld  |  out|    1|      ap_vld|           delta_energy|       pointer|
|new_energy           |  out|   40|      ap_vld|             new_energy|       pointer|
|new_energy_ap_vld    |  out|    1|      ap_vld|             new_energy|       pointer|
+---------------------+-----+-----+------------+-----------------------+--------------+

