

================================================================
== Vitis HLS Report for 'uniform_delta_energy'
================================================================
* Date:           Tue May 19 20:42:11 2026

* Version:        2025.2 (Build 6295257 on Nov 14 2025)
* Project:        hls_uniform_metropolis_step_N23
* Solution:       hls (Vivado IP Flow Target)
* Product family: virtexuplus
* Target device:  xcvu19p-fsva3824-2-e


================================================================
== Performance Estimates
================================================================
+ Timing: 
    * Summary: 
    +--------+---------+----------+------------+
    |  Clock |  Target | Estimated| Uncertainty|
    +--------+---------+----------+------------+
    |ap_clk  |  3.33 ns|  2.388 ns|     0.90 ns|
    +--------+---------+----------+------------+

+ Latency: 
    * Summary: 
    +---------+---------+----------+----------+-----+-----+---------+
    |  Latency (cycles) |  Latency (absolute) |  Interval | Pipeline|
    |   min   |   max   |    min   |    max   | min | max |   Type  |
    +---------+---------+----------+----------+-----+-----+---------+
    |      128|      128|  0.427 us|  0.427 us|  128|  128|       no|
    +---------+---------+----------+----------+-----+-----+---------+

    + Detail: 
        * Instance: 
        N/A

        * Loop: 
        N/A



================================================================
== Utilization Estimates
================================================================
* Summary: 
+---------------------+---------+------+---------+---------+-----+
|         Name        | BRAM_18K|  DSP |    FF   |   LUT   | URAM|
+---------------------+---------+------+---------+---------+-----+
|DSP                  |        -|     -|        -|        -|    -|
|Expression           |        -|     -|        0|    37383|    -|
|FIFO                 |        -|     -|        -|        -|    -|
|Instance             |        -|     -|        -|        -|    -|
|Memory               |        -|     -|        -|        -|    -|
|Multiplexer          |        -|     -|        0|      692|    -|
|Register             |        -|     -|     5689|        -|    -|
+---------------------+---------+------+---------+---------+-----+
|Total                |        0|     0|     5689|    38075|    0|
+---------------------+---------+------+---------+---------+-----+
|Available SLR        |     1080|   960|  2042880|  1021440|   80|
+---------------------+---------+------+---------+---------+-----+
|Utilization SLR (%)  |        0|     0|       ~0|        3|    0|
+---------------------+---------+------+---------+---------+-----+
|Available            |     4320|  3840|  8171520|  4085760|  320|
+---------------------+---------+------+---------+---------+-----+
|Utilization (%)      |        0|     0|       ~0|       ~0|    0|
+---------------------+---------+------+---------+---------+-----+

+ Detail: 
    * Instance: 
    N/A

    * DSP: 
    N/A

    * Memory: 
    N/A

    * FIFO: 
    N/A

    * Expression: 
    +--------------------------+----------+----+---+-----+------------+------------+
    |       Variable Name      | Operation| DSP| FF| LUT | Bitwidth P0| Bitwidth P1|
    +--------------------------+----------+----+---+-----+------------+------------+
    |add_ln183_10_fu_2758_p2   |         +|   0|  0|   40|          40|          40|
    |add_ln183_11_fu_2764_p2   |         +|   0|  0|   40|          40|          40|
    |add_ln183_12_fu_2770_p2   |         +|   0|  0|   40|          40|          40|
    |add_ln183_13_fu_2776_p2   |         +|   0|  0|   40|          40|          40|
    |add_ln183_14_fu_2824_p2   |         +|   0|  0|   40|          40|          40|
    |add_ln183_15_fu_2782_p2   |         +|   0|  0|   47|          40|          40|
    |add_ln183_16_fu_2828_p2   |         +|   0|  0|   40|          40|          40|
    |add_ln183_17_fu_2788_p2   |         +|   0|  0|   40|          40|          40|
    |add_ln183_18_fu_2794_p2   |         +|   0|  0|   40|          40|          40|
    |add_ln183_19_fu_2832_p2   |         +|   0|  0|   40|          40|          40|
    |add_ln183_1_fu_2728_p2    |         +|   0|  0|   40|          40|          40|
    |add_ln183_20_fu_2837_p2   |         +|   0|  0|   40|          40|          40|
    |add_ln183_21_fu_2843_p2   |         +|   0|  0|   40|          40|          40|
    |add_ln183_2_fu_2734_p2    |         +|   0|  0|   40|          40|          40|
    |add_ln183_3_fu_2804_p2    |         +|   0|  0|   40|          40|          40|
    |add_ln183_4_fu_2740_p2    |         +|   0|  0|   47|          40|          40|
    |add_ln183_5_fu_2809_p2    |         +|   0|  0|   40|          40|          40|
    |add_ln183_6_fu_2746_p2    |         +|   0|  0|   40|          40|          40|
    |add_ln183_7_fu_2752_p2    |         +|   0|  0|   40|          40|          40|
    |add_ln183_8_fu_2813_p2    |         +|   0|  0|   40|          40|          40|
    |add_ln183_9_fu_2818_p2    |         +|   0|  0|   40|          40|          40|
    |add_ln183_fu_2800_p2      |         +|   0|  0|   40|          40|          40|
    |add_ln195_fu_2853_p2      |         +|   0|  0|   40|          40|          40|
    |e_100_fu_3623_p2          |         +|   0|  0|   47|          40|          40|
    |e_103_fu_3646_p2          |         +|   0|  0|   47|          40|          40|
    |e_106_fu_3669_p2          |         +|   0|  0|   47|          40|          40|
    |e_109_fu_3692_p2          |         +|   0|  0|   47|          40|          40|
    |e_10_fu_2933_p2           |         +|   0|  0|   47|          40|          40|
    |e_112_fu_3715_p2          |         +|   0|  0|   47|          40|          40|
    |e_115_fu_3738_p2          |         +|   0|  0|   47|          40|          40|
    |e_118_fu_3761_p2          |         +|   0|  0|   47|          40|          40|
    |e_121_fu_3784_p2          |         +|   0|  0|   47|          40|          40|
    |e_124_fu_3807_p2          |         +|   0|  0|   47|          40|          40|
    |e_127_fu_3830_p2          |         +|   0|  0|   47|          40|          40|
    |e_130_fu_3853_p2          |         +|   0|  0|   47|          40|          40|
    |e_133_fu_3876_p2          |         +|   0|  0|   47|          40|          40|
    |e_136_fu_3899_p2          |         +|   0|  0|   47|          40|          40|
    |e_139_fu_3922_p2          |         +|   0|  0|   47|          40|          40|
    |e_13_fu_2956_p2           |         +|   0|  0|   47|          40|          40|
    |e_142_fu_3945_p2          |         +|   0|  0|   47|          40|          40|
    |e_145_fu_3968_p2          |         +|   0|  0|   47|          40|          40|
    |e_148_fu_3991_p2          |         +|   0|  0|   47|          40|          40|
    |e_151_fu_4014_p2          |         +|   0|  0|   47|          40|          40|
    |e_154_fu_4037_p2          |         +|   0|  0|   47|          40|          40|
    |e_157_fu_4060_p2          |         +|   0|  0|   47|          40|          40|
    |e_160_fu_4083_p2          |         +|   0|  0|   47|          40|          40|
    |e_163_fu_4106_p2          |         +|   0|  0|   47|          40|          40|
    |e_166_fu_4129_p2          |         +|   0|  0|   47|          40|          40|
    |e_169_fu_4152_p2          |         +|   0|  0|   47|          40|          40|
    |e_16_fu_2979_p2           |         +|   0|  0|   47|          40|          40|
    |e_172_fu_4175_p2          |         +|   0|  0|   47|          40|          40|
    |e_175_fu_4198_p2          |         +|   0|  0|   47|          40|          40|
    |e_178_fu_4221_p2          |         +|   0|  0|   47|          40|          40|
    |e_181_fu_4244_p2          |         +|   0|  0|   47|          40|          40|
    |e_184_fu_4267_p2          |         +|   0|  0|   47|          40|          40|
    |e_187_fu_4290_p2          |         +|   0|  0|   47|          40|          40|
    |e_190_fu_4313_p2          |         +|   0|  0|   47|          40|          40|
    |e_193_fu_4336_p2          |         +|   0|  0|   47|          40|          40|
    |e_196_fu_4359_p2          |         +|   0|  0|   47|          40|          40|
    |e_199_fu_4382_p2          |         +|   0|  0|   47|          40|          40|
    |e_19_fu_3002_p2           |         +|   0|  0|   47|          40|          40|
    |e_202_fu_4405_p2          |         +|   0|  0|   47|          40|          40|
    |e_205_fu_4428_p2          |         +|   0|  0|   47|          40|          40|
    |e_208_fu_4451_p2          |         +|   0|  0|   47|          40|          40|
    |e_211_fu_4474_p2          |         +|   0|  0|   47|          40|          40|
    |e_214_fu_4497_p2          |         +|   0|  0|   47|          40|          40|
    |e_217_fu_4520_p2          |         +|   0|  0|   47|          40|          40|
    |e_220_fu_4543_p2          |         +|   0|  0|   47|          40|          40|
    |e_223_fu_4566_p2          |         +|   0|  0|   47|          40|          40|
    |e_226_fu_4589_p2          |         +|   0|  0|   47|          40|          40|
    |e_229_fu_4612_p2          |         +|   0|  0|   47|          40|          40|
    |e_22_fu_3025_p2           |         +|   0|  0|   47|          40|          40|
    |e_232_fu_4635_p2          |         +|   0|  0|   47|          40|          40|
    |e_235_fu_4658_p2          |         +|   0|  0|   47|          40|          40|
    |e_238_fu_4681_p2          |         +|   0|  0|   47|          40|          40|
    |e_241_fu_4704_p2          |         +|   0|  0|   47|          40|          40|
    |e_244_fu_4727_p2          |         +|   0|  0|   47|          40|          40|
    |e_247_fu_4750_p2          |         +|   0|  0|   47|          40|          40|
    |e_250_fu_4773_p2          |         +|   0|  0|   47|          40|          40|
    |e_253_fu_4796_p2          |         +|   0|  0|   47|          40|          40|
    |e_256_fu_4819_p2          |         +|   0|  0|   47|          40|          40|
    |e_259_fu_4842_p2          |         +|   0|  0|   47|          40|          40|
    |e_25_fu_3048_p2           |         +|   0|  0|   47|          40|          40|
    |e_262_fu_4865_p2          |         +|   0|  0|   47|          40|          40|
    |e_265_fu_4888_p2          |         +|   0|  0|   47|          40|          40|
    |e_268_fu_4911_p2          |         +|   0|  0|   47|          40|          40|
    |e_271_fu_4934_p2          |         +|   0|  0|   47|          40|          40|
    |e_274_fu_4957_p2          |         +|   0|  0|   47|          40|          40|
    |e_277_fu_4980_p2          |         +|   0|  0|   47|          40|          40|
    |e_280_fu_5003_p2          |         +|   0|  0|   47|          40|          40|
    |e_283_fu_5026_p2          |         +|   0|  0|   47|          40|          40|
    |e_286_fu_5049_p2          |         +|   0|  0|   47|          40|          40|
    |e_289_fu_5072_p2          |         +|   0|  0|   47|          40|          40|
    |e_28_fu_3071_p2           |         +|   0|  0|   47|          40|          40|
    |e_292_fu_5095_p2          |         +|   0|  0|   47|          40|          40|
    |e_295_fu_5118_p2          |         +|   0|  0|   47|          40|          40|
    |e_298_fu_5141_p2          |         +|   0|  0|   47|          40|          40|
    |e_301_fu_5164_p2          |         +|   0|  0|   47|          40|          40|
    |e_304_fu_5187_p2          |         +|   0|  0|   47|          40|          40|
    |e_307_fu_5210_p2          |         +|   0|  0|   47|          40|          40|
    |e_310_fu_5233_p2          |         +|   0|  0|   47|          40|          40|
    |e_313_fu_5256_p2          |         +|   0|  0|   47|          40|          40|
    |e_316_fu_5279_p2          |         +|   0|  0|   47|          40|          40|
    |e_319_fu_5302_p2          |         +|   0|  0|   47|          40|          40|
    |e_31_fu_3094_p2           |         +|   0|  0|   47|          40|          40|
    |e_322_fu_5325_p2          |         +|   0|  0|   47|          40|          40|
    |e_325_fu_5348_p2          |         +|   0|  0|   47|          40|          40|
    |e_328_fu_5371_p2          |         +|   0|  0|   47|          40|          40|
    |e_331_fu_5394_p2          |         +|   0|  0|   47|          40|          40|
    |e_334_fu_5417_p2          |         +|   0|  0|   47|          40|          40|
    |e_337_fu_5440_p2          |         +|   0|  0|   47|          40|          40|
    |e_340_fu_5463_p2          |         +|   0|  0|   47|          40|          40|
    |e_343_fu_5486_p2          |         +|   0|  0|   47|          40|          40|
    |e_346_fu_5509_p2          |         +|   0|  0|   47|          40|          40|
    |e_349_fu_5532_p2          |         +|   0|  0|   47|          40|          40|
    |e_34_fu_3117_p2           |         +|   0|  0|   47|          40|          40|
    |e_352_fu_5555_p2          |         +|   0|  0|   47|          40|          40|
    |e_355_fu_5578_p2          |         +|   0|  0|   47|          40|          40|
    |e_358_fu_5601_p2          |         +|   0|  0|   47|          40|          40|
    |e_361_fu_5624_p2          |         +|   0|  0|   47|          40|          40|
    |e_364_fu_5647_p2          |         +|   0|  0|   47|          40|          40|
    |e_367_fu_5670_p2          |         +|   0|  0|   47|          40|          40|
    |e_370_fu_5693_p2          |         +|   0|  0|   47|          40|          40|
    |e_373_fu_5716_p2          |         +|   0|  0|   47|          40|          40|
    |e_376_fu_5739_p2          |         +|   0|  0|   47|          40|          40|
    |e_379_fu_5762_p2          |         +|   0|  0|   47|          40|          40|
    |e_37_fu_3140_p2           |         +|   0|  0|   47|          40|          40|
    |e_382_fu_5785_p2          |         +|   0|  0|   47|          40|          40|
    |e_385_fu_5808_p2          |         +|   0|  0|   47|          40|          40|
    |e_388_fu_5831_p2          |         +|   0|  0|   47|          40|          40|
    |e_391_fu_5854_p2          |         +|   0|  0|   47|          40|          40|
    |e_394_fu_5877_p2          |         +|   0|  0|   47|          40|          40|
    |e_397_fu_5900_p2          |         +|   0|  0|   47|          40|          40|
    |e_400_fu_5923_p2          |         +|   0|  0|   47|          40|          40|
    |e_403_fu_5946_p2          |         +|   0|  0|   47|          40|          40|
    |e_406_fu_5969_p2          |         +|   0|  0|   47|          40|          40|
    |e_409_fu_5992_p2          |         +|   0|  0|   47|          40|          40|
    |e_40_fu_3163_p2           |         +|   0|  0|   47|          40|          40|
    |e_412_fu_6015_p2          |         +|   0|  0|   47|          40|          40|
    |e_415_fu_6038_p2          |         +|   0|  0|   47|          40|          40|
    |e_418_fu_6061_p2          |         +|   0|  0|   47|          40|          40|
    |e_421_fu_6084_p2          |         +|   0|  0|   47|          40|          40|
    |e_424_fu_6107_p2          |         +|   0|  0|   47|          40|          40|
    |e_427_fu_6130_p2          |         +|   0|  0|   47|          40|          40|
    |e_430_fu_6153_p2          |         +|   0|  0|   47|          40|          40|
    |e_433_fu_6176_p2          |         +|   0|  0|   47|          40|          40|
    |e_436_fu_6199_p2          |         +|   0|  0|   47|          40|          40|
    |e_439_fu_6222_p2          |         +|   0|  0|   47|          40|          40|
    |e_43_fu_3186_p2           |         +|   0|  0|   47|          40|          40|
    |e_442_fu_6245_p2          |         +|   0|  0|   47|          40|          40|
    |e_445_fu_6268_p2          |         +|   0|  0|   47|          40|          40|
    |e_448_fu_6291_p2          |         +|   0|  0|   47|          40|          40|
    |e_451_fu_6314_p2          |         +|   0|  0|   47|          40|          40|
    |e_454_fu_6337_p2          |         +|   0|  0|   47|          40|          40|
    |e_457_fu_6360_p2          |         +|   0|  0|   47|          40|          40|
    |e_460_fu_6383_p2          |         +|   0|  0|   47|          40|          40|
    |e_463_fu_6406_p2          |         +|   0|  0|   47|          40|          40|
    |e_466_fu_6429_p2          |         +|   0|  0|   47|          40|          40|
    |e_469_fu_6452_p2          |         +|   0|  0|   47|          40|          40|
    |e_46_fu_3209_p2           |         +|   0|  0|   47|          40|          40|
    |e_472_fu_6475_p2          |         +|   0|  0|   47|          40|          40|
    |e_475_fu_6498_p2          |         +|   0|  0|   47|          40|          40|
    |e_478_fu_6521_p2          |         +|   0|  0|   47|          40|          40|
    |e_481_fu_6544_p2          |         +|   0|  0|   47|          40|          40|
    |e_484_fu_6567_p2          |         +|   0|  0|   47|          40|          40|
    |e_487_fu_6590_p2          |         +|   0|  0|   47|          40|          40|
    |e_490_fu_6613_p2          |         +|   0|  0|   47|          40|          40|
    |e_493_fu_6636_p2          |         +|   0|  0|   47|          40|          40|
    |e_496_fu_6659_p2          |         +|   0|  0|   47|          40|          40|
    |e_499_fu_6682_p2          |         +|   0|  0|   47|          40|          40|
    |e_49_fu_3232_p2           |         +|   0|  0|   47|          40|          40|
    |e_4_fu_2887_p2            |         +|   0|  0|   47|          40|          40|
    |e_502_fu_6705_p2          |         +|   0|  0|   47|          40|          40|
    |e_505_fu_6728_p2          |         +|   0|  0|   47|          40|          40|
    |e_508_fu_6751_p2          |         +|   0|  0|   47|          40|          40|
    |e_511_fu_6774_p2          |         +|   0|  0|   47|          40|          40|
    |e_514_fu_6797_p2          |         +|   0|  0|   47|          40|          40|
    |e_517_fu_6820_p2          |         +|   0|  0|   47|          40|          40|
    |e_520_fu_6843_p2          |         +|   0|  0|   47|          40|          40|
    |e_523_fu_6866_p2          |         +|   0|  0|   47|          40|          40|
    |e_526_fu_6889_p2          |         +|   0|  0|   47|          40|          40|
    |e_529_fu_6912_p2          |         +|   0|  0|   47|          40|          40|
    |e_52_fu_3255_p2           |         +|   0|  0|   47|          40|          40|
    |e_532_fu_6935_p2          |         +|   0|  0|   47|          40|          40|
    |e_535_fu_6958_p2          |         +|   0|  0|   47|          40|          40|
    |e_538_fu_6981_p2          |         +|   0|  0|   47|          40|          40|
    |e_541_fu_7004_p2          |         +|   0|  0|   47|          40|          40|
    |e_544_fu_7027_p2          |         +|   0|  0|   47|          40|          40|
    |e_547_fu_7050_p2          |         +|   0|  0|   47|          40|          40|
    |e_550_fu_7073_p2          |         +|   0|  0|   47|          40|          40|
    |e_553_fu_7096_p2          |         +|   0|  0|   47|          40|          40|
    |e_556_fu_7119_p2          |         +|   0|  0|   47|          40|          40|
    |e_559_fu_7142_p2          |         +|   0|  0|   47|          40|          40|
    |e_55_fu_3278_p2           |         +|   0|  0|   47|          40|          40|
    |e_562_fu_7165_p2          |         +|   0|  0|   47|          40|          40|
    |e_565_fu_7188_p2          |         +|   0|  0|   47|          40|          40|
    |e_568_fu_7211_p2          |         +|   0|  0|   47|          40|          40|
    |e_571_fu_7234_p2          |         +|   0|  0|   47|          40|          40|
    |e_574_fu_7257_p2          |         +|   0|  0|   47|          40|          40|
    |e_577_fu_7280_p2          |         +|   0|  0|   47|          40|          40|
    |e_580_fu_7303_p2          |         +|   0|  0|   47|          40|          40|
    |e_583_fu_7326_p2          |         +|   0|  0|   47|          40|          40|
    |e_586_fu_7349_p2          |         +|   0|  0|   47|          40|          40|
    |e_589_fu_7372_p2          |         +|   0|  0|   47|          40|          40|
    |e_58_fu_3301_p2           |         +|   0|  0|   47|          40|          40|
    |e_592_fu_7395_p2          |         +|   0|  0|   47|          40|          40|
    |e_595_fu_7418_p2          |         +|   0|  0|   47|          40|          40|
    |e_598_fu_7441_p2          |         +|   0|  0|   47|          40|          40|
    |e_601_fu_7464_p2          |         +|   0|  0|   47|          40|          40|
    |e_604_fu_7487_p2          |         +|   0|  0|   47|          40|          40|
    |e_607_fu_7510_p2          |         +|   0|  0|   47|          40|          40|
    |e_610_fu_7533_p2          |         +|   0|  0|   47|          40|          40|
    |e_613_fu_7556_p2          |         +|   0|  0|   47|          40|          40|
    |e_616_fu_7579_p2          |         +|   0|  0|   47|          40|          40|
    |e_619_fu_7602_p2          |         +|   0|  0|   47|          40|          40|
    |e_61_fu_3324_p2           |         +|   0|  0|   47|          40|          40|
    |e_622_fu_7625_p2          |         +|   0|  0|   47|          40|          40|
    |e_625_fu_7648_p2          |         +|   0|  0|   47|          40|          40|
    |e_628_fu_7671_p2          |         +|   0|  0|   47|          40|          40|
    |e_631_fu_7694_p2          |         +|   0|  0|   47|          40|          40|
    |e_634_fu_7717_p2          |         +|   0|  0|   47|          40|          40|
    |e_637_fu_7740_p2          |         +|   0|  0|   47|          40|          40|
    |e_640_fu_7763_p2          |         +|   0|  0|   47|          40|          40|
    |e_643_fu_7786_p2          |         +|   0|  0|   47|          40|          40|
    |e_646_fu_7809_p2          |         +|   0|  0|   47|          40|          40|
    |e_649_fu_7832_p2          |         +|   0|  0|   47|          40|          40|
    |e_64_fu_3347_p2           |         +|   0|  0|   47|          40|          40|
    |e_652_fu_7855_p2          |         +|   0|  0|   47|          40|          40|
    |e_655_fu_7878_p2          |         +|   0|  0|   47|          40|          40|
    |e_658_fu_7901_p2          |         +|   0|  0|   47|          40|          40|
    |e_661_fu_7924_p2          |         +|   0|  0|   47|          40|          40|
    |e_664_fu_7947_p2          |         +|   0|  0|   47|          40|          40|
    |e_667_fu_7970_p2          |         +|   0|  0|   47|          40|          40|
    |e_670_fu_7993_p2          |         +|   0|  0|   47|          40|          40|
    |e_673_fu_8016_p2          |         +|   0|  0|   47|          40|          40|
    |e_676_fu_8039_p2          |         +|   0|  0|   47|          40|          40|
    |e_679_fu_8062_p2          |         +|   0|  0|   47|          40|          40|
    |e_67_fu_3370_p2           |         +|   0|  0|   47|          40|          40|
    |e_682_fu_8085_p2          |         +|   0|  0|   47|          40|          40|
    |e_685_fu_8108_p2          |         +|   0|  0|   47|          40|          40|
    |e_688_fu_8131_p2          |         +|   0|  0|   47|          40|          40|
    |e_691_fu_8154_p2          |         +|   0|  0|   47|          40|          40|
    |e_694_fu_8177_p2          |         +|   0|  0|   47|          40|          40|
    |e_697_fu_8200_p2          |         +|   0|  0|   47|          40|          40|
    |e_700_fu_8223_p2          |         +|   0|  0|   47|          40|          40|
    |e_703_fu_8246_p2          |         +|   0|  0|   47|          40|          40|
    |e_706_fu_8269_p2          |         +|   0|  0|   47|          40|          40|
    |e_709_fu_8292_p2          |         +|   0|  0|   47|          40|          40|
    |e_70_fu_3393_p2           |         +|   0|  0|   47|          40|          40|
    |e_712_fu_8315_p2          |         +|   0|  0|   47|          40|          40|
    |e_715_fu_8338_p2          |         +|   0|  0|   47|          40|          40|
    |e_718_fu_8361_p2          |         +|   0|  0|   47|          40|          40|
    |e_721_fu_8384_p2          |         +|   0|  0|   47|          40|          40|
    |e_724_fu_8407_p2          |         +|   0|  0|   47|          40|          40|
    |e_727_fu_8430_p2          |         +|   0|  0|   47|          40|          40|
    |e_730_fu_8453_p2          |         +|   0|  0|   47|          40|          40|
    |e_733_fu_8476_p2          |         +|   0|  0|   47|          40|          40|
    |e_736_fu_8499_p2          |         +|   0|  0|   47|          40|          40|
    |e_739_fu_8522_p2          |         +|   0|  0|   47|          40|          40|
    |e_73_fu_3416_p2           |         +|   0|  0|   47|          40|          40|
    |e_742_fu_8545_p2          |         +|   0|  0|   47|          40|          40|
    |e_745_fu_8568_p2          |         +|   0|  0|   47|          40|          40|
    |e_748_fu_8591_p2          |         +|   0|  0|   47|          40|          40|
    |e_751_fu_8614_p2          |         +|   0|  0|   47|          40|          40|
    |e_754_fu_8637_p2          |         +|   0|  0|   47|          40|          40|
    |e_757_fu_8660_p2          |         +|   0|  0|   47|          40|          40|
    |e_76_fu_3439_p2           |         +|   0|  0|   47|          40|          40|
    |e_79_fu_3462_p2           |         +|   0|  0|   47|          40|          40|
    |e_7_fu_2910_p2            |         +|   0|  0|   47|          40|          40|
    |e_82_fu_3485_p2           |         +|   0|  0|   47|          40|          40|
    |e_85_fu_3508_p2           |         +|   0|  0|   47|          40|          40|
    |e_88_fu_3531_p2           |         +|   0|  0|   47|          40|          40|
    |e_91_fu_3554_p2           |         +|   0|  0|   47|          40|          40|
    |e_94_fu_3577_p2           |         +|   0|  0|   47|          40|          40|
    |e_97_fu_3600_p2           |         +|   0|  0|   47|          40|          40|
    |e_102_fu_3641_p2          |         -|   0|  0|   47|          40|          40|
    |e_105_fu_3663_p2          |         -|   0|  0|   47|          40|          40|
    |e_108_fu_3687_p2          |         -|   0|  0|   47|          40|          40|
    |e_111_fu_3709_p2          |         -|   0|  0|   47|          40|          40|
    |e_114_fu_3733_p2          |         -|   0|  0|   47|          40|          40|
    |e_117_fu_3755_p2          |         -|   0|  0|   47|          40|          40|
    |e_120_fu_3779_p2          |         -|   0|  0|   47|          40|          40|
    |e_123_fu_3801_p2          |         -|   0|  0|   47|          40|          40|
    |e_126_fu_3825_p2          |         -|   0|  0|   47|          40|          40|
    |e_129_fu_3847_p2          |         -|   0|  0|   47|          40|          40|
    |e_12_fu_2951_p2           |         -|   0|  0|   47|          40|          40|
    |e_132_fu_3871_p2          |         -|   0|  0|   47|          40|          40|
    |e_135_fu_3893_p2          |         -|   0|  0|   47|          40|          40|
    |e_138_fu_3917_p2          |         -|   0|  0|   47|          40|          40|
    |e_141_fu_3939_p2          |         -|   0|  0|   47|          40|          40|
    |e_144_fu_3963_p2          |         -|   0|  0|   47|          40|          40|
    |e_147_fu_3985_p2          |         -|   0|  0|   47|          40|          40|
    |e_150_fu_4009_p2          |         -|   0|  0|   47|          40|          40|
    |e_153_fu_4031_p2          |         -|   0|  0|   47|          40|          40|
    |e_156_fu_4055_p2          |         -|   0|  0|   47|          40|          40|
    |e_159_fu_4077_p2          |         -|   0|  0|   47|          40|          40|
    |e_15_fu_2973_p2           |         -|   0|  0|   47|          40|          40|
    |e_162_fu_4101_p2          |         -|   0|  0|   47|          40|          40|
    |e_165_fu_4123_p2          |         -|   0|  0|   47|          40|          40|
    |e_168_fu_4147_p2          |         -|   0|  0|   47|          40|          40|
    |e_171_fu_4169_p2          |         -|   0|  0|   47|          40|          40|
    |e_174_fu_4193_p2          |         -|   0|  0|   47|          40|          40|
    |e_177_fu_4215_p2          |         -|   0|  0|   47|          40|          40|
    |e_180_fu_4239_p2          |         -|   0|  0|   47|          40|          40|
    |e_183_fu_4261_p2          |         -|   0|  0|   47|          40|          40|
    |e_186_fu_4285_p2          |         -|   0|  0|   47|          40|          40|
    |e_189_fu_4307_p2          |         -|   0|  0|   47|          40|          40|
    |e_18_fu_2997_p2           |         -|   0|  0|   47|          40|          40|
    |e_192_fu_4331_p2          |         -|   0|  0|   47|          40|          40|
    |e_195_fu_4353_p2          |         -|   0|  0|   47|          40|          40|
    |e_198_fu_4377_p2          |         -|   0|  0|   47|          40|          40|
    |e_1_fu_2864_p2            |         -|   0|  0|   47|          40|          40|
    |e_201_fu_4399_p2          |         -|   0|  0|   47|          40|          40|
    |e_204_fu_4423_p2          |         -|   0|  0|   47|          40|          40|
    |e_207_fu_4445_p2          |         -|   0|  0|   47|          40|          40|
    |e_210_fu_4469_p2          |         -|   0|  0|   47|          40|          40|
    |e_213_fu_4491_p2          |         -|   0|  0|   47|          40|          40|
    |e_216_fu_4515_p2          |         -|   0|  0|   47|          40|          40|
    |e_219_fu_4537_p2          |         -|   0|  0|   47|          40|          40|
    |e_21_fu_3019_p2           |         -|   0|  0|   47|          40|          40|
    |e_222_fu_4561_p2          |         -|   0|  0|   47|          40|          40|
    |e_225_fu_4583_p2          |         -|   0|  0|   47|          40|          40|
    |e_228_fu_4607_p2          |         -|   0|  0|   47|          40|          40|
    |e_231_fu_4629_p2          |         -|   0|  0|   47|          40|          40|
    |e_234_fu_4653_p2          |         -|   0|  0|   47|          40|          40|
    |e_237_fu_4675_p2          |         -|   0|  0|   47|          40|          40|
    |e_240_fu_4699_p2          |         -|   0|  0|   47|          40|          40|
    |e_243_fu_4721_p2          |         -|   0|  0|   47|          40|          40|
    |e_246_fu_4745_p2          |         -|   0|  0|   47|          40|          40|
    |e_249_fu_4767_p2          |         -|   0|  0|   47|          40|          40|
    |e_24_fu_3043_p2           |         -|   0|  0|   47|          40|          40|
    |e_252_fu_4791_p2          |         -|   0|  0|   47|          40|          40|
    |e_255_fu_4813_p2          |         -|   0|  0|   47|          40|          40|
    |e_258_fu_4837_p2          |         -|   0|  0|   47|          40|          40|
    |e_261_fu_4859_p2          |         -|   0|  0|   47|          40|          40|
    |e_264_fu_4883_p2          |         -|   0|  0|   47|          40|          40|
    |e_267_fu_4905_p2          |         -|   0|  0|   47|          40|          40|
    |e_270_fu_4929_p2          |         -|   0|  0|   47|          40|          40|
    |e_273_fu_4951_p2          |         -|   0|  0|   47|          40|          40|
    |e_276_fu_4975_p2          |         -|   0|  0|   47|          40|          40|
    |e_279_fu_4997_p2          |         -|   0|  0|   47|          40|          40|
    |e_27_fu_3065_p2           |         -|   0|  0|   47|          40|          40|
    |e_282_fu_5021_p2          |         -|   0|  0|   47|          40|          40|
    |e_285_fu_5043_p2          |         -|   0|  0|   47|          40|          40|
    |e_288_fu_5067_p2          |         -|   0|  0|   47|          40|          40|
    |e_291_fu_5089_p2          |         -|   0|  0|   47|          40|          40|
    |e_294_fu_5113_p2          |         -|   0|  0|   47|          40|          40|
    |e_297_fu_5135_p2          |         -|   0|  0|   47|          40|          40|
    |e_300_fu_5159_p2          |         -|   0|  0|   47|          40|          40|
    |e_303_fu_5181_p2          |         -|   0|  0|   47|          40|          40|
    |e_306_fu_5205_p2          |         -|   0|  0|   47|          40|          40|
    |e_309_fu_5227_p2          |         -|   0|  0|   47|          40|          40|
    |e_30_fu_3089_p2           |         -|   0|  0|   47|          40|          40|
    |e_312_fu_5251_p2          |         -|   0|  0|   47|          40|          40|
    |e_315_fu_5273_p2          |         -|   0|  0|   47|          40|          40|
    |e_318_fu_5297_p2          |         -|   0|  0|   47|          40|          40|
    |e_321_fu_5319_p2          |         -|   0|  0|   47|          40|          40|
    |e_324_fu_5343_p2          |         -|   0|  0|   47|          40|          40|
    |e_327_fu_5365_p2          |         -|   0|  0|   47|          40|          40|
    |e_330_fu_5389_p2          |         -|   0|  0|   47|          40|          40|
    |e_333_fu_5411_p2          |         -|   0|  0|   47|          40|          40|
    |e_336_fu_5435_p2          |         -|   0|  0|   47|          40|          40|
    |e_339_fu_5457_p2          |         -|   0|  0|   47|          40|          40|
    |e_33_fu_3111_p2           |         -|   0|  0|   47|          40|          40|
    |e_342_fu_5481_p2          |         -|   0|  0|   47|          40|          40|
    |e_345_fu_5503_p2          |         -|   0|  0|   47|          40|          40|
    |e_348_fu_5527_p2          |         -|   0|  0|   47|          40|          40|
    |e_351_fu_5549_p2          |         -|   0|  0|   47|          40|          40|
    |e_354_fu_5573_p2          |         -|   0|  0|   47|          40|          40|
    |e_357_fu_5595_p2          |         -|   0|  0|   47|          40|          40|
    |e_360_fu_5619_p2          |         -|   0|  0|   47|          40|          40|
    |e_363_fu_5641_p2          |         -|   0|  0|   47|          40|          40|
    |e_366_fu_5665_p2          |         -|   0|  0|   47|          40|          40|
    |e_369_fu_5687_p2          |         -|   0|  0|   47|          40|          40|
    |e_36_fu_3135_p2           |         -|   0|  0|   47|          40|          40|
    |e_372_fu_5711_p2          |         -|   0|  0|   47|          40|          40|
    |e_375_fu_5733_p2          |         -|   0|  0|   47|          40|          40|
    |e_378_fu_5757_p2          |         -|   0|  0|   47|          40|          40|
    |e_381_fu_5779_p2          |         -|   0|  0|   47|          40|          40|
    |e_384_fu_5803_p2          |         -|   0|  0|   47|          40|          40|
    |e_387_fu_5825_p2          |         -|   0|  0|   47|          40|          40|
    |e_390_fu_5849_p2          |         -|   0|  0|   47|          40|          40|
    |e_393_fu_5871_p2          |         -|   0|  0|   47|          40|          40|
    |e_396_fu_5895_p2          |         -|   0|  0|   47|          40|          40|
    |e_399_fu_5917_p2          |         -|   0|  0|   47|          40|          40|
    |e_39_fu_3157_p2           |         -|   0|  0|   47|          40|          40|
    |e_3_fu_2881_p2            |         -|   0|  0|   47|          40|          40|
    |e_402_fu_5941_p2          |         -|   0|  0|   47|          40|          40|
    |e_405_fu_5963_p2          |         -|   0|  0|   47|          40|          40|
    |e_408_fu_5987_p2          |         -|   0|  0|   47|          40|          40|
    |e_411_fu_6009_p2          |         -|   0|  0|   47|          40|          40|
    |e_414_fu_6033_p2          |         -|   0|  0|   47|          40|          40|
    |e_417_fu_6055_p2          |         -|   0|  0|   47|          40|          40|
    |e_420_fu_6079_p2          |         -|   0|  0|   47|          40|          40|
    |e_423_fu_6101_p2          |         -|   0|  0|   47|          40|          40|
    |e_426_fu_6125_p2          |         -|   0|  0|   47|          40|          40|
    |e_429_fu_6147_p2          |         -|   0|  0|   47|          40|          40|
    |e_42_fu_3181_p2           |         -|   0|  0|   47|          40|          40|
    |e_432_fu_6171_p2          |         -|   0|  0|   47|          40|          40|
    |e_435_fu_6193_p2          |         -|   0|  0|   47|          40|          40|
    |e_438_fu_6217_p2          |         -|   0|  0|   47|          40|          40|
    |e_441_fu_6239_p2          |         -|   0|  0|   47|          40|          40|
    |e_444_fu_6263_p2          |         -|   0|  0|   47|          40|          40|
    |e_447_fu_6285_p2          |         -|   0|  0|   47|          40|          40|
    |e_450_fu_6309_p2          |         -|   0|  0|   47|          40|          40|
    |e_453_fu_6331_p2          |         -|   0|  0|   47|          40|          40|
    |e_456_fu_6355_p2          |         -|   0|  0|   47|          40|          40|
    |e_459_fu_6377_p2          |         -|   0|  0|   47|          40|          40|
    |e_45_fu_3203_p2           |         -|   0|  0|   47|          40|          40|
    |e_462_fu_6401_p2          |         -|   0|  0|   47|          40|          40|
    |e_465_fu_6423_p2          |         -|   0|  0|   47|          40|          40|
    |e_468_fu_6447_p2          |         -|   0|  0|   47|          40|          40|
    |e_471_fu_6469_p2          |         -|   0|  0|   47|          40|          40|
    |e_474_fu_6493_p2          |         -|   0|  0|   47|          40|          40|
    |e_477_fu_6515_p2          |         -|   0|  0|   47|          40|          40|
    |e_480_fu_6539_p2          |         -|   0|  0|   47|          40|          40|
    |e_483_fu_6561_p2          |         -|   0|  0|   47|          40|          40|
    |e_486_fu_6585_p2          |         -|   0|  0|   47|          40|          40|
    |e_489_fu_6607_p2          |         -|   0|  0|   47|          40|          40|
    |e_48_fu_3227_p2           |         -|   0|  0|   47|          40|          40|
    |e_492_fu_6631_p2          |         -|   0|  0|   47|          40|          40|
    |e_495_fu_6653_p2          |         -|   0|  0|   47|          40|          40|
    |e_498_fu_6677_p2          |         -|   0|  0|   47|          40|          40|
    |e_501_fu_6699_p2          |         -|   0|  0|   47|          40|          40|
    |e_504_fu_6723_p2          |         -|   0|  0|   47|          40|          40|
    |e_507_fu_6745_p2          |         -|   0|  0|   47|          40|          40|
    |e_510_fu_6769_p2          |         -|   0|  0|   47|          40|          40|
    |e_513_fu_6791_p2          |         -|   0|  0|   47|          40|          40|
    |e_516_fu_6815_p2          |         -|   0|  0|   47|          40|          40|
    |e_519_fu_6837_p2          |         -|   0|  0|   47|          40|          40|
    |e_51_fu_3249_p2           |         -|   0|  0|   47|          40|          40|
    |e_522_fu_6861_p2          |         -|   0|  0|   47|          40|          40|
    |e_525_fu_6883_p2          |         -|   0|  0|   47|          40|          40|
    |e_528_fu_6907_p2          |         -|   0|  0|   47|          40|          40|
    |e_531_fu_6929_p2          |         -|   0|  0|   47|          40|          40|
    |e_534_fu_6953_p2          |         -|   0|  0|   47|          40|          40|
    |e_537_fu_6975_p2          |         -|   0|  0|   47|          40|          40|
    |e_540_fu_6999_p2          |         -|   0|  0|   47|          40|          40|
    |e_543_fu_7021_p2          |         -|   0|  0|   47|          40|          40|
    |e_546_fu_7045_p2          |         -|   0|  0|   47|          40|          40|
    |e_549_fu_7067_p2          |         -|   0|  0|   47|          40|          40|
    |e_54_fu_3273_p2           |         -|   0|  0|   47|          40|          40|
    |e_552_fu_7091_p2          |         -|   0|  0|   47|          40|          40|
    |e_555_fu_7113_p2          |         -|   0|  0|   47|          40|          40|
    |e_558_fu_7137_p2          |         -|   0|  0|   47|          40|          40|
    |e_561_fu_7159_p2          |         -|   0|  0|   47|          40|          40|
    |e_564_fu_7183_p2          |         -|   0|  0|   47|          40|          40|
    |e_567_fu_7205_p2          |         -|   0|  0|   47|          40|          40|
    |e_570_fu_7229_p2          |         -|   0|  0|   47|          40|          40|
    |e_573_fu_7251_p2          |         -|   0|  0|   47|          40|          40|
    |e_576_fu_7275_p2          |         -|   0|  0|   47|          40|          40|
    |e_579_fu_7297_p2          |         -|   0|  0|   47|          40|          40|
    |e_57_fu_3295_p2           |         -|   0|  0|   47|          40|          40|
    |e_582_fu_7321_p2          |         -|   0|  0|   47|          40|          40|
    |e_585_fu_7343_p2          |         -|   0|  0|   47|          40|          40|
    |e_588_fu_7367_p2          |         -|   0|  0|   47|          40|          40|
    |e_591_fu_7389_p2          |         -|   0|  0|   47|          40|          40|
    |e_594_fu_7413_p2          |         -|   0|  0|   47|          40|          40|
    |e_597_fu_7435_p2          |         -|   0|  0|   47|          40|          40|
    |e_600_fu_7459_p2          |         -|   0|  0|   47|          40|          40|
    |e_603_fu_7481_p2          |         -|   0|  0|   47|          40|          40|
    |e_606_fu_7505_p2          |         -|   0|  0|   47|          40|          40|
    |e_609_fu_7527_p2          |         -|   0|  0|   47|          40|          40|
    |e_60_fu_3319_p2           |         -|   0|  0|   47|          40|          40|
    |e_612_fu_7551_p2          |         -|   0|  0|   47|          40|          40|
    |e_615_fu_7573_p2          |         -|   0|  0|   47|          40|          40|
    |e_618_fu_7597_p2          |         -|   0|  0|   47|          40|          40|
    |e_621_fu_7619_p2          |         -|   0|  0|   47|          40|          40|
    |e_624_fu_7643_p2          |         -|   0|  0|   47|          40|          40|
    |e_627_fu_7665_p2          |         -|   0|  0|   47|          40|          40|
    |e_630_fu_7689_p2          |         -|   0|  0|   47|          40|          40|
    |e_633_fu_7711_p2          |         -|   0|  0|   47|          40|          40|
    |e_636_fu_7735_p2          |         -|   0|  0|   47|          40|          40|
    |e_639_fu_7757_p2          |         -|   0|  0|   47|          40|          40|
    |e_63_fu_3341_p2           |         -|   0|  0|   47|          40|          40|
    |e_642_fu_7781_p2          |         -|   0|  0|   47|          40|          40|
    |e_645_fu_7803_p2          |         -|   0|  0|   47|          40|          40|
    |e_648_fu_7827_p2          |         -|   0|  0|   47|          40|          40|
    |e_651_fu_7849_p2          |         -|   0|  0|   47|          40|          40|
    |e_654_fu_7873_p2          |         -|   0|  0|   47|          40|          40|
    |e_657_fu_7895_p2          |         -|   0|  0|   47|          40|          40|
    |e_660_fu_7919_p2          |         -|   0|  0|   47|          40|          40|
    |e_663_fu_7941_p2          |         -|   0|  0|   47|          40|          40|
    |e_666_fu_7965_p2          |         -|   0|  0|   47|          40|          40|
    |e_669_fu_7987_p2          |         -|   0|  0|   47|          40|          40|
    |e_66_fu_3365_p2           |         -|   0|  0|   47|          40|          40|
    |e_672_fu_8011_p2          |         -|   0|  0|   47|          40|          40|
    |e_675_fu_8033_p2          |         -|   0|  0|   47|          40|          40|
    |e_678_fu_8057_p2          |         -|   0|  0|   47|          40|          40|
    |e_681_fu_8079_p2          |         -|   0|  0|   47|          40|          40|
    |e_684_fu_8103_p2          |         -|   0|  0|   47|          40|          40|
    |e_687_fu_8125_p2          |         -|   0|  0|   47|          40|          40|
    |e_690_fu_8149_p2          |         -|   0|  0|   47|          40|          40|
    |e_693_fu_8171_p2          |         -|   0|  0|   47|          40|          40|
    |e_696_fu_8195_p2          |         -|   0|  0|   47|          40|          40|
    |e_699_fu_8217_p2          |         -|   0|  0|   47|          40|          40|
    |e_69_fu_3387_p2           |         -|   0|  0|   47|          40|          40|
    |e_6_fu_2905_p2            |         -|   0|  0|   47|          40|          40|
    |e_702_fu_8241_p2          |         -|   0|  0|   47|          40|          40|
    |e_705_fu_8263_p2          |         -|   0|  0|   47|          40|          40|
    |e_708_fu_8287_p2          |         -|   0|  0|   47|          40|          40|
    |e_711_fu_8309_p2          |         -|   0|  0|   47|          40|          40|
    |e_714_fu_8333_p2          |         -|   0|  0|   47|          40|          40|
    |e_717_fu_8355_p2          |         -|   0|  0|   47|          40|          40|
    |e_720_fu_8379_p2          |         -|   0|  0|   47|          40|          40|
    |e_723_fu_8401_p2          |         -|   0|  0|   47|          40|          40|
    |e_726_fu_8425_p2          |         -|   0|  0|   47|          40|          40|
    |e_729_fu_8447_p2          |         -|   0|  0|   47|          40|          40|
    |e_72_fu_3411_p2           |         -|   0|  0|   47|          40|          40|
    |e_732_fu_8471_p2          |         -|   0|  0|   47|          40|          40|
    |e_735_fu_8493_p2          |         -|   0|  0|   47|          40|          40|
    |e_738_fu_8517_p2          |         -|   0|  0|   47|          40|          40|
    |e_741_fu_8539_p2          |         -|   0|  0|   47|          40|          40|
    |e_744_fu_8563_p2          |         -|   0|  0|   47|          40|          40|
    |e_747_fu_8585_p2          |         -|   0|  0|   47|          40|          40|
    |e_750_fu_8609_p2          |         -|   0|  0|   47|          40|          40|
    |e_753_fu_8631_p2          |         -|   0|  0|   47|          40|          40|
    |e_756_fu_8655_p2          |         -|   0|  0|   47|          40|          40|
    |e_75_fu_3433_p2           |         -|   0|  0|   47|          40|          40|
    |e_78_fu_3457_p2           |         -|   0|  0|   47|          40|          40|
    |e_81_fu_3479_p2           |         -|   0|  0|   47|          40|          40|
    |e_84_fu_3503_p2           |         -|   0|  0|   47|          40|          40|
    |e_87_fu_3525_p2           |         -|   0|  0|   47|          40|          40|
    |e_90_fu_3549_p2           |         -|   0|  0|   47|          40|          40|
    |e_93_fu_3571_p2           |         -|   0|  0|   47|          40|          40|
    |e_96_fu_3595_p2           |         -|   0|  0|   47|          40|          40|
    |e_99_fu_3617_p2           |         -|   0|  0|   47|          40|          40|
    |e_9_fu_2927_p2            |         -|   0|  0|   47|          40|          40|
    |e_fu_2858_p2              |         -|   0|  0|   40|           1|          40|
    |out_fu_8673_p2            |         -|   0|  0|   47|          40|          40|
    |sub_ln42_10_fu_2546_p2    |         -|   0|  0|   47|           1|          40|
    |sub_ln42_11_fu_2560_p2    |         -|   0|  0|   47|           1|          40|
    |sub_ln42_12_fu_2574_p2    |         -|   0|  0|   47|           1|          40|
    |sub_ln42_13_fu_2588_p2    |         -|   0|  0|   47|           1|          40|
    |sub_ln42_14_fu_2602_p2    |         -|   0|  0|   47|           1|          40|
    |sub_ln42_15_fu_2616_p2    |         -|   0|  0|   47|           1|          40|
    |sub_ln42_16_fu_2630_p2    |         -|   0|  0|   47|           1|          40|
    |sub_ln42_17_fu_2644_p2    |         -|   0|  0|   47|           1|          40|
    |sub_ln42_18_fu_2658_p2    |         -|   0|  0|   47|           1|          40|
    |sub_ln42_19_fu_2672_p2    |         -|   0|  0|   47|           1|          40|
    |sub_ln42_1_fu_2420_p2     |         -|   0|  0|   47|           1|          40|
    |sub_ln42_20_fu_2686_p2    |         -|   0|  0|   47|           1|          40|
    |sub_ln42_21_fu_2700_p2    |         -|   0|  0|   47|           1|          40|
    |sub_ln42_22_fu_2714_p2    |         -|   0|  0|   47|           1|          40|
    |sub_ln42_2_fu_2434_p2     |         -|   0|  0|   47|           1|          40|
    |sub_ln42_3_fu_2448_p2     |         -|   0|  0|   47|           1|          40|
    |sub_ln42_4_fu_2462_p2     |         -|   0|  0|   47|           1|          40|
    |sub_ln42_5_fu_2476_p2     |         -|   0|  0|   47|           1|          40|
    |sub_ln42_6_fu_2490_p2     |         -|   0|  0|   47|           1|          40|
    |sub_ln42_7_fu_2504_p2     |         -|   0|  0|   47|           1|          40|
    |sub_ln42_8_fu_2518_p2     |         -|   0|  0|   47|           1|          40|
    |sub_ln42_9_fu_2532_p2     |         -|   0|  0|   47|           1|          40|
    |sub_ln42_fu_2406_p2       |         -|   0|  0|   47|           1|          40|
    |e_101_fu_3629_p3          |    select|   0|  0|   40|           1|          40|
    |e_104_fu_3651_p3          |    select|   0|  0|   40|           1|          40|
    |e_107_fu_3675_p3          |    select|   0|  0|   40|           1|          40|
    |e_110_fu_3697_p3          |    select|   0|  0|   40|           1|          40|
    |e_113_fu_3721_p3          |    select|   0|  0|   40|           1|          40|
    |e_116_fu_3743_p3          |    select|   0|  0|   40|           1|          40|
    |e_119_fu_3767_p3          |    select|   0|  0|   40|           1|          40|
    |e_11_fu_2939_p3           |    select|   0|  0|   40|           1|          40|
    |e_122_fu_3789_p3          |    select|   0|  0|   40|           1|          40|
    |e_125_fu_3813_p3          |    select|   0|  0|   40|           1|          40|
    |e_128_fu_3835_p3          |    select|   0|  0|   40|           1|          40|
    |e_131_fu_3859_p3          |    select|   0|  0|   40|           1|          40|
    |e_134_fu_3881_p3          |    select|   0|  0|   40|           1|          40|
    |e_137_fu_3905_p3          |    select|   0|  0|   40|           1|          40|
    |e_140_fu_3927_p3          |    select|   0|  0|   40|           1|          40|
    |e_143_fu_3951_p3          |    select|   0|  0|   40|           1|          40|
    |e_146_fu_3973_p3          |    select|   0|  0|   40|           1|          40|
    |e_149_fu_3997_p3          |    select|   0|  0|   40|           1|          40|
    |e_14_fu_2961_p3           |    select|   0|  0|   40|           1|          40|
    |e_152_fu_4019_p3          |    select|   0|  0|   40|           1|          40|
    |e_155_fu_4043_p3          |    select|   0|  0|   40|           1|          40|
    |e_158_fu_4065_p3          |    select|   0|  0|   40|           1|          40|
    |e_161_fu_4089_p3          |    select|   0|  0|   40|           1|          40|
    |e_164_fu_4111_p3          |    select|   0|  0|   40|           1|          40|
    |e_167_fu_4135_p3          |    select|   0|  0|   40|           1|          40|
    |e_170_fu_4157_p3          |    select|   0|  0|   40|           1|          40|
    |e_173_fu_4181_p3          |    select|   0|  0|   40|           1|          40|
    |e_176_fu_4203_p3          |    select|   0|  0|   40|           1|          40|
    |e_179_fu_4227_p3          |    select|   0|  0|   40|           1|          40|
    |e_17_fu_2985_p3           |    select|   0|  0|   40|           1|          40|
    |e_182_fu_4249_p3          |    select|   0|  0|   40|           1|          40|
    |e_185_fu_4273_p3          |    select|   0|  0|   40|           1|          40|
    |e_188_fu_4295_p3          |    select|   0|  0|   40|           1|          40|
    |e_191_fu_4319_p3          |    select|   0|  0|   40|           1|          40|
    |e_194_fu_4341_p3          |    select|   0|  0|   40|           1|          40|
    |e_197_fu_4365_p3          |    select|   0|  0|   40|           1|          40|
    |e_200_fu_4387_p3          |    select|   0|  0|   40|           1|          40|
    |e_203_fu_4411_p3          |    select|   0|  0|   40|           1|          40|
    |e_206_fu_4433_p3          |    select|   0|  0|   40|           1|          40|
    |e_209_fu_4457_p3          |    select|   0|  0|   40|           1|          40|
    |e_20_fu_3007_p3           |    select|   0|  0|   40|           1|          40|
    |e_212_fu_4479_p3          |    select|   0|  0|   40|           1|          40|
    |e_215_fu_4503_p3          |    select|   0|  0|   40|           1|          40|
    |e_218_fu_4525_p3          |    select|   0|  0|   40|           1|          40|
    |e_221_fu_4549_p3          |    select|   0|  0|   40|           1|          40|
    |e_224_fu_4571_p3          |    select|   0|  0|   40|           1|          40|
    |e_227_fu_4595_p3          |    select|   0|  0|   40|           1|          40|
    |e_230_fu_4617_p3          |    select|   0|  0|   40|           1|          40|
    |e_233_fu_4641_p3          |    select|   0|  0|   40|           1|          40|
    |e_236_fu_4663_p3          |    select|   0|  0|   40|           1|          40|
    |e_239_fu_4687_p3          |    select|   0|  0|   40|           1|          40|
    |e_23_fu_3031_p3           |    select|   0|  0|   40|           1|          40|
    |e_242_fu_4709_p3          |    select|   0|  0|   40|           1|          40|
    |e_245_fu_4733_p3          |    select|   0|  0|   40|           1|          40|
    |e_248_fu_4755_p3          |    select|   0|  0|   40|           1|          40|
    |e_251_fu_4779_p3          |    select|   0|  0|   40|           1|          40|
    |e_254_fu_4801_p3          |    select|   0|  0|   40|           1|          40|
    |e_257_fu_4825_p3          |    select|   0|  0|   40|           1|          40|
    |e_260_fu_4847_p3          |    select|   0|  0|   40|           1|          40|
    |e_263_fu_4871_p3          |    select|   0|  0|   40|           1|          40|
    |e_266_fu_4893_p3          |    select|   0|  0|   40|           1|          40|
    |e_269_fu_4917_p3          |    select|   0|  0|   40|           1|          40|
    |e_26_fu_3053_p3           |    select|   0|  0|   40|           1|          40|
    |e_272_fu_4939_p3          |    select|   0|  0|   40|           1|          40|
    |e_275_fu_4963_p3          |    select|   0|  0|   40|           1|          40|
    |e_278_fu_4985_p3          |    select|   0|  0|   40|           1|          40|
    |e_281_fu_5009_p3          |    select|   0|  0|   40|           1|          40|
    |e_284_fu_5031_p3          |    select|   0|  0|   40|           1|          40|
    |e_287_fu_5055_p3          |    select|   0|  0|   40|           1|          40|
    |e_290_fu_5077_p3          |    select|   0|  0|   40|           1|          40|
    |e_293_fu_5101_p3          |    select|   0|  0|   40|           1|          40|
    |e_296_fu_5123_p3          |    select|   0|  0|   40|           1|          40|
    |e_299_fu_5147_p3          |    select|   0|  0|   40|           1|          40|
    |e_29_fu_3077_p3           |    select|   0|  0|   40|           1|          40|
    |e_2_fu_2869_p3            |    select|   0|  0|   40|           1|          40|
    |e_302_fu_5169_p3          |    select|   0|  0|   40|           1|          40|
    |e_305_fu_5193_p3          |    select|   0|  0|   40|           1|          40|
    |e_308_fu_5215_p3          |    select|   0|  0|   40|           1|          40|
    |e_311_fu_5239_p3          |    select|   0|  0|   40|           1|          40|
    |e_314_fu_5261_p3          |    select|   0|  0|   40|           1|          40|
    |e_317_fu_5285_p3          |    select|   0|  0|   40|           1|          40|
    |e_320_fu_5307_p3          |    select|   0|  0|   40|           1|          40|
    |e_323_fu_5331_p3          |    select|   0|  0|   40|           1|          40|
    |e_326_fu_5353_p3          |    select|   0|  0|   40|           1|          40|
    |e_329_fu_5377_p3          |    select|   0|  0|   40|           1|          40|
    |e_32_fu_3099_p3           |    select|   0|  0|   40|           1|          40|
    |e_332_fu_5399_p3          |    select|   0|  0|   40|           1|          40|
    |e_335_fu_5423_p3          |    select|   0|  0|   40|           1|          40|
    |e_338_fu_5445_p3          |    select|   0|  0|   40|           1|          40|
    |e_341_fu_5469_p3          |    select|   0|  0|   40|           1|          40|
    |e_344_fu_5491_p3          |    select|   0|  0|   40|           1|          40|
    |e_347_fu_5515_p3          |    select|   0|  0|   40|           1|          40|
    |e_350_fu_5537_p3          |    select|   0|  0|   40|           1|          40|
    |e_353_fu_5561_p3          |    select|   0|  0|   40|           1|          40|
    |e_356_fu_5583_p3          |    select|   0|  0|   40|           1|          40|
    |e_359_fu_5607_p3          |    select|   0|  0|   40|           1|          40|
    |e_35_fu_3123_p3           |    select|   0|  0|   40|           1|          40|
    |e_362_fu_5629_p3          |    select|   0|  0|   40|           1|          40|
    |e_365_fu_5653_p3          |    select|   0|  0|   40|           1|          40|
    |e_368_fu_5675_p3          |    select|   0|  0|   40|           1|          40|
    |e_371_fu_5699_p3          |    select|   0|  0|   40|           1|          40|
    |e_374_fu_5721_p3          |    select|   0|  0|   40|           1|          40|
    |e_377_fu_5745_p3          |    select|   0|  0|   40|           1|          40|
    |e_380_fu_5767_p3          |    select|   0|  0|   40|           1|          40|
    |e_383_fu_5791_p3          |    select|   0|  0|   40|           1|          40|
    |e_386_fu_5813_p3          |    select|   0|  0|   40|           1|          40|
    |e_389_fu_5837_p3          |    select|   0|  0|   40|           1|          40|
    |e_38_fu_3145_p3           |    select|   0|  0|   40|           1|          40|
    |e_392_fu_5859_p3          |    select|   0|  0|   40|           1|          40|
    |e_395_fu_5883_p3          |    select|   0|  0|   40|           1|          40|
    |e_398_fu_5905_p3          |    select|   0|  0|   40|           1|          40|
    |e_401_fu_5929_p3          |    select|   0|  0|   40|           1|          40|
    |e_404_fu_5951_p3          |    select|   0|  0|   40|           1|          40|
    |e_407_fu_5975_p3          |    select|   0|  0|   40|           1|          40|
    |e_410_fu_5997_p3          |    select|   0|  0|   40|           1|          40|
    |e_413_fu_6021_p3          |    select|   0|  0|   40|           1|          40|
    |e_416_fu_6043_p3          |    select|   0|  0|   40|           1|          40|
    |e_419_fu_6067_p3          |    select|   0|  0|   40|           1|          40|
    |e_41_fu_3169_p3           |    select|   0|  0|   40|           1|          40|
    |e_422_fu_6089_p3          |    select|   0|  0|   40|           1|          40|
    |e_425_fu_6113_p3          |    select|   0|  0|   40|           1|          40|
    |e_428_fu_6135_p3          |    select|   0|  0|   40|           1|          40|
    |e_431_fu_6159_p3          |    select|   0|  0|   40|           1|          40|
    |e_434_fu_6181_p3          |    select|   0|  0|   40|           1|          40|
    |e_437_fu_6205_p3          |    select|   0|  0|   40|           1|          40|
    |e_440_fu_6227_p3          |    select|   0|  0|   40|           1|          40|
    |e_443_fu_6251_p3          |    select|   0|  0|   40|           1|          40|
    |e_446_fu_6273_p3          |    select|   0|  0|   40|           1|          40|
    |e_449_fu_6297_p3          |    select|   0|  0|   40|           1|          40|
    |e_44_fu_3191_p3           |    select|   0|  0|   40|           1|          40|
    |e_452_fu_6319_p3          |    select|   0|  0|   40|           1|          40|
    |e_455_fu_6343_p3          |    select|   0|  0|   40|           1|          40|
    |e_458_fu_6365_p3          |    select|   0|  0|   40|           1|          40|
    |e_461_fu_6389_p3          |    select|   0|  0|   40|           1|          40|
    |e_464_fu_6411_p3          |    select|   0|  0|   40|           1|          40|
    |e_467_fu_6435_p3          |    select|   0|  0|   40|           1|          40|
    |e_470_fu_6457_p3          |    select|   0|  0|   40|           1|          40|
    |e_473_fu_6481_p3          |    select|   0|  0|   40|           1|          40|
    |e_476_fu_6503_p3          |    select|   0|  0|   40|           1|          40|
    |e_479_fu_6527_p3          |    select|   0|  0|   40|           1|          40|
    |e_47_fu_3215_p3           |    select|   0|  0|   40|           1|          40|
    |e_482_fu_6549_p3          |    select|   0|  0|   40|           1|          40|
    |e_485_fu_6573_p3          |    select|   0|  0|   40|           1|          40|
    |e_488_fu_6595_p3          |    select|   0|  0|   40|           1|          40|
    |e_491_fu_6619_p3          |    select|   0|  0|   40|           1|          40|
    |e_494_fu_6641_p3          |    select|   0|  0|   40|           1|          40|
    |e_497_fu_6665_p3          |    select|   0|  0|   40|           1|          40|
    |e_500_fu_6687_p3          |    select|   0|  0|   40|           1|          40|
    |e_503_fu_6711_p3          |    select|   0|  0|   40|           1|          40|
    |e_506_fu_6733_p3          |    select|   0|  0|   40|           1|          40|
    |e_509_fu_6757_p3          |    select|   0|  0|   40|           1|          40|
    |e_50_fu_3237_p3           |    select|   0|  0|   40|           1|          40|
    |e_512_fu_6779_p3          |    select|   0|  0|   40|           1|          40|
    |e_515_fu_6803_p3          |    select|   0|  0|   40|           1|          40|
    |e_518_fu_6825_p3          |    select|   0|  0|   40|           1|          40|
    |e_521_fu_6849_p3          |    select|   0|  0|   40|           1|          40|
    |e_524_fu_6871_p3          |    select|   0|  0|   40|           1|          40|
    |e_527_fu_6895_p3          |    select|   0|  0|   40|           1|          40|
    |e_530_fu_6917_p3          |    select|   0|  0|   40|           1|          40|
    |e_533_fu_6941_p3          |    select|   0|  0|   40|           1|          40|
    |e_536_fu_6963_p3          |    select|   0|  0|   40|           1|          40|
    |e_539_fu_6987_p3          |    select|   0|  0|   40|           1|          40|
    |e_53_fu_3261_p3           |    select|   0|  0|   40|           1|          40|
    |e_542_fu_7009_p3          |    select|   0|  0|   40|           1|          40|
    |e_545_fu_7033_p3          |    select|   0|  0|   40|           1|          40|
    |e_548_fu_7055_p3          |    select|   0|  0|   40|           1|          40|
    |e_551_fu_7079_p3          |    select|   0|  0|   40|           1|          40|
    |e_554_fu_7101_p3          |    select|   0|  0|   40|           1|          40|
    |e_557_fu_7125_p3          |    select|   0|  0|   40|           1|          40|
    |e_560_fu_7147_p3          |    select|   0|  0|   40|           1|          40|
    |e_563_fu_7171_p3          |    select|   0|  0|   40|           1|          40|
    |e_566_fu_7193_p3          |    select|   0|  0|   40|           1|          40|
    |e_569_fu_7217_p3          |    select|   0|  0|   40|           1|          40|
    |e_56_fu_3283_p3           |    select|   0|  0|   40|           1|          40|
    |e_572_fu_7239_p3          |    select|   0|  0|   40|           1|          40|
    |e_575_fu_7263_p3          |    select|   0|  0|   40|           1|          40|
    |e_578_fu_7285_p3          |    select|   0|  0|   40|           1|          40|
    |e_581_fu_7309_p3          |    select|   0|  0|   40|           1|          40|
    |e_584_fu_7331_p3          |    select|   0|  0|   40|           1|          40|
    |e_587_fu_7355_p3          |    select|   0|  0|   40|           1|          40|
    |e_590_fu_7377_p3          |    select|   0|  0|   40|           1|          40|
    |e_593_fu_7401_p3          |    select|   0|  0|   40|           1|          40|
    |e_596_fu_7423_p3          |    select|   0|  0|   40|           1|          40|
    |e_599_fu_7447_p3          |    select|   0|  0|   40|           1|          40|
    |e_59_fu_3307_p3           |    select|   0|  0|   40|           1|          40|
    |e_5_fu_2893_p3            |    select|   0|  0|   40|           1|          40|
    |e_602_fu_7469_p3          |    select|   0|  0|   40|           1|          40|
    |e_605_fu_7493_p3          |    select|   0|  0|   40|           1|          40|
    |e_608_fu_7515_p3          |    select|   0|  0|   40|           1|          40|
    |e_611_fu_7539_p3          |    select|   0|  0|   40|           1|          40|
    |e_614_fu_7561_p3          |    select|   0|  0|   40|           1|          40|
    |e_617_fu_7585_p3          |    select|   0|  0|   40|           1|          40|
    |e_620_fu_7607_p3          |    select|   0|  0|   40|           1|          40|
    |e_623_fu_7631_p3          |    select|   0|  0|   40|           1|          40|
    |e_626_fu_7653_p3          |    select|   0|  0|   40|           1|          40|
    |e_629_fu_7677_p3          |    select|   0|  0|   40|           1|          40|
    |e_62_fu_3329_p3           |    select|   0|  0|   40|           1|          40|
    |e_632_fu_7699_p3          |    select|   0|  0|   40|           1|          40|
    |e_635_fu_7723_p3          |    select|   0|  0|   40|           1|          40|
    |e_638_fu_7745_p3          |    select|   0|  0|   40|           1|          40|
    |e_641_fu_7769_p3          |    select|   0|  0|   40|           1|          40|
    |e_644_fu_7791_p3          |    select|   0|  0|   40|           1|          40|
    |e_647_fu_7815_p3          |    select|   0|  0|   40|           1|          40|
    |e_650_fu_7837_p3          |    select|   0|  0|   40|           1|          40|
    |e_653_fu_7861_p3          |    select|   0|  0|   40|           1|          40|
    |e_656_fu_7883_p3          |    select|   0|  0|   40|           1|          40|
    |e_659_fu_7907_p3          |    select|   0|  0|   40|           1|          40|
    |e_65_fu_3353_p3           |    select|   0|  0|   40|           1|          40|
    |e_662_fu_7929_p3          |    select|   0|  0|   40|           1|          40|
    |e_665_fu_7953_p3          |    select|   0|  0|   40|           1|          40|
    |e_668_fu_7975_p3          |    select|   0|  0|   40|           1|          40|
    |e_671_fu_7999_p3          |    select|   0|  0|   40|           1|          40|
    |e_674_fu_8021_p3          |    select|   0|  0|   40|           1|          40|
    |e_677_fu_8045_p3          |    select|   0|  0|   40|           1|          40|
    |e_680_fu_8067_p3          |    select|   0|  0|   40|           1|          40|
    |e_683_fu_8091_p3          |    select|   0|  0|   40|           1|          40|
    |e_686_fu_8113_p3          |    select|   0|  0|   40|           1|          40|
    |e_689_fu_8137_p3          |    select|   0|  0|   40|           1|          40|
    |e_68_fu_3375_p3           |    select|   0|  0|   40|           1|          40|
    |e_692_fu_8159_p3          |    select|   0|  0|   40|           1|          40|
    |e_695_fu_8183_p3          |    select|   0|  0|   40|           1|          40|
    |e_698_fu_8205_p3          |    select|   0|  0|   40|           1|          40|
    |e_701_fu_8229_p3          |    select|   0|  0|   40|           1|          40|
    |e_704_fu_8251_p3          |    select|   0|  0|   40|           1|          40|
    |e_707_fu_8275_p3          |    select|   0|  0|   40|           1|          40|
    |e_710_fu_8297_p3          |    select|   0|  0|   40|           1|          40|
    |e_713_fu_8321_p3          |    select|   0|  0|   40|           1|          40|
    |e_716_fu_8343_p3          |    select|   0|  0|   40|           1|          40|
    |e_719_fu_8367_p3          |    select|   0|  0|   40|           1|          40|
    |e_71_fu_3399_p3           |    select|   0|  0|   40|           1|          40|
    |e_722_fu_8389_p3          |    select|   0|  0|   40|           1|          40|
    |e_725_fu_8413_p3          |    select|   0|  0|   40|           1|          40|
    |e_728_fu_8435_p3          |    select|   0|  0|   40|           1|          40|
    |e_731_fu_8459_p3          |    select|   0|  0|   40|           1|          40|
    |e_734_fu_8481_p3          |    select|   0|  0|   40|           1|          40|
    |e_737_fu_8505_p3          |    select|   0|  0|   40|           1|          40|
    |e_740_fu_8527_p3          |    select|   0|  0|   40|           1|          40|
    |e_743_fu_8551_p3          |    select|   0|  0|   40|           1|          40|
    |e_746_fu_8573_p3          |    select|   0|  0|   40|           1|          40|
    |e_749_fu_8597_p3          |    select|   0|  0|   40|           1|          40|
    |e_74_fu_3421_p3           |    select|   0|  0|   40|           1|          40|
    |e_752_fu_8619_p3          |    select|   0|  0|   40|           1|          40|
    |e_755_fu_8643_p3          |    select|   0|  0|   40|           1|          40|
    |e_758_fu_8665_p3          |    select|   0|  0|   40|           1|          40|
    |e_77_fu_3445_p3           |    select|   0|  0|   40|           1|          40|
    |e_80_fu_3467_p3           |    select|   0|  0|   40|           1|          40|
    |e_83_fu_3491_p3           |    select|   0|  0|   40|           1|          40|
    |e_86_fu_3513_p3           |    select|   0|  0|   40|           1|          40|
    |e_89_fu_3537_p3           |    select|   0|  0|   40|           1|          40|
    |e_8_fu_2915_p3            |    select|   0|  0|   40|           1|          40|
    |e_92_fu_3559_p3           |    select|   0|  0|   40|           1|          40|
    |e_95_fu_3583_p3           |    select|   0|  0|   40|           1|          40|
    |e_98_fu_3605_p3           |    select|   0|  0|   40|           1|          40|
    |term_10_fu_2552_p3        |    select|   0|  0|   40|           1|          40|
    |term_11_fu_2566_p3        |    select|   0|  0|   40|           1|          40|
    |term_12_fu_2580_p3        |    select|   0|  0|   40|           1|          40|
    |term_13_fu_2594_p3        |    select|   0|  0|   40|           1|          40|
    |term_14_fu_2608_p3        |    select|   0|  0|   40|           1|          40|
    |term_15_fu_2622_p3        |    select|   0|  0|   40|           1|          40|
    |term_16_fu_2636_p3        |    select|   0|  0|   40|           1|          40|
    |term_17_fu_2650_p3        |    select|   0|  0|   40|           1|          40|
    |term_18_fu_2664_p3        |    select|   0|  0|   40|           1|          40|
    |term_19_fu_2678_p3        |    select|   0|  0|   40|           1|          40|
    |term_1_fu_2426_p3         |    select|   0|  0|   40|           1|          40|
    |term_20_fu_2692_p3        |    select|   0|  0|   40|           1|          40|
    |term_21_fu_2706_p3        |    select|   0|  0|   40|           1|          40|
    |term_22_fu_2720_p3        |    select|   0|  0|   40|           1|          40|
    |term_2_fu_2440_p3         |    select|   0|  0|   40|           1|          40|
    |term_3_fu_2454_p3         |    select|   0|  0|   40|           1|          40|
    |term_4_fu_2468_p3         |    select|   0|  0|   40|           1|          40|
    |term_5_fu_2482_p3         |    select|   0|  0|   40|           1|          40|
    |term_6_fu_2496_p3         |    select|   0|  0|   40|           1|          40|
    |term_7_fu_2510_p3         |    select|   0|  0|   40|           1|          40|
    |term_8_fu_2524_p3         |    select|   0|  0|   40|           1|          40|
    |term_9_fu_2538_p3         |    select|   0|  0|   40|           1|          40|
    |term_fu_2412_p3           |    select|   0|  0|   40|           1|          40|
    |xor_ln194_100_fu_5155_p2  |       xor|   0|  0|    2|           1|           1|
    |xor_ln194_101_fu_5177_p2  |       xor|   0|  0|    2|           1|           1|
    |xor_ln194_102_fu_5201_p2  |       xor|   0|  0|    2|           1|           1|
    |xor_ln194_103_fu_5223_p2  |       xor|   0|  0|    2|           1|           1|
    |xor_ln194_104_fu_5247_p2  |       xor|   0|  0|    2|           1|           1|
    |xor_ln194_105_fu_5269_p2  |       xor|   0|  0|    2|           1|           1|
    |xor_ln194_106_fu_5293_p2  |       xor|   0|  0|    2|           1|           1|
    |xor_ln194_107_fu_5315_p2  |       xor|   0|  0|    2|           1|           1|
    |xor_ln194_108_fu_5339_p2  |       xor|   0|  0|    2|           1|           1|
    |xor_ln194_109_fu_5361_p2  |       xor|   0|  0|    2|           1|           1|
    |xor_ln194_10_fu_3085_p2   |       xor|   0|  0|    2|           1|           1|
    |xor_ln194_110_fu_5385_p2  |       xor|   0|  0|    2|           1|           1|
    |xor_ln194_111_fu_5407_p2  |       xor|   0|  0|    2|           1|           1|
    |xor_ln194_112_fu_5431_p2  |       xor|   0|  0|    2|           1|           1|
    |xor_ln194_113_fu_5453_p2  |       xor|   0|  0|    2|           1|           1|
    |xor_ln194_114_fu_5477_p2  |       xor|   0|  0|    2|           1|           1|
    |xor_ln194_115_fu_5499_p2  |       xor|   0|  0|    2|           1|           1|
    |xor_ln194_116_fu_5523_p2  |       xor|   0|  0|    2|           1|           1|
    |xor_ln194_117_fu_5545_p2  |       xor|   0|  0|    2|           1|           1|
    |xor_ln194_118_fu_5569_p2  |       xor|   0|  0|    2|           1|           1|
    |xor_ln194_119_fu_5591_p2  |       xor|   0|  0|    2|           1|           1|
    |xor_ln194_11_fu_3107_p2   |       xor|   0|  0|    2|           1|           1|
    |xor_ln194_120_fu_5615_p2  |       xor|   0|  0|    2|           1|           1|
    |xor_ln194_121_fu_5637_p2  |       xor|   0|  0|    2|           1|           1|
    |xor_ln194_122_fu_5661_p2  |       xor|   0|  0|    2|           1|           1|
    |xor_ln194_123_fu_5683_p2  |       xor|   0|  0|    2|           1|           1|
    |xor_ln194_124_fu_5707_p2  |       xor|   0|  0|    2|           1|           1|
    |xor_ln194_125_fu_5729_p2  |       xor|   0|  0|    2|           1|           1|
    |xor_ln194_126_fu_5753_p2  |       xor|   0|  0|    2|           1|           1|
    |xor_ln194_127_fu_5775_p2  |       xor|   0|  0|    2|           1|           1|
    |xor_ln194_128_fu_5799_p2  |       xor|   0|  0|    2|           1|           1|
    |xor_ln194_129_fu_5821_p2  |       xor|   0|  0|    2|           1|           1|
    |xor_ln194_12_fu_3131_p2   |       xor|   0|  0|    2|           1|           1|
    |xor_ln194_130_fu_5845_p2  |       xor|   0|  0|    2|           1|           1|
    |xor_ln194_131_fu_5867_p2  |       xor|   0|  0|    2|           1|           1|
    |xor_ln194_132_fu_5891_p2  |       xor|   0|  0|    2|           1|           1|
    |xor_ln194_133_fu_5913_p2  |       xor|   0|  0|    2|           1|           1|
    |xor_ln194_134_fu_5937_p2  |       xor|   0|  0|    2|           1|           1|
    |xor_ln194_135_fu_5959_p2  |       xor|   0|  0|    2|           1|           1|
    |xor_ln194_136_fu_5983_p2  |       xor|   0|  0|    2|           1|           1|
    |xor_ln194_137_fu_6005_p2  |       xor|   0|  0|    2|           1|           1|
    |xor_ln194_138_fu_6029_p2  |       xor|   0|  0|    2|           1|           1|
    |xor_ln194_139_fu_6051_p2  |       xor|   0|  0|    2|           1|           1|
    |xor_ln194_13_fu_3153_p2   |       xor|   0|  0|    2|           1|           1|
    |xor_ln194_140_fu_6075_p2  |       xor|   0|  0|    2|           1|           1|
    |xor_ln194_141_fu_6097_p2  |       xor|   0|  0|    2|           1|           1|
    |xor_ln194_142_fu_6121_p2  |       xor|   0|  0|    2|           1|           1|
    |xor_ln194_143_fu_6143_p2  |       xor|   0|  0|    2|           1|           1|
    |xor_ln194_144_fu_6167_p2  |       xor|   0|  0|    2|           1|           1|
    |xor_ln194_145_fu_6189_p2  |       xor|   0|  0|    2|           1|           1|
    |xor_ln194_146_fu_6213_p2  |       xor|   0|  0|    2|           1|           1|
    |xor_ln194_147_fu_6235_p2  |       xor|   0|  0|    2|           1|           1|
    |xor_ln194_148_fu_6259_p2  |       xor|   0|  0|    2|           1|           1|
    |xor_ln194_149_fu_6281_p2  |       xor|   0|  0|    2|           1|           1|
    |xor_ln194_14_fu_3177_p2   |       xor|   0|  0|    2|           1|           1|
    |xor_ln194_150_fu_6305_p2  |       xor|   0|  0|    2|           1|           1|
    |xor_ln194_151_fu_6327_p2  |       xor|   0|  0|    2|           1|           1|
    |xor_ln194_152_fu_6351_p2  |       xor|   0|  0|    2|           1|           1|
    |xor_ln194_153_fu_6373_p2  |       xor|   0|  0|    2|           1|           1|
    |xor_ln194_154_fu_6397_p2  |       xor|   0|  0|    2|           1|           1|
    |xor_ln194_155_fu_6419_p2  |       xor|   0|  0|    2|           1|           1|
    |xor_ln194_156_fu_6443_p2  |       xor|   0|  0|    2|           1|           1|
    |xor_ln194_157_fu_6465_p2  |       xor|   0|  0|    2|           1|           1|
    |xor_ln194_158_fu_6489_p2  |       xor|   0|  0|    2|           1|           1|
    |xor_ln194_159_fu_6511_p2  |       xor|   0|  0|    2|           1|           1|
    |xor_ln194_15_fu_3199_p2   |       xor|   0|  0|    2|           1|           1|
    |xor_ln194_160_fu_6535_p2  |       xor|   0|  0|    2|           1|           1|
    |xor_ln194_161_fu_6557_p2  |       xor|   0|  0|    2|           1|           1|
    |xor_ln194_162_fu_6581_p2  |       xor|   0|  0|    2|           1|           1|
    |xor_ln194_163_fu_6603_p2  |       xor|   0|  0|    2|           1|           1|
    |xor_ln194_164_fu_6627_p2  |       xor|   0|  0|    2|           1|           1|
    |xor_ln194_165_fu_6649_p2  |       xor|   0|  0|    2|           1|           1|
    |xor_ln194_166_fu_6673_p2  |       xor|   0|  0|    2|           1|           1|
    |xor_ln194_167_fu_6695_p2  |       xor|   0|  0|    2|           1|           1|
    |xor_ln194_168_fu_6719_p2  |       xor|   0|  0|    2|           1|           1|
    |xor_ln194_169_fu_6741_p2  |       xor|   0|  0|    2|           1|           1|
    |xor_ln194_16_fu_3223_p2   |       xor|   0|  0|    2|           1|           1|
    |xor_ln194_170_fu_6765_p2  |       xor|   0|  0|    2|           1|           1|
    |xor_ln194_171_fu_6787_p2  |       xor|   0|  0|    2|           1|           1|
    |xor_ln194_172_fu_6811_p2  |       xor|   0|  0|    2|           1|           1|
    |xor_ln194_173_fu_6833_p2  |       xor|   0|  0|    2|           1|           1|
    |xor_ln194_174_fu_6857_p2  |       xor|   0|  0|    2|           1|           1|
    |xor_ln194_175_fu_6879_p2  |       xor|   0|  0|    2|           1|           1|
    |xor_ln194_176_fu_6903_p2  |       xor|   0|  0|    2|           1|           1|
    |xor_ln194_177_fu_6925_p2  |       xor|   0|  0|    2|           1|           1|
    |xor_ln194_178_fu_6949_p2  |       xor|   0|  0|    2|           1|           1|
    |xor_ln194_179_fu_6971_p2  |       xor|   0|  0|    2|           1|           1|
    |xor_ln194_17_fu_3245_p2   |       xor|   0|  0|    2|           1|           1|
    |xor_ln194_180_fu_6995_p2  |       xor|   0|  0|    2|           1|           1|
    |xor_ln194_181_fu_7017_p2  |       xor|   0|  0|    2|           1|           1|
    |xor_ln194_182_fu_7041_p2  |       xor|   0|  0|    2|           1|           1|
    |xor_ln194_183_fu_7063_p2  |       xor|   0|  0|    2|           1|           1|
    |xor_ln194_184_fu_7087_p2  |       xor|   0|  0|    2|           1|           1|
    |xor_ln194_185_fu_7109_p2  |       xor|   0|  0|    2|           1|           1|
    |xor_ln194_186_fu_7133_p2  |       xor|   0|  0|    2|           1|           1|
    |xor_ln194_187_fu_7155_p2  |       xor|   0|  0|    2|           1|           1|
    |xor_ln194_188_fu_7179_p2  |       xor|   0|  0|    2|           1|           1|
    |xor_ln194_189_fu_7201_p2  |       xor|   0|  0|    2|           1|           1|
    |xor_ln194_18_fu_3269_p2   |       xor|   0|  0|    2|           1|           1|
    |xor_ln194_190_fu_7225_p2  |       xor|   0|  0|    2|           1|           1|
    |xor_ln194_191_fu_7247_p2  |       xor|   0|  0|    2|           1|           1|
    |xor_ln194_192_fu_7271_p2  |       xor|   0|  0|    2|           1|           1|
    |xor_ln194_193_fu_7293_p2  |       xor|   0|  0|    2|           1|           1|
    |xor_ln194_194_fu_7317_p2  |       xor|   0|  0|    2|           1|           1|
    |xor_ln194_195_fu_7339_p2  |       xor|   0|  0|    2|           1|           1|
    |xor_ln194_196_fu_7363_p2  |       xor|   0|  0|    2|           1|           1|
    |xor_ln194_197_fu_7385_p2  |       xor|   0|  0|    2|           1|           1|
    |xor_ln194_198_fu_7409_p2  |       xor|   0|  0|    2|           1|           1|
    |xor_ln194_199_fu_7431_p2  |       xor|   0|  0|    2|           1|           1|
    |xor_ln194_19_fu_3291_p2   |       xor|   0|  0|    2|           1|           1|
    |xor_ln194_1_fu_2877_p2    |       xor|   0|  0|    2|           1|           1|
    |xor_ln194_200_fu_7455_p2  |       xor|   0|  0|    2|           1|           1|
    |xor_ln194_201_fu_7477_p2  |       xor|   0|  0|    2|           1|           1|
    |xor_ln194_202_fu_7501_p2  |       xor|   0|  0|    2|           1|           1|
    |xor_ln194_203_fu_7523_p2  |       xor|   0|  0|    2|           1|           1|
    |xor_ln194_204_fu_7547_p2  |       xor|   0|  0|    2|           1|           1|
    |xor_ln194_205_fu_7569_p2  |       xor|   0|  0|    2|           1|           1|
    |xor_ln194_206_fu_7593_p2  |       xor|   0|  0|    2|           1|           1|
    |xor_ln194_207_fu_7615_p2  |       xor|   0|  0|    2|           1|           1|
    |xor_ln194_208_fu_7639_p2  |       xor|   0|  0|    2|           1|           1|
    |xor_ln194_209_fu_7661_p2  |       xor|   0|  0|    2|           1|           1|
    |xor_ln194_20_fu_3315_p2   |       xor|   0|  0|    2|           1|           1|
    |xor_ln194_210_fu_7685_p2  |       xor|   0|  0|    2|           1|           1|
    |xor_ln194_211_fu_7707_p2  |       xor|   0|  0|    2|           1|           1|
    |xor_ln194_212_fu_7731_p2  |       xor|   0|  0|    2|           1|           1|
    |xor_ln194_213_fu_7753_p2  |       xor|   0|  0|    2|           1|           1|
    |xor_ln194_214_fu_7777_p2  |       xor|   0|  0|    2|           1|           1|
    |xor_ln194_215_fu_7799_p2  |       xor|   0|  0|    2|           1|           1|
    |xor_ln194_216_fu_7823_p2  |       xor|   0|  0|    2|           1|           1|
    |xor_ln194_217_fu_7845_p2  |       xor|   0|  0|    2|           1|           1|
    |xor_ln194_218_fu_7869_p2  |       xor|   0|  0|    2|           1|           1|
    |xor_ln194_219_fu_7891_p2  |       xor|   0|  0|    2|           1|           1|
    |xor_ln194_21_fu_3337_p2   |       xor|   0|  0|    2|           1|           1|
    |xor_ln194_220_fu_7915_p2  |       xor|   0|  0|    2|           1|           1|
    |xor_ln194_221_fu_7937_p2  |       xor|   0|  0|    2|           1|           1|
    |xor_ln194_222_fu_7961_p2  |       xor|   0|  0|    2|           1|           1|
    |xor_ln194_223_fu_7983_p2  |       xor|   0|  0|    2|           1|           1|
    |xor_ln194_224_fu_8007_p2  |       xor|   0|  0|    2|           1|           1|
    |xor_ln194_225_fu_8029_p2  |       xor|   0|  0|    2|           1|           1|
    |xor_ln194_226_fu_8053_p2  |       xor|   0|  0|    2|           1|           1|
    |xor_ln194_227_fu_8075_p2  |       xor|   0|  0|    2|           1|           1|
    |xor_ln194_228_fu_8099_p2  |       xor|   0|  0|    2|           1|           1|
    |xor_ln194_229_fu_8121_p2  |       xor|   0|  0|    2|           1|           1|
    |xor_ln194_22_fu_3361_p2   |       xor|   0|  0|    2|           1|           1|
    |xor_ln194_230_fu_8145_p2  |       xor|   0|  0|    2|           1|           1|
    |xor_ln194_231_fu_8167_p2  |       xor|   0|  0|    2|           1|           1|
    |xor_ln194_232_fu_8191_p2  |       xor|   0|  0|    2|           1|           1|
    |xor_ln194_233_fu_8213_p2  |       xor|   0|  0|    2|           1|           1|
    |xor_ln194_234_fu_8237_p2  |       xor|   0|  0|    2|           1|           1|
    |xor_ln194_235_fu_8259_p2  |       xor|   0|  0|    2|           1|           1|
    |xor_ln194_236_fu_8283_p2  |       xor|   0|  0|    2|           1|           1|
    |xor_ln194_237_fu_8305_p2  |       xor|   0|  0|    2|           1|           1|
    |xor_ln194_238_fu_8329_p2  |       xor|   0|  0|    2|           1|           1|
    |xor_ln194_239_fu_8351_p2  |       xor|   0|  0|    2|           1|           1|
    |xor_ln194_23_fu_3383_p2   |       xor|   0|  0|    2|           1|           1|
    |xor_ln194_240_fu_8375_p2  |       xor|   0|  0|    2|           1|           1|
    |xor_ln194_241_fu_8397_p2  |       xor|   0|  0|    2|           1|           1|
    |xor_ln194_242_fu_8421_p2  |       xor|   0|  0|    2|           1|           1|
    |xor_ln194_243_fu_8443_p2  |       xor|   0|  0|    2|           1|           1|
    |xor_ln194_244_fu_8467_p2  |       xor|   0|  0|    2|           1|           1|
    |xor_ln194_245_fu_8489_p2  |       xor|   0|  0|    2|           1|           1|
    |xor_ln194_246_fu_8513_p2  |       xor|   0|  0|    2|           1|           1|
    |xor_ln194_247_fu_8535_p2  |       xor|   0|  0|    2|           1|           1|
    |xor_ln194_248_fu_8559_p2  |       xor|   0|  0|    2|           1|           1|
    |xor_ln194_249_fu_8581_p2  |       xor|   0|  0|    2|           1|           1|
    |xor_ln194_24_fu_3407_p2   |       xor|   0|  0|    2|           1|           1|
    |xor_ln194_250_fu_8605_p2  |       xor|   0|  0|    2|           1|           1|
    |xor_ln194_251_fu_8627_p2  |       xor|   0|  0|    2|           1|           1|
    |xor_ln194_252_fu_8651_p2  |       xor|   0|  0|    2|           1|           1|
    |xor_ln194_25_fu_3429_p2   |       xor|   0|  0|    2|           1|           1|
    |xor_ln194_26_fu_3453_p2   |       xor|   0|  0|    2|           1|           1|
    |xor_ln194_27_fu_3475_p2   |       xor|   0|  0|    2|           1|           1|
    |xor_ln194_28_fu_3499_p2   |       xor|   0|  0|    2|           1|           1|
    |xor_ln194_29_fu_3521_p2   |       xor|   0|  0|    2|           1|           1|
    |xor_ln194_2_fu_2901_p2    |       xor|   0|  0|    2|           1|           1|
    |xor_ln194_30_fu_3545_p2   |       xor|   0|  0|    2|           1|           1|
    |xor_ln194_31_fu_3567_p2   |       xor|   0|  0|    2|           1|           1|
    |xor_ln194_32_fu_3591_p2   |       xor|   0|  0|    2|           1|           1|
    |xor_ln194_33_fu_3613_p2   |       xor|   0|  0|    2|           1|           1|
    |xor_ln194_34_fu_3637_p2   |       xor|   0|  0|    2|           1|           1|
    |xor_ln194_35_fu_3659_p2   |       xor|   0|  0|    2|           1|           1|
    |xor_ln194_36_fu_3683_p2   |       xor|   0|  0|    2|           1|           1|
    |xor_ln194_37_fu_3705_p2   |       xor|   0|  0|    2|           1|           1|
    |xor_ln194_38_fu_3729_p2   |       xor|   0|  0|    2|           1|           1|
    |xor_ln194_39_fu_3751_p2   |       xor|   0|  0|    2|           1|           1|
    |xor_ln194_3_fu_2923_p2    |       xor|   0|  0|    2|           1|           1|
    |xor_ln194_40_fu_3775_p2   |       xor|   0|  0|    2|           1|           1|
    |xor_ln194_41_fu_3797_p2   |       xor|   0|  0|    2|           1|           1|
    |xor_ln194_42_fu_3821_p2   |       xor|   0|  0|    2|           1|           1|
    |xor_ln194_43_fu_3843_p2   |       xor|   0|  0|    2|           1|           1|
    |xor_ln194_44_fu_3867_p2   |       xor|   0|  0|    2|           1|           1|
    |xor_ln194_45_fu_3889_p2   |       xor|   0|  0|    2|           1|           1|
    |xor_ln194_46_fu_3913_p2   |       xor|   0|  0|    2|           1|           1|
    |xor_ln194_47_fu_3935_p2   |       xor|   0|  0|    2|           1|           1|
    |xor_ln194_48_fu_3959_p2   |       xor|   0|  0|    2|           1|           1|
    |xor_ln194_49_fu_3981_p2   |       xor|   0|  0|    2|           1|           1|
    |xor_ln194_4_fu_2947_p2    |       xor|   0|  0|    2|           1|           1|
    |xor_ln194_50_fu_4005_p2   |       xor|   0|  0|    2|           1|           1|
    |xor_ln194_51_fu_4027_p2   |       xor|   0|  0|    2|           1|           1|
    |xor_ln194_52_fu_4051_p2   |       xor|   0|  0|    2|           1|           1|
    |xor_ln194_53_fu_4073_p2   |       xor|   0|  0|    2|           1|           1|
    |xor_ln194_54_fu_4097_p2   |       xor|   0|  0|    2|           1|           1|
    |xor_ln194_55_fu_4119_p2   |       xor|   0|  0|    2|           1|           1|
    |xor_ln194_56_fu_4143_p2   |       xor|   0|  0|    2|           1|           1|
    |xor_ln194_57_fu_4165_p2   |       xor|   0|  0|    2|           1|           1|
    |xor_ln194_58_fu_4189_p2   |       xor|   0|  0|    2|           1|           1|
    |xor_ln194_59_fu_4211_p2   |       xor|   0|  0|    2|           1|           1|
    |xor_ln194_5_fu_2969_p2    |       xor|   0|  0|    2|           1|           1|
    |xor_ln194_60_fu_4235_p2   |       xor|   0|  0|    2|           1|           1|
    |xor_ln194_61_fu_4257_p2   |       xor|   0|  0|    2|           1|           1|
    |xor_ln194_62_fu_4281_p2   |       xor|   0|  0|    2|           1|           1|
    |xor_ln194_63_fu_4303_p2   |       xor|   0|  0|    2|           1|           1|
    |xor_ln194_64_fu_4327_p2   |       xor|   0|  0|    2|           1|           1|
    |xor_ln194_65_fu_4349_p2   |       xor|   0|  0|    2|           1|           1|
    |xor_ln194_66_fu_4373_p2   |       xor|   0|  0|    2|           1|           1|
    |xor_ln194_67_fu_4395_p2   |       xor|   0|  0|    2|           1|           1|
    |xor_ln194_68_fu_4419_p2   |       xor|   0|  0|    2|           1|           1|
    |xor_ln194_69_fu_4441_p2   |       xor|   0|  0|    2|           1|           1|
    |xor_ln194_6_fu_2993_p2    |       xor|   0|  0|    2|           1|           1|
    |xor_ln194_70_fu_4465_p2   |       xor|   0|  0|    2|           1|           1|
    |xor_ln194_71_fu_4487_p2   |       xor|   0|  0|    2|           1|           1|
    |xor_ln194_72_fu_4511_p2   |       xor|   0|  0|    2|           1|           1|
    |xor_ln194_73_fu_4533_p2   |       xor|   0|  0|    2|           1|           1|
    |xor_ln194_74_fu_4557_p2   |       xor|   0|  0|    2|           1|           1|
    |xor_ln194_75_fu_4579_p2   |       xor|   0|  0|    2|           1|           1|
    |xor_ln194_76_fu_4603_p2   |       xor|   0|  0|    2|           1|           1|
    |xor_ln194_77_fu_4625_p2   |       xor|   0|  0|    2|           1|           1|
    |xor_ln194_78_fu_4649_p2   |       xor|   0|  0|    2|           1|           1|
    |xor_ln194_79_fu_4671_p2   |       xor|   0|  0|    2|           1|           1|
    |xor_ln194_7_fu_3015_p2    |       xor|   0|  0|    2|           1|           1|
    |xor_ln194_80_fu_4695_p2   |       xor|   0|  0|    2|           1|           1|
    |xor_ln194_81_fu_4717_p2   |       xor|   0|  0|    2|           1|           1|
    |xor_ln194_82_fu_4741_p2   |       xor|   0|  0|    2|           1|           1|
    |xor_ln194_83_fu_4763_p2   |       xor|   0|  0|    2|           1|           1|
    |xor_ln194_84_fu_4787_p2   |       xor|   0|  0|    2|           1|           1|
    |xor_ln194_85_fu_4809_p2   |       xor|   0|  0|    2|           1|           1|
    |xor_ln194_86_fu_4833_p2   |       xor|   0|  0|    2|           1|           1|
    |xor_ln194_87_fu_4855_p2   |       xor|   0|  0|    2|           1|           1|
    |xor_ln194_88_fu_4879_p2   |       xor|   0|  0|    2|           1|           1|
    |xor_ln194_89_fu_4901_p2   |       xor|   0|  0|    2|           1|           1|
    |xor_ln194_8_fu_3039_p2    |       xor|   0|  0|    2|           1|           1|
    |xor_ln194_90_fu_4925_p2   |       xor|   0|  0|    2|           1|           1|
    |xor_ln194_91_fu_4947_p2   |       xor|   0|  0|    2|           1|           1|
    |xor_ln194_92_fu_4971_p2   |       xor|   0|  0|    2|           1|           1|
    |xor_ln194_93_fu_4993_p2   |       xor|   0|  0|    2|           1|           1|
    |xor_ln194_94_fu_5017_p2   |       xor|   0|  0|    2|           1|           1|
    |xor_ln194_95_fu_5039_p2   |       xor|   0|  0|    2|           1|           1|
    |xor_ln194_96_fu_5063_p2   |       xor|   0|  0|    2|           1|           1|
    |xor_ln194_97_fu_5085_p2   |       xor|   0|  0|    2|           1|           1|
    |xor_ln194_98_fu_5109_p2   |       xor|   0|  0|    2|           1|           1|
    |xor_ln194_99_fu_5131_p2   |       xor|   0|  0|    2|           1|           1|
    |xor_ln194_9_fu_3061_p2    |       xor|   0|  0|    2|           1|           1|
    |xor_ln194_fu_2849_p2      |       xor|   0|  0|    2|           1|           1|
    +--------------------------+----------+----+---+-----+------------+------------+
    |Total                     |          |   0|  0|37383|       21713|       33413|
    +--------------------------+----------+----+---+-----+------------+------------+

    * Multiplexer: 
    +-----------+-----+-----------+-----+-----------+
    |    Name   | LUT | Input Size| Bits| Total Bits|
    +-----------+-----+-----------+-----+-----------+
    |ap_NS_fsm  |  683|        130|    1|        130|
    |ap_return  |    9|          2|   40|         80|
    +-----------+-----+-----------+-----+-----------+
    |Total      |  692|        132|   41|        210|
    +-----------+-----+-----------+-----+-----------+

    * Register: 
    +-----------------------+-----+----+-----+-----------+
    |          Name         |  FF | LUT| Bits| Const Bits|
    +-----------------------+-----+----+-----+-----------+
    |add_ln183_11_reg_9312  |   40|   0|   40|          0|
    |add_ln183_13_reg_9317  |   40|   0|   40|          0|
    |add_ln183_15_reg_9322  |   40|   0|   40|          0|
    |add_ln183_18_reg_9327  |   40|   0|   40|          0|
    |add_ln183_21_reg_9332  |   40|   0|   40|          0|
    |add_ln183_2_reg_9297   |   40|   0|   40|          0|
    |add_ln183_4_reg_9302   |   40|   0|   40|          0|
    |add_ln183_7_reg_9307   |   40|   0|   40|          0|
    |ap_CS_fsm              |  129|   0|  129|          0|
    |ap_return_preg         |   40|   0|   40|          0|
    |e_101_reg_9434         |   40|   0|   40|          0|
    |e_107_reg_9440         |   40|   0|   40|          0|
    |e_113_reg_9446         |   40|   0|   40|          0|
    |e_119_reg_9452         |   40|   0|   40|          0|
    |e_11_reg_9344          |   40|   0|   40|          0|
    |e_125_reg_9458         |   40|   0|   40|          0|
    |e_131_reg_9464         |   40|   0|   40|          0|
    |e_137_reg_9470         |   40|   0|   40|          0|
    |e_143_reg_9476         |   40|   0|   40|          0|
    |e_149_reg_9482         |   40|   0|   40|          0|
    |e_155_reg_9488         |   40|   0|   40|          0|
    |e_161_reg_9494         |   40|   0|   40|          0|
    |e_167_reg_9500         |   40|   0|   40|          0|
    |e_173_reg_9506         |   40|   0|   40|          0|
    |e_179_reg_9512         |   40|   0|   40|          0|
    |e_17_reg_9350          |   40|   0|   40|          0|
    |e_185_reg_9518         |   40|   0|   40|          0|
    |e_191_reg_9524         |   40|   0|   40|          0|
    |e_197_reg_9530         |   40|   0|   40|          0|
    |e_203_reg_9536         |   40|   0|   40|          0|
    |e_209_reg_9542         |   40|   0|   40|          0|
    |e_215_reg_9548         |   40|   0|   40|          0|
    |e_221_reg_9554         |   40|   0|   40|          0|
    |e_227_reg_9560         |   40|   0|   40|          0|
    |e_233_reg_9566         |   40|   0|   40|          0|
    |e_239_reg_9572         |   40|   0|   40|          0|
    |e_23_reg_9356          |   40|   0|   40|          0|
    |e_245_reg_9578         |   40|   0|   40|          0|
    |e_251_reg_9584         |   40|   0|   40|          0|
    |e_257_reg_9590         |   40|   0|   40|          0|
    |e_263_reg_9596         |   40|   0|   40|          0|
    |e_269_reg_9602         |   40|   0|   40|          0|
    |e_275_reg_9608         |   40|   0|   40|          0|
    |e_281_reg_9614         |   40|   0|   40|          0|
    |e_287_reg_9620         |   40|   0|   40|          0|
    |e_293_reg_9626         |   40|   0|   40|          0|
    |e_299_reg_9632         |   40|   0|   40|          0|
    |e_29_reg_9362          |   40|   0|   40|          0|
    |e_305_reg_9638         |   40|   0|   40|          0|
    |e_311_reg_9644         |   40|   0|   40|          0|
    |e_317_reg_9650         |   40|   0|   40|          0|
    |e_323_reg_9656         |   40|   0|   40|          0|
    |e_329_reg_9662         |   40|   0|   40|          0|
    |e_335_reg_9668         |   40|   0|   40|          0|
    |e_341_reg_9674         |   40|   0|   40|          0|
    |e_347_reg_9680         |   40|   0|   40|          0|
    |e_353_reg_9686         |   40|   0|   40|          0|
    |e_359_reg_9692         |   40|   0|   40|          0|
    |e_35_reg_9368          |   40|   0|   40|          0|
    |e_365_reg_9698         |   40|   0|   40|          0|
    |e_371_reg_9704         |   40|   0|   40|          0|
    |e_377_reg_9710         |   40|   0|   40|          0|
    |e_383_reg_9716         |   40|   0|   40|          0|
    |e_389_reg_9722         |   40|   0|   40|          0|
    |e_395_reg_9728         |   40|   0|   40|          0|
    |e_401_reg_9734         |   40|   0|   40|          0|
    |e_407_reg_9740         |   40|   0|   40|          0|
    |e_413_reg_9746         |   40|   0|   40|          0|
    |e_419_reg_9752         |   40|   0|   40|          0|
    |e_41_reg_9374          |   40|   0|   40|          0|
    |e_425_reg_9758         |   40|   0|   40|          0|
    |e_431_reg_9764         |   40|   0|   40|          0|
    |e_437_reg_9770         |   40|   0|   40|          0|
    |e_443_reg_9776         |   40|   0|   40|          0|
    |e_449_reg_9782         |   40|   0|   40|          0|
    |e_455_reg_9788         |   40|   0|   40|          0|
    |e_461_reg_9794         |   40|   0|   40|          0|
    |e_467_reg_9800         |   40|   0|   40|          0|
    |e_473_reg_9806         |   40|   0|   40|          0|
    |e_479_reg_9812         |   40|   0|   40|          0|
    |e_47_reg_9380          |   40|   0|   40|          0|
    |e_485_reg_9818         |   40|   0|   40|          0|
    |e_491_reg_9824         |   40|   0|   40|          0|
    |e_497_reg_9830         |   40|   0|   40|          0|
    |e_503_reg_9836         |   40|   0|   40|          0|
    |e_509_reg_9842         |   40|   0|   40|          0|
    |e_515_reg_9848         |   40|   0|   40|          0|
    |e_521_reg_9854         |   40|   0|   40|          0|
    |e_527_reg_9860         |   40|   0|   40|          0|
    |e_533_reg_9866         |   40|   0|   40|          0|
    |e_539_reg_9872         |   40|   0|   40|          0|
    |e_53_reg_9386          |   40|   0|   40|          0|
    |e_545_reg_9878         |   40|   0|   40|          0|
    |e_551_reg_9884         |   40|   0|   40|          0|
    |e_557_reg_9890         |   40|   0|   40|          0|
    |e_563_reg_9896         |   40|   0|   40|          0|
    |e_569_reg_9902         |   40|   0|   40|          0|
    |e_575_reg_9908         |   40|   0|   40|          0|
    |e_581_reg_9914         |   40|   0|   40|          0|
    |e_587_reg_9920         |   40|   0|   40|          0|
    |e_593_reg_9926         |   40|   0|   40|          0|
    |e_599_reg_9932         |   40|   0|   40|          0|
    |e_59_reg_9392          |   40|   0|   40|          0|
    |e_5_reg_9338           |   40|   0|   40|          0|
    |e_605_reg_9938         |   40|   0|   40|          0|
    |e_611_reg_9944         |   40|   0|   40|          0|
    |e_617_reg_9950         |   40|   0|   40|          0|
    |e_623_reg_9956         |   40|   0|   40|          0|
    |e_629_reg_9962         |   40|   0|   40|          0|
    |e_635_reg_9968         |   40|   0|   40|          0|
    |e_641_reg_9974         |   40|   0|   40|          0|
    |e_647_reg_9980         |   40|   0|   40|          0|
    |e_653_reg_9986         |   40|   0|   40|          0|
    |e_659_reg_9992         |   40|   0|   40|          0|
    |e_65_reg_9398          |   40|   0|   40|          0|
    |e_665_reg_9998         |   40|   0|   40|          0|
    |e_671_reg_10004        |   40|   0|   40|          0|
    |e_677_reg_10010        |   40|   0|   40|          0|
    |e_683_reg_10016        |   40|   0|   40|          0|
    |e_689_reg_10022        |   40|   0|   40|          0|
    |e_695_reg_10028        |   40|   0|   40|          0|
    |e_701_reg_10034        |   40|   0|   40|          0|
    |e_707_reg_10040        |   40|   0|   40|          0|
    |e_713_reg_10046        |   40|   0|   40|          0|
    |e_719_reg_10052        |   40|   0|   40|          0|
    |e_71_reg_9404          |   40|   0|   40|          0|
    |e_725_reg_10058        |   40|   0|   40|          0|
    |e_731_reg_10064        |   40|   0|   40|          0|
    |e_737_reg_10070        |   40|   0|   40|          0|
    |e_743_reg_10076        |   40|   0|   40|          0|
    |e_749_reg_10082        |   40|   0|   40|          0|
    |e_755_reg_10088        |   40|   0|   40|          0|
    |e_77_reg_9410          |   40|   0|   40|          0|
    |e_83_reg_9416          |   40|   0|   40|          0|
    |e_89_reg_9422          |   40|   0|   40|          0|
    |e_95_reg_9428          |   40|   0|   40|          0|
    |term_17_reg_9282       |   40|   0|   40|          0|
    |term_20_reg_9287       |   40|   0|   40|          0|
    |term_21_reg_9292       |   40|   0|   40|          0|
    |term_7_reg_9277        |   40|   0|   40|          0|
    +-----------------------+-----+----+-----+-----------+
    |Total                  | 5689|   0| 5689|          0|
    +-----------------------+-----+----+-----+-----------+



================================================================
== Interface
================================================================
* Summary: 
+-------------+-----+-----+------------+----------------------+--------------+
|  RTL Ports  | Dir | Bits|  Protocol  |     Source Object    |    C Type    |
+-------------+-----+-----+------------+----------------------+--------------+
|ap_clk       |   in|    1|  ap_ctrl_hs|  uniform_delta_energy|  return value|
|ap_rst       |   in|    1|  ap_ctrl_hs|  uniform_delta_energy|  return value|
|ap_start     |   in|    1|  ap_ctrl_hs|  uniform_delta_energy|  return value|
|ap_done      |  out|    1|  ap_ctrl_hs|  uniform_delta_energy|  return value|
|ap_idle      |  out|    1|  ap_ctrl_hs|  uniform_delta_energy|  return value|
|ap_ready     |  out|    1|  ap_ctrl_hs|  uniform_delta_energy|  return value|
|ap_return    |  out|   40|  ap_ctrl_hs|  uniform_delta_energy|  return value|
|J_0_1_val    |   in|   40|     ap_none|             J_0_1_val|        scalar|
|J_0_2_val    |   in|   40|     ap_none|             J_0_2_val|        scalar|
|J_0_3_val    |   in|   40|     ap_none|             J_0_3_val|        scalar|
|J_0_4_val    |   in|   40|     ap_none|             J_0_4_val|        scalar|
|J_0_5_val    |   in|   40|     ap_none|             J_0_5_val|        scalar|
|J_0_6_val    |   in|   40|     ap_none|             J_0_6_val|        scalar|
|J_0_7_val    |   in|   40|     ap_none|             J_0_7_val|        scalar|
|J_0_8_val    |   in|   40|     ap_none|             J_0_8_val|        scalar|
|J_0_9_val    |   in|   40|     ap_none|             J_0_9_val|        scalar|
|J_0_10_val   |   in|   40|     ap_none|            J_0_10_val|        scalar|
|J_0_11_val   |   in|   40|     ap_none|            J_0_11_val|        scalar|
|J_0_12_val   |   in|   40|     ap_none|            J_0_12_val|        scalar|
|J_0_13_val   |   in|   40|     ap_none|            J_0_13_val|        scalar|
|J_0_14_val   |   in|   40|     ap_none|            J_0_14_val|        scalar|
|J_0_15_val   |   in|   40|     ap_none|            J_0_15_val|        scalar|
|J_0_16_val   |   in|   40|     ap_none|            J_0_16_val|        scalar|
|J_0_17_val   |   in|   40|     ap_none|            J_0_17_val|        scalar|
|J_0_18_val   |   in|   40|     ap_none|            J_0_18_val|        scalar|
|J_0_19_val   |   in|   40|     ap_none|            J_0_19_val|        scalar|
|J_0_20_val   |   in|   40|     ap_none|            J_0_20_val|        scalar|
|J_0_21_val   |   in|   40|     ap_none|            J_0_21_val|        scalar|
|J_0_22_val   |   in|   40|     ap_none|            J_0_22_val|        scalar|
|J_1_2_val    |   in|   40|     ap_none|             J_1_2_val|        scalar|
|J_1_3_val    |   in|   40|     ap_none|             J_1_3_val|        scalar|
|J_1_4_val    |   in|   40|     ap_none|             J_1_4_val|        scalar|
|J_1_5_val    |   in|   40|     ap_none|             J_1_5_val|        scalar|
|J_1_6_val    |   in|   40|     ap_none|             J_1_6_val|        scalar|
|J_1_7_val    |   in|   40|     ap_none|             J_1_7_val|        scalar|
|J_1_8_val    |   in|   40|     ap_none|             J_1_8_val|        scalar|
|J_1_9_val    |   in|   40|     ap_none|             J_1_9_val|        scalar|
|J_1_10_val   |   in|   40|     ap_none|            J_1_10_val|        scalar|
|J_1_11_val   |   in|   40|     ap_none|            J_1_11_val|        scalar|
|J_1_12_val   |   in|   40|     ap_none|            J_1_12_val|        scalar|
|J_1_13_val   |   in|   40|     ap_none|            J_1_13_val|        scalar|
|J_1_14_val   |   in|   40|     ap_none|            J_1_14_val|        scalar|
|J_1_15_val   |   in|   40|     ap_none|            J_1_15_val|        scalar|
|J_1_16_val   |   in|   40|     ap_none|            J_1_16_val|        scalar|
|J_1_17_val   |   in|   40|     ap_none|            J_1_17_val|        scalar|
|J_1_18_val   |   in|   40|     ap_none|            J_1_18_val|        scalar|
|J_1_19_val   |   in|   40|     ap_none|            J_1_19_val|        scalar|
|J_1_20_val   |   in|   40|     ap_none|            J_1_20_val|        scalar|
|J_1_21_val   |   in|   40|     ap_none|            J_1_21_val|        scalar|
|J_1_22_val   |   in|   40|     ap_none|            J_1_22_val|        scalar|
|J_2_3_val    |   in|   40|     ap_none|             J_2_3_val|        scalar|
|J_2_4_val    |   in|   40|     ap_none|             J_2_4_val|        scalar|
|J_2_5_val    |   in|   40|     ap_none|             J_2_5_val|        scalar|
|J_2_6_val    |   in|   40|     ap_none|             J_2_6_val|        scalar|
|J_2_7_val    |   in|   40|     ap_none|             J_2_7_val|        scalar|
|J_2_8_val    |   in|   40|     ap_none|             J_2_8_val|        scalar|
|J_2_9_val    |   in|   40|     ap_none|             J_2_9_val|        scalar|
|J_2_10_val   |   in|   40|     ap_none|            J_2_10_val|        scalar|
|J_2_11_val   |   in|   40|     ap_none|            J_2_11_val|        scalar|
|J_2_12_val   |   in|   40|     ap_none|            J_2_12_val|        scalar|
|J_2_13_val   |   in|   40|     ap_none|            J_2_13_val|        scalar|
|J_2_14_val   |   in|   40|     ap_none|            J_2_14_val|        scalar|
|J_2_15_val   |   in|   40|     ap_none|            J_2_15_val|        scalar|
|J_2_16_val   |   in|   40|     ap_none|            J_2_16_val|        scalar|
|J_2_17_val   |   in|   40|     ap_none|            J_2_17_val|        scalar|
|J_2_18_val   |   in|   40|     ap_none|            J_2_18_val|        scalar|
|J_2_19_val   |   in|   40|     ap_none|            J_2_19_val|        scalar|
|J_2_20_val   |   in|   40|     ap_none|            J_2_20_val|        scalar|
|J_2_21_val   |   in|   40|     ap_none|            J_2_21_val|        scalar|
|J_2_22_val   |   in|   40|     ap_none|            J_2_22_val|        scalar|
|J_3_4_val    |   in|   40|     ap_none|             J_3_4_val|        scalar|
|J_3_5_val    |   in|   40|     ap_none|             J_3_5_val|        scalar|
|J_3_6_val    |   in|   40|     ap_none|             J_3_6_val|        scalar|
|J_3_7_val    |   in|   40|     ap_none|             J_3_7_val|        scalar|
|J_3_8_val    |   in|   40|     ap_none|             J_3_8_val|        scalar|
|J_3_9_val    |   in|   40|     ap_none|             J_3_9_val|        scalar|
|J_3_10_val   |   in|   40|     ap_none|            J_3_10_val|        scalar|
|J_3_11_val   |   in|   40|     ap_none|            J_3_11_val|        scalar|
|J_3_12_val   |   in|   40|     ap_none|            J_3_12_val|        scalar|
|J_3_13_val   |   in|   40|     ap_none|            J_3_13_val|        scalar|
|J_3_14_val   |   in|   40|     ap_none|            J_3_14_val|        scalar|
|J_3_15_val   |   in|   40|     ap_none|            J_3_15_val|        scalar|
|J_3_16_val   |   in|   40|     ap_none|            J_3_16_val|        scalar|
|J_3_17_val   |   in|   40|     ap_none|            J_3_17_val|        scalar|
|J_3_18_val   |   in|   40|     ap_none|            J_3_18_val|        scalar|
|J_3_19_val   |   in|   40|     ap_none|            J_3_19_val|        scalar|
|J_3_20_val   |   in|   40|     ap_none|            J_3_20_val|        scalar|
|J_3_21_val   |   in|   40|     ap_none|            J_3_21_val|        scalar|
|J_3_22_val   |   in|   40|     ap_none|            J_3_22_val|        scalar|
|J_4_5_val    |   in|   40|     ap_none|             J_4_5_val|        scalar|
|J_4_6_val    |   in|   40|     ap_none|             J_4_6_val|        scalar|
|J_4_7_val    |   in|   40|     ap_none|             J_4_7_val|        scalar|
|J_4_8_val    |   in|   40|     ap_none|             J_4_8_val|        scalar|
|J_4_9_val    |   in|   40|     ap_none|             J_4_9_val|        scalar|
|J_4_10_val   |   in|   40|     ap_none|            J_4_10_val|        scalar|
|J_4_11_val   |   in|   40|     ap_none|            J_4_11_val|        scalar|
|J_4_12_val   |   in|   40|     ap_none|            J_4_12_val|        scalar|
|J_4_13_val   |   in|   40|     ap_none|            J_4_13_val|        scalar|
|J_4_14_val   |   in|   40|     ap_none|            J_4_14_val|        scalar|
|J_4_15_val   |   in|   40|     ap_none|            J_4_15_val|        scalar|
|J_4_16_val   |   in|   40|     ap_none|            J_4_16_val|        scalar|
|J_4_17_val   |   in|   40|     ap_none|            J_4_17_val|        scalar|
|J_4_18_val   |   in|   40|     ap_none|            J_4_18_val|        scalar|
|J_4_19_val   |   in|   40|     ap_none|            J_4_19_val|        scalar|
|J_4_20_val   |   in|   40|     ap_none|            J_4_20_val|        scalar|
|J_4_21_val   |   in|   40|     ap_none|            J_4_21_val|        scalar|
|J_4_22_val   |   in|   40|     ap_none|            J_4_22_val|        scalar|
|J_5_6_val    |   in|   40|     ap_none|             J_5_6_val|        scalar|
|J_5_7_val    |   in|   40|     ap_none|             J_5_7_val|        scalar|
|J_5_8_val    |   in|   40|     ap_none|             J_5_8_val|        scalar|
|J_5_9_val    |   in|   40|     ap_none|             J_5_9_val|        scalar|
|J_5_10_val   |   in|   40|     ap_none|            J_5_10_val|        scalar|
|J_5_11_val   |   in|   40|     ap_none|            J_5_11_val|        scalar|
|J_5_12_val   |   in|   40|     ap_none|            J_5_12_val|        scalar|
|J_5_13_val   |   in|   40|     ap_none|            J_5_13_val|        scalar|
|J_5_14_val   |   in|   40|     ap_none|            J_5_14_val|        scalar|
|J_5_15_val   |   in|   40|     ap_none|            J_5_15_val|        scalar|
|J_5_16_val   |   in|   40|     ap_none|            J_5_16_val|        scalar|
|J_5_17_val   |   in|   40|     ap_none|            J_5_17_val|        scalar|
|J_5_18_val   |   in|   40|     ap_none|            J_5_18_val|        scalar|
|J_5_19_val   |   in|   40|     ap_none|            J_5_19_val|        scalar|
|J_5_20_val   |   in|   40|     ap_none|            J_5_20_val|        scalar|
|J_5_21_val   |   in|   40|     ap_none|            J_5_21_val|        scalar|
|J_5_22_val   |   in|   40|     ap_none|            J_5_22_val|        scalar|
|J_6_7_val    |   in|   40|     ap_none|             J_6_7_val|        scalar|
|J_6_8_val    |   in|   40|     ap_none|             J_6_8_val|        scalar|
|J_6_9_val    |   in|   40|     ap_none|             J_6_9_val|        scalar|
|J_6_10_val   |   in|   40|     ap_none|            J_6_10_val|        scalar|
|J_6_11_val   |   in|   40|     ap_none|            J_6_11_val|        scalar|
|J_6_12_val   |   in|   40|     ap_none|            J_6_12_val|        scalar|
|J_6_13_val   |   in|   40|     ap_none|            J_6_13_val|        scalar|
|J_6_14_val   |   in|   40|     ap_none|            J_6_14_val|        scalar|
|J_6_15_val   |   in|   40|     ap_none|            J_6_15_val|        scalar|
|J_6_16_val   |   in|   40|     ap_none|            J_6_16_val|        scalar|
|J_6_17_val   |   in|   40|     ap_none|            J_6_17_val|        scalar|
|J_6_18_val   |   in|   40|     ap_none|            J_6_18_val|        scalar|
|J_6_19_val   |   in|   40|     ap_none|            J_6_19_val|        scalar|
|J_6_20_val   |   in|   40|     ap_none|            J_6_20_val|        scalar|
|J_6_21_val   |   in|   40|     ap_none|            J_6_21_val|        scalar|
|J_6_22_val   |   in|   40|     ap_none|            J_6_22_val|        scalar|
|J_7_8_val    |   in|   40|     ap_none|             J_7_8_val|        scalar|
|J_7_9_val    |   in|   40|     ap_none|             J_7_9_val|        scalar|
|J_7_10_val   |   in|   40|     ap_none|            J_7_10_val|        scalar|
|J_7_11_val   |   in|   40|     ap_none|            J_7_11_val|        scalar|
|J_7_12_val   |   in|   40|     ap_none|            J_7_12_val|        scalar|
|J_7_13_val   |   in|   40|     ap_none|            J_7_13_val|        scalar|
|J_7_14_val   |   in|   40|     ap_none|            J_7_14_val|        scalar|
|J_7_15_val   |   in|   40|     ap_none|            J_7_15_val|        scalar|
|J_7_16_val   |   in|   40|     ap_none|            J_7_16_val|        scalar|
|J_7_17_val   |   in|   40|     ap_none|            J_7_17_val|        scalar|
|J_7_18_val   |   in|   40|     ap_none|            J_7_18_val|        scalar|
|J_7_19_val   |   in|   40|     ap_none|            J_7_19_val|        scalar|
|J_7_20_val   |   in|   40|     ap_none|            J_7_20_val|        scalar|
|J_7_21_val   |   in|   40|     ap_none|            J_7_21_val|        scalar|
|J_7_22_val   |   in|   40|     ap_none|            J_7_22_val|        scalar|
|J_8_9_val    |   in|   40|     ap_none|             J_8_9_val|        scalar|
|J_8_10_val   |   in|   40|     ap_none|            J_8_10_val|        scalar|
|J_8_11_val   |   in|   40|     ap_none|            J_8_11_val|        scalar|
|J_8_12_val   |   in|   40|     ap_none|            J_8_12_val|        scalar|
|J_8_13_val   |   in|   40|     ap_none|            J_8_13_val|        scalar|
|J_8_14_val   |   in|   40|     ap_none|            J_8_14_val|        scalar|
|J_8_15_val   |   in|   40|     ap_none|            J_8_15_val|        scalar|
|J_8_16_val   |   in|   40|     ap_none|            J_8_16_val|        scalar|
|J_8_17_val   |   in|   40|     ap_none|            J_8_17_val|        scalar|
|J_8_18_val   |   in|   40|     ap_none|            J_8_18_val|        scalar|
|J_8_19_val   |   in|   40|     ap_none|            J_8_19_val|        scalar|
|J_8_20_val   |   in|   40|     ap_none|            J_8_20_val|        scalar|
|J_8_21_val   |   in|   40|     ap_none|            J_8_21_val|        scalar|
|J_8_22_val   |   in|   40|     ap_none|            J_8_22_val|        scalar|
|J_9_10_val   |   in|   40|     ap_none|            J_9_10_val|        scalar|
|J_9_11_val   |   in|   40|     ap_none|            J_9_11_val|        scalar|
|J_9_12_val   |   in|   40|     ap_none|            J_9_12_val|        scalar|
|J_9_13_val   |   in|   40|     ap_none|            J_9_13_val|        scalar|
|J_9_14_val   |   in|   40|     ap_none|            J_9_14_val|        scalar|
|J_9_15_val   |   in|   40|     ap_none|            J_9_15_val|        scalar|
|J_9_16_val   |   in|   40|     ap_none|            J_9_16_val|        scalar|
|J_9_17_val   |   in|   40|     ap_none|            J_9_17_val|        scalar|
|J_9_18_val   |   in|   40|     ap_none|            J_9_18_val|        scalar|
|J_9_19_val   |   in|   40|     ap_none|            J_9_19_val|        scalar|
|J_9_20_val   |   in|   40|     ap_none|            J_9_20_val|        scalar|
|J_9_21_val   |   in|   40|     ap_none|            J_9_21_val|        scalar|
|J_9_22_val   |   in|   40|     ap_none|            J_9_22_val|        scalar|
|J_10_11_val  |   in|   40|     ap_none|           J_10_11_val|        scalar|
|J_10_12_val  |   in|   40|     ap_none|           J_10_12_val|        scalar|
|J_10_13_val  |   in|   40|     ap_none|           J_10_13_val|        scalar|
|J_10_14_val  |   in|   40|     ap_none|           J_10_14_val|        scalar|
|J_10_15_val  |   in|   40|     ap_none|           J_10_15_val|        scalar|
|J_10_16_val  |   in|   40|     ap_none|           J_10_16_val|        scalar|
|J_10_17_val  |   in|   40|     ap_none|           J_10_17_val|        scalar|
|J_10_18_val  |   in|   40|     ap_none|           J_10_18_val|        scalar|
|J_10_19_val  |   in|   40|     ap_none|           J_10_19_val|        scalar|
|J_10_20_val  |   in|   40|     ap_none|           J_10_20_val|        scalar|
|J_10_21_val  |   in|   40|     ap_none|           J_10_21_val|        scalar|
|J_10_22_val  |   in|   40|     ap_none|           J_10_22_val|        scalar|
|J_11_12_val  |   in|   40|     ap_none|           J_11_12_val|        scalar|
|J_11_13_val  |   in|   40|     ap_none|           J_11_13_val|        scalar|
|J_11_14_val  |   in|   40|     ap_none|           J_11_14_val|        scalar|
|J_11_15_val  |   in|   40|     ap_none|           J_11_15_val|        scalar|
|J_11_16_val  |   in|   40|     ap_none|           J_11_16_val|        scalar|
|J_11_17_val  |   in|   40|     ap_none|           J_11_17_val|        scalar|
|J_11_18_val  |   in|   40|     ap_none|           J_11_18_val|        scalar|
|J_11_19_val  |   in|   40|     ap_none|           J_11_19_val|        scalar|
|J_11_20_val  |   in|   40|     ap_none|           J_11_20_val|        scalar|
|J_11_21_val  |   in|   40|     ap_none|           J_11_21_val|        scalar|
|J_11_22_val  |   in|   40|     ap_none|           J_11_22_val|        scalar|
|J_12_13_val  |   in|   40|     ap_none|           J_12_13_val|        scalar|
|J_12_14_val  |   in|   40|     ap_none|           J_12_14_val|        scalar|
|J_12_15_val  |   in|   40|     ap_none|           J_12_15_val|        scalar|
|J_12_16_val  |   in|   40|     ap_none|           J_12_16_val|        scalar|
|J_12_17_val  |   in|   40|     ap_none|           J_12_17_val|        scalar|
|J_12_18_val  |   in|   40|     ap_none|           J_12_18_val|        scalar|
|J_12_19_val  |   in|   40|     ap_none|           J_12_19_val|        scalar|
|J_12_20_val  |   in|   40|     ap_none|           J_12_20_val|        scalar|
|J_12_21_val  |   in|   40|     ap_none|           J_12_21_val|        scalar|
|J_12_22_val  |   in|   40|     ap_none|           J_12_22_val|        scalar|
|J_13_14_val  |   in|   40|     ap_none|           J_13_14_val|        scalar|
|J_13_15_val  |   in|   40|     ap_none|           J_13_15_val|        scalar|
|J_13_16_val  |   in|   40|     ap_none|           J_13_16_val|        scalar|
|J_13_17_val  |   in|   40|     ap_none|           J_13_17_val|        scalar|
|J_13_18_val  |   in|   40|     ap_none|           J_13_18_val|        scalar|
|J_13_19_val  |   in|   40|     ap_none|           J_13_19_val|        scalar|
|J_13_20_val  |   in|   40|     ap_none|           J_13_20_val|        scalar|
|J_13_21_val  |   in|   40|     ap_none|           J_13_21_val|        scalar|
|J_13_22_val  |   in|   40|     ap_none|           J_13_22_val|        scalar|
|J_14_15_val  |   in|   40|     ap_none|           J_14_15_val|        scalar|
|J_14_16_val  |   in|   40|     ap_none|           J_14_16_val|        scalar|
|J_14_17_val  |   in|   40|     ap_none|           J_14_17_val|        scalar|
|J_14_18_val  |   in|   40|     ap_none|           J_14_18_val|        scalar|
|J_14_19_val  |   in|   40|     ap_none|           J_14_19_val|        scalar|
|J_14_20_val  |   in|   40|     ap_none|           J_14_20_val|        scalar|
|J_14_21_val  |   in|   40|     ap_none|           J_14_21_val|        scalar|
|J_14_22_val  |   in|   40|     ap_none|           J_14_22_val|        scalar|
|J_15_16_val  |   in|   40|     ap_none|           J_15_16_val|        scalar|
|J_15_17_val  |   in|   40|     ap_none|           J_15_17_val|        scalar|
|J_15_18_val  |   in|   40|     ap_none|           J_15_18_val|        scalar|
|J_15_19_val  |   in|   40|     ap_none|           J_15_19_val|        scalar|
|J_15_20_val  |   in|   40|     ap_none|           J_15_20_val|        scalar|
|J_15_21_val  |   in|   40|     ap_none|           J_15_21_val|        scalar|
|J_15_22_val  |   in|   40|     ap_none|           J_15_22_val|        scalar|
|J_16_17_val  |   in|   40|     ap_none|           J_16_17_val|        scalar|
|J_16_18_val  |   in|   40|     ap_none|           J_16_18_val|        scalar|
|J_16_19_val  |   in|   40|     ap_none|           J_16_19_val|        scalar|
|J_16_20_val  |   in|   40|     ap_none|           J_16_20_val|        scalar|
|J_16_21_val  |   in|   40|     ap_none|           J_16_21_val|        scalar|
|J_16_22_val  |   in|   40|     ap_none|           J_16_22_val|        scalar|
|J_17_18_val  |   in|   40|     ap_none|           J_17_18_val|        scalar|
|J_17_19_val  |   in|   40|     ap_none|           J_17_19_val|        scalar|
|J_17_20_val  |   in|   40|     ap_none|           J_17_20_val|        scalar|
|J_17_21_val  |   in|   40|     ap_none|           J_17_21_val|        scalar|
|J_17_22_val  |   in|   40|     ap_none|           J_17_22_val|        scalar|
|J_18_19_val  |   in|   40|     ap_none|           J_18_19_val|        scalar|
|J_18_20_val  |   in|   40|     ap_none|           J_18_20_val|        scalar|
|J_18_21_val  |   in|   40|     ap_none|           J_18_21_val|        scalar|
|J_18_22_val  |   in|   40|     ap_none|           J_18_22_val|        scalar|
|J_19_20_val  |   in|   40|     ap_none|           J_19_20_val|        scalar|
|J_19_21_val  |   in|   40|     ap_none|           J_19_21_val|        scalar|
|J_19_22_val  |   in|   40|     ap_none|           J_19_22_val|        scalar|
|J_20_21_val  |   in|   40|     ap_none|           J_20_21_val|        scalar|
|J_20_22_val  |   in|   40|     ap_none|           J_20_22_val|        scalar|
|J_21_22_val  |   in|   40|     ap_none|           J_21_22_val|        scalar|
|h_0_val      |   in|   40|     ap_none|               h_0_val|        scalar|
|h_1_val      |   in|   40|     ap_none|               h_1_val|        scalar|
|h_2_val      |   in|   40|     ap_none|               h_2_val|        scalar|
|h_3_val      |   in|   40|     ap_none|               h_3_val|        scalar|
|h_4_val      |   in|   40|     ap_none|               h_4_val|        scalar|
|h_5_val      |   in|   40|     ap_none|               h_5_val|        scalar|
|h_6_val      |   in|   40|     ap_none|               h_6_val|        scalar|
|h_7_val      |   in|   40|     ap_none|               h_7_val|        scalar|
|h_8_val      |   in|   40|     ap_none|               h_8_val|        scalar|
|h_9_val      |   in|   40|     ap_none|               h_9_val|        scalar|
|h_10_val     |   in|   40|     ap_none|              h_10_val|        scalar|
|h_11_val     |   in|   40|     ap_none|              h_11_val|        scalar|
|h_12_val     |   in|   40|     ap_none|              h_12_val|        scalar|
|h_13_val     |   in|   40|     ap_none|              h_13_val|        scalar|
|h_14_val     |   in|   40|     ap_none|              h_14_val|        scalar|
|h_15_val     |   in|   40|     ap_none|              h_15_val|        scalar|
|h_16_val     |   in|   40|     ap_none|              h_16_val|        scalar|
|h_17_val     |   in|   40|     ap_none|              h_17_val|        scalar|
|h_18_val     |   in|   40|     ap_none|              h_18_val|        scalar|
|h_19_val     |   in|   40|     ap_none|              h_19_val|        scalar|
|h_20_val     |   in|   40|     ap_none|              h_20_val|        scalar|
|h_21_val     |   in|   40|     ap_none|              h_21_val|        scalar|
|h_22_val     |   in|   40|     ap_none|              h_22_val|        scalar|
|y_0_val      |   in|    1|     ap_none|               y_0_val|        scalar|
|y_1_val      |   in|    1|     ap_none|               y_1_val|        scalar|
|y_2_val      |   in|    1|     ap_none|               y_2_val|        scalar|
|y_3_val      |   in|    1|     ap_none|               y_3_val|        scalar|
|y_4_val      |   in|    1|     ap_none|               y_4_val|        scalar|
|y_5_val      |   in|    1|     ap_none|               y_5_val|        scalar|
|y_6_val      |   in|    1|     ap_none|               y_6_val|        scalar|
|y_7_val      |   in|    1|     ap_none|               y_7_val|        scalar|
|y_8_val      |   in|    1|     ap_none|               y_8_val|        scalar|
|y_9_val      |   in|    1|     ap_none|               y_9_val|        scalar|
|y_10_val     |   in|    1|     ap_none|              y_10_val|        scalar|
|y_11_val     |   in|    1|     ap_none|              y_11_val|        scalar|
|y_12_val     |   in|    1|     ap_none|              y_12_val|        scalar|
|y_13_val     |   in|    1|     ap_none|              y_13_val|        scalar|
|y_14_val     |   in|    1|     ap_none|              y_14_val|        scalar|
|y_15_val     |   in|    1|     ap_none|              y_15_val|        scalar|
|y_16_val     |   in|    1|     ap_none|              y_16_val|        scalar|
|y_17_val     |   in|    1|     ap_none|              y_17_val|        scalar|
|y_18_val     |   in|    1|     ap_none|              y_18_val|        scalar|
|y_19_val     |   in|    1|     ap_none|              y_19_val|        scalar|
|y_20_val     |   in|    1|     ap_none|              y_20_val|        scalar|
|y_21_val     |   in|    1|     ap_none|              y_21_val|        scalar|
|y_22_val     |   in|    1|     ap_none|              y_22_val|        scalar|
|old_energy   |   in|   40|     ap_none|            old_energy|        scalar|
+-------------+-----+-----+------------+----------------------+--------------+

