

================================================================
== Vitis HLS Report for 'local_metropolis_step'
================================================================
* Date:           Tue May 19 20:43:49 2026

* Version:        2025.2 (Build 6295257 on Nov 14 2025)
* Project:        hls_local_metropolis_step_N25
* Solution:       hls (Vivado IP Flow Target)
* Product family: virtexuplus
* Target device:  xcvu19p-fsva3824-2-e


================================================================
== Performance Estimates
================================================================
+ Timing: 
    * Summary: 
    +--------+---------+----------+------------+
    |  Clock |  Target | Estimated| Uncertainty|
    +--------+---------+----------+------------+
    |ap_clk  |  3.33 ns|  2.388 ns|     0.90 ns|
    +--------+---------+----------+------------+

+ Latency: 
    * Summary: 
    +---------+---------+-----------+-----------+-----+-----+---------+
    |  Latency (cycles) |   Latency (absolute)  |  Interval | Pipeline|
    |   min   |   max   |    min    |    max    | min | max |   Type  |
    +---------+---------+-----------+-----------+-----+-----+---------+
    |       21|       30|  69.993 ns|  99.990 ns|   22|   31|       no|
    +---------+---------+-----------+-----------+-----+-----+---------+

    + Detail: 
        * Instance: 
        +--------------------------------+--------------------+---------+---------+-----------+-----------+-----+-----+---------+
        |                                |                    |  Latency (cycles) |   Latency (absolute)  |  Interval | Pipeline|
        |            Instance            |       Module       |   min   |   max   |    min    |    max    | min | max |   Type  |
        +--------------------------------+--------------------+---------+---------+-----------+-----------+-----+-----+---------+
        |grp_local_delta_energy_fu_5475  |local_delta_energy  |       18|       18|  59.994 ns|  59.994 ns|   18|   18|       no|
        +--------------------------------+--------------------+---------+---------+-----------+-----------+-----+-----+---------+

        * Loop: 
        N/A



================================================================
== Utilization Estimates
================================================================
* Summary: 
+---------------------+---------+------+---------+---------+-----+
|         Name        | BRAM_18K|  DSP |    FF   |   LUT   | URAM|
+---------------------+---------+------+---------+---------+-----+
|DSP                  |        -|     -|        -|        -|    -|
|Expression           |        -|     -|        0|      703|    -|
|FIFO                 |        -|     -|        -|        -|    -|
|Instance             |        -|    13|     2829|     8926|    -|
|Memory               |        0|     -|        0|        0|    -|
|Multiplexer          |        -|     -|        0|       93|    -|
|Register             |        -|     -|    25569|        -|    -|
+---------------------+---------+------+---------+---------+-----+
|Total                |        0|    13|    28398|     9722|    0|
+---------------------+---------+------+---------+---------+-----+
|Available SLR        |     1080|   960|  2042880|  1021440|   80|
+---------------------+---------+------+---------+---------+-----+
|Utilization SLR (%)  |        0|     1|        1|       ~0|    0|
+---------------------+---------+------+---------+---------+-----+
|Available            |     4320|  3840|  8171520|  4085760|  320|
+---------------------+---------+------+---------+---------+-----+
|Utilization (%)      |        0|    ~0|       ~0|       ~0|    0|
+---------------------+---------+------+---------+---------+-----+

+ Detail: 
    * Instance: 
    +--------------------------------+----------------------+---------+----+------+------+-----+
    |            Instance            |        Module        | BRAM_18K| DSP|  FF  |  LUT | URAM|
    +--------------------------------+----------------------+---------+----+------+------+-----+
    |grp_local_delta_energy_fu_5475  |local_delta_energy    |        0|   6|  2430|  8753|    0|
    |mul_26s_36s_60_2_1_U685         |mul_26s_36s_60_2_1    |        0|   2|   202|    84|    0|
    |mul_40ns_40s_64_2_1_U686        |mul_40ns_40s_64_2_1   |        0|   5|   197|    80|    0|
    |sparsemux_7_2_40_1_1_U687       |sparsemux_7_2_40_1_1  |        0|   0|     0|     9|    0|
    +--------------------------------+----------------------+---------+----+------+------+-----+
    |Total                           |                      |        0|  13|  2829|  8926|    0|
    +--------------------------------+----------------------+---------+----+------+------+-----+

    * DSP: 
    N/A

    * Memory: 
    +---------------+-------------------------+---------+---+----+-----+------+-----+------+-------------+
    |     Memory    |          Module         | BRAM_18K| FF| LUT| URAM| Words| Bits| Banks| W*Bits*Banks|
    +---------------+-------------------------+---------+---+----+-----+------+-----+------+-------------+
    |EXP_NEG_LUT_U  |EXP_NEG_LUT_ROM_AUTO_1R  |        0|  0|   0|    0|  1025|   40|     1|        41000|
    +---------------+-------------------------+---------+---+----+-----+------+-----+------+-------------+
    |Total          |                         |        0|  0|   0|    0|  1025|   40|     1|        41000|
    +---------------+-------------------------+---------+---+----+-----+------+-----+------+-------------+

    * FIFO: 
    N/A

    * Expression: 
    +------------------------+----------+----+---+-----+------------+------------+
    |      Variable Name     | Operation| DSP| FF| LUT | Bitwidth P0| Bitwidth P1|
    +------------------------+----------+----+---+-----+------------+------------+
    |add_ln240_fu_7125_p2    |         +|   0|  0|   47|          40|          40|
    |add_ln87_fu_6937_p2     |         +|   0|  0|   18|          11|           1|
    |add_ln89_fu_7009_p2     |         +|   0|  0|   68|          61|          61|
    |sub_ln75_1_fu_6874_p2   |         -|   0|  0|   66|           1|          59|
    |sub_ln75_fu_6853_p2     |         -|   0|  0|  107|           1|          88|
    |sub_ln84_fu_6927_p2     |         -|   0|  0|   34|          27|          27|
    |sub_ln89_fu_6973_p2     |         -|   0|  0|   33|          26|          26|
    |and_ln91_1_fu_7081_p2   |       and|   0|  0|    2|           1|           1|
    |and_ln91_fu_7076_p2     |       and|   0|  0|    2|           1|           1|
    |icmp_ln116_fu_6789_p2   |      icmp|   0|  0|   47|          40|           1|
    |icmp_ln123_fu_7113_p2   |      icmp|   0|  0|   47|          40|          40|
    |icmp_ln59_fu_6841_p2    |      icmp|   0|  0|   47|          40|           1|
    |icmp_ln63_fu_6869_p2    |      icmp|   0|  0|   18|          11|           1|
    |icmp_ln91_fu_7041_p2    |      icmp|   0|  0|   44|          37|           1|
    |icmp_ln95_fu_7035_p2    |      icmp|   0|  0|   20|          13|           1|
    |p_fu_7093_p4            |    select|   0|  0|   41|           1|          41|
    |select_ln75_fu_6886_p3  |    select|   0|  0|   58|           1|          59|
    |xor_ln123_fu_7118_p2    |       xor|   0|  0|    2|           1|           2|
    |xor_ln59_fu_7071_p2     |       xor|   0|  0|    2|           1|           2|
    +------------------------+----------+----+---+-----+------------+------------+
    |Total                   |          |   0|  0|  703|         354|         453|
    +------------------------+----------+----+---+-----+------------+------------+

    * Multiplexer: 
    +---------------------------------+----+-----------+-----+-----------+
    |               Name              | LUT| Input Size| Bits| Total Bits|
    +---------------------------------+----+-----------+-----+-----------+
    |accepted                         |  14|          3|    1|          3|
    |ap_NS_fsm                        |  65|         14|    1|         14|
    |ap_phi_mux_empty_phi_fu_5468_p4  |  14|          3|   40|        120|
    +---------------------------------+----+-----------+-----+-----------+
    |Total                            |  93|         20|   42|        137|
    +---------------------------------+----+-----------+-----+-----------+

    * Register: 
    +---------------------------------------------+-----+----+-----+-----------+
    |                     Name                    |  FF | LUT| Bits| Const Bits|
    +---------------------------------------------+-----+----+-----+-----------+
    |J_0_10_read_reg_7180                         |   40|   0|   40|          0|
    |J_0_11_read_reg_7185                         |   40|   0|   40|          0|
    |J_0_12_read_reg_7190                         |   40|   0|   40|          0|
    |J_0_13_read_reg_7195                         |   40|   0|   40|          0|
    |J_0_14_read_reg_7200                         |   40|   0|   40|          0|
    |J_0_15_read_reg_7205                         |   40|   0|   40|          0|
    |J_0_16_read_reg_7210                         |   40|   0|   40|          0|
    |J_0_17_read_reg_7215                         |   40|   0|   40|          0|
    |J_0_18_read_reg_7220                         |   40|   0|   40|          0|
    |J_0_19_read_reg_7225                         |   40|   0|   40|          0|
    |J_0_1_read_reg_7135                          |   40|   0|   40|          0|
    |J_0_20_read_reg_7230                         |   40|   0|   40|          0|
    |J_0_21_read_reg_7235                         |   40|   0|   40|          0|
    |J_0_22_read_reg_7240                         |   40|   0|   40|          0|
    |J_0_23_read_reg_7245                         |   40|   0|   40|          0|
    |J_0_24_read_reg_7250                         |   40|   0|   40|          0|
    |J_0_2_read_reg_7140                          |   40|   0|   40|          0|
    |J_0_3_read_reg_7145                          |   40|   0|   40|          0|
    |J_0_4_read_reg_7150                          |   40|   0|   40|          0|
    |J_0_5_read_reg_7155                          |   40|   0|   40|          0|
    |J_0_6_read_reg_7160                          |   40|   0|   40|          0|
    |J_0_7_read_reg_7165                          |   40|   0|   40|          0|
    |J_0_8_read_reg_7170                          |   40|   0|   40|          0|
    |J_0_9_read_reg_7175                          |   40|   0|   40|          0|
    |J_10_0_read_reg_8335                         |   40|   0|   40|          0|
    |J_10_11_read_reg_8385                        |   40|   0|   40|          0|
    |J_10_12_read_reg_8390                        |   40|   0|   40|          0|
    |J_10_13_read_reg_8395                        |   40|   0|   40|          0|
    |J_10_14_read_reg_8400                        |   40|   0|   40|          0|
    |J_10_15_read_reg_8405                        |   40|   0|   40|          0|
    |J_10_16_read_reg_8410                        |   40|   0|   40|          0|
    |J_10_17_read_reg_8415                        |   40|   0|   40|          0|
    |J_10_18_read_reg_8420                        |   40|   0|   40|          0|
    |J_10_19_read_reg_8425                        |   40|   0|   40|          0|
    |J_10_1_read_reg_8340                         |   40|   0|   40|          0|
    |J_10_20_read_reg_8430                        |   40|   0|   40|          0|
    |J_10_21_read_reg_8435                        |   40|   0|   40|          0|
    |J_10_22_read_reg_8440                        |   40|   0|   40|          0|
    |J_10_23_read_reg_8445                        |   40|   0|   40|          0|
    |J_10_24_read_reg_8450                        |   40|   0|   40|          0|
    |J_10_2_read_reg_8345                         |   40|   0|   40|          0|
    |J_10_3_read_reg_8350                         |   40|   0|   40|          0|
    |J_10_4_read_reg_8355                         |   40|   0|   40|          0|
    |J_10_5_read_reg_8360                         |   40|   0|   40|          0|
    |J_10_6_read_reg_8365                         |   40|   0|   40|          0|
    |J_10_7_read_reg_8370                         |   40|   0|   40|          0|
    |J_10_8_read_reg_8375                         |   40|   0|   40|          0|
    |J_10_9_read_reg_8380                         |   40|   0|   40|          0|
    |J_11_0_read_reg_8455                         |   40|   0|   40|          0|
    |J_11_10_read_reg_8505                        |   40|   0|   40|          0|
    |J_11_12_read_reg_8510                        |   40|   0|   40|          0|
    |J_11_13_read_reg_8515                        |   40|   0|   40|          0|
    |J_11_14_read_reg_8520                        |   40|   0|   40|          0|
    |J_11_15_read_reg_8525                        |   40|   0|   40|          0|
    |J_11_16_read_reg_8530                        |   40|   0|   40|          0|
    |J_11_17_read_reg_8535                        |   40|   0|   40|          0|
    |J_11_18_read_reg_8540                        |   40|   0|   40|          0|
    |J_11_19_read_reg_8545                        |   40|   0|   40|          0|
    |J_11_1_read_reg_8460                         |   40|   0|   40|          0|
    |J_11_20_read_reg_8550                        |   40|   0|   40|          0|
    |J_11_21_read_reg_8555                        |   40|   0|   40|          0|
    |J_11_22_read_reg_8560                        |   40|   0|   40|          0|
    |J_11_23_read_reg_8565                        |   40|   0|   40|          0|
    |J_11_24_read_reg_8570                        |   40|   0|   40|          0|
    |J_11_2_read_reg_8465                         |   40|   0|   40|          0|
    |J_11_3_read_reg_8470                         |   40|   0|   40|          0|
    |J_11_4_read_reg_8475                         |   40|   0|   40|          0|
    |J_11_5_read_reg_8480                         |   40|   0|   40|          0|
    |J_11_6_read_reg_8485                         |   40|   0|   40|          0|
    |J_11_7_read_reg_8490                         |   40|   0|   40|          0|
    |J_11_8_read_reg_8495                         |   40|   0|   40|          0|
    |J_11_9_read_reg_8500                         |   40|   0|   40|          0|
    |J_12_0_read_reg_8575                         |   40|   0|   40|          0|
    |J_12_10_read_reg_8625                        |   40|   0|   40|          0|
    |J_12_11_read_reg_8630                        |   40|   0|   40|          0|
    |J_12_13_read_reg_8635                        |   40|   0|   40|          0|
    |J_12_14_read_reg_8640                        |   40|   0|   40|          0|
    |J_12_15_read_reg_8645                        |   40|   0|   40|          0|
    |J_12_16_read_reg_8650                        |   40|   0|   40|          0|
    |J_12_17_read_reg_8655                        |   40|   0|   40|          0|
    |J_12_18_read_reg_8660                        |   40|   0|   40|          0|
    |J_12_19_read_reg_8665                        |   40|   0|   40|          0|
    |J_12_1_read_reg_8580                         |   40|   0|   40|          0|
    |J_12_20_read_reg_8670                        |   40|   0|   40|          0|
    |J_12_21_read_reg_8675                        |   40|   0|   40|          0|
    |J_12_22_read_reg_8680                        |   40|   0|   40|          0|
    |J_12_23_read_reg_8685                        |   40|   0|   40|          0|
    |J_12_24_read_reg_8690                        |   40|   0|   40|          0|
    |J_12_2_read_reg_8585                         |   40|   0|   40|          0|
    |J_12_3_read_reg_8590                         |   40|   0|   40|          0|
    |J_12_4_read_reg_8595                         |   40|   0|   40|          0|
    |J_12_5_read_reg_8600                         |   40|   0|   40|          0|
    |J_12_6_read_reg_8605                         |   40|   0|   40|          0|
    |J_12_7_read_reg_8610                         |   40|   0|   40|          0|
    |J_12_8_read_reg_8615                         |   40|   0|   40|          0|
    |J_12_9_read_reg_8620                         |   40|   0|   40|          0|
    |J_13_0_read_reg_8695                         |   40|   0|   40|          0|
    |J_13_10_read_reg_8745                        |   40|   0|   40|          0|
    |J_13_11_read_reg_8750                        |   40|   0|   40|          0|
    |J_13_12_read_reg_8755                        |   40|   0|   40|          0|
    |J_13_14_read_reg_8760                        |   40|   0|   40|          0|
    |J_13_15_read_reg_8765                        |   40|   0|   40|          0|
    |J_13_16_read_reg_8770                        |   40|   0|   40|          0|
    |J_13_17_read_reg_8775                        |   40|   0|   40|          0|
    |J_13_18_read_reg_8780                        |   40|   0|   40|          0|
    |J_13_19_read_reg_8785                        |   40|   0|   40|          0|
    |J_13_1_read_reg_8700                         |   40|   0|   40|          0|
    |J_13_20_read_reg_8790                        |   40|   0|   40|          0|
    |J_13_21_read_reg_8795                        |   40|   0|   40|          0|
    |J_13_22_read_reg_8800                        |   40|   0|   40|          0|
    |J_13_23_read_reg_8805                        |   40|   0|   40|          0|
    |J_13_24_read_reg_8810                        |   40|   0|   40|          0|
    |J_13_2_read_reg_8705                         |   40|   0|   40|          0|
    |J_13_3_read_reg_8710                         |   40|   0|   40|          0|
    |J_13_4_read_reg_8715                         |   40|   0|   40|          0|
    |J_13_5_read_reg_8720                         |   40|   0|   40|          0|
    |J_13_6_read_reg_8725                         |   40|   0|   40|          0|
    |J_13_7_read_reg_8730                         |   40|   0|   40|          0|
    |J_13_8_read_reg_8735                         |   40|   0|   40|          0|
    |J_13_9_read_reg_8740                         |   40|   0|   40|          0|
    |J_14_0_read_reg_8815                         |   40|   0|   40|          0|
    |J_14_10_read_reg_8865                        |   40|   0|   40|          0|
    |J_14_11_read_reg_8870                        |   40|   0|   40|          0|
    |J_14_12_read_reg_8875                        |   40|   0|   40|          0|
    |J_14_13_read_reg_8880                        |   40|   0|   40|          0|
    |J_14_15_read_reg_8885                        |   40|   0|   40|          0|
    |J_14_16_read_reg_8890                        |   40|   0|   40|          0|
    |J_14_17_read_reg_8895                        |   40|   0|   40|          0|
    |J_14_18_read_reg_8900                        |   40|   0|   40|          0|
    |J_14_19_read_reg_8905                        |   40|   0|   40|          0|
    |J_14_1_read_reg_8820                         |   40|   0|   40|          0|
    |J_14_20_read_reg_8910                        |   40|   0|   40|          0|
    |J_14_21_read_reg_8915                        |   40|   0|   40|          0|
    |J_14_22_read_reg_8920                        |   40|   0|   40|          0|
    |J_14_23_read_reg_8925                        |   40|   0|   40|          0|
    |J_14_24_read_reg_8930                        |   40|   0|   40|          0|
    |J_14_2_read_reg_8825                         |   40|   0|   40|          0|
    |J_14_3_read_reg_8830                         |   40|   0|   40|          0|
    |J_14_4_read_reg_8835                         |   40|   0|   40|          0|
    |J_14_5_read_reg_8840                         |   40|   0|   40|          0|
    |J_14_6_read_reg_8845                         |   40|   0|   40|          0|
    |J_14_7_read_reg_8850                         |   40|   0|   40|          0|
    |J_14_8_read_reg_8855                         |   40|   0|   40|          0|
    |J_14_9_read_reg_8860                         |   40|   0|   40|          0|
    |J_15_0_read_reg_8935                         |   40|   0|   40|          0|
    |J_15_10_read_reg_8985                        |   40|   0|   40|          0|
    |J_15_11_read_reg_8990                        |   40|   0|   40|          0|
    |J_15_12_read_reg_8995                        |   40|   0|   40|          0|
    |J_15_13_read_reg_9000                        |   40|   0|   40|          0|
    |J_15_14_read_reg_9005                        |   40|   0|   40|          0|
    |J_15_16_read_reg_9010                        |   40|   0|   40|          0|
    |J_15_17_read_reg_9015                        |   40|   0|   40|          0|
    |J_15_18_read_reg_9020                        |   40|   0|   40|          0|
    |J_15_19_read_reg_9025                        |   40|   0|   40|          0|
    |J_15_1_read_reg_8940                         |   40|   0|   40|          0|
    |J_15_20_read_reg_9030                        |   40|   0|   40|          0|
    |J_15_21_read_reg_9035                        |   40|   0|   40|          0|
    |J_15_22_read_reg_9040                        |   40|   0|   40|          0|
    |J_15_23_read_reg_9045                        |   40|   0|   40|          0|
    |J_15_24_read_reg_9050                        |   40|   0|   40|          0|
    |J_15_2_read_reg_8945                         |   40|   0|   40|          0|
    |J_15_3_read_reg_8950                         |   40|   0|   40|          0|
    |J_15_4_read_reg_8955                         |   40|   0|   40|          0|
    |J_15_5_read_reg_8960                         |   40|   0|   40|          0|
    |J_15_6_read_reg_8965                         |   40|   0|   40|          0|
    |J_15_7_read_reg_8970                         |   40|   0|   40|          0|
    |J_15_8_read_reg_8975                         |   40|   0|   40|          0|
    |J_15_9_read_reg_8980                         |   40|   0|   40|          0|
    |J_16_0_read_reg_9055                         |   40|   0|   40|          0|
    |J_16_10_read_reg_9105                        |   40|   0|   40|          0|
    |J_16_11_read_reg_9110                        |   40|   0|   40|          0|
    |J_16_12_read_reg_9115                        |   40|   0|   40|          0|
    |J_16_13_read_reg_9120                        |   40|   0|   40|          0|
    |J_16_14_read_reg_9125                        |   40|   0|   40|          0|
    |J_16_15_read_reg_9130                        |   40|   0|   40|          0|
    |J_16_17_read_reg_9135                        |   40|   0|   40|          0|
    |J_16_18_read_reg_9140                        |   40|   0|   40|          0|
    |J_16_19_read_reg_9145                        |   40|   0|   40|          0|
    |J_16_1_read_reg_9060                         |   40|   0|   40|          0|
    |J_16_20_read_reg_9150                        |   40|   0|   40|          0|
    |J_16_21_read_reg_9155                        |   40|   0|   40|          0|
    |J_16_22_read_reg_9160                        |   40|   0|   40|          0|
    |J_16_23_read_reg_9165                        |   40|   0|   40|          0|
    |J_16_24_read_reg_9170                        |   40|   0|   40|          0|
    |J_16_2_read_reg_9065                         |   40|   0|   40|          0|
    |J_16_3_read_reg_9070                         |   40|   0|   40|          0|
    |J_16_4_read_reg_9075                         |   40|   0|   40|          0|
    |J_16_5_read_reg_9080                         |   40|   0|   40|          0|
    |J_16_6_read_reg_9085                         |   40|   0|   40|          0|
    |J_16_7_read_reg_9090                         |   40|   0|   40|          0|
    |J_16_8_read_reg_9095                         |   40|   0|   40|          0|
    |J_16_9_read_reg_9100                         |   40|   0|   40|          0|
    |J_17_0_read_reg_9175                         |   40|   0|   40|          0|
    |J_17_10_read_reg_9225                        |   40|   0|   40|          0|
    |J_17_11_read_reg_9230                        |   40|   0|   40|          0|
    |J_17_12_read_reg_9235                        |   40|   0|   40|          0|
    |J_17_13_read_reg_9240                        |   40|   0|   40|          0|
    |J_17_14_read_reg_9245                        |   40|   0|   40|          0|
    |J_17_15_read_reg_9250                        |   40|   0|   40|          0|
    |J_17_16_read_reg_9255                        |   40|   0|   40|          0|
    |J_17_18_read_reg_9260                        |   40|   0|   40|          0|
    |J_17_19_read_reg_9265                        |   40|   0|   40|          0|
    |J_17_1_read_reg_9180                         |   40|   0|   40|          0|
    |J_17_20_read_reg_9270                        |   40|   0|   40|          0|
    |J_17_21_read_reg_9275                        |   40|   0|   40|          0|
    |J_17_22_read_reg_9280                        |   40|   0|   40|          0|
    |J_17_23_read_reg_9285                        |   40|   0|   40|          0|
    |J_17_24_read_reg_9290                        |   40|   0|   40|          0|
    |J_17_2_read_reg_9185                         |   40|   0|   40|          0|
    |J_17_3_read_reg_9190                         |   40|   0|   40|          0|
    |J_17_4_read_reg_9195                         |   40|   0|   40|          0|
    |J_17_5_read_reg_9200                         |   40|   0|   40|          0|
    |J_17_6_read_reg_9205                         |   40|   0|   40|          0|
    |J_17_7_read_reg_9210                         |   40|   0|   40|          0|
    |J_17_8_read_reg_9215                         |   40|   0|   40|          0|
    |J_17_9_read_reg_9220                         |   40|   0|   40|          0|
    |J_18_0_read_reg_9295                         |   40|   0|   40|          0|
    |J_18_10_read_reg_9345                        |   40|   0|   40|          0|
    |J_18_11_read_reg_9350                        |   40|   0|   40|          0|
    |J_18_12_read_reg_9355                        |   40|   0|   40|          0|
    |J_18_13_read_reg_9360                        |   40|   0|   40|          0|
    |J_18_14_read_reg_9365                        |   40|   0|   40|          0|
    |J_18_15_read_reg_9370                        |   40|   0|   40|          0|
    |J_18_16_read_reg_9375                        |   40|   0|   40|          0|
    |J_18_17_read_reg_9380                        |   40|   0|   40|          0|
    |J_18_19_read_reg_9385                        |   40|   0|   40|          0|
    |J_18_1_read_reg_9300                         |   40|   0|   40|          0|
    |J_18_20_read_reg_9390                        |   40|   0|   40|          0|
    |J_18_21_read_reg_9395                        |   40|   0|   40|          0|
    |J_18_22_read_reg_9400                        |   40|   0|   40|          0|
    |J_18_23_read_reg_9405                        |   40|   0|   40|          0|
    |J_18_24_read_reg_9410                        |   40|   0|   40|          0|
    |J_18_2_read_reg_9305                         |   40|   0|   40|          0|
    |J_18_3_read_reg_9310                         |   40|   0|   40|          0|
    |J_18_4_read_reg_9315                         |   40|   0|   40|          0|
    |J_18_5_read_reg_9320                         |   40|   0|   40|          0|
    |J_18_6_read_reg_9325                         |   40|   0|   40|          0|
    |J_18_7_read_reg_9330                         |   40|   0|   40|          0|
    |J_18_8_read_reg_9335                         |   40|   0|   40|          0|
    |J_18_9_read_reg_9340                         |   40|   0|   40|          0|
    |J_19_0_read_reg_9415                         |   40|   0|   40|          0|
    |J_19_10_read_reg_9465                        |   40|   0|   40|          0|
    |J_19_11_read_reg_9470                        |   40|   0|   40|          0|
    |J_19_12_read_reg_9475                        |   40|   0|   40|          0|
    |J_19_13_read_reg_9480                        |   40|   0|   40|          0|
    |J_19_14_read_reg_9485                        |   40|   0|   40|          0|
    |J_19_15_read_reg_9490                        |   40|   0|   40|          0|
    |J_19_16_read_reg_9495                        |   40|   0|   40|          0|
    |J_19_17_read_reg_9500                        |   40|   0|   40|          0|
    |J_19_18_read_reg_9505                        |   40|   0|   40|          0|
    |J_19_1_read_reg_9420                         |   40|   0|   40|          0|
    |J_19_20_read_reg_9510                        |   40|   0|   40|          0|
    |J_19_21_read_reg_9515                        |   40|   0|   40|          0|
    |J_19_22_read_reg_9520                        |   40|   0|   40|          0|
    |J_19_23_read_reg_9525                        |   40|   0|   40|          0|
    |J_19_24_read_reg_9530                        |   40|   0|   40|          0|
    |J_19_2_read_reg_9425                         |   40|   0|   40|          0|
    |J_19_3_read_reg_9430                         |   40|   0|   40|          0|
    |J_19_4_read_reg_9435                         |   40|   0|   40|          0|
    |J_19_5_read_reg_9440                         |   40|   0|   40|          0|
    |J_19_6_read_reg_9445                         |   40|   0|   40|          0|
    |J_19_7_read_reg_9450                         |   40|   0|   40|          0|
    |J_19_8_read_reg_9455                         |   40|   0|   40|          0|
    |J_19_9_read_reg_9460                         |   40|   0|   40|          0|
    |J_1_0_read_reg_7255                          |   40|   0|   40|          0|
    |J_1_10_read_reg_7300                         |   40|   0|   40|          0|
    |J_1_11_read_reg_7305                         |   40|   0|   40|          0|
    |J_1_12_read_reg_7310                         |   40|   0|   40|          0|
    |J_1_13_read_reg_7315                         |   40|   0|   40|          0|
    |J_1_14_read_reg_7320                         |   40|   0|   40|          0|
    |J_1_15_read_reg_7325                         |   40|   0|   40|          0|
    |J_1_16_read_reg_7330                         |   40|   0|   40|          0|
    |J_1_17_read_reg_7335                         |   40|   0|   40|          0|
    |J_1_18_read_reg_7340                         |   40|   0|   40|          0|
    |J_1_19_read_reg_7345                         |   40|   0|   40|          0|
    |J_1_20_read_reg_7350                         |   40|   0|   40|          0|
    |J_1_21_read_reg_7355                         |   40|   0|   40|          0|
    |J_1_22_read_reg_7360                         |   40|   0|   40|          0|
    |J_1_23_read_reg_7365                         |   40|   0|   40|          0|
    |J_1_24_read_reg_7370                         |   40|   0|   40|          0|
    |J_1_2_read_reg_7260                          |   40|   0|   40|          0|
    |J_1_3_read_reg_7265                          |   40|   0|   40|          0|
    |J_1_4_read_reg_7270                          |   40|   0|   40|          0|
    |J_1_5_read_reg_7275                          |   40|   0|   40|          0|
    |J_1_6_read_reg_7280                          |   40|   0|   40|          0|
    |J_1_7_read_reg_7285                          |   40|   0|   40|          0|
    |J_1_8_read_reg_7290                          |   40|   0|   40|          0|
    |J_1_9_read_reg_7295                          |   40|   0|   40|          0|
    |J_20_0_read_reg_9535                         |   40|   0|   40|          0|
    |J_20_10_read_reg_9585                        |   40|   0|   40|          0|
    |J_20_11_read_reg_9590                        |   40|   0|   40|          0|
    |J_20_12_read_reg_9595                        |   40|   0|   40|          0|
    |J_20_13_read_reg_9600                        |   40|   0|   40|          0|
    |J_20_14_read_reg_9605                        |   40|   0|   40|          0|
    |J_20_15_read_reg_9610                        |   40|   0|   40|          0|
    |J_20_16_read_reg_9615                        |   40|   0|   40|          0|
    |J_20_17_read_reg_9620                        |   40|   0|   40|          0|
    |J_20_18_read_reg_9625                        |   40|   0|   40|          0|
    |J_20_19_read_reg_9630                        |   40|   0|   40|          0|
    |J_20_1_read_reg_9540                         |   40|   0|   40|          0|
    |J_20_21_read_reg_9635                        |   40|   0|   40|          0|
    |J_20_22_read_reg_9640                        |   40|   0|   40|          0|
    |J_20_23_read_reg_9645                        |   40|   0|   40|          0|
    |J_20_24_read_reg_9650                        |   40|   0|   40|          0|
    |J_20_2_read_reg_9545                         |   40|   0|   40|          0|
    |J_20_3_read_reg_9550                         |   40|   0|   40|          0|
    |J_20_4_read_reg_9555                         |   40|   0|   40|          0|
    |J_20_5_read_reg_9560                         |   40|   0|   40|          0|
    |J_20_6_read_reg_9565                         |   40|   0|   40|          0|
    |J_20_7_read_reg_9570                         |   40|   0|   40|          0|
    |J_20_8_read_reg_9575                         |   40|   0|   40|          0|
    |J_20_9_read_reg_9580                         |   40|   0|   40|          0|
    |J_21_0_read_reg_9655                         |   40|   0|   40|          0|
    |J_21_10_read_reg_9705                        |   40|   0|   40|          0|
    |J_21_11_read_reg_9710                        |   40|   0|   40|          0|
    |J_21_12_read_reg_9715                        |   40|   0|   40|          0|
    |J_21_13_read_reg_9720                        |   40|   0|   40|          0|
    |J_21_14_read_reg_9725                        |   40|   0|   40|          0|
    |J_21_15_read_reg_9730                        |   40|   0|   40|          0|
    |J_21_16_read_reg_9735                        |   40|   0|   40|          0|
    |J_21_17_read_reg_9740                        |   40|   0|   40|          0|
    |J_21_18_read_reg_9745                        |   40|   0|   40|          0|
    |J_21_19_read_reg_9750                        |   40|   0|   40|          0|
    |J_21_1_read_reg_9660                         |   40|   0|   40|          0|
    |J_21_20_read_reg_9755                        |   40|   0|   40|          0|
    |J_21_22_read_reg_9760                        |   40|   0|   40|          0|
    |J_21_23_read_reg_9765                        |   40|   0|   40|          0|
    |J_21_24_read_reg_9770                        |   40|   0|   40|          0|
    |J_21_2_read_reg_9665                         |   40|   0|   40|          0|
    |J_21_3_read_reg_9670                         |   40|   0|   40|          0|
    |J_21_4_read_reg_9675                         |   40|   0|   40|          0|
    |J_21_5_read_reg_9680                         |   40|   0|   40|          0|
    |J_21_6_read_reg_9685                         |   40|   0|   40|          0|
    |J_21_7_read_reg_9690                         |   40|   0|   40|          0|
    |J_21_8_read_reg_9695                         |   40|   0|   40|          0|
    |J_21_9_read_reg_9700                         |   40|   0|   40|          0|
    |J_22_0_read_reg_9775                         |   40|   0|   40|          0|
    |J_22_10_read_reg_9825                        |   40|   0|   40|          0|
    |J_22_11_read_reg_9830                        |   40|   0|   40|          0|
    |J_22_12_read_reg_9835                        |   40|   0|   40|          0|
    |J_22_13_read_reg_9840                        |   40|   0|   40|          0|
    |J_22_14_read_reg_9845                        |   40|   0|   40|          0|
    |J_22_15_read_reg_9850                        |   40|   0|   40|          0|
    |J_22_16_read_reg_9855                        |   40|   0|   40|          0|
    |J_22_17_read_reg_9860                        |   40|   0|   40|          0|
    |J_22_18_read_reg_9865                        |   40|   0|   40|          0|
    |J_22_19_read_reg_9870                        |   40|   0|   40|          0|
    |J_22_1_read_reg_9780                         |   40|   0|   40|          0|
    |J_22_20_read_reg_9875                        |   40|   0|   40|          0|
    |J_22_21_read_reg_9880                        |   40|   0|   40|          0|
    |J_22_23_read_reg_9885                        |   40|   0|   40|          0|
    |J_22_24_read_reg_9890                        |   40|   0|   40|          0|
    |J_22_2_read_reg_9785                         |   40|   0|   40|          0|
    |J_22_3_read_reg_9790                         |   40|   0|   40|          0|
    |J_22_4_read_reg_9795                         |   40|   0|   40|          0|
    |J_22_5_read_reg_9800                         |   40|   0|   40|          0|
    |J_22_6_read_reg_9805                         |   40|   0|   40|          0|
    |J_22_7_read_reg_9810                         |   40|   0|   40|          0|
    |J_22_8_read_reg_9815                         |   40|   0|   40|          0|
    |J_22_9_read_reg_9820                         |   40|   0|   40|          0|
    |J_23_0_read_reg_9895                         |   40|   0|   40|          0|
    |J_23_10_read_reg_9945                        |   40|   0|   40|          0|
    |J_23_11_read_reg_9950                        |   40|   0|   40|          0|
    |J_23_12_read_reg_9955                        |   40|   0|   40|          0|
    |J_23_13_read_reg_9960                        |   40|   0|   40|          0|
    |J_23_14_read_reg_9965                        |   40|   0|   40|          0|
    |J_23_15_read_reg_9970                        |   40|   0|   40|          0|
    |J_23_16_read_reg_9975                        |   40|   0|   40|          0|
    |J_23_17_read_reg_9980                        |   40|   0|   40|          0|
    |J_23_18_read_reg_9985                        |   40|   0|   40|          0|
    |J_23_19_read_reg_9990                        |   40|   0|   40|          0|
    |J_23_1_read_reg_9900                         |   40|   0|   40|          0|
    |J_23_20_read_reg_9995                        |   40|   0|   40|          0|
    |J_23_21_read_reg_10000                       |   40|   0|   40|          0|
    |J_23_22_read_reg_10005                       |   40|   0|   40|          0|
    |J_23_24_read_reg_10010                       |   40|   0|   40|          0|
    |J_23_2_read_reg_9905                         |   40|   0|   40|          0|
    |J_23_3_read_reg_9910                         |   40|   0|   40|          0|
    |J_23_4_read_reg_9915                         |   40|   0|   40|          0|
    |J_23_5_read_reg_9920                         |   40|   0|   40|          0|
    |J_23_6_read_reg_9925                         |   40|   0|   40|          0|
    |J_23_7_read_reg_9930                         |   40|   0|   40|          0|
    |J_23_8_read_reg_9935                         |   40|   0|   40|          0|
    |J_23_9_read_reg_9940                         |   40|   0|   40|          0|
    |J_24_0_read_reg_10015                        |   40|   0|   40|          0|
    |J_24_10_read_reg_10065                       |   40|   0|   40|          0|
    |J_24_11_read_reg_10070                       |   40|   0|   40|          0|
    |J_24_12_read_reg_10075                       |   40|   0|   40|          0|
    |J_24_13_read_reg_10080                       |   40|   0|   40|          0|
    |J_24_14_read_reg_10085                       |   40|   0|   40|          0|
    |J_24_15_read_reg_10090                       |   40|   0|   40|          0|
    |J_24_16_read_reg_10095                       |   40|   0|   40|          0|
    |J_24_17_read_reg_10100                       |   40|   0|   40|          0|
    |J_24_18_read_reg_10105                       |   40|   0|   40|          0|
    |J_24_19_read_reg_10110                       |   40|   0|   40|          0|
    |J_24_1_read_reg_10020                        |   40|   0|   40|          0|
    |J_24_20_read_reg_10115                       |   40|   0|   40|          0|
    |J_24_21_read_reg_10120                       |   40|   0|   40|          0|
    |J_24_22_read_reg_10125                       |   40|   0|   40|          0|
    |J_24_23_read_reg_10130                       |   40|   0|   40|          0|
    |J_24_2_read_reg_10025                        |   40|   0|   40|          0|
    |J_24_3_read_reg_10030                        |   40|   0|   40|          0|
    |J_24_4_read_reg_10035                        |   40|   0|   40|          0|
    |J_24_5_read_reg_10040                        |   40|   0|   40|          0|
    |J_24_6_read_reg_10045                        |   40|   0|   40|          0|
    |J_24_7_read_reg_10050                        |   40|   0|   40|          0|
    |J_24_8_read_reg_10055                        |   40|   0|   40|          0|
    |J_24_9_read_reg_10060                        |   40|   0|   40|          0|
    |J_2_0_read_reg_7375                          |   40|   0|   40|          0|
    |J_2_10_read_reg_7420                         |   40|   0|   40|          0|
    |J_2_11_read_reg_7425                         |   40|   0|   40|          0|
    |J_2_12_read_reg_7430                         |   40|   0|   40|          0|
    |J_2_13_read_reg_7435                         |   40|   0|   40|          0|
    |J_2_14_read_reg_7440                         |   40|   0|   40|          0|
    |J_2_15_read_reg_7445                         |   40|   0|   40|          0|
    |J_2_16_read_reg_7450                         |   40|   0|   40|          0|
    |J_2_17_read_reg_7455                         |   40|   0|   40|          0|
    |J_2_18_read_reg_7460                         |   40|   0|   40|          0|
    |J_2_19_read_reg_7465                         |   40|   0|   40|          0|
    |J_2_1_read_reg_7380                          |   40|   0|   40|          0|
    |J_2_20_read_reg_7470                         |   40|   0|   40|          0|
    |J_2_21_read_reg_7475                         |   40|   0|   40|          0|
    |J_2_22_read_reg_7480                         |   40|   0|   40|          0|
    |J_2_23_read_reg_7485                         |   40|   0|   40|          0|
    |J_2_24_read_reg_7490                         |   40|   0|   40|          0|
    |J_2_3_read_reg_7385                          |   40|   0|   40|          0|
    |J_2_4_read_reg_7390                          |   40|   0|   40|          0|
    |J_2_5_read_reg_7395                          |   40|   0|   40|          0|
    |J_2_6_read_reg_7400                          |   40|   0|   40|          0|
    |J_2_7_read_reg_7405                          |   40|   0|   40|          0|
    |J_2_8_read_reg_7410                          |   40|   0|   40|          0|
    |J_2_9_read_reg_7415                          |   40|   0|   40|          0|
    |J_3_0_read_reg_7495                          |   40|   0|   40|          0|
    |J_3_10_read_reg_7540                         |   40|   0|   40|          0|
    |J_3_11_read_reg_7545                         |   40|   0|   40|          0|
    |J_3_12_read_reg_7550                         |   40|   0|   40|          0|
    |J_3_13_read_reg_7555                         |   40|   0|   40|          0|
    |J_3_14_read_reg_7560                         |   40|   0|   40|          0|
    |J_3_15_read_reg_7565                         |   40|   0|   40|          0|
    |J_3_16_read_reg_7570                         |   40|   0|   40|          0|
    |J_3_17_read_reg_7575                         |   40|   0|   40|          0|
    |J_3_18_read_reg_7580                         |   40|   0|   40|          0|
    |J_3_19_read_reg_7585                         |   40|   0|   40|          0|
    |J_3_1_read_reg_7500                          |   40|   0|   40|          0|
    |J_3_20_read_reg_7590                         |   40|   0|   40|          0|
    |J_3_21_read_reg_7595                         |   40|   0|   40|          0|
    |J_3_22_read_reg_7600                         |   40|   0|   40|          0|
    |J_3_23_read_reg_7605                         |   40|   0|   40|          0|
    |J_3_24_read_reg_7610                         |   40|   0|   40|          0|
    |J_3_2_read_reg_7505                          |   40|   0|   40|          0|
    |J_3_4_read_reg_7510                          |   40|   0|   40|          0|
    |J_3_5_read_reg_7515                          |   40|   0|   40|          0|
    |J_3_6_read_reg_7520                          |   40|   0|   40|          0|
    |J_3_7_read_reg_7525                          |   40|   0|   40|          0|
    |J_3_8_read_reg_7530                          |   40|   0|   40|          0|
    |J_3_9_read_reg_7535                          |   40|   0|   40|          0|
    |J_4_0_read_reg_7615                          |   40|   0|   40|          0|
    |J_4_10_read_reg_7660                         |   40|   0|   40|          0|
    |J_4_11_read_reg_7665                         |   40|   0|   40|          0|
    |J_4_12_read_reg_7670                         |   40|   0|   40|          0|
    |J_4_13_read_reg_7675                         |   40|   0|   40|          0|
    |J_4_14_read_reg_7680                         |   40|   0|   40|          0|
    |J_4_15_read_reg_7685                         |   40|   0|   40|          0|
    |J_4_16_read_reg_7690                         |   40|   0|   40|          0|
    |J_4_17_read_reg_7695                         |   40|   0|   40|          0|
    |J_4_18_read_reg_7700                         |   40|   0|   40|          0|
    |J_4_19_read_reg_7705                         |   40|   0|   40|          0|
    |J_4_1_read_reg_7620                          |   40|   0|   40|          0|
    |J_4_20_read_reg_7710                         |   40|   0|   40|          0|
    |J_4_21_read_reg_7715                         |   40|   0|   40|          0|
    |J_4_22_read_reg_7720                         |   40|   0|   40|          0|
    |J_4_23_read_reg_7725                         |   40|   0|   40|          0|
    |J_4_24_read_reg_7730                         |   40|   0|   40|          0|
    |J_4_2_read_reg_7625                          |   40|   0|   40|          0|
    |J_4_3_read_reg_7630                          |   40|   0|   40|          0|
    |J_4_5_read_reg_7635                          |   40|   0|   40|          0|
    |J_4_6_read_reg_7640                          |   40|   0|   40|          0|
    |J_4_7_read_reg_7645                          |   40|   0|   40|          0|
    |J_4_8_read_reg_7650                          |   40|   0|   40|          0|
    |J_4_9_read_reg_7655                          |   40|   0|   40|          0|
    |J_5_0_read_reg_7735                          |   40|   0|   40|          0|
    |J_5_10_read_reg_7780                         |   40|   0|   40|          0|
    |J_5_11_read_reg_7785                         |   40|   0|   40|          0|
    |J_5_12_read_reg_7790                         |   40|   0|   40|          0|
    |J_5_13_read_reg_7795                         |   40|   0|   40|          0|
    |J_5_14_read_reg_7800                         |   40|   0|   40|          0|
    |J_5_15_read_reg_7805                         |   40|   0|   40|          0|
    |J_5_16_read_reg_7810                         |   40|   0|   40|          0|
    |J_5_17_read_reg_7815                         |   40|   0|   40|          0|
    |J_5_18_read_reg_7820                         |   40|   0|   40|          0|
    |J_5_19_read_reg_7825                         |   40|   0|   40|          0|
    |J_5_1_read_reg_7740                          |   40|   0|   40|          0|
    |J_5_20_read_reg_7830                         |   40|   0|   40|          0|
    |J_5_21_read_reg_7835                         |   40|   0|   40|          0|
    |J_5_22_read_reg_7840                         |   40|   0|   40|          0|
    |J_5_23_read_reg_7845                         |   40|   0|   40|          0|
    |J_5_24_read_reg_7850                         |   40|   0|   40|          0|
    |J_5_2_read_reg_7745                          |   40|   0|   40|          0|
    |J_5_3_read_reg_7750                          |   40|   0|   40|          0|
    |J_5_4_read_reg_7755                          |   40|   0|   40|          0|
    |J_5_6_read_reg_7760                          |   40|   0|   40|          0|
    |J_5_7_read_reg_7765                          |   40|   0|   40|          0|
    |J_5_8_read_reg_7770                          |   40|   0|   40|          0|
    |J_5_9_read_reg_7775                          |   40|   0|   40|          0|
    |J_6_0_read_reg_7855                          |   40|   0|   40|          0|
    |J_6_10_read_reg_7900                         |   40|   0|   40|          0|
    |J_6_11_read_reg_7905                         |   40|   0|   40|          0|
    |J_6_12_read_reg_7910                         |   40|   0|   40|          0|
    |J_6_13_read_reg_7915                         |   40|   0|   40|          0|
    |J_6_14_read_reg_7920                         |   40|   0|   40|          0|
    |J_6_15_read_reg_7925                         |   40|   0|   40|          0|
    |J_6_16_read_reg_7930                         |   40|   0|   40|          0|
    |J_6_17_read_reg_7935                         |   40|   0|   40|          0|
    |J_6_18_read_reg_7940                         |   40|   0|   40|          0|
    |J_6_19_read_reg_7945                         |   40|   0|   40|          0|
    |J_6_1_read_reg_7860                          |   40|   0|   40|          0|
    |J_6_20_read_reg_7950                         |   40|   0|   40|          0|
    |J_6_21_read_reg_7955                         |   40|   0|   40|          0|
    |J_6_22_read_reg_7960                         |   40|   0|   40|          0|
    |J_6_23_read_reg_7965                         |   40|   0|   40|          0|
    |J_6_24_read_reg_7970                         |   40|   0|   40|          0|
    |J_6_2_read_reg_7865                          |   40|   0|   40|          0|
    |J_6_3_read_reg_7870                          |   40|   0|   40|          0|
    |J_6_4_read_reg_7875                          |   40|   0|   40|          0|
    |J_6_5_read_reg_7880                          |   40|   0|   40|          0|
    |J_6_7_read_reg_7885                          |   40|   0|   40|          0|
    |J_6_8_read_reg_7890                          |   40|   0|   40|          0|
    |J_6_9_read_reg_7895                          |   40|   0|   40|          0|
    |J_7_0_read_reg_7975                          |   40|   0|   40|          0|
    |J_7_10_read_reg_8020                         |   40|   0|   40|          0|
    |J_7_11_read_reg_8025                         |   40|   0|   40|          0|
    |J_7_12_read_reg_8030                         |   40|   0|   40|          0|
    |J_7_13_read_reg_8035                         |   40|   0|   40|          0|
    |J_7_14_read_reg_8040                         |   40|   0|   40|          0|
    |J_7_15_read_reg_8045                         |   40|   0|   40|          0|
    |J_7_16_read_reg_8050                         |   40|   0|   40|          0|
    |J_7_17_read_reg_8055                         |   40|   0|   40|          0|
    |J_7_18_read_reg_8060                         |   40|   0|   40|          0|
    |J_7_19_read_reg_8065                         |   40|   0|   40|          0|
    |J_7_1_read_reg_7980                          |   40|   0|   40|          0|
    |J_7_20_read_reg_8070                         |   40|   0|   40|          0|
    |J_7_21_read_reg_8075                         |   40|   0|   40|          0|
    |J_7_22_read_reg_8080                         |   40|   0|   40|          0|
    |J_7_23_read_reg_8085                         |   40|   0|   40|          0|
    |J_7_24_read_reg_8090                         |   40|   0|   40|          0|
    |J_7_2_read_reg_7985                          |   40|   0|   40|          0|
    |J_7_3_read_reg_7990                          |   40|   0|   40|          0|
    |J_7_4_read_reg_7995                          |   40|   0|   40|          0|
    |J_7_5_read_reg_8000                          |   40|   0|   40|          0|
    |J_7_6_read_reg_8005                          |   40|   0|   40|          0|
    |J_7_8_read_reg_8010                          |   40|   0|   40|          0|
    |J_7_9_read_reg_8015                          |   40|   0|   40|          0|
    |J_8_0_read_reg_8095                          |   40|   0|   40|          0|
    |J_8_10_read_reg_8140                         |   40|   0|   40|          0|
    |J_8_11_read_reg_8145                         |   40|   0|   40|          0|
    |J_8_12_read_reg_8150                         |   40|   0|   40|          0|
    |J_8_13_read_reg_8155                         |   40|   0|   40|          0|
    |J_8_14_read_reg_8160                         |   40|   0|   40|          0|
    |J_8_15_read_reg_8165                         |   40|   0|   40|          0|
    |J_8_16_read_reg_8170                         |   40|   0|   40|          0|
    |J_8_17_read_reg_8175                         |   40|   0|   40|          0|
    |J_8_18_read_reg_8180                         |   40|   0|   40|          0|
    |J_8_19_read_reg_8185                         |   40|   0|   40|          0|
    |J_8_1_read_reg_8100                          |   40|   0|   40|          0|
    |J_8_20_read_reg_8190                         |   40|   0|   40|          0|
    |J_8_21_read_reg_8195                         |   40|   0|   40|          0|
    |J_8_22_read_reg_8200                         |   40|   0|   40|          0|
    |J_8_23_read_reg_8205                         |   40|   0|   40|          0|
    |J_8_24_read_reg_8210                         |   40|   0|   40|          0|
    |J_8_2_read_reg_8105                          |   40|   0|   40|          0|
    |J_8_3_read_reg_8110                          |   40|   0|   40|          0|
    |J_8_4_read_reg_8115                          |   40|   0|   40|          0|
    |J_8_5_read_reg_8120                          |   40|   0|   40|          0|
    |J_8_6_read_reg_8125                          |   40|   0|   40|          0|
    |J_8_7_read_reg_8130                          |   40|   0|   40|          0|
    |J_8_9_read_reg_8135                          |   40|   0|   40|          0|
    |J_9_0_read_reg_8215                          |   40|   0|   40|          0|
    |J_9_10_read_reg_8260                         |   40|   0|   40|          0|
    |J_9_11_read_reg_8265                         |   40|   0|   40|          0|
    |J_9_12_read_reg_8270                         |   40|   0|   40|          0|
    |J_9_13_read_reg_8275                         |   40|   0|   40|          0|
    |J_9_14_read_reg_8280                         |   40|   0|   40|          0|
    |J_9_15_read_reg_8285                         |   40|   0|   40|          0|
    |J_9_16_read_reg_8290                         |   40|   0|   40|          0|
    |J_9_17_read_reg_8295                         |   40|   0|   40|          0|
    |J_9_18_read_reg_8300                         |   40|   0|   40|          0|
    |J_9_19_read_reg_8305                         |   40|   0|   40|          0|
    |J_9_1_read_reg_8220                          |   40|   0|   40|          0|
    |J_9_20_read_reg_8310                         |   40|   0|   40|          0|
    |J_9_21_read_reg_8315                         |   40|   0|   40|          0|
    |J_9_22_read_reg_8320                         |   40|   0|   40|          0|
    |J_9_23_read_reg_8325                         |   40|   0|   40|          0|
    |J_9_24_read_reg_8330                         |   40|   0|   40|          0|
    |J_9_2_read_reg_8225                          |   40|   0|   40|          0|
    |J_9_3_read_reg_8230                          |   40|   0|   40|          0|
    |J_9_4_read_reg_8235                          |   40|   0|   40|          0|
    |J_9_5_read_reg_8240                          |   40|   0|   40|          0|
    |J_9_6_read_reg_8245                          |   40|   0|   40|          0|
    |J_9_7_read_reg_8250                          |   40|   0|   40|          0|
    |J_9_8_read_reg_8255                          |   40|   0|   40|          0|
    |add_ln89_reg_10513                           |   61|   0|   61|          0|
    |ap_CS_fsm                                    |   13|   0|   13|          0|
    |de_reg_10385                                 |   40|   0|   40|          0|
    |grp_local_delta_energy_fu_5475_ap_start_reg  |    1|   0|    1|          0|
    |h_0_read_reg_10135                           |   40|   0|   40|          0|
    |h_10_read_reg_10185                          |   40|   0|   40|          0|
    |h_11_read_reg_10190                          |   40|   0|   40|          0|
    |h_12_read_reg_10195                          |   40|   0|   40|          0|
    |h_13_read_reg_10200                          |   40|   0|   40|          0|
    |h_14_read_reg_10205                          |   40|   0|   40|          0|
    |h_15_read_reg_10210                          |   40|   0|   40|          0|
    |h_16_read_reg_10215                          |   40|   0|   40|          0|
    |h_17_read_reg_10220                          |   40|   0|   40|          0|
    |h_18_read_reg_10225                          |   40|   0|   40|          0|
    |h_19_read_reg_10230                          |   40|   0|   40|          0|
    |h_1_read_reg_10140                           |   40|   0|   40|          0|
    |h_20_read_reg_10235                          |   40|   0|   40|          0|
    |h_21_read_reg_10240                          |   40|   0|   40|          0|
    |h_22_read_reg_10245                          |   40|   0|   40|          0|
    |h_23_read_reg_10250                          |   40|   0|   40|          0|
    |h_24_read_reg_10255                          |   40|   0|   40|          0|
    |h_2_read_reg_10145                           |   40|   0|   40|          0|
    |h_3_read_reg_10150                           |   40|   0|   40|          0|
    |h_4_read_reg_10155                           |   40|   0|   40|          0|
    |h_5_read_reg_10160                           |   40|   0|   40|          0|
    |h_6_read_reg_10165                           |   40|   0|   40|          0|
    |h_7_read_reg_10170                           |   40|   0|   40|          0|
    |h_8_read_reg_10175                           |   40|   0|   40|          0|
    |h_9_read_reg_10180                           |   40|   0|   40|          0|
    |i_read_reg_7130                              |   32|   0|   32|          0|
    |icmp_ln116_reg_10404                         |    1|   0|    1|          0|
    |icmp_ln59_reg_10439                          |    1|   0|    1|          0|
    |icmp_ln63_reg_10450                          |    1|   0|    1|          0|
    |icmp_ln91_reg_10523                          |    1|   0|    1|          0|
    |icmp_ln95_reg_10518                          |    1|   0|    1|          0|
    |idx_reg_10455                                |   11|   0|   11|          0|
    |mul_ln89_reg_10508                           |   60|   0|   60|          0|
    |old_energy_read_reg_10398                    |   40|   0|   40|          0|
    |s_0_read_reg_10260                           |    1|   0|    1|          0|
    |s_10_read_reg_10310                          |    1|   0|    1|          0|
    |s_11_read_reg_10315                          |    1|   0|    1|          0|
    |s_12_read_reg_10320                          |    1|   0|    1|          0|
    |s_13_read_reg_10325                          |    1|   0|    1|          0|
    |s_14_read_reg_10330                          |    1|   0|    1|          0|
    |s_15_read_reg_10335                          |    1|   0|    1|          0|
    |s_16_read_reg_10340                          |    1|   0|    1|          0|
    |s_17_read_reg_10345                          |    1|   0|    1|          0|
    |s_18_read_reg_10350                          |    1|   0|    1|          0|
    |s_19_read_reg_10355                          |    1|   0|    1|          0|
    |s_1_read_reg_10265                           |    1|   0|    1|          0|
    |s_20_read_reg_10360                          |    1|   0|    1|          0|
    |s_21_read_reg_10365                          |    1|   0|    1|          0|
    |s_22_read_reg_10370                          |    1|   0|    1|          0|
    |s_23_read_reg_10375                          |    1|   0|    1|          0|
    |s_24_read_reg_10380                          |    1|   0|    1|          0|
    |s_2_read_reg_10270                           |    1|   0|    1|          0|
    |s_3_read_reg_10275                           |    1|   0|    1|          0|
    |s_4_read_reg_10280                           |    1|   0|    1|          0|
    |s_5_read_reg_10285                           |    1|   0|    1|          0|
    |s_6_read_reg_10290                           |    1|   0|    1|          0|
    |s_7_read_reg_10295                           |    1|   0|    1|          0|
    |s_8_read_reg_10300                           |    1|   0|    1|          0|
    |s_9_read_reg_10305                           |    1|   0|    1|          0|
    |sub_ln84_reg_10467                           |   27|   0|   27|          0|
    |sub_ln89_reg_10493                           |   26|   0|   26|          0|
    |tmp_1_reg_10429                              |    1|   0|    1|          0|
    |tmp_3_reg_10462                              |   26|   0|   26|          0|
    |tmp_4_reg_10482                              |   25|   0|   25|          0|
    |tmp_5_reg_10488                              |   25|   0|   25|          0|
    |tmp_6_reg_10434                              |   11|   0|   11|          0|
    |tmp_reg_10423                                |   30|   0|   30|          0|
    |trunc_ln75_1_reg_10445                       |   30|   0|   59|         29|
    |u_read_reg_10393                             |   40|   0|   40|          0|
    |x_reg_10418                                  |   40|   0|   40|          0|
    +---------------------------------------------+-----+----+-----+-----------+
    |Total                                        |25569|   0|25598|         29|
    +---------------------------------------------+-----+----+-----+-----------+



================================================================
== Interface
================================================================
* Summary: 
+---------------------+-----+-----+------------+-----------------------+--------------+
|      RTL Ports      | Dir | Bits|  Protocol  |     Source Object     |    C Type    |
+---------------------+-----+-----+------------+-----------------------+--------------+
|ap_clk               |   in|    1|  ap_ctrl_hs|  local_metropolis_step|  return value|
|ap_rst               |   in|    1|  ap_ctrl_hs|  local_metropolis_step|  return value|
|ap_start             |   in|    1|  ap_ctrl_hs|  local_metropolis_step|  return value|
|ap_done              |  out|    1|  ap_ctrl_hs|  local_metropolis_step|  return value|
|ap_idle              |  out|    1|  ap_ctrl_hs|  local_metropolis_step|  return value|
|ap_ready             |  out|    1|  ap_ctrl_hs|  local_metropolis_step|  return value|
|J_0_0                |   in|   40|     ap_none|                  J_0_0|       pointer|
|J_0_1                |   in|   40|     ap_none|                  J_0_1|       pointer|
|J_0_2                |   in|   40|     ap_none|                  J_0_2|       pointer|
|J_0_3                |   in|   40|     ap_none|                  J_0_3|       pointer|
|J_0_4                |   in|   40|     ap_none|                  J_0_4|       pointer|
|J_0_5                |   in|   40|     ap_none|                  J_0_5|       pointer|
|J_0_6                |   in|   40|     ap_none|                  J_0_6|       pointer|
|J_0_7                |   in|   40|     ap_none|                  J_0_7|       pointer|
|J_0_8                |   in|   40|     ap_none|                  J_0_8|       pointer|
|J_0_9                |   in|   40|     ap_none|                  J_0_9|       pointer|
|J_0_10               |   in|   40|     ap_none|                 J_0_10|       pointer|
|J_0_11               |   in|   40|     ap_none|                 J_0_11|       pointer|
|J_0_12               |   in|   40|     ap_none|                 J_0_12|       pointer|
|J_0_13               |   in|   40|     ap_none|                 J_0_13|       pointer|
|J_0_14               |   in|   40|     ap_none|                 J_0_14|       pointer|
|J_0_15               |   in|   40|     ap_none|                 J_0_15|       pointer|
|J_0_16               |   in|   40|     ap_none|                 J_0_16|       pointer|
|J_0_17               |   in|   40|     ap_none|                 J_0_17|       pointer|
|J_0_18               |   in|   40|     ap_none|                 J_0_18|       pointer|
|J_0_19               |   in|   40|     ap_none|                 J_0_19|       pointer|
|J_0_20               |   in|   40|     ap_none|                 J_0_20|       pointer|
|J_0_21               |   in|   40|     ap_none|                 J_0_21|       pointer|
|J_0_22               |   in|   40|     ap_none|                 J_0_22|       pointer|
|J_0_23               |   in|   40|     ap_none|                 J_0_23|       pointer|
|J_0_24               |   in|   40|     ap_none|                 J_0_24|       pointer|
|J_1_0                |   in|   40|     ap_none|                  J_1_0|       pointer|
|J_1_1                |   in|   40|     ap_none|                  J_1_1|       pointer|
|J_1_2                |   in|   40|     ap_none|                  J_1_2|       pointer|
|J_1_3                |   in|   40|     ap_none|                  J_1_3|       pointer|
|J_1_4                |   in|   40|     ap_none|                  J_1_4|       pointer|
|J_1_5                |   in|   40|     ap_none|                  J_1_5|       pointer|
|J_1_6                |   in|   40|     ap_none|                  J_1_6|       pointer|
|J_1_7                |   in|   40|     ap_none|                  J_1_7|       pointer|
|J_1_8                |   in|   40|     ap_none|                  J_1_8|       pointer|
|J_1_9                |   in|   40|     ap_none|                  J_1_9|       pointer|
|J_1_10               |   in|   40|     ap_none|                 J_1_10|       pointer|
|J_1_11               |   in|   40|     ap_none|                 J_1_11|       pointer|
|J_1_12               |   in|   40|     ap_none|                 J_1_12|       pointer|
|J_1_13               |   in|   40|     ap_none|                 J_1_13|       pointer|
|J_1_14               |   in|   40|     ap_none|                 J_1_14|       pointer|
|J_1_15               |   in|   40|     ap_none|                 J_1_15|       pointer|
|J_1_16               |   in|   40|     ap_none|                 J_1_16|       pointer|
|J_1_17               |   in|   40|     ap_none|                 J_1_17|       pointer|
|J_1_18               |   in|   40|     ap_none|                 J_1_18|       pointer|
|J_1_19               |   in|   40|     ap_none|                 J_1_19|       pointer|
|J_1_20               |   in|   40|     ap_none|                 J_1_20|       pointer|
|J_1_21               |   in|   40|     ap_none|                 J_1_21|       pointer|
|J_1_22               |   in|   40|     ap_none|                 J_1_22|       pointer|
|J_1_23               |   in|   40|     ap_none|                 J_1_23|       pointer|
|J_1_24               |   in|   40|     ap_none|                 J_1_24|       pointer|
|J_2_0                |   in|   40|     ap_none|                  J_2_0|       pointer|
|J_2_1                |   in|   40|     ap_none|                  J_2_1|       pointer|
|J_2_2                |   in|   40|     ap_none|                  J_2_2|       pointer|
|J_2_3                |   in|   40|     ap_none|                  J_2_3|       pointer|
|J_2_4                |   in|   40|     ap_none|                  J_2_4|       pointer|
|J_2_5                |   in|   40|     ap_none|                  J_2_5|       pointer|
|J_2_6                |   in|   40|     ap_none|                  J_2_6|       pointer|
|J_2_7                |   in|   40|     ap_none|                  J_2_7|       pointer|
|J_2_8                |   in|   40|     ap_none|                  J_2_8|       pointer|
|J_2_9                |   in|   40|     ap_none|                  J_2_9|       pointer|
|J_2_10               |   in|   40|     ap_none|                 J_2_10|       pointer|
|J_2_11               |   in|   40|     ap_none|                 J_2_11|       pointer|
|J_2_12               |   in|   40|     ap_none|                 J_2_12|       pointer|
|J_2_13               |   in|   40|     ap_none|                 J_2_13|       pointer|
|J_2_14               |   in|   40|     ap_none|                 J_2_14|       pointer|
|J_2_15               |   in|   40|     ap_none|                 J_2_15|       pointer|
|J_2_16               |   in|   40|     ap_none|                 J_2_16|       pointer|
|J_2_17               |   in|   40|     ap_none|                 J_2_17|       pointer|
|J_2_18               |   in|   40|     ap_none|                 J_2_18|       pointer|
|J_2_19               |   in|   40|     ap_none|                 J_2_19|       pointer|
|J_2_20               |   in|   40|     ap_none|                 J_2_20|       pointer|
|J_2_21               |   in|   40|     ap_none|                 J_2_21|       pointer|
|J_2_22               |   in|   40|     ap_none|                 J_2_22|       pointer|
|J_2_23               |   in|   40|     ap_none|                 J_2_23|       pointer|
|J_2_24               |   in|   40|     ap_none|                 J_2_24|       pointer|
|J_3_0                |   in|   40|     ap_none|                  J_3_0|       pointer|
|J_3_1                |   in|   40|     ap_none|                  J_3_1|       pointer|
|J_3_2                |   in|   40|     ap_none|                  J_3_2|       pointer|
|J_3_3                |   in|   40|     ap_none|                  J_3_3|       pointer|
|J_3_4                |   in|   40|     ap_none|                  J_3_4|       pointer|
|J_3_5                |   in|   40|     ap_none|                  J_3_5|       pointer|
|J_3_6                |   in|   40|     ap_none|                  J_3_6|       pointer|
|J_3_7                |   in|   40|     ap_none|                  J_3_7|       pointer|
|J_3_8                |   in|   40|     ap_none|                  J_3_8|       pointer|
|J_3_9                |   in|   40|     ap_none|                  J_3_9|       pointer|
|J_3_10               |   in|   40|     ap_none|                 J_3_10|       pointer|
|J_3_11               |   in|   40|     ap_none|                 J_3_11|       pointer|
|J_3_12               |   in|   40|     ap_none|                 J_3_12|       pointer|
|J_3_13               |   in|   40|     ap_none|                 J_3_13|       pointer|
|J_3_14               |   in|   40|     ap_none|                 J_3_14|       pointer|
|J_3_15               |   in|   40|     ap_none|                 J_3_15|       pointer|
|J_3_16               |   in|   40|     ap_none|                 J_3_16|       pointer|
|J_3_17               |   in|   40|     ap_none|                 J_3_17|       pointer|
|J_3_18               |   in|   40|     ap_none|                 J_3_18|       pointer|
|J_3_19               |   in|   40|     ap_none|                 J_3_19|       pointer|
|J_3_20               |   in|   40|     ap_none|                 J_3_20|       pointer|
|J_3_21               |   in|   40|     ap_none|                 J_3_21|       pointer|
|J_3_22               |   in|   40|     ap_none|                 J_3_22|       pointer|
|J_3_23               |   in|   40|     ap_none|                 J_3_23|       pointer|
|J_3_24               |   in|   40|     ap_none|                 J_3_24|       pointer|
|J_4_0                |   in|   40|     ap_none|                  J_4_0|       pointer|
|J_4_1                |   in|   40|     ap_none|                  J_4_1|       pointer|
|J_4_2                |   in|   40|     ap_none|                  J_4_2|       pointer|
|J_4_3                |   in|   40|     ap_none|                  J_4_3|       pointer|
|J_4_4                |   in|   40|     ap_none|                  J_4_4|       pointer|
|J_4_5                |   in|   40|     ap_none|                  J_4_5|       pointer|
|J_4_6                |   in|   40|     ap_none|                  J_4_6|       pointer|
|J_4_7                |   in|   40|     ap_none|                  J_4_7|       pointer|
|J_4_8                |   in|   40|     ap_none|                  J_4_8|       pointer|
|J_4_9                |   in|   40|     ap_none|                  J_4_9|       pointer|
|J_4_10               |   in|   40|     ap_none|                 J_4_10|       pointer|
|J_4_11               |   in|   40|     ap_none|                 J_4_11|       pointer|
|J_4_12               |   in|   40|     ap_none|                 J_4_12|       pointer|
|J_4_13               |   in|   40|     ap_none|                 J_4_13|       pointer|
|J_4_14               |   in|   40|     ap_none|                 J_4_14|       pointer|
|J_4_15               |   in|   40|     ap_none|                 J_4_15|       pointer|
|J_4_16               |   in|   40|     ap_none|                 J_4_16|       pointer|
|J_4_17               |   in|   40|     ap_none|                 J_4_17|       pointer|
|J_4_18               |   in|   40|     ap_none|                 J_4_18|       pointer|
|J_4_19               |   in|   40|     ap_none|                 J_4_19|       pointer|
|J_4_20               |   in|   40|     ap_none|                 J_4_20|       pointer|
|J_4_21               |   in|   40|     ap_none|                 J_4_21|       pointer|
|J_4_22               |   in|   40|     ap_none|                 J_4_22|       pointer|
|J_4_23               |   in|   40|     ap_none|                 J_4_23|       pointer|
|J_4_24               |   in|   40|     ap_none|                 J_4_24|       pointer|
|J_5_0                |   in|   40|     ap_none|                  J_5_0|       pointer|
|J_5_1                |   in|   40|     ap_none|                  J_5_1|       pointer|
|J_5_2                |   in|   40|     ap_none|                  J_5_2|       pointer|
|J_5_3                |   in|   40|     ap_none|                  J_5_3|       pointer|
|J_5_4                |   in|   40|     ap_none|                  J_5_4|       pointer|
|J_5_5                |   in|   40|     ap_none|                  J_5_5|       pointer|
|J_5_6                |   in|   40|     ap_none|                  J_5_6|       pointer|
|J_5_7                |   in|   40|     ap_none|                  J_5_7|       pointer|
|J_5_8                |   in|   40|     ap_none|                  J_5_8|       pointer|
|J_5_9                |   in|   40|     ap_none|                  J_5_9|       pointer|
|J_5_10               |   in|   40|     ap_none|                 J_5_10|       pointer|
|J_5_11               |   in|   40|     ap_none|                 J_5_11|       pointer|
|J_5_12               |   in|   40|     ap_none|                 J_5_12|       pointer|
|J_5_13               |   in|   40|     ap_none|                 J_5_13|       pointer|
|J_5_14               |   in|   40|     ap_none|                 J_5_14|       pointer|
|J_5_15               |   in|   40|     ap_none|                 J_5_15|       pointer|
|J_5_16               |   in|   40|     ap_none|                 J_5_16|       pointer|
|J_5_17               |   in|   40|     ap_none|                 J_5_17|       pointer|
|J_5_18               |   in|   40|     ap_none|                 J_5_18|       pointer|
|J_5_19               |   in|   40|     ap_none|                 J_5_19|       pointer|
|J_5_20               |   in|   40|     ap_none|                 J_5_20|       pointer|
|J_5_21               |   in|   40|     ap_none|                 J_5_21|       pointer|
|J_5_22               |   in|   40|     ap_none|                 J_5_22|       pointer|
|J_5_23               |   in|   40|     ap_none|                 J_5_23|       pointer|
|J_5_24               |   in|   40|     ap_none|                 J_5_24|       pointer|
|J_6_0                |   in|   40|     ap_none|                  J_6_0|       pointer|
|J_6_1                |   in|   40|     ap_none|                  J_6_1|       pointer|
|J_6_2                |   in|   40|     ap_none|                  J_6_2|       pointer|
|J_6_3                |   in|   40|     ap_none|                  J_6_3|       pointer|
|J_6_4                |   in|   40|     ap_none|                  J_6_4|       pointer|
|J_6_5                |   in|   40|     ap_none|                  J_6_5|       pointer|
|J_6_6                |   in|   40|     ap_none|                  J_6_6|       pointer|
|J_6_7                |   in|   40|     ap_none|                  J_6_7|       pointer|
|J_6_8                |   in|   40|     ap_none|                  J_6_8|       pointer|
|J_6_9                |   in|   40|     ap_none|                  J_6_9|       pointer|
|J_6_10               |   in|   40|     ap_none|                 J_6_10|       pointer|
|J_6_11               |   in|   40|     ap_none|                 J_6_11|       pointer|
|J_6_12               |   in|   40|     ap_none|                 J_6_12|       pointer|
|J_6_13               |   in|   40|     ap_none|                 J_6_13|       pointer|
|J_6_14               |   in|   40|     ap_none|                 J_6_14|       pointer|
|J_6_15               |   in|   40|     ap_none|                 J_6_15|       pointer|
|J_6_16               |   in|   40|     ap_none|                 J_6_16|       pointer|
|J_6_17               |   in|   40|     ap_none|                 J_6_17|       pointer|
|J_6_18               |   in|   40|     ap_none|                 J_6_18|       pointer|
|J_6_19               |   in|   40|     ap_none|                 J_6_19|       pointer|
|J_6_20               |   in|   40|     ap_none|                 J_6_20|       pointer|
|J_6_21               |   in|   40|     ap_none|                 J_6_21|       pointer|
|J_6_22               |   in|   40|     ap_none|                 J_6_22|       pointer|
|J_6_23               |   in|   40|     ap_none|                 J_6_23|       pointer|
|J_6_24               |   in|   40|     ap_none|                 J_6_24|       pointer|
|J_7_0                |   in|   40|     ap_none|                  J_7_0|       pointer|
|J_7_1                |   in|   40|     ap_none|                  J_7_1|       pointer|
|J_7_2                |   in|   40|     ap_none|                  J_7_2|       pointer|
|J_7_3                |   in|   40|     ap_none|                  J_7_3|       pointer|
|J_7_4                |   in|   40|     ap_none|                  J_7_4|       pointer|
|J_7_5                |   in|   40|     ap_none|                  J_7_5|       pointer|
|J_7_6                |   in|   40|     ap_none|                  J_7_6|       pointer|
|J_7_7                |   in|   40|     ap_none|                  J_7_7|       pointer|
|J_7_8                |   in|   40|     ap_none|                  J_7_8|       pointer|
|J_7_9                |   in|   40|     ap_none|                  J_7_9|       pointer|
|J_7_10               |   in|   40|     ap_none|                 J_7_10|       pointer|
|J_7_11               |   in|   40|     ap_none|                 J_7_11|       pointer|
|J_7_12               |   in|   40|     ap_none|                 J_7_12|       pointer|
|J_7_13               |   in|   40|     ap_none|                 J_7_13|       pointer|
|J_7_14               |   in|   40|     ap_none|                 J_7_14|       pointer|
|J_7_15               |   in|   40|     ap_none|                 J_7_15|       pointer|
|J_7_16               |   in|   40|     ap_none|                 J_7_16|       pointer|
|J_7_17               |   in|   40|     ap_none|                 J_7_17|       pointer|
|J_7_18               |   in|   40|     ap_none|                 J_7_18|       pointer|
|J_7_19               |   in|   40|     ap_none|                 J_7_19|       pointer|
|J_7_20               |   in|   40|     ap_none|                 J_7_20|       pointer|
|J_7_21               |   in|   40|     ap_none|                 J_7_21|       pointer|
|J_7_22               |   in|   40|     ap_none|                 J_7_22|       pointer|
|J_7_23               |   in|   40|     ap_none|                 J_7_23|       pointer|
|J_7_24               |   in|   40|     ap_none|                 J_7_24|       pointer|
|J_8_0                |   in|   40|     ap_none|                  J_8_0|       pointer|
|J_8_1                |   in|   40|     ap_none|                  J_8_1|       pointer|
|J_8_2                |   in|   40|     ap_none|                  J_8_2|       pointer|
|J_8_3                |   in|   40|     ap_none|                  J_8_3|       pointer|
|J_8_4                |   in|   40|     ap_none|                  J_8_4|       pointer|
|J_8_5                |   in|   40|     ap_none|                  J_8_5|       pointer|
|J_8_6                |   in|   40|     ap_none|                  J_8_6|       pointer|
|J_8_7                |   in|   40|     ap_none|                  J_8_7|       pointer|
|J_8_8                |   in|   40|     ap_none|                  J_8_8|       pointer|
|J_8_9                |   in|   40|     ap_none|                  J_8_9|       pointer|
|J_8_10               |   in|   40|     ap_none|                 J_8_10|       pointer|
|J_8_11               |   in|   40|     ap_none|                 J_8_11|       pointer|
|J_8_12               |   in|   40|     ap_none|                 J_8_12|       pointer|
|J_8_13               |   in|   40|     ap_none|                 J_8_13|       pointer|
|J_8_14               |   in|   40|     ap_none|                 J_8_14|       pointer|
|J_8_15               |   in|   40|     ap_none|                 J_8_15|       pointer|
|J_8_16               |   in|   40|     ap_none|                 J_8_16|       pointer|
|J_8_17               |   in|   40|     ap_none|                 J_8_17|       pointer|
|J_8_18               |   in|   40|     ap_none|                 J_8_18|       pointer|
|J_8_19               |   in|   40|     ap_none|                 J_8_19|       pointer|
|J_8_20               |   in|   40|     ap_none|                 J_8_20|       pointer|
|J_8_21               |   in|   40|     ap_none|                 J_8_21|       pointer|
|J_8_22               |   in|   40|     ap_none|                 J_8_22|       pointer|
|J_8_23               |   in|   40|     ap_none|                 J_8_23|       pointer|
|J_8_24               |   in|   40|     ap_none|                 J_8_24|       pointer|
|J_9_0                |   in|   40|     ap_none|                  J_9_0|       pointer|
|J_9_1                |   in|   40|     ap_none|                  J_9_1|       pointer|
|J_9_2                |   in|   40|     ap_none|                  J_9_2|       pointer|
|J_9_3                |   in|   40|     ap_none|                  J_9_3|       pointer|
|J_9_4                |   in|   40|     ap_none|                  J_9_4|       pointer|
|J_9_5                |   in|   40|     ap_none|                  J_9_5|       pointer|
|J_9_6                |   in|   40|     ap_none|                  J_9_6|       pointer|
|J_9_7                |   in|   40|     ap_none|                  J_9_7|       pointer|
|J_9_8                |   in|   40|     ap_none|                  J_9_8|       pointer|
|J_9_9                |   in|   40|     ap_none|                  J_9_9|       pointer|
|J_9_10               |   in|   40|     ap_none|                 J_9_10|       pointer|
|J_9_11               |   in|   40|     ap_none|                 J_9_11|       pointer|
|J_9_12               |   in|   40|     ap_none|                 J_9_12|       pointer|
|J_9_13               |   in|   40|     ap_none|                 J_9_13|       pointer|
|J_9_14               |   in|   40|     ap_none|                 J_9_14|       pointer|
|J_9_15               |   in|   40|     ap_none|                 J_9_15|       pointer|
|J_9_16               |   in|   40|     ap_none|                 J_9_16|       pointer|
|J_9_17               |   in|   40|     ap_none|                 J_9_17|       pointer|
|J_9_18               |   in|   40|     ap_none|                 J_9_18|       pointer|
|J_9_19               |   in|   40|     ap_none|                 J_9_19|       pointer|
|J_9_20               |   in|   40|     ap_none|                 J_9_20|       pointer|
|J_9_21               |   in|   40|     ap_none|                 J_9_21|       pointer|
|J_9_22               |   in|   40|     ap_none|                 J_9_22|       pointer|
|J_9_23               |   in|   40|     ap_none|                 J_9_23|       pointer|
|J_9_24               |   in|   40|     ap_none|                 J_9_24|       pointer|
|J_10_0               |   in|   40|     ap_none|                 J_10_0|       pointer|
|J_10_1               |   in|   40|     ap_none|                 J_10_1|       pointer|
|J_10_2               |   in|   40|     ap_none|                 J_10_2|       pointer|
|J_10_3               |   in|   40|     ap_none|                 J_10_3|       pointer|
|J_10_4               |   in|   40|     ap_none|                 J_10_4|       pointer|
|J_10_5               |   in|   40|     ap_none|                 J_10_5|       pointer|
|J_10_6               |   in|   40|     ap_none|                 J_10_6|       pointer|
|J_10_7               |   in|   40|     ap_none|                 J_10_7|       pointer|
|J_10_8               |   in|   40|     ap_none|                 J_10_8|       pointer|
|J_10_9               |   in|   40|     ap_none|                 J_10_9|       pointer|
|J_10_10              |   in|   40|     ap_none|                J_10_10|       pointer|
|J_10_11              |   in|   40|     ap_none|                J_10_11|       pointer|
|J_10_12              |   in|   40|     ap_none|                J_10_12|       pointer|
|J_10_13              |   in|   40|     ap_none|                J_10_13|       pointer|
|J_10_14              |   in|   40|     ap_none|                J_10_14|       pointer|
|J_10_15              |   in|   40|     ap_none|                J_10_15|       pointer|
|J_10_16              |   in|   40|     ap_none|                J_10_16|       pointer|
|J_10_17              |   in|   40|     ap_none|                J_10_17|       pointer|
|J_10_18              |   in|   40|     ap_none|                J_10_18|       pointer|
|J_10_19              |   in|   40|     ap_none|                J_10_19|       pointer|
|J_10_20              |   in|   40|     ap_none|                J_10_20|       pointer|
|J_10_21              |   in|   40|     ap_none|                J_10_21|       pointer|
|J_10_22              |   in|   40|     ap_none|                J_10_22|       pointer|
|J_10_23              |   in|   40|     ap_none|                J_10_23|       pointer|
|J_10_24              |   in|   40|     ap_none|                J_10_24|       pointer|
|J_11_0               |   in|   40|     ap_none|                 J_11_0|       pointer|
|J_11_1               |   in|   40|     ap_none|                 J_11_1|       pointer|
|J_11_2               |   in|   40|     ap_none|                 J_11_2|       pointer|
|J_11_3               |   in|   40|     ap_none|                 J_11_3|       pointer|
|J_11_4               |   in|   40|     ap_none|                 J_11_4|       pointer|
|J_11_5               |   in|   40|     ap_none|                 J_11_5|       pointer|
|J_11_6               |   in|   40|     ap_none|                 J_11_6|       pointer|
|J_11_7               |   in|   40|     ap_none|                 J_11_7|       pointer|
|J_11_8               |   in|   40|     ap_none|                 J_11_8|       pointer|
|J_11_9               |   in|   40|     ap_none|                 J_11_9|       pointer|
|J_11_10              |   in|   40|     ap_none|                J_11_10|       pointer|
|J_11_11              |   in|   40|     ap_none|                J_11_11|       pointer|
|J_11_12              |   in|   40|     ap_none|                J_11_12|       pointer|
|J_11_13              |   in|   40|     ap_none|                J_11_13|       pointer|
|J_11_14              |   in|   40|     ap_none|                J_11_14|       pointer|
|J_11_15              |   in|   40|     ap_none|                J_11_15|       pointer|
|J_11_16              |   in|   40|     ap_none|                J_11_16|       pointer|
|J_11_17              |   in|   40|     ap_none|                J_11_17|       pointer|
|J_11_18              |   in|   40|     ap_none|                J_11_18|       pointer|
|J_11_19              |   in|   40|     ap_none|                J_11_19|       pointer|
|J_11_20              |   in|   40|     ap_none|                J_11_20|       pointer|
|J_11_21              |   in|   40|     ap_none|                J_11_21|       pointer|
|J_11_22              |   in|   40|     ap_none|                J_11_22|       pointer|
|J_11_23              |   in|   40|     ap_none|                J_11_23|       pointer|
|J_11_24              |   in|   40|     ap_none|                J_11_24|       pointer|
|J_12_0               |   in|   40|     ap_none|                 J_12_0|       pointer|
|J_12_1               |   in|   40|     ap_none|                 J_12_1|       pointer|
|J_12_2               |   in|   40|     ap_none|                 J_12_2|       pointer|
|J_12_3               |   in|   40|     ap_none|                 J_12_3|       pointer|
|J_12_4               |   in|   40|     ap_none|                 J_12_4|       pointer|
|J_12_5               |   in|   40|     ap_none|                 J_12_5|       pointer|
|J_12_6               |   in|   40|     ap_none|                 J_12_6|       pointer|
|J_12_7               |   in|   40|     ap_none|                 J_12_7|       pointer|
|J_12_8               |   in|   40|     ap_none|                 J_12_8|       pointer|
|J_12_9               |   in|   40|     ap_none|                 J_12_9|       pointer|
|J_12_10              |   in|   40|     ap_none|                J_12_10|       pointer|
|J_12_11              |   in|   40|     ap_none|                J_12_11|       pointer|
|J_12_12              |   in|   40|     ap_none|                J_12_12|       pointer|
|J_12_13              |   in|   40|     ap_none|                J_12_13|       pointer|
|J_12_14              |   in|   40|     ap_none|                J_12_14|       pointer|
|J_12_15              |   in|   40|     ap_none|                J_12_15|       pointer|
|J_12_16              |   in|   40|     ap_none|                J_12_16|       pointer|
|J_12_17              |   in|   40|     ap_none|                J_12_17|       pointer|
|J_12_18              |   in|   40|     ap_none|                J_12_18|       pointer|
|J_12_19              |   in|   40|     ap_none|                J_12_19|       pointer|
|J_12_20              |   in|   40|     ap_none|                J_12_20|       pointer|
|J_12_21              |   in|   40|     ap_none|                J_12_21|       pointer|
|J_12_22              |   in|   40|     ap_none|                J_12_22|       pointer|
|J_12_23              |   in|   40|     ap_none|                J_12_23|       pointer|
|J_12_24              |   in|   40|     ap_none|                J_12_24|       pointer|
|J_13_0               |   in|   40|     ap_none|                 J_13_0|       pointer|
|J_13_1               |   in|   40|     ap_none|                 J_13_1|       pointer|
|J_13_2               |   in|   40|     ap_none|                 J_13_2|       pointer|
|J_13_3               |   in|   40|     ap_none|                 J_13_3|       pointer|
|J_13_4               |   in|   40|     ap_none|                 J_13_4|       pointer|
|J_13_5               |   in|   40|     ap_none|                 J_13_5|       pointer|
|J_13_6               |   in|   40|     ap_none|                 J_13_6|       pointer|
|J_13_7               |   in|   40|     ap_none|                 J_13_7|       pointer|
|J_13_8               |   in|   40|     ap_none|                 J_13_8|       pointer|
|J_13_9               |   in|   40|     ap_none|                 J_13_9|       pointer|
|J_13_10              |   in|   40|     ap_none|                J_13_10|       pointer|
|J_13_11              |   in|   40|     ap_none|                J_13_11|       pointer|
|J_13_12              |   in|   40|     ap_none|                J_13_12|       pointer|
|J_13_13              |   in|   40|     ap_none|                J_13_13|       pointer|
|J_13_14              |   in|   40|     ap_none|                J_13_14|       pointer|
|J_13_15              |   in|   40|     ap_none|                J_13_15|       pointer|
|J_13_16              |   in|   40|     ap_none|                J_13_16|       pointer|
|J_13_17              |   in|   40|     ap_none|                J_13_17|       pointer|
|J_13_18              |   in|   40|     ap_none|                J_13_18|       pointer|
|J_13_19              |   in|   40|     ap_none|                J_13_19|       pointer|
|J_13_20              |   in|   40|     ap_none|                J_13_20|       pointer|
|J_13_21              |   in|   40|     ap_none|                J_13_21|       pointer|
|J_13_22              |   in|   40|     ap_none|                J_13_22|       pointer|
|J_13_23              |   in|   40|     ap_none|                J_13_23|       pointer|
|J_13_24              |   in|   40|     ap_none|                J_13_24|       pointer|
|J_14_0               |   in|   40|     ap_none|                 J_14_0|       pointer|
|J_14_1               |   in|   40|     ap_none|                 J_14_1|       pointer|
|J_14_2               |   in|   40|     ap_none|                 J_14_2|       pointer|
|J_14_3               |   in|   40|     ap_none|                 J_14_3|       pointer|
|J_14_4               |   in|   40|     ap_none|                 J_14_4|       pointer|
|J_14_5               |   in|   40|     ap_none|                 J_14_5|       pointer|
|J_14_6               |   in|   40|     ap_none|                 J_14_6|       pointer|
|J_14_7               |   in|   40|     ap_none|                 J_14_7|       pointer|
|J_14_8               |   in|   40|     ap_none|                 J_14_8|       pointer|
|J_14_9               |   in|   40|     ap_none|                 J_14_9|       pointer|
|J_14_10              |   in|   40|     ap_none|                J_14_10|       pointer|
|J_14_11              |   in|   40|     ap_none|                J_14_11|       pointer|
|J_14_12              |   in|   40|     ap_none|                J_14_12|       pointer|
|J_14_13              |   in|   40|     ap_none|                J_14_13|       pointer|
|J_14_14              |   in|   40|     ap_none|                J_14_14|       pointer|
|J_14_15              |   in|   40|     ap_none|                J_14_15|       pointer|
|J_14_16              |   in|   40|     ap_none|                J_14_16|       pointer|
|J_14_17              |   in|   40|     ap_none|                J_14_17|       pointer|
|J_14_18              |   in|   40|     ap_none|                J_14_18|       pointer|
|J_14_19              |   in|   40|     ap_none|                J_14_19|       pointer|
|J_14_20              |   in|   40|     ap_none|                J_14_20|       pointer|
|J_14_21              |   in|   40|     ap_none|                J_14_21|       pointer|
|J_14_22              |   in|   40|     ap_none|                J_14_22|       pointer|
|J_14_23              |   in|   40|     ap_none|                J_14_23|       pointer|
|J_14_24              |   in|   40|     ap_none|                J_14_24|       pointer|
|J_15_0               |   in|   40|     ap_none|                 J_15_0|       pointer|
|J_15_1               |   in|   40|     ap_none|                 J_15_1|       pointer|
|J_15_2               |   in|   40|     ap_none|                 J_15_2|       pointer|
|J_15_3               |   in|   40|     ap_none|                 J_15_3|       pointer|
|J_15_4               |   in|   40|     ap_none|                 J_15_4|       pointer|
|J_15_5               |   in|   40|     ap_none|                 J_15_5|       pointer|
|J_15_6               |   in|   40|     ap_none|                 J_15_6|       pointer|
|J_15_7               |   in|   40|     ap_none|                 J_15_7|       pointer|
|J_15_8               |   in|   40|     ap_none|                 J_15_8|       pointer|
|J_15_9               |   in|   40|     ap_none|                 J_15_9|       pointer|
|J_15_10              |   in|   40|     ap_none|                J_15_10|       pointer|
|J_15_11              |   in|   40|     ap_none|                J_15_11|       pointer|
|J_15_12              |   in|   40|     ap_none|                J_15_12|       pointer|
|J_15_13              |   in|   40|     ap_none|                J_15_13|       pointer|
|J_15_14              |   in|   40|     ap_none|                J_15_14|       pointer|
|J_15_15              |   in|   40|     ap_none|                J_15_15|       pointer|
|J_15_16              |   in|   40|     ap_none|                J_15_16|       pointer|
|J_15_17              |   in|   40|     ap_none|                J_15_17|       pointer|
|J_15_18              |   in|   40|     ap_none|                J_15_18|       pointer|
|J_15_19              |   in|   40|     ap_none|                J_15_19|       pointer|
|J_15_20              |   in|   40|     ap_none|                J_15_20|       pointer|
|J_15_21              |   in|   40|     ap_none|                J_15_21|       pointer|
|J_15_22              |   in|   40|     ap_none|                J_15_22|       pointer|
|J_15_23              |   in|   40|     ap_none|                J_15_23|       pointer|
|J_15_24              |   in|   40|     ap_none|                J_15_24|       pointer|
|J_16_0               |   in|   40|     ap_none|                 J_16_0|       pointer|
|J_16_1               |   in|   40|     ap_none|                 J_16_1|       pointer|
|J_16_2               |   in|   40|     ap_none|                 J_16_2|       pointer|
|J_16_3               |   in|   40|     ap_none|                 J_16_3|       pointer|
|J_16_4               |   in|   40|     ap_none|                 J_16_4|       pointer|
|J_16_5               |   in|   40|     ap_none|                 J_16_5|       pointer|
|J_16_6               |   in|   40|     ap_none|                 J_16_6|       pointer|
|J_16_7               |   in|   40|     ap_none|                 J_16_7|       pointer|
|J_16_8               |   in|   40|     ap_none|                 J_16_8|       pointer|
|J_16_9               |   in|   40|     ap_none|                 J_16_9|       pointer|
|J_16_10              |   in|   40|     ap_none|                J_16_10|       pointer|
|J_16_11              |   in|   40|     ap_none|                J_16_11|       pointer|
|J_16_12              |   in|   40|     ap_none|                J_16_12|       pointer|
|J_16_13              |   in|   40|     ap_none|                J_16_13|       pointer|
|J_16_14              |   in|   40|     ap_none|                J_16_14|       pointer|
|J_16_15              |   in|   40|     ap_none|                J_16_15|       pointer|
|J_16_16              |   in|   40|     ap_none|                J_16_16|       pointer|
|J_16_17              |   in|   40|     ap_none|                J_16_17|       pointer|
|J_16_18              |   in|   40|     ap_none|                J_16_18|       pointer|
|J_16_19              |   in|   40|     ap_none|                J_16_19|       pointer|
|J_16_20              |   in|   40|     ap_none|                J_16_20|       pointer|
|J_16_21              |   in|   40|     ap_none|                J_16_21|       pointer|
|J_16_22              |   in|   40|     ap_none|                J_16_22|       pointer|
|J_16_23              |   in|   40|     ap_none|                J_16_23|       pointer|
|J_16_24              |   in|   40|     ap_none|                J_16_24|       pointer|
|J_17_0               |   in|   40|     ap_none|                 J_17_0|       pointer|
|J_17_1               |   in|   40|     ap_none|                 J_17_1|       pointer|
|J_17_2               |   in|   40|     ap_none|                 J_17_2|       pointer|
|J_17_3               |   in|   40|     ap_none|                 J_17_3|       pointer|
|J_17_4               |   in|   40|     ap_none|                 J_17_4|       pointer|
|J_17_5               |   in|   40|     ap_none|                 J_17_5|       pointer|
|J_17_6               |   in|   40|     ap_none|                 J_17_6|       pointer|
|J_17_7               |   in|   40|     ap_none|                 J_17_7|       pointer|
|J_17_8               |   in|   40|     ap_none|                 J_17_8|       pointer|
|J_17_9               |   in|   40|     ap_none|                 J_17_9|       pointer|
|J_17_10              |   in|   40|     ap_none|                J_17_10|       pointer|
|J_17_11              |   in|   40|     ap_none|                J_17_11|       pointer|
|J_17_12              |   in|   40|     ap_none|                J_17_12|       pointer|
|J_17_13              |   in|   40|     ap_none|                J_17_13|       pointer|
|J_17_14              |   in|   40|     ap_none|                J_17_14|       pointer|
|J_17_15              |   in|   40|     ap_none|                J_17_15|       pointer|
|J_17_16              |   in|   40|     ap_none|                J_17_16|       pointer|
|J_17_17              |   in|   40|     ap_none|                J_17_17|       pointer|
|J_17_18              |   in|   40|     ap_none|                J_17_18|       pointer|
|J_17_19              |   in|   40|     ap_none|                J_17_19|       pointer|
|J_17_20              |   in|   40|     ap_none|                J_17_20|       pointer|
|J_17_21              |   in|   40|     ap_none|                J_17_21|       pointer|
|J_17_22              |   in|   40|     ap_none|                J_17_22|       pointer|
|J_17_23              |   in|   40|     ap_none|                J_17_23|       pointer|
|J_17_24              |   in|   40|     ap_none|                J_17_24|       pointer|
|J_18_0               |   in|   40|     ap_none|                 J_18_0|       pointer|
|J_18_1               |   in|   40|     ap_none|                 J_18_1|       pointer|
|J_18_2               |   in|   40|     ap_none|                 J_18_2|       pointer|
|J_18_3               |   in|   40|     ap_none|                 J_18_3|       pointer|
|J_18_4               |   in|   40|     ap_none|                 J_18_4|       pointer|
|J_18_5               |   in|   40|     ap_none|                 J_18_5|       pointer|
|J_18_6               |   in|   40|     ap_none|                 J_18_6|       pointer|
|J_18_7               |   in|   40|     ap_none|                 J_18_7|       pointer|
|J_18_8               |   in|   40|     ap_none|                 J_18_8|       pointer|
|J_18_9               |   in|   40|     ap_none|                 J_18_9|       pointer|
|J_18_10              |   in|   40|     ap_none|                J_18_10|       pointer|
|J_18_11              |   in|   40|     ap_none|                J_18_11|       pointer|
|J_18_12              |   in|   40|     ap_none|                J_18_12|       pointer|
|J_18_13              |   in|   40|     ap_none|                J_18_13|       pointer|
|J_18_14              |   in|   40|     ap_none|                J_18_14|       pointer|
|J_18_15              |   in|   40|     ap_none|                J_18_15|       pointer|
|J_18_16              |   in|   40|     ap_none|                J_18_16|       pointer|
|J_18_17              |   in|   40|     ap_none|                J_18_17|       pointer|
|J_18_18              |   in|   40|     ap_none|                J_18_18|       pointer|
|J_18_19              |   in|   40|     ap_none|                J_18_19|       pointer|
|J_18_20              |   in|   40|     ap_none|                J_18_20|       pointer|
|J_18_21              |   in|   40|     ap_none|                J_18_21|       pointer|
|J_18_22              |   in|   40|     ap_none|                J_18_22|       pointer|
|J_18_23              |   in|   40|     ap_none|                J_18_23|       pointer|
|J_18_24              |   in|   40|     ap_none|                J_18_24|       pointer|
|J_19_0               |   in|   40|     ap_none|                 J_19_0|       pointer|
|J_19_1               |   in|   40|     ap_none|                 J_19_1|       pointer|
|J_19_2               |   in|   40|     ap_none|                 J_19_2|       pointer|
|J_19_3               |   in|   40|     ap_none|                 J_19_3|       pointer|
|J_19_4               |   in|   40|     ap_none|                 J_19_4|       pointer|
|J_19_5               |   in|   40|     ap_none|                 J_19_5|       pointer|
|J_19_6               |   in|   40|     ap_none|                 J_19_6|       pointer|
|J_19_7               |   in|   40|     ap_none|                 J_19_7|       pointer|
|J_19_8               |   in|   40|     ap_none|                 J_19_8|       pointer|
|J_19_9               |   in|   40|     ap_none|                 J_19_9|       pointer|
|J_19_10              |   in|   40|     ap_none|                J_19_10|       pointer|
|J_19_11              |   in|   40|     ap_none|                J_19_11|       pointer|
|J_19_12              |   in|   40|     ap_none|                J_19_12|       pointer|
|J_19_13              |   in|   40|     ap_none|                J_19_13|       pointer|
|J_19_14              |   in|   40|     ap_none|                J_19_14|       pointer|
|J_19_15              |   in|   40|     ap_none|                J_19_15|       pointer|
|J_19_16              |   in|   40|     ap_none|                J_19_16|       pointer|
|J_19_17              |   in|   40|     ap_none|                J_19_17|       pointer|
|J_19_18              |   in|   40|     ap_none|                J_19_18|       pointer|
|J_19_19              |   in|   40|     ap_none|                J_19_19|       pointer|
|J_19_20              |   in|   40|     ap_none|                J_19_20|       pointer|
|J_19_21              |   in|   40|     ap_none|                J_19_21|       pointer|
|J_19_22              |   in|   40|     ap_none|                J_19_22|       pointer|
|J_19_23              |   in|   40|     ap_none|                J_19_23|       pointer|
|J_19_24              |   in|   40|     ap_none|                J_19_24|       pointer|
|J_20_0               |   in|   40|     ap_none|                 J_20_0|       pointer|
|J_20_1               |   in|   40|     ap_none|                 J_20_1|       pointer|
|J_20_2               |   in|   40|     ap_none|                 J_20_2|       pointer|
|J_20_3               |   in|   40|     ap_none|                 J_20_3|       pointer|
|J_20_4               |   in|   40|     ap_none|                 J_20_4|       pointer|
|J_20_5               |   in|   40|     ap_none|                 J_20_5|       pointer|
|J_20_6               |   in|   40|     ap_none|                 J_20_6|       pointer|
|J_20_7               |   in|   40|     ap_none|                 J_20_7|       pointer|
|J_20_8               |   in|   40|     ap_none|                 J_20_8|       pointer|
|J_20_9               |   in|   40|     ap_none|                 J_20_9|       pointer|
|J_20_10              |   in|   40|     ap_none|                J_20_10|       pointer|
|J_20_11              |   in|   40|     ap_none|                J_20_11|       pointer|
|J_20_12              |   in|   40|     ap_none|                J_20_12|       pointer|
|J_20_13              |   in|   40|     ap_none|                J_20_13|       pointer|
|J_20_14              |   in|   40|     ap_none|                J_20_14|       pointer|
|J_20_15              |   in|   40|     ap_none|                J_20_15|       pointer|
|J_20_16              |   in|   40|     ap_none|                J_20_16|       pointer|
|J_20_17              |   in|   40|     ap_none|                J_20_17|       pointer|
|J_20_18              |   in|   40|     ap_none|                J_20_18|       pointer|
|J_20_19              |   in|   40|     ap_none|                J_20_19|       pointer|
|J_20_20              |   in|   40|     ap_none|                J_20_20|       pointer|
|J_20_21              |   in|   40|     ap_none|                J_20_21|       pointer|
|J_20_22              |   in|   40|     ap_none|                J_20_22|       pointer|
|J_20_23              |   in|   40|     ap_none|                J_20_23|       pointer|
|J_20_24              |   in|   40|     ap_none|                J_20_24|       pointer|
|J_21_0               |   in|   40|     ap_none|                 J_21_0|       pointer|
|J_21_1               |   in|   40|     ap_none|                 J_21_1|       pointer|
|J_21_2               |   in|   40|     ap_none|                 J_21_2|       pointer|
|J_21_3               |   in|   40|     ap_none|                 J_21_3|       pointer|
|J_21_4               |   in|   40|     ap_none|                 J_21_4|       pointer|
|J_21_5               |   in|   40|     ap_none|                 J_21_5|       pointer|
|J_21_6               |   in|   40|     ap_none|                 J_21_6|       pointer|
|J_21_7               |   in|   40|     ap_none|                 J_21_7|       pointer|
|J_21_8               |   in|   40|     ap_none|                 J_21_8|       pointer|
|J_21_9               |   in|   40|     ap_none|                 J_21_9|       pointer|
|J_21_10              |   in|   40|     ap_none|                J_21_10|       pointer|
|J_21_11              |   in|   40|     ap_none|                J_21_11|       pointer|
|J_21_12              |   in|   40|     ap_none|                J_21_12|       pointer|
|J_21_13              |   in|   40|     ap_none|                J_21_13|       pointer|
|J_21_14              |   in|   40|     ap_none|                J_21_14|       pointer|
|J_21_15              |   in|   40|     ap_none|                J_21_15|       pointer|
|J_21_16              |   in|   40|     ap_none|                J_21_16|       pointer|
|J_21_17              |   in|   40|     ap_none|                J_21_17|       pointer|
|J_21_18              |   in|   40|     ap_none|                J_21_18|       pointer|
|J_21_19              |   in|   40|     ap_none|                J_21_19|       pointer|
|J_21_20              |   in|   40|     ap_none|                J_21_20|       pointer|
|J_21_21              |   in|   40|     ap_none|                J_21_21|       pointer|
|J_21_22              |   in|   40|     ap_none|                J_21_22|       pointer|
|J_21_23              |   in|   40|     ap_none|                J_21_23|       pointer|
|J_21_24              |   in|   40|     ap_none|                J_21_24|       pointer|
|J_22_0               |   in|   40|     ap_none|                 J_22_0|       pointer|
|J_22_1               |   in|   40|     ap_none|                 J_22_1|       pointer|
|J_22_2               |   in|   40|     ap_none|                 J_22_2|       pointer|
|J_22_3               |   in|   40|     ap_none|                 J_22_3|       pointer|
|J_22_4               |   in|   40|     ap_none|                 J_22_4|       pointer|
|J_22_5               |   in|   40|     ap_none|                 J_22_5|       pointer|
|J_22_6               |   in|   40|     ap_none|                 J_22_6|       pointer|
|J_22_7               |   in|   40|     ap_none|                 J_22_7|       pointer|
|J_22_8               |   in|   40|     ap_none|                 J_22_8|       pointer|
|J_22_9               |   in|   40|     ap_none|                 J_22_9|       pointer|
|J_22_10              |   in|   40|     ap_none|                J_22_10|       pointer|
|J_22_11              |   in|   40|     ap_none|                J_22_11|       pointer|
|J_22_12              |   in|   40|     ap_none|                J_22_12|       pointer|
|J_22_13              |   in|   40|     ap_none|                J_22_13|       pointer|
|J_22_14              |   in|   40|     ap_none|                J_22_14|       pointer|
|J_22_15              |   in|   40|     ap_none|                J_22_15|       pointer|
|J_22_16              |   in|   40|     ap_none|                J_22_16|       pointer|
|J_22_17              |   in|   40|     ap_none|                J_22_17|       pointer|
|J_22_18              |   in|   40|     ap_none|                J_22_18|       pointer|
|J_22_19              |   in|   40|     ap_none|                J_22_19|       pointer|
|J_22_20              |   in|   40|     ap_none|                J_22_20|       pointer|
|J_22_21              |   in|   40|     ap_none|                J_22_21|       pointer|
|J_22_22              |   in|   40|     ap_none|                J_22_22|       pointer|
|J_22_23              |   in|   40|     ap_none|                J_22_23|       pointer|
|J_22_24              |   in|   40|     ap_none|                J_22_24|       pointer|
|J_23_0               |   in|   40|     ap_none|                 J_23_0|       pointer|
|J_23_1               |   in|   40|     ap_none|                 J_23_1|       pointer|
|J_23_2               |   in|   40|     ap_none|                 J_23_2|       pointer|
|J_23_3               |   in|   40|     ap_none|                 J_23_3|       pointer|
|J_23_4               |   in|   40|     ap_none|                 J_23_4|       pointer|
|J_23_5               |   in|   40|     ap_none|                 J_23_5|       pointer|
|J_23_6               |   in|   40|     ap_none|                 J_23_6|       pointer|
|J_23_7               |   in|   40|     ap_none|                 J_23_7|       pointer|
|J_23_8               |   in|   40|     ap_none|                 J_23_8|       pointer|
|J_23_9               |   in|   40|     ap_none|                 J_23_9|       pointer|
|J_23_10              |   in|   40|     ap_none|                J_23_10|       pointer|
|J_23_11              |   in|   40|     ap_none|                J_23_11|       pointer|
|J_23_12              |   in|   40|     ap_none|                J_23_12|       pointer|
|J_23_13              |   in|   40|     ap_none|                J_23_13|       pointer|
|J_23_14              |   in|   40|     ap_none|                J_23_14|       pointer|
|J_23_15              |   in|   40|     ap_none|                J_23_15|       pointer|
|J_23_16              |   in|   40|     ap_none|                J_23_16|       pointer|
|J_23_17              |   in|   40|     ap_none|                J_23_17|       pointer|
|J_23_18              |   in|   40|     ap_none|                J_23_18|       pointer|
|J_23_19              |   in|   40|     ap_none|                J_23_19|       pointer|
|J_23_20              |   in|   40|     ap_none|                J_23_20|       pointer|
|J_23_21              |   in|   40|     ap_none|                J_23_21|       pointer|
|J_23_22              |   in|   40|     ap_none|                J_23_22|       pointer|
|J_23_23              |   in|   40|     ap_none|                J_23_23|       pointer|
|J_23_24              |   in|   40|     ap_none|                J_23_24|       pointer|
|J_24_0               |   in|   40|     ap_none|                 J_24_0|       pointer|
|J_24_1               |   in|   40|     ap_none|                 J_24_1|       pointer|
|J_24_2               |   in|   40|     ap_none|                 J_24_2|       pointer|
|J_24_3               |   in|   40|     ap_none|                 J_24_3|       pointer|
|J_24_4               |   in|   40|     ap_none|                 J_24_4|       pointer|
|J_24_5               |   in|   40|     ap_none|                 J_24_5|       pointer|
|J_24_6               |   in|   40|     ap_none|                 J_24_6|       pointer|
|J_24_7               |   in|   40|     ap_none|                 J_24_7|       pointer|
|J_24_8               |   in|   40|     ap_none|                 J_24_8|       pointer|
|J_24_9               |   in|   40|     ap_none|                 J_24_9|       pointer|
|J_24_10              |   in|   40|     ap_none|                J_24_10|       pointer|
|J_24_11              |   in|   40|     ap_none|                J_24_11|       pointer|
|J_24_12              |   in|   40|     ap_none|                J_24_12|       pointer|
|J_24_13              |   in|   40|     ap_none|                J_24_13|       pointer|
|J_24_14              |   in|   40|     ap_none|                J_24_14|       pointer|
|J_24_15              |   in|   40|     ap_none|                J_24_15|       pointer|
|J_24_16              |   in|   40|     ap_none|                J_24_16|       pointer|
|J_24_17              |   in|   40|     ap_none|                J_24_17|       pointer|
|J_24_18              |   in|   40|     ap_none|                J_24_18|       pointer|
|J_24_19              |   in|   40|     ap_none|                J_24_19|       pointer|
|J_24_20              |   in|   40|     ap_none|                J_24_20|       pointer|
|J_24_21              |   in|   40|     ap_none|                J_24_21|       pointer|
|J_24_22              |   in|   40|     ap_none|                J_24_22|       pointer|
|J_24_23              |   in|   40|     ap_none|                J_24_23|       pointer|
|J_24_24              |   in|   40|     ap_none|                J_24_24|       pointer|
|h_0                  |   in|   40|     ap_none|                    h_0|       pointer|
|h_1                  |   in|   40|     ap_none|                    h_1|       pointer|
|h_2                  |   in|   40|     ap_none|                    h_2|       pointer|
|h_3                  |   in|   40|     ap_none|                    h_3|       pointer|
|h_4                  |   in|   40|     ap_none|                    h_4|       pointer|
|h_5                  |   in|   40|     ap_none|                    h_5|       pointer|
|h_6                  |   in|   40|     ap_none|                    h_6|       pointer|
|h_7                  |   in|   40|     ap_none|                    h_7|       pointer|
|h_8                  |   in|   40|     ap_none|                    h_8|       pointer|
|h_9                  |   in|   40|     ap_none|                    h_9|       pointer|
|h_10                 |   in|   40|     ap_none|                   h_10|       pointer|
|h_11                 |   in|   40|     ap_none|                   h_11|       pointer|
|h_12                 |   in|   40|     ap_none|                   h_12|       pointer|
|h_13                 |   in|   40|     ap_none|                   h_13|       pointer|
|h_14                 |   in|   40|     ap_none|                   h_14|       pointer|
|h_15                 |   in|   40|     ap_none|                   h_15|       pointer|
|h_16                 |   in|   40|     ap_none|                   h_16|       pointer|
|h_17                 |   in|   40|     ap_none|                   h_17|       pointer|
|h_18                 |   in|   40|     ap_none|                   h_18|       pointer|
|h_19                 |   in|   40|     ap_none|                   h_19|       pointer|
|h_20                 |   in|   40|     ap_none|                   h_20|       pointer|
|h_21                 |   in|   40|     ap_none|                   h_21|       pointer|
|h_22                 |   in|   40|     ap_none|                   h_22|       pointer|
|h_23                 |   in|   40|     ap_none|                   h_23|       pointer|
|h_24                 |   in|   40|     ap_none|                   h_24|       pointer|
|s_0                  |   in|    1|     ap_none|                    s_0|       pointer|
|s_1                  |   in|    1|     ap_none|                    s_1|       pointer|
|s_2                  |   in|    1|     ap_none|                    s_2|       pointer|
|s_3                  |   in|    1|     ap_none|                    s_3|       pointer|
|s_4                  |   in|    1|     ap_none|                    s_4|       pointer|
|s_5                  |   in|    1|     ap_none|                    s_5|       pointer|
|s_6                  |   in|    1|     ap_none|                    s_6|       pointer|
|s_7                  |   in|    1|     ap_none|                    s_7|       pointer|
|s_8                  |   in|    1|     ap_none|                    s_8|       pointer|
|s_9                  |   in|    1|     ap_none|                    s_9|       pointer|
|s_10                 |   in|    1|     ap_none|                   s_10|       pointer|
|s_11                 |   in|    1|     ap_none|                   s_11|       pointer|
|s_12                 |   in|    1|     ap_none|                   s_12|       pointer|
|s_13                 |   in|    1|     ap_none|                   s_13|       pointer|
|s_14                 |   in|    1|     ap_none|                   s_14|       pointer|
|s_15                 |   in|    1|     ap_none|                   s_15|       pointer|
|s_16                 |   in|    1|     ap_none|                   s_16|       pointer|
|s_17                 |   in|    1|     ap_none|                   s_17|       pointer|
|s_18                 |   in|    1|     ap_none|                   s_18|       pointer|
|s_19                 |   in|    1|     ap_none|                   s_19|       pointer|
|s_20                 |   in|    1|     ap_none|                   s_20|       pointer|
|s_21                 |   in|    1|     ap_none|                   s_21|       pointer|
|s_22                 |   in|    1|     ap_none|                   s_22|       pointer|
|s_23                 |   in|    1|     ap_none|                   s_23|       pointer|
|s_24                 |   in|    1|     ap_none|                   s_24|       pointer|
|i                    |   in|   32|     ap_none|                      i|        scalar|
|old_energy           |   in|   40|     ap_none|             old_energy|        scalar|
|beta                 |   in|   40|     ap_none|                   beta|        scalar|
|u                    |   in|   40|     ap_none|                      u|        scalar|
|accepted             |  out|    1|      ap_vld|               accepted|       pointer|
|accepted_ap_vld      |  out|    1|      ap_vld|               accepted|       pointer|
|delta_energy         |  out|   40|      ap_vld|           delta_energy|       pointer|
|delta_energy_ap_vld  |  out|    1|      ap_vld|           delta_energy|       pointer|
|new_energy           |  out|   40|      ap_vld|             new_energy|       pointer|
|new_energy_ap_vld    |  out|    1|      ap_vld|             new_energy|       pointer|
+---------------------+-----+-----+------------+-----------------------+--------------+

