

================================================================
== Synthesis Summary Report of 'uniform_move_operation'
================================================================
+ General Information: 
    * Date:           Fri May 29 18:03:01 2026
    * Version:        2025.2 (Build 6295257 on Nov 14 2025)
    * Project:        hls_uniform_move_operation_N8_FRAC24
    * Solution:       hls (Vivado IP Flow Target)
    * Product family: virtexuplus
    * Target device:  xcvu19p-fsva3824-2-e
    

* Performance & Resource Estimates: 
+--------------------------+--------+---------------+----------+---------+------+----------+---------+---------+-------+------+----------+------------+-------------+-----+
|          Modules         |  Issue |               | Iteration|         | Trip |          |      Latency      |       |      |          |            |             |     |
|          & Loops         |  Type  | Violation Type|  Latency | Interval| Count| Pipelined| (cycles)|   (ns)  | Slack | BRAM |    DSP   |     FF     |     LUT     | URAM|
+--------------------------+--------+---------------+----------+---------+------+----------+---------+---------+-------+------+----------+------------+-------------+-----+
|+ uniform_move_operation  |  Timing|              -|         -|       90|     -|        no|       89|  267.000|  -0.20|     -|  18 (~0%)|  4975 (~0%)|  16728 (~0%)|    -|
+--------------------------+--------+---------------+----------+---------+------+----------+---------+---------+-------+------+----------+------------+-------------+-----+
    Name Prefix: '+' for module, 'o' for loop, '*' for dataflow


================================================================
== HW Interfaces
================================================================
* Other Ports
+-------------+---------+-----------+----------+
| Port        | Mode    | Direction | Bitwidth |
+-------------+---------+-----------+----------+
| J_edges_0   | ap_none | in        | 25       |
| J_edges_1   | ap_none | in        | 25       |
| J_edges_10  | ap_none | in        | 25       |
| J_edges_11  | ap_none | in        | 25       |
| J_edges_12  | ap_none | in        | 25       |
| J_edges_13  | ap_none | in        | 25       |
| J_edges_14  | ap_none | in        | 25       |
| J_edges_15  | ap_none | in        | 25       |
| J_edges_16  | ap_none | in        | 25       |
| J_edges_17  | ap_none | in        | 25       |
| J_edges_18  | ap_none | in        | 25       |
| J_edges_19  | ap_none | in        | 25       |
| J_edges_2   | ap_none | in        | 25       |
| J_edges_20  | ap_none | in        | 25       |
| J_edges_21  | ap_none | in        | 25       |
| J_edges_22  | ap_none | in        | 25       |
| J_edges_23  | ap_none | in        | 25       |
| J_edges_24  | ap_none | in        | 25       |
| J_edges_25  | ap_none | in        | 25       |
| J_edges_26  | ap_none | in        | 25       |
| J_edges_27  | ap_none | in        | 25       |
| J_edges_3   | ap_none | in        | 25       |
| J_edges_4   | ap_none | in        | 25       |
| J_edges_5   | ap_none | in        | 25       |
| J_edges_6   | ap_none | in        | 25       |
| J_edges_7   | ap_none | in        | 25       |
| J_edges_8   | ap_none | in        | 25       |
| J_edges_9   | ap_none | in        | 25       |
| accept_prob | ap_none | out       | 32       |
| delta_x     | ap_none | out       | 25       |
| h_0         | ap_none | in        | 25       |
| h_1         | ap_none | in        | 25       |
| h_2         | ap_none | in        | 25       |
| h_3         | ap_none | in        | 25       |
| h_4         | ap_none | in        | 25       |
| h_5         | ap_none | in        | 25       |
| h_6         | ap_none | in        | 25       |
| h_7         | ap_none | in        | 25       |
| new_energy  | ap_none | out       | 25       |
| new_spins   | ap_none | in        | 8        |
| old_energy  | ap_none | in        | 25       |
+-------------+---------+-----------+----------+

* TOP LEVEL CONTROL
+-----------+--------------+--------+
| Interface | Type         | Ports  |
+-----------+--------------+--------+
| ap_clk    | clock        | ap_clk |
| ap_rst    | reset        | ap_rst |
| ap_ctrl   | ap_ctrl_none |        |
+-----------+--------------+--------+


================================================================
== SW I/O Information
================================================================
* Top Function Arguments
+-------------+-----------+--------------------------------------------------------+
| Argument    | Direction | Datatype                                               |
+-------------+-----------+--------------------------------------------------------+
| h           | in        | ap_fixed<25, 1, (ap_q_mode)0, (ap_o_mode)0, 0> const * |
| J_edges     | in        | ap_fixed<25, 1, (ap_q_mode)0, (ap_o_mode)0, 0> const * |
| new_spins   | in        | ap_uint<8>                                             |
| old_energy  | in        | ap_fixed<25, 1, (ap_q_mode)0, (ap_o_mode)0, 0>         |
| new_energy  | out       | ap_fixed<25, 1, (ap_q_mode)0, (ap_o_mode)0, 0>*        |
| delta_x     | out       | ap_fixed<25, 1, (ap_q_mode)0, (ap_o_mode)0, 0>*        |
| accept_prob | out       | ap_ufixed<32, 1, (ap_q_mode)0, (ap_o_mode)0, 0>*       |
+-------------+-----------+--------------------------------------------------------+

* SW-to-HW Mapping
+-------------+--------------+---------+
| Argument    | HW Interface | HW Type |
+-------------+--------------+---------+
| h           | h_0          | port    |
| h           | h_1          | port    |
| h           | h_2          | port    |
| h           | h_3          | port    |
| h           | h_4          | port    |
| h           | h_5          | port    |
| h           | h_6          | port    |
| h           | h_7          | port    |
| J_edges     | J_edges_0    | port    |
| J_edges     | J_edges_1    | port    |
| J_edges     | J_edges_2    | port    |
| J_edges     | J_edges_3    | port    |
| J_edges     | J_edges_4    | port    |
| J_edges     | J_edges_5    | port    |
| J_edges     | J_edges_6    | port    |
| J_edges     | J_edges_7    | port    |
| J_edges     | J_edges_8    | port    |
| J_edges     | J_edges_9    | port    |
| J_edges     | J_edges_10   | port    |
| J_edges     | J_edges_11   | port    |
| J_edges     | J_edges_12   | port    |
| J_edges     | J_edges_13   | port    |
| J_edges     | J_edges_14   | port    |
| J_edges     | J_edges_15   | port    |
| J_edges     | J_edges_16   | port    |
| J_edges     | J_edges_17   | port    |
| J_edges     | J_edges_18   | port    |
| J_edges     | J_edges_19   | port    |
| J_edges     | J_edges_20   | port    |
| J_edges     | J_edges_21   | port    |
| J_edges     | J_edges_22   | port    |
| J_edges     | J_edges_23   | port    |
| J_edges     | J_edges_24   | port    |
| J_edges     | J_edges_25   | port    |
| J_edges     | J_edges_26   | port    |
| J_edges     | J_edges_27   | port    |
| new_spins   | new_spins    | port    |
| old_energy  | old_energy   | port    |
| new_energy  | new_energy   | port    |
| delta_x     | delta_x      | port    |
| accept_prob | accept_prob  | port    |
+-------------+--------------+---------+


================================================================
== Bind Op Report
================================================================
+---------------------------------+-----+--------+--------------------+-----------+------------------------+---------+
| Name                            | DSP | Pragma | Variable           | Op        | Impl                   | Latency |
+---------------------------------+-----+--------+--------------------+-----------+------------------------+---------+
| + uniform_move_operation        | 18  |        |                    |           |                        |         |
|   sub_ln105_fu_618_p2           |     |        | sub_ln105          | sub       | fabric                 | 0       |
|   xor_ln105_fu_644_p2           |     |        | xor_ln105          | xor       | auto                   | 0       |
|   and_ln105_fu_650_p2           |     |        | and_ln105          | and       | auto                   | 0       |
|   xor_ln105_1_fu_656_p2         |     |        | xor_ln105_1        | xor       | auto                   | 0       |
|   and_ln105_1_fu_662_p2         |     |        | and_ln105_1        | and       | auto                   | 0       |
|   xor_ln105_2_fu_668_p2         |     |        | xor_ln105_2        | xor       | auto                   | 0       |
|   xor_ln105_3_fu_674_p2         |     |        | xor_ln105_3        | xor       | auto                   | 0       |
|   or_ln105_fu_680_p2            |     |        | or_ln105           | or        | auto                   | 0       |
|   select_ln105_fu_686_p3        |     |        | select_ln105       | select    | auto_sel               | 0       |
|   select_ln105_1_fu_694_p3      |     |        | select_ln105_1     | select    | auto_sel               | 0       |
|   select_ln105_2_fu_702_p3      |     |        | select_ln105_2     | select    | auto_sel               | 0       |
|   select_ln136_fu_710_p3        |     |        | select_ln136       | select    | auto_sel               | 0       |
|   sub_ln105_1_fu_730_p2         |     |        | sub_ln105_1        | sub       | fabric                 | 0       |
|   xor_ln105_4_fu_756_p2         |     |        | xor_ln105_4        | xor       | auto                   | 0       |
|   and_ln105_2_fu_762_p2         |     |        | and_ln105_2        | and       | auto                   | 0       |
|   xor_ln105_5_fu_768_p2         |     |        | xor_ln105_5        | xor       | auto                   | 0       |
|   and_ln105_3_fu_774_p2         |     |        | and_ln105_3        | and       | auto                   | 0       |
|   xor_ln105_6_fu_780_p2         |     |        | xor_ln105_6        | xor       | auto                   | 0       |
|   xor_ln105_7_fu_786_p2         |     |        | xor_ln105_7        | xor       | auto                   | 0       |
|   or_ln105_1_fu_792_p2          |     |        | or_ln105_1         | or        | auto                   | 0       |
|   select_ln105_3_fu_798_p3      |     |        | select_ln105_3     | select    | auto_sel               | 0       |
|   select_ln105_4_fu_806_p3      |     |        | select_ln105_4     | select    | auto_sel               | 0       |
|   select_ln105_5_fu_814_p3      |     |        | select_ln105_5     | select    | auto_sel               | 0       |
|   select_ln136_1_fu_822_p3      |     |        | select_ln136_1     | select    | auto_sel               | 0       |
|   sub_ln105_2_fu_842_p2         |     |        | sub_ln105_2        | sub       | fabric                 | 0       |
|   xor_ln105_8_fu_868_p2         |     |        | xor_ln105_8        | xor       | auto                   | 0       |
|   and_ln105_4_fu_874_p2         |     |        | and_ln105_4        | and       | auto                   | 0       |
|   xor_ln105_9_fu_880_p2         |     |        | xor_ln105_9        | xor       | auto                   | 0       |
|   and_ln105_5_fu_886_p2         |     |        | and_ln105_5        | and       | auto                   | 0       |
|   xor_ln105_10_fu_892_p2        |     |        | xor_ln105_10       | xor       | auto                   | 0       |
|   xor_ln105_11_fu_898_p2        |     |        | xor_ln105_11       | xor       | auto                   | 0       |
|   or_ln105_2_fu_904_p2          |     |        | or_ln105_2         | or        | auto                   | 0       |
|   select_ln105_6_fu_910_p3      |     |        | select_ln105_6     | select    | auto_sel               | 0       |
|   select_ln105_7_fu_918_p3      |     |        | select_ln105_7     | select    | auto_sel               | 0       |
|   select_ln105_8_fu_926_p3      |     |        | select_ln105_8     | select    | auto_sel               | 0       |
|   select_ln136_2_fu_934_p3      |     |        | select_ln136_2     | select    | auto_sel               | 0       |
|   sub_ln105_3_fu_954_p2         |     |        | sub_ln105_3        | sub       | fabric                 | 0       |
|   xor_ln105_12_fu_980_p2        |     |        | xor_ln105_12       | xor       | auto                   | 0       |
|   and_ln105_6_fu_986_p2         |     |        | and_ln105_6        | and       | auto                   | 0       |
|   xor_ln105_13_fu_992_p2        |     |        | xor_ln105_13       | xor       | auto                   | 0       |
|   and_ln105_7_fu_998_p2         |     |        | and_ln105_7        | and       | auto                   | 0       |
|   xor_ln105_14_fu_1004_p2       |     |        | xor_ln105_14       | xor       | auto                   | 0       |
|   xor_ln105_15_fu_1010_p2       |     |        | xor_ln105_15       | xor       | auto                   | 0       |
|   or_ln105_3_fu_1016_p2         |     |        | or_ln105_3         | or        | auto                   | 0       |
|   select_ln105_9_fu_1022_p3     |     |        | select_ln105_9     | select    | auto_sel               | 0       |
|   select_ln105_10_fu_1030_p3    |     |        | select_ln105_10    | select    | auto_sel               | 0       |
|   select_ln105_11_fu_1038_p3    |     |        | select_ln105_11    | select    | auto_sel               | 0       |
|   select_ln136_3_fu_1046_p3     |     |        | select_ln136_3     | select    | auto_sel               | 0       |
|   sub_ln105_4_fu_1066_p2        |     |        | sub_ln105_4        | sub       | fabric                 | 0       |
|   xor_ln105_16_fu_1092_p2       |     |        | xor_ln105_16       | xor       | auto                   | 0       |
|   and_ln105_8_fu_1098_p2        |     |        | and_ln105_8        | and       | auto                   | 0       |
|   xor_ln105_17_fu_1104_p2       |     |        | xor_ln105_17       | xor       | auto                   | 0       |
|   and_ln105_9_fu_1110_p2        |     |        | and_ln105_9        | and       | auto                   | 0       |
|   xor_ln105_18_fu_1116_p2       |     |        | xor_ln105_18       | xor       | auto                   | 0       |
|   xor_ln105_19_fu_1122_p2       |     |        | xor_ln105_19       | xor       | auto                   | 0       |
|   or_ln105_4_fu_1128_p2         |     |        | or_ln105_4         | or        | auto                   | 0       |
|   select_ln105_12_fu_1134_p3    |     |        | select_ln105_12    | select    | auto_sel               | 0       |
|   select_ln105_13_fu_1142_p3    |     |        | select_ln105_13    | select    | auto_sel               | 0       |
|   select_ln105_14_fu_1150_p3    |     |        | select_ln105_14    | select    | auto_sel               | 0       |
|   select_ln136_4_fu_1158_p3     |     |        | select_ln136_4     | select    | auto_sel               | 0       |
|   sub_ln105_5_fu_1178_p2        |     |        | sub_ln105_5        | sub       | fabric                 | 0       |
|   xor_ln105_20_fu_1204_p2       |     |        | xor_ln105_20       | xor       | auto                   | 0       |
|   and_ln105_10_fu_1210_p2       |     |        | and_ln105_10       | and       | auto                   | 0       |
|   xor_ln105_21_fu_1216_p2       |     |        | xor_ln105_21       | xor       | auto                   | 0       |
|   and_ln105_11_fu_1222_p2       |     |        | and_ln105_11       | and       | auto                   | 0       |
|   xor_ln105_22_fu_1228_p2       |     |        | xor_ln105_22       | xor       | auto                   | 0       |
|   xor_ln105_23_fu_1234_p2       |     |        | xor_ln105_23       | xor       | auto                   | 0       |
|   or_ln105_5_fu_1240_p2         |     |        | or_ln105_5         | or        | auto                   | 0       |
|   select_ln105_15_fu_1246_p3    |     |        | select_ln105_15    | select    | auto_sel               | 0       |
|   select_ln105_16_fu_1254_p3    |     |        | select_ln105_16    | select    | auto_sel               | 0       |
|   select_ln105_17_fu_1262_p3    |     |        | select_ln105_17    | select    | auto_sel               | 0       |
|   select_ln136_5_fu_1270_p3     |     |        | select_ln136_5     | select    | auto_sel               | 0       |
|   sub_ln105_6_fu_1290_p2        |     |        | sub_ln105_6        | sub       | fabric                 | 0       |
|   xor_ln105_24_fu_1316_p2       |     |        | xor_ln105_24       | xor       | auto                   | 0       |
|   and_ln105_12_fu_1322_p2       |     |        | and_ln105_12       | and       | auto                   | 0       |
|   xor_ln105_25_fu_1328_p2       |     |        | xor_ln105_25       | xor       | auto                   | 0       |
|   and_ln105_13_fu_1334_p2       |     |        | and_ln105_13       | and       | auto                   | 0       |
|   xor_ln105_26_fu_1340_p2       |     |        | xor_ln105_26       | xor       | auto                   | 0       |
|   xor_ln105_27_fu_1346_p2       |     |        | xor_ln105_27       | xor       | auto                   | 0       |
|   or_ln105_6_fu_1352_p2         |     |        | or_ln105_6         | or        | auto                   | 0       |
|   select_ln105_18_fu_1358_p3    |     |        | select_ln105_18    | select    | auto_sel               | 0       |
|   select_ln105_19_fu_1366_p3    |     |        | select_ln105_19    | select    | auto_sel               | 0       |
|   select_ln105_20_fu_1374_p3    |     |        | select_ln105_20    | select    | auto_sel               | 0       |
|   select_ln136_6_fu_1382_p3     |     |        | select_ln136_6     | select    | auto_sel               | 0       |
|   sub_ln105_7_fu_1402_p2        |     |        | sub_ln105_7        | sub       | fabric                 | 0       |
|   xor_ln105_28_fu_1428_p2       |     |        | xor_ln105_28       | xor       | auto                   | 0       |
|   and_ln105_14_fu_1434_p2       |     |        | and_ln105_14       | and       | auto                   | 0       |
|   xor_ln105_29_fu_1440_p2       |     |        | xor_ln105_29       | xor       | auto                   | 0       |
|   and_ln105_15_fu_1446_p2       |     |        | and_ln105_15       | and       | auto                   | 0       |
|   xor_ln105_30_fu_1452_p2       |     |        | xor_ln105_30       | xor       | auto                   | 0       |
|   xor_ln105_31_fu_1458_p2       |     |        | xor_ln105_31       | xor       | auto                   | 0       |
|   or_ln105_7_fu_1464_p2         |     |        | or_ln105_7         | or        | auto                   | 0       |
|   select_ln105_21_fu_1470_p3    |     |        | select_ln105_21    | select    | auto_sel               | 0       |
|   select_ln105_22_fu_1478_p3    |     |        | select_ln105_22    | select    | auto_sel               | 0       |
|   select_ln105_23_fu_1486_p3    |     |        | select_ln105_23    | select    | auto_sel               | 0       |
|   select_ln136_7_fu_1494_p3     |     |        | select_ln136_7     | select    | auto_sel               | 0       |
|   sub_ln114_fu_1506_p2          |     |        | sub_ln114          | sub       | fabric                 | 0       |
|   xor_ln114_fu_1532_p2          |     |        | xor_ln114          | xor       | auto                   | 0       |
|   and_ln114_fu_1538_p2          |     |        | and_ln114          | and       | auto                   | 0       |
|   xor_ln114_1_fu_1544_p2        |     |        | xor_ln114_1        | xor       | auto                   | 0       |
|   and_ln114_1_fu_1550_p2        |     |        | and_ln114_1        | and       | auto                   | 0       |
|   xor_ln114_2_fu_1556_p2        |     |        | xor_ln114_2        | xor       | auto                   | 0       |
|   xor_ln114_3_fu_1562_p2        |     |        | xor_ln114_3        | xor       | auto                   | 0       |
|   or_ln114_fu_1568_p2           |     |        | or_ln114           | or        | auto                   | 0       |
|   select_ln114_fu_1574_p3       |     |        | select_ln114       | select    | auto_sel               | 0       |
|   select_ln114_1_fu_1582_p3     |     |        | select_ln114_1     | select    | auto_sel               | 0       |
|   select_ln114_2_fu_1590_p3     |     |        | select_ln114_2     | select    | auto_sel               | 0       |
|   xor_ln115_fu_1598_p2          |     |        | xor_ln115          | xor       | auto                   | 0       |
|   select_ln145_fu_1604_p3       |     |        | select_ln145       | select    | auto_sel               | 0       |
|   sub_ln114_1_fu_1616_p2        |     |        | sub_ln114_1        | sub       | fabric                 | 0       |
|   xor_ln114_4_fu_1642_p2        |     |        | xor_ln114_4        | xor       | auto                   | 0       |
|   and_ln114_2_fu_1648_p2        |     |        | and_ln114_2        | and       | auto                   | 0       |
|   xor_ln114_5_fu_1654_p2        |     |        | xor_ln114_5        | xor       | auto                   | 0       |
|   and_ln114_3_fu_1660_p2        |     |        | and_ln114_3        | and       | auto                   | 0       |
|   xor_ln114_6_fu_1666_p2        |     |        | xor_ln114_6        | xor       | auto                   | 0       |
|   xor_ln114_7_fu_1672_p2        |     |        | xor_ln114_7        | xor       | auto                   | 0       |
|   or_ln114_1_fu_1678_p2         |     |        | or_ln114_1         | or        | auto                   | 0       |
|   select_ln114_3_fu_1684_p3     |     |        | select_ln114_3     | select    | auto_sel               | 0       |
|   select_ln114_4_fu_1692_p3     |     |        | select_ln114_4     | select    | auto_sel               | 0       |
|   select_ln114_5_fu_1700_p3     |     |        | select_ln114_5     | select    | auto_sel               | 0       |
|   xor_ln115_1_fu_1708_p2        |     |        | xor_ln115_1        | xor       | auto                   | 0       |
|   select_ln145_1_fu_1714_p3     |     |        | select_ln145_1     | select    | auto_sel               | 0       |
|   sub_ln114_2_fu_1726_p2        |     |        | sub_ln114_2        | sub       | fabric                 | 0       |
|   xor_ln114_8_fu_1752_p2        |     |        | xor_ln114_8        | xor       | auto                   | 0       |
|   and_ln114_4_fu_1758_p2        |     |        | and_ln114_4        | and       | auto                   | 0       |
|   xor_ln114_9_fu_1764_p2        |     |        | xor_ln114_9        | xor       | auto                   | 0       |
|   and_ln114_5_fu_1770_p2        |     |        | and_ln114_5        | and       | auto                   | 0       |
|   xor_ln114_10_fu_1776_p2       |     |        | xor_ln114_10       | xor       | auto                   | 0       |
|   xor_ln114_11_fu_1782_p2       |     |        | xor_ln114_11       | xor       | auto                   | 0       |
|   or_ln114_2_fu_1788_p2         |     |        | or_ln114_2         | or        | auto                   | 0       |
|   select_ln114_6_fu_1794_p3     |     |        | select_ln114_6     | select    | auto_sel               | 0       |
|   select_ln114_7_fu_1802_p3     |     |        | select_ln114_7     | select    | auto_sel               | 0       |
|   select_ln114_8_fu_1810_p3     |     |        | select_ln114_8     | select    | auto_sel               | 0       |
|   xor_ln115_2_fu_1818_p2        |     |        | xor_ln115_2        | xor       | auto                   | 0       |
|   select_ln145_2_fu_1824_p3     |     |        | select_ln145_2     | select    | auto_sel               | 0       |
|   sub_ln114_3_fu_1836_p2        |     |        | sub_ln114_3        | sub       | fabric                 | 0       |
|   xor_ln114_12_fu_1862_p2       |     |        | xor_ln114_12       | xor       | auto                   | 0       |
|   and_ln114_6_fu_1868_p2        |     |        | and_ln114_6        | and       | auto                   | 0       |
|   xor_ln114_13_fu_1874_p2       |     |        | xor_ln114_13       | xor       | auto                   | 0       |
|   and_ln114_7_fu_1880_p2        |     |        | and_ln114_7        | and       | auto                   | 0       |
|   xor_ln114_14_fu_1886_p2       |     |        | xor_ln114_14       | xor       | auto                   | 0       |
|   xor_ln114_15_fu_1892_p2       |     |        | xor_ln114_15       | xor       | auto                   | 0       |
|   or_ln114_3_fu_1898_p2         |     |        | or_ln114_3         | or        | auto                   | 0       |
|   select_ln114_9_fu_1904_p3     |     |        | select_ln114_9     | select    | auto_sel               | 0       |
|   select_ln114_10_fu_1912_p3    |     |        | select_ln114_10    | select    | auto_sel               | 0       |
|   select_ln114_11_fu_1920_p3    |     |        | select_ln114_11    | select    | auto_sel               | 0       |
|   xor_ln115_3_fu_1928_p2        |     |        | xor_ln115_3        | xor       | auto                   | 0       |
|   select_ln145_3_fu_1934_p3     |     |        | select_ln145_3     | select    | auto_sel               | 0       |
|   sub_ln114_4_fu_1946_p2        |     |        | sub_ln114_4        | sub       | fabric                 | 0       |
|   xor_ln114_16_fu_1972_p2       |     |        | xor_ln114_16       | xor       | auto                   | 0       |
|   and_ln114_8_fu_1978_p2        |     |        | and_ln114_8        | and       | auto                   | 0       |
|   xor_ln114_17_fu_1984_p2       |     |        | xor_ln114_17       | xor       | auto                   | 0       |
|   and_ln114_9_fu_1990_p2        |     |        | and_ln114_9        | and       | auto                   | 0       |
|   xor_ln114_18_fu_1996_p2       |     |        | xor_ln114_18       | xor       | auto                   | 0       |
|   xor_ln114_19_fu_2002_p2       |     |        | xor_ln114_19       | xor       | auto                   | 0       |
|   or_ln114_4_fu_2008_p2         |     |        | or_ln114_4         | or        | auto                   | 0       |
|   select_ln114_12_fu_2014_p3    |     |        | select_ln114_12    | select    | auto_sel               | 0       |
|   select_ln114_13_fu_2022_p3    |     |        | select_ln114_13    | select    | auto_sel               | 0       |
|   select_ln114_14_fu_2030_p3    |     |        | select_ln114_14    | select    | auto_sel               | 0       |
|   xor_ln115_4_fu_2038_p2        |     |        | xor_ln115_4        | xor       | auto                   | 0       |
|   select_ln145_4_fu_2044_p3     |     |        | select_ln145_4     | select    | auto_sel               | 0       |
|   sub_ln114_5_fu_2056_p2        |     |        | sub_ln114_5        | sub       | fabric                 | 0       |
|   xor_ln114_20_fu_2082_p2       |     |        | xor_ln114_20       | xor       | auto                   | 0       |
|   and_ln114_10_fu_2088_p2       |     |        | and_ln114_10       | and       | auto                   | 0       |
|   xor_ln114_21_fu_2094_p2       |     |        | xor_ln114_21       | xor       | auto                   | 0       |
|   and_ln114_11_fu_2100_p2       |     |        | and_ln114_11       | and       | auto                   | 0       |
|   xor_ln114_22_fu_2106_p2       |     |        | xor_ln114_22       | xor       | auto                   | 0       |
|   xor_ln114_23_fu_2112_p2       |     |        | xor_ln114_23       | xor       | auto                   | 0       |
|   or_ln114_5_fu_2118_p2         |     |        | or_ln114_5         | or        | auto                   | 0       |
|   select_ln114_15_fu_2124_p3    |     |        | select_ln114_15    | select    | auto_sel               | 0       |
|   select_ln114_16_fu_2132_p3    |     |        | select_ln114_16    | select    | auto_sel               | 0       |
|   select_ln114_17_fu_2140_p3    |     |        | select_ln114_17    | select    | auto_sel               | 0       |
|   xor_ln115_5_fu_2148_p2        |     |        | xor_ln115_5        | xor       | auto                   | 0       |
|   select_ln145_5_fu_2154_p3     |     |        | select_ln145_5     | select    | auto_sel               | 0       |
|   sub_ln114_6_fu_2166_p2        |     |        | sub_ln114_6        | sub       | fabric                 | 0       |
|   xor_ln114_24_fu_2192_p2       |     |        | xor_ln114_24       | xor       | auto                   | 0       |
|   and_ln114_12_fu_2198_p2       |     |        | and_ln114_12       | and       | auto                   | 0       |
|   xor_ln114_25_fu_2204_p2       |     |        | xor_ln114_25       | xor       | auto                   | 0       |
|   and_ln114_13_fu_2210_p2       |     |        | and_ln114_13       | and       | auto                   | 0       |
|   xor_ln114_26_fu_2216_p2       |     |        | xor_ln114_26       | xor       | auto                   | 0       |
|   xor_ln114_27_fu_2222_p2       |     |        | xor_ln114_27       | xor       | auto                   | 0       |
|   or_ln114_6_fu_2228_p2         |     |        | or_ln114_6         | or        | auto                   | 0       |
|   select_ln114_18_fu_2234_p3    |     |        | select_ln114_18    | select    | auto_sel               | 0       |
|   select_ln114_19_fu_2242_p3    |     |        | select_ln114_19    | select    | auto_sel               | 0       |
|   select_ln114_20_fu_2250_p3    |     |        | select_ln114_20    | select    | auto_sel               | 0       |
|   xor_ln115_6_fu_2258_p2        |     |        | xor_ln115_6        | xor       | auto                   | 0       |
|   select_ln145_6_fu_2264_p3     |     |        | select_ln145_6     | select    | auto_sel               | 0       |
|   sub_ln114_7_fu_2276_p2        |     |        | sub_ln114_7        | sub       | fabric                 | 0       |
|   xor_ln114_28_fu_2302_p2       |     |        | xor_ln114_28       | xor       | auto                   | 0       |
|   and_ln114_14_fu_2308_p2       |     |        | and_ln114_14       | and       | auto                   | 0       |
|   xor_ln114_29_fu_2314_p2       |     |        | xor_ln114_29       | xor       | auto                   | 0       |
|   and_ln114_15_fu_2320_p2       |     |        | and_ln114_15       | and       | auto                   | 0       |
|   xor_ln114_30_fu_2326_p2       |     |        | xor_ln114_30       | xor       | auto                   | 0       |
|   xor_ln114_31_fu_2332_p2       |     |        | xor_ln114_31       | xor       | auto                   | 0       |
|   or_ln114_7_fu_2338_p2         |     |        | or_ln114_7         | or        | auto                   | 0       |
|   select_ln114_21_fu_2344_p3    |     |        | select_ln114_21    | select    | auto_sel               | 0       |
|   select_ln114_22_fu_2352_p3    |     |        | select_ln114_22    | select    | auto_sel               | 0       |
|   select_ln114_23_fu_2360_p3    |     |        | select_ln114_23    | select    | auto_sel               | 0       |
|   xor_ln115_7_fu_2368_p2        |     |        | xor_ln115_7        | xor       | auto                   | 0       |
|   select_ln145_7_fu_2374_p3     |     |        | select_ln145_7     | select    | auto_sel               | 0       |
|   sub_ln114_8_fu_2386_p2        |     |        | sub_ln114_8        | sub       | fabric                 | 0       |
|   xor_ln114_32_fu_2412_p2       |     |        | xor_ln114_32       | xor       | auto                   | 0       |
|   and_ln114_16_fu_2418_p2       |     |        | and_ln114_16       | and       | auto                   | 0       |
|   xor_ln114_33_fu_2424_p2       |     |        | xor_ln114_33       | xor       | auto                   | 0       |
|   and_ln114_17_fu_2430_p2       |     |        | and_ln114_17       | and       | auto                   | 0       |
|   xor_ln114_34_fu_2436_p2       |     |        | xor_ln114_34       | xor       | auto                   | 0       |
|   xor_ln114_35_fu_2442_p2       |     |        | xor_ln114_35       | xor       | auto                   | 0       |
|   or_ln114_8_fu_2448_p2         |     |        | or_ln114_8         | or        | auto                   | 0       |
|   select_ln114_24_fu_2454_p3    |     |        | select_ln114_24    | select    | auto_sel               | 0       |
|   select_ln114_25_fu_2462_p3    |     |        | select_ln114_25    | select    | auto_sel               | 0       |
|   select_ln114_26_fu_2470_p3    |     |        | select_ln114_26    | select    | auto_sel               | 0       |
|   xor_ln115_8_fu_2478_p2        |     |        | xor_ln115_8        | xor       | auto                   | 0       |
|   select_ln145_8_fu_2484_p3     |     |        | select_ln145_8     | select    | auto_sel               | 0       |
|   sub_ln114_9_fu_2496_p2        |     |        | sub_ln114_9        | sub       | fabric                 | 0       |
|   xor_ln114_36_fu_2522_p2       |     |        | xor_ln114_36       | xor       | auto                   | 0       |
|   and_ln114_18_fu_2528_p2       |     |        | and_ln114_18       | and       | auto                   | 0       |
|   xor_ln114_37_fu_2534_p2       |     |        | xor_ln114_37       | xor       | auto                   | 0       |
|   and_ln114_19_fu_2540_p2       |     |        | and_ln114_19       | and       | auto                   | 0       |
|   xor_ln114_38_fu_2546_p2       |     |        | xor_ln114_38       | xor       | auto                   | 0       |
|   xor_ln114_39_fu_2552_p2       |     |        | xor_ln114_39       | xor       | auto                   | 0       |
|   or_ln114_9_fu_2558_p2         |     |        | or_ln114_9         | or        | auto                   | 0       |
|   select_ln114_27_fu_2564_p3    |     |        | select_ln114_27    | select    | auto_sel               | 0       |
|   select_ln114_28_fu_2572_p3    |     |        | select_ln114_28    | select    | auto_sel               | 0       |
|   select_ln114_29_fu_2580_p3    |     |        | select_ln114_29    | select    | auto_sel               | 0       |
|   xor_ln115_9_fu_2588_p2        |     |        | xor_ln115_9        | xor       | auto                   | 0       |
|   select_ln145_9_fu_2594_p3     |     |        | select_ln145_9     | select    | auto_sel               | 0       |
|   sub_ln114_10_fu_2606_p2       |     |        | sub_ln114_10       | sub       | fabric                 | 0       |
|   xor_ln114_40_fu_2632_p2       |     |        | xor_ln114_40       | xor       | auto                   | 0       |
|   and_ln114_20_fu_2638_p2       |     |        | and_ln114_20       | and       | auto                   | 0       |
|   xor_ln114_41_fu_2644_p2       |     |        | xor_ln114_41       | xor       | auto                   | 0       |
|   and_ln114_21_fu_2650_p2       |     |        | and_ln114_21       | and       | auto                   | 0       |
|   xor_ln114_42_fu_2656_p2       |     |        | xor_ln114_42       | xor       | auto                   | 0       |
|   xor_ln114_43_fu_2662_p2       |     |        | xor_ln114_43       | xor       | auto                   | 0       |
|   or_ln114_10_fu_2668_p2        |     |        | or_ln114_10        | or        | auto                   | 0       |
|   select_ln114_30_fu_2674_p3    |     |        | select_ln114_30    | select    | auto_sel               | 0       |
|   select_ln114_31_fu_2682_p3    |     |        | select_ln114_31    | select    | auto_sel               | 0       |
|   select_ln114_32_fu_2690_p3    |     |        | select_ln114_32    | select    | auto_sel               | 0       |
|   xor_ln115_10_fu_2698_p2       |     |        | xor_ln115_10       | xor       | auto                   | 0       |
|   select_ln145_10_fu_2704_p3    |     |        | select_ln145_10    | select    | auto_sel               | 0       |
|   sub_ln114_11_fu_2716_p2       |     |        | sub_ln114_11       | sub       | fabric                 | 0       |
|   xor_ln114_44_fu_2742_p2       |     |        | xor_ln114_44       | xor       | auto                   | 0       |
|   and_ln114_22_fu_2748_p2       |     |        | and_ln114_22       | and       | auto                   | 0       |
|   xor_ln114_45_fu_2754_p2       |     |        | xor_ln114_45       | xor       | auto                   | 0       |
|   and_ln114_23_fu_2760_p2       |     |        | and_ln114_23       | and       | auto                   | 0       |
|   xor_ln114_46_fu_2766_p2       |     |        | xor_ln114_46       | xor       | auto                   | 0       |
|   xor_ln114_47_fu_2772_p2       |     |        | xor_ln114_47       | xor       | auto                   | 0       |
|   or_ln114_11_fu_2778_p2        |     |        | or_ln114_11        | or        | auto                   | 0       |
|   select_ln114_33_fu_2784_p3    |     |        | select_ln114_33    | select    | auto_sel               | 0       |
|   select_ln114_34_fu_2792_p3    |     |        | select_ln114_34    | select    | auto_sel               | 0       |
|   select_ln114_35_fu_2800_p3    |     |        | select_ln114_35    | select    | auto_sel               | 0       |
|   xor_ln115_11_fu_2808_p2       |     |        | xor_ln115_11       | xor       | auto                   | 0       |
|   select_ln145_11_fu_2814_p3    |     |        | select_ln145_11    | select    | auto_sel               | 0       |
|   sub_ln114_12_fu_2826_p2       |     |        | sub_ln114_12       | sub       | fabric                 | 0       |
|   xor_ln114_48_fu_2852_p2       |     |        | xor_ln114_48       | xor       | auto                   | 0       |
|   and_ln114_24_fu_2858_p2       |     |        | and_ln114_24       | and       | auto                   | 0       |
|   xor_ln114_49_fu_2864_p2       |     |        | xor_ln114_49       | xor       | auto                   | 0       |
|   and_ln114_25_fu_2870_p2       |     |        | and_ln114_25       | and       | auto                   | 0       |
|   xor_ln114_50_fu_2876_p2       |     |        | xor_ln114_50       | xor       | auto                   | 0       |
|   xor_ln114_51_fu_2882_p2       |     |        | xor_ln114_51       | xor       | auto                   | 0       |
|   or_ln114_12_fu_2888_p2        |     |        | or_ln114_12        | or        | auto                   | 0       |
|   select_ln114_36_fu_2894_p3    |     |        | select_ln114_36    | select    | auto_sel               | 0       |
|   select_ln114_37_fu_2902_p3    |     |        | select_ln114_37    | select    | auto_sel               | 0       |
|   select_ln114_38_fu_2910_p3    |     |        | select_ln114_38    | select    | auto_sel               | 0       |
|   xor_ln115_12_fu_2918_p2       |     |        | xor_ln115_12       | xor       | auto                   | 0       |
|   select_ln145_12_fu_2924_p3    |     |        | select_ln145_12    | select    | auto_sel               | 0       |
|   sub_ln114_13_fu_2936_p2       |     |        | sub_ln114_13       | sub       | fabric                 | 0       |
|   xor_ln114_52_fu_2962_p2       |     |        | xor_ln114_52       | xor       | auto                   | 0       |
|   and_ln114_26_fu_2968_p2       |     |        | and_ln114_26       | and       | auto                   | 0       |
|   xor_ln114_53_fu_2974_p2       |     |        | xor_ln114_53       | xor       | auto                   | 0       |
|   and_ln114_27_fu_2980_p2       |     |        | and_ln114_27       | and       | auto                   | 0       |
|   xor_ln114_54_fu_2986_p2       |     |        | xor_ln114_54       | xor       | auto                   | 0       |
|   xor_ln114_55_fu_2992_p2       |     |        | xor_ln114_55       | xor       | auto                   | 0       |
|   or_ln114_13_fu_2998_p2        |     |        | or_ln114_13        | or        | auto                   | 0       |
|   select_ln114_39_fu_3004_p3    |     |        | select_ln114_39    | select    | auto_sel               | 0       |
|   select_ln114_40_fu_3012_p3    |     |        | select_ln114_40    | select    | auto_sel               | 0       |
|   select_ln114_41_fu_3020_p3    |     |        | select_ln114_41    | select    | auto_sel               | 0       |
|   xor_ln115_13_fu_3028_p2       |     |        | xor_ln115_13       | xor       | auto                   | 0       |
|   select_ln145_13_fu_3034_p3    |     |        | select_ln145_13    | select    | auto_sel               | 0       |
|   sub_ln114_14_fu_3046_p2       |     |        | sub_ln114_14       | sub       | fabric                 | 0       |
|   xor_ln114_56_fu_3072_p2       |     |        | xor_ln114_56       | xor       | auto                   | 0       |
|   and_ln114_28_fu_3078_p2       |     |        | and_ln114_28       | and       | auto                   | 0       |
|   xor_ln114_57_fu_3084_p2       |     |        | xor_ln114_57       | xor       | auto                   | 0       |
|   and_ln114_29_fu_3090_p2       |     |        | and_ln114_29       | and       | auto                   | 0       |
|   xor_ln114_58_fu_3096_p2       |     |        | xor_ln114_58       | xor       | auto                   | 0       |
|   xor_ln114_59_fu_3102_p2       |     |        | xor_ln114_59       | xor       | auto                   | 0       |
|   or_ln114_14_fu_3108_p2        |     |        | or_ln114_14        | or        | auto                   | 0       |
|   select_ln114_42_fu_3114_p3    |     |        | select_ln114_42    | select    | auto_sel               | 0       |
|   select_ln114_43_fu_3122_p3    |     |        | select_ln114_43    | select    | auto_sel               | 0       |
|   select_ln114_44_fu_3130_p3    |     |        | select_ln114_44    | select    | auto_sel               | 0       |
|   xor_ln115_14_fu_3138_p2       |     |        | xor_ln115_14       | xor       | auto                   | 0       |
|   select_ln145_14_fu_3144_p3    |     |        | select_ln145_14    | select    | auto_sel               | 0       |
|   sub_ln114_15_fu_3156_p2       |     |        | sub_ln114_15       | sub       | fabric                 | 0       |
|   xor_ln114_60_fu_3182_p2       |     |        | xor_ln114_60       | xor       | auto                   | 0       |
|   and_ln114_30_fu_3188_p2       |     |        | and_ln114_30       | and       | auto                   | 0       |
|   xor_ln114_61_fu_3194_p2       |     |        | xor_ln114_61       | xor       | auto                   | 0       |
|   and_ln114_31_fu_3200_p2       |     |        | and_ln114_31       | and       | auto                   | 0       |
|   xor_ln114_62_fu_3206_p2       |     |        | xor_ln114_62       | xor       | auto                   | 0       |
|   xor_ln114_63_fu_3212_p2       |     |        | xor_ln114_63       | xor       | auto                   | 0       |
|   or_ln114_15_fu_3218_p2        |     |        | or_ln114_15        | or        | auto                   | 0       |
|   select_ln114_45_fu_3224_p3    |     |        | select_ln114_45    | select    | auto_sel               | 0       |
|   select_ln114_46_fu_3232_p3    |     |        | select_ln114_46    | select    | auto_sel               | 0       |
|   select_ln114_47_fu_3240_p3    |     |        | select_ln114_47    | select    | auto_sel               | 0       |
|   xor_ln115_15_fu_3248_p2       |     |        | xor_ln115_15       | xor       | auto                   | 0       |
|   select_ln145_15_fu_3254_p3    |     |        | select_ln145_15    | select    | auto_sel               | 0       |
|   sub_ln114_16_fu_3266_p2       |     |        | sub_ln114_16       | sub       | fabric                 | 0       |
|   xor_ln114_64_fu_3292_p2       |     |        | xor_ln114_64       | xor       | auto                   | 0       |
|   and_ln114_32_fu_3298_p2       |     |        | and_ln114_32       | and       | auto                   | 0       |
|   xor_ln114_65_fu_3304_p2       |     |        | xor_ln114_65       | xor       | auto                   | 0       |
|   and_ln114_33_fu_3310_p2       |     |        | and_ln114_33       | and       | auto                   | 0       |
|   xor_ln114_66_fu_3316_p2       |     |        | xor_ln114_66       | xor       | auto                   | 0       |
|   xor_ln114_67_fu_3322_p2       |     |        | xor_ln114_67       | xor       | auto                   | 0       |
|   or_ln114_16_fu_3328_p2        |     |        | or_ln114_16        | or        | auto                   | 0       |
|   select_ln114_48_fu_3334_p3    |     |        | select_ln114_48    | select    | auto_sel               | 0       |
|   select_ln114_49_fu_3342_p3    |     |        | select_ln114_49    | select    | auto_sel               | 0       |
|   select_ln114_50_fu_3350_p3    |     |        | select_ln114_50    | select    | auto_sel               | 0       |
|   xor_ln115_16_fu_3358_p2       |     |        | xor_ln115_16       | xor       | auto                   | 0       |
|   select_ln145_16_fu_3364_p3    |     |        | select_ln145_16    | select    | auto_sel               | 0       |
|   sub_ln114_17_fu_3376_p2       |     |        | sub_ln114_17       | sub       | fabric                 | 0       |
|   xor_ln114_68_fu_3402_p2       |     |        | xor_ln114_68       | xor       | auto                   | 0       |
|   and_ln114_34_fu_3408_p2       |     |        | and_ln114_34       | and       | auto                   | 0       |
|   xor_ln114_69_fu_3414_p2       |     |        | xor_ln114_69       | xor       | auto                   | 0       |
|   and_ln114_35_fu_3420_p2       |     |        | and_ln114_35       | and       | auto                   | 0       |
|   xor_ln114_70_fu_3426_p2       |     |        | xor_ln114_70       | xor       | auto                   | 0       |
|   xor_ln114_71_fu_3432_p2       |     |        | xor_ln114_71       | xor       | auto                   | 0       |
|   or_ln114_17_fu_3438_p2        |     |        | or_ln114_17        | or        | auto                   | 0       |
|   select_ln114_51_fu_3444_p3    |     |        | select_ln114_51    | select    | auto_sel               | 0       |
|   select_ln114_52_fu_3452_p3    |     |        | select_ln114_52    | select    | auto_sel               | 0       |
|   select_ln114_53_fu_3460_p3    |     |        | select_ln114_53    | select    | auto_sel               | 0       |
|   xor_ln115_17_fu_3468_p2       |     |        | xor_ln115_17       | xor       | auto                   | 0       |
|   select_ln145_17_fu_3474_p3    |     |        | select_ln145_17    | select    | auto_sel               | 0       |
|   sub_ln114_18_fu_3486_p2       |     |        | sub_ln114_18       | sub       | fabric                 | 0       |
|   xor_ln114_72_fu_3512_p2       |     |        | xor_ln114_72       | xor       | auto                   | 0       |
|   and_ln114_36_fu_3518_p2       |     |        | and_ln114_36       | and       | auto                   | 0       |
|   xor_ln114_73_fu_3524_p2       |     |        | xor_ln114_73       | xor       | auto                   | 0       |
|   and_ln114_37_fu_3530_p2       |     |        | and_ln114_37       | and       | auto                   | 0       |
|   xor_ln114_74_fu_3536_p2       |     |        | xor_ln114_74       | xor       | auto                   | 0       |
|   xor_ln114_75_fu_3542_p2       |     |        | xor_ln114_75       | xor       | auto                   | 0       |
|   or_ln114_18_fu_3548_p2        |     |        | or_ln114_18        | or        | auto                   | 0       |
|   select_ln114_54_fu_3554_p3    |     |        | select_ln114_54    | select    | auto_sel               | 0       |
|   select_ln114_55_fu_3562_p3    |     |        | select_ln114_55    | select    | auto_sel               | 0       |
|   select_ln114_56_fu_3570_p3    |     |        | select_ln114_56    | select    | auto_sel               | 0       |
|   xor_ln115_18_fu_3578_p2       |     |        | xor_ln115_18       | xor       | auto                   | 0       |
|   select_ln145_18_fu_3584_p3    |     |        | select_ln145_18    | select    | auto_sel               | 0       |
|   sub_ln114_19_fu_3596_p2       |     |        | sub_ln114_19       | sub       | fabric                 | 0       |
|   xor_ln114_76_fu_3622_p2       |     |        | xor_ln114_76       | xor       | auto                   | 0       |
|   and_ln114_38_fu_3628_p2       |     |        | and_ln114_38       | and       | auto                   | 0       |
|   xor_ln114_77_fu_3634_p2       |     |        | xor_ln114_77       | xor       | auto                   | 0       |
|   and_ln114_39_fu_3640_p2       |     |        | and_ln114_39       | and       | auto                   | 0       |
|   xor_ln114_78_fu_3646_p2       |     |        | xor_ln114_78       | xor       | auto                   | 0       |
|   xor_ln114_79_fu_3652_p2       |     |        | xor_ln114_79       | xor       | auto                   | 0       |
|   or_ln114_19_fu_3658_p2        |     |        | or_ln114_19        | or        | auto                   | 0       |
|   select_ln114_57_fu_3664_p3    |     |        | select_ln114_57    | select    | auto_sel               | 0       |
|   select_ln114_58_fu_3672_p3    |     |        | select_ln114_58    | select    | auto_sel               | 0       |
|   select_ln114_59_fu_3680_p3    |     |        | select_ln114_59    | select    | auto_sel               | 0       |
|   xor_ln115_19_fu_3688_p2       |     |        | xor_ln115_19       | xor       | auto                   | 0       |
|   select_ln145_19_fu_3694_p3    |     |        | select_ln145_19    | select    | auto_sel               | 0       |
|   sub_ln114_20_fu_3706_p2       |     |        | sub_ln114_20       | sub       | fabric                 | 0       |
|   xor_ln114_80_fu_3732_p2       |     |        | xor_ln114_80       | xor       | auto                   | 0       |
|   and_ln114_40_fu_3738_p2       |     |        | and_ln114_40       | and       | auto                   | 0       |
|   xor_ln114_81_fu_3744_p2       |     |        | xor_ln114_81       | xor       | auto                   | 0       |
|   and_ln114_41_fu_3750_p2       |     |        | and_ln114_41       | and       | auto                   | 0       |
|   xor_ln114_82_fu_3756_p2       |     |        | xor_ln114_82       | xor       | auto                   | 0       |
|   xor_ln114_83_fu_3762_p2       |     |        | xor_ln114_83       | xor       | auto                   | 0       |
|   or_ln114_20_fu_3768_p2        |     |        | or_ln114_20        | or        | auto                   | 0       |
|   select_ln114_60_fu_3774_p3    |     |        | select_ln114_60    | select    | auto_sel               | 0       |
|   select_ln114_61_fu_3782_p3    |     |        | select_ln114_61    | select    | auto_sel               | 0       |
|   select_ln114_62_fu_3790_p3    |     |        | select_ln114_62    | select    | auto_sel               | 0       |
|   xor_ln115_20_fu_3798_p2       |     |        | xor_ln115_20       | xor       | auto                   | 0       |
|   select_ln145_20_fu_3804_p3    |     |        | select_ln145_20    | select    | auto_sel               | 0       |
|   sub_ln114_21_fu_3816_p2       |     |        | sub_ln114_21       | sub       | fabric                 | 0       |
|   xor_ln114_84_fu_3842_p2       |     |        | xor_ln114_84       | xor       | auto                   | 0       |
|   and_ln114_42_fu_3848_p2       |     |        | and_ln114_42       | and       | auto                   | 0       |
|   xor_ln114_85_fu_3854_p2       |     |        | xor_ln114_85       | xor       | auto                   | 0       |
|   and_ln114_43_fu_3860_p2       |     |        | and_ln114_43       | and       | auto                   | 0       |
|   xor_ln114_86_fu_3866_p2       |     |        | xor_ln114_86       | xor       | auto                   | 0       |
|   xor_ln114_87_fu_3872_p2       |     |        | xor_ln114_87       | xor       | auto                   | 0       |
|   or_ln114_21_fu_3878_p2        |     |        | or_ln114_21        | or        | auto                   | 0       |
|   select_ln114_63_fu_3884_p3    |     |        | select_ln114_63    | select    | auto_sel               | 0       |
|   select_ln114_64_fu_3892_p3    |     |        | select_ln114_64    | select    | auto_sel               | 0       |
|   select_ln114_65_fu_3900_p3    |     |        | select_ln114_65    | select    | auto_sel               | 0       |
|   xor_ln115_21_fu_3908_p2       |     |        | xor_ln115_21       | xor       | auto                   | 0       |
|   select_ln145_21_fu_3914_p3    |     |        | select_ln145_21    | select    | auto_sel               | 0       |
|   sub_ln114_22_fu_3926_p2       |     |        | sub_ln114_22       | sub       | fabric                 | 0       |
|   xor_ln114_88_fu_3952_p2       |     |        | xor_ln114_88       | xor       | auto                   | 0       |
|   and_ln114_44_fu_3958_p2       |     |        | and_ln114_44       | and       | auto                   | 0       |
|   xor_ln114_89_fu_3964_p2       |     |        | xor_ln114_89       | xor       | auto                   | 0       |
|   and_ln114_45_fu_3970_p2       |     |        | and_ln114_45       | and       | auto                   | 0       |
|   xor_ln114_90_fu_3976_p2       |     |        | xor_ln114_90       | xor       | auto                   | 0       |
|   xor_ln114_91_fu_3982_p2       |     |        | xor_ln114_91       | xor       | auto                   | 0       |
|   or_ln114_22_fu_3988_p2        |     |        | or_ln114_22        | or        | auto                   | 0       |
|   select_ln114_66_fu_3994_p3    |     |        | select_ln114_66    | select    | auto_sel               | 0       |
|   select_ln114_67_fu_4002_p3    |     |        | select_ln114_67    | select    | auto_sel               | 0       |
|   select_ln114_68_fu_4010_p3    |     |        | select_ln114_68    | select    | auto_sel               | 0       |
|   xor_ln115_22_fu_4018_p2       |     |        | xor_ln115_22       | xor       | auto                   | 0       |
|   select_ln145_22_fu_4024_p3    |     |        | select_ln145_22    | select    | auto_sel               | 0       |
|   sub_ln114_23_fu_4036_p2       |     |        | sub_ln114_23       | sub       | fabric                 | 0       |
|   xor_ln114_92_fu_4062_p2       |     |        | xor_ln114_92       | xor       | auto                   | 0       |
|   and_ln114_46_fu_4068_p2       |     |        | and_ln114_46       | and       | auto                   | 0       |
|   xor_ln114_93_fu_4074_p2       |     |        | xor_ln114_93       | xor       | auto                   | 0       |
|   and_ln114_47_fu_4080_p2       |     |        | and_ln114_47       | and       | auto                   | 0       |
|   xor_ln114_94_fu_4086_p2       |     |        | xor_ln114_94       | xor       | auto                   | 0       |
|   xor_ln114_95_fu_4092_p2       |     |        | xor_ln114_95       | xor       | auto                   | 0       |
|   or_ln114_23_fu_4098_p2        |     |        | or_ln114_23        | or        | auto                   | 0       |
|   select_ln114_69_fu_4104_p3    |     |        | select_ln114_69    | select    | auto_sel               | 0       |
|   select_ln114_70_fu_4112_p3    |     |        | select_ln114_70    | select    | auto_sel               | 0       |
|   select_ln114_71_fu_4120_p3    |     |        | select_ln114_71    | select    | auto_sel               | 0       |
|   xor_ln115_23_fu_4128_p2       |     |        | xor_ln115_23       | xor       | auto                   | 0       |
|   select_ln145_23_fu_4134_p3    |     |        | select_ln145_23    | select    | auto_sel               | 0       |
|   sub_ln114_24_fu_5490_p2       |     |        | sub_ln114_24       | sub       | fabric                 | 0       |
|   xor_ln114_96_fu_5516_p2       |     |        | xor_ln114_96       | xor       | auto                   | 0       |
|   and_ln114_48_fu_5522_p2       |     |        | and_ln114_48       | and       | auto                   | 0       |
|   xor_ln114_97_fu_5528_p2       |     |        | xor_ln114_97       | xor       | auto                   | 0       |
|   and_ln114_49_fu_5534_p2       |     |        | and_ln114_49       | and       | auto                   | 0       |
|   xor_ln114_98_fu_5540_p2       |     |        | xor_ln114_98       | xor       | auto                   | 0       |
|   xor_ln114_99_fu_5546_p2       |     |        | xor_ln114_99       | xor       | auto                   | 0       |
|   or_ln114_24_fu_5552_p2        |     |        | or_ln114_24        | or        | auto                   | 0       |
|   select_ln114_72_fu_5558_p3    |     |        | select_ln114_72    | select    | auto_sel               | 0       |
|   select_ln114_73_fu_5566_p3    |     |        | select_ln114_73    | select    | auto_sel               | 0       |
|   select_ln114_74_fu_5574_p3    |     |        | select_ln114_74    | select    | auto_sel               | 0       |
|   xor_ln115_24_fu_5582_p2       |     |        | xor_ln115_24       | xor       | auto                   | 0       |
|   select_ln145_24_fu_5586_p3    |     |        | select_ln145_24    | select    | auto_sel               | 0       |
|   sub_ln114_25_fu_5598_p2       |     |        | sub_ln114_25       | sub       | fabric                 | 0       |
|   xor_ln114_100_fu_5624_p2      |     |        | xor_ln114_100      | xor       | auto                   | 0       |
|   and_ln114_50_fu_5630_p2       |     |        | and_ln114_50       | and       | auto                   | 0       |
|   xor_ln114_101_fu_5636_p2      |     |        | xor_ln114_101      | xor       | auto                   | 0       |
|   and_ln114_51_fu_5642_p2       |     |        | and_ln114_51       | and       | auto                   | 0       |
|   xor_ln114_102_fu_5648_p2      |     |        | xor_ln114_102      | xor       | auto                   | 0       |
|   xor_ln114_103_fu_5654_p2      |     |        | xor_ln114_103      | xor       | auto                   | 0       |
|   or_ln114_25_fu_5660_p2        |     |        | or_ln114_25        | or        | auto                   | 0       |
|   select_ln114_75_fu_5666_p3    |     |        | select_ln114_75    | select    | auto_sel               | 0       |
|   select_ln114_76_fu_5674_p3    |     |        | select_ln114_76    | select    | auto_sel               | 0       |
|   select_ln114_77_fu_5682_p3    |     |        | select_ln114_77    | select    | auto_sel               | 0       |
|   xor_ln115_25_fu_5690_p2       |     |        | xor_ln115_25       | xor       | auto                   | 0       |
|   select_ln145_25_fu_5694_p3    |     |        | select_ln145_25    | select    | auto_sel               | 0       |
|   sub_ln114_26_fu_5706_p2       |     |        | sub_ln114_26       | sub       | fabric                 | 0       |
|   xor_ln114_104_fu_5732_p2      |     |        | xor_ln114_104      | xor       | auto                   | 0       |
|   and_ln114_52_fu_5738_p2       |     |        | and_ln114_52       | and       | auto                   | 0       |
|   xor_ln114_105_fu_5744_p2      |     |        | xor_ln114_105      | xor       | auto                   | 0       |
|   and_ln114_53_fu_5750_p2       |     |        | and_ln114_53       | and       | auto                   | 0       |
|   xor_ln114_106_fu_5756_p2      |     |        | xor_ln114_106      | xor       | auto                   | 0       |
|   xor_ln114_107_fu_5762_p2      |     |        | xor_ln114_107      | xor       | auto                   | 0       |
|   or_ln114_26_fu_5768_p2        |     |        | or_ln114_26        | or        | auto                   | 0       |
|   select_ln114_78_fu_5774_p3    |     |        | select_ln114_78    | select    | auto_sel               | 0       |
|   select_ln114_79_fu_5782_p3    |     |        | select_ln114_79    | select    | auto_sel               | 0       |
|   select_ln114_80_fu_5790_p3    |     |        | select_ln114_80    | select    | auto_sel               | 0       |
|   xor_ln115_26_fu_5798_p2       |     |        | xor_ln115_26       | xor       | auto                   | 0       |
|   select_ln145_26_fu_5802_p3    |     |        | select_ln145_26    | select    | auto_sel               | 0       |
|   sub_ln114_27_fu_5814_p2       |     |        | sub_ln114_27       | sub       | fabric                 | 0       |
|   xor_ln114_108_fu_5840_p2      |     |        | xor_ln114_108      | xor       | auto                   | 0       |
|   and_ln114_54_fu_5846_p2       |     |        | and_ln114_54       | and       | auto                   | 0       |
|   xor_ln114_109_fu_5852_p2      |     |        | xor_ln114_109      | xor       | auto                   | 0       |
|   and_ln114_55_fu_5858_p2       |     |        | and_ln114_55       | and       | auto                   | 0       |
|   xor_ln114_110_fu_5864_p2      |     |        | xor_ln114_110      | xor       | auto                   | 0       |
|   xor_ln114_111_fu_5870_p2      |     |        | xor_ln114_111      | xor       | auto                   | 0       |
|   or_ln114_27_fu_5876_p2        |     |        | or_ln114_27        | or        | auto                   | 0       |
|   select_ln114_81_fu_5882_p3    |     |        | select_ln114_81    | select    | auto_sel               | 0       |
|   select_ln114_82_fu_5890_p3    |     |        | select_ln114_82    | select    | auto_sel               | 0       |
|   select_ln114_83_fu_5898_p3    |     |        | select_ln114_83    | select    | auto_sel               | 0       |
|   xor_ln115_27_fu_5906_p2       |     |        | xor_ln115_27       | xor       | auto                   | 0       |
|   select_ln145_27_fu_5910_p3    |     |        | select_ln145_27    | select    | auto_sel               | 0       |
|   add_ln90_fu_4148_p2           |     |        | add_ln90           | add       | fabric                 | 0       |
|   add_ln90_1_fu_4152_p2         |     |        | add_ln90_1         | add       | fabric                 | 0       |
|   xor_ln90_fu_4174_p2           |     |        | xor_ln90           | xor       | auto                   | 0       |
|   and_ln90_fu_4180_p2           |     |        | and_ln90           | and       | auto                   | 0       |
|   xor_ln90_1_fu_4186_p2         |     |        | xor_ln90_1         | xor       | auto                   | 0       |
|   select_ln90_fu_4192_p3        |     |        | select_ln90        | select    | auto_sel               | 0       |
|   select_ln90_1_fu_4200_p3      |     |        | select_ln90_1      | select    | auto_sel               | 0       |
|   add_ln90_2_fu_4214_p2         |     |        | add_ln90_2         | add       | fabric                 | 0       |
|   add_ln90_3_fu_4218_p2         |     |        | add_ln90_3         | add       | fabric                 | 0       |
|   xor_ln90_2_fu_4240_p2         |     |        | xor_ln90_2         | xor       | auto                   | 0       |
|   and_ln90_1_fu_4246_p2         |     |        | and_ln90_1         | and       | auto                   | 0       |
|   xor_ln90_3_fu_4252_p2         |     |        | xor_ln90_3         | xor       | auto                   | 0       |
|   select_ln90_2_fu_4258_p3      |     |        | select_ln90_2      | select    | auto_sel               | 0       |
|   select_ln90_3_fu_4266_p3      |     |        | select_ln90_3      | select    | auto_sel               | 0       |
|   add_ln90_4_fu_4280_p2         |     |        | add_ln90_4         | add       | fabric                 | 0       |
|   add_ln90_5_fu_4284_p2         |     |        | add_ln90_5         | add       | fabric                 | 0       |
|   xor_ln90_4_fu_4306_p2         |     |        | xor_ln90_4         | xor       | auto                   | 0       |
|   and_ln90_2_fu_4312_p2         |     |        | and_ln90_2         | and       | auto                   | 0       |
|   xor_ln90_5_fu_4318_p2         |     |        | xor_ln90_5         | xor       | auto                   | 0       |
|   select_ln90_4_fu_4324_p3      |     |        | select_ln90_4      | select    | auto_sel               | 0       |
|   select_ln90_5_fu_4332_p3      |     |        | select_ln90_5      | select    | auto_sel               | 0       |
|   add_ln90_6_fu_4346_p2         |     |        | add_ln90_6         | add       | fabric                 | 0       |
|   add_ln90_7_fu_4350_p2         |     |        | add_ln90_7         | add       | fabric                 | 0       |
|   xor_ln90_6_fu_4372_p2         |     |        | xor_ln90_6         | xor       | auto                   | 0       |
|   and_ln90_3_fu_4378_p2         |     |        | and_ln90_3         | and       | auto                   | 0       |
|   xor_ln90_7_fu_4384_p2         |     |        | xor_ln90_7         | xor       | auto                   | 0       |
|   select_ln90_6_fu_4390_p3      |     |        | select_ln90_6      | select    | auto_sel               | 0       |
|   select_ln90_7_fu_4398_p3      |     |        | select_ln90_7      | select    | auto_sel               | 0       |
|   add_ln90_8_fu_4412_p2         |     |        | add_ln90_8         | add       | fabric                 | 0       |
|   add_ln90_9_fu_4416_p2         |     |        | add_ln90_9         | add       | fabric                 | 0       |
|   xor_ln90_8_fu_4438_p2         |     |        | xor_ln90_8         | xor       | auto                   | 0       |
|   and_ln90_4_fu_4444_p2         |     |        | and_ln90_4         | and       | auto                   | 0       |
|   xor_ln90_9_fu_4450_p2         |     |        | xor_ln90_9         | xor       | auto                   | 0       |
|   select_ln90_8_fu_4456_p3      |     |        | select_ln90_8      | select    | auto_sel               | 0       |
|   select_ln90_9_fu_4464_p3      |     |        | select_ln90_9      | select    | auto_sel               | 0       |
|   add_ln90_10_fu_4478_p2        |     |        | add_ln90_10        | add       | fabric                 | 0       |
|   add_ln90_11_fu_4482_p2        |     |        | add_ln90_11        | add       | fabric                 | 0       |
|   xor_ln90_10_fu_4504_p2        |     |        | xor_ln90_10        | xor       | auto                   | 0       |
|   and_ln90_5_fu_4510_p2         |     |        | and_ln90_5         | and       | auto                   | 0       |
|   xor_ln90_11_fu_4516_p2        |     |        | xor_ln90_11        | xor       | auto                   | 0       |
|   select_ln90_10_fu_4522_p3     |     |        | select_ln90_10     | select    | auto_sel               | 0       |
|   select_ln90_11_fu_4530_p3     |     |        | select_ln90_11     | select    | auto_sel               | 0       |
|   add_ln90_12_fu_4544_p2        |     |        | add_ln90_12        | add       | fabric                 | 0       |
|   add_ln90_13_fu_4548_p2        |     |        | add_ln90_13        | add       | fabric                 | 0       |
|   xor_ln90_12_fu_4570_p2        |     |        | xor_ln90_12        | xor       | auto                   | 0       |
|   and_ln90_6_fu_4576_p2         |     |        | and_ln90_6         | and       | auto                   | 0       |
|   xor_ln90_13_fu_4582_p2        |     |        | xor_ln90_13        | xor       | auto                   | 0       |
|   select_ln90_12_fu_4588_p3     |     |        | select_ln90_12     | select    | auto_sel               | 0       |
|   select_ln90_13_fu_4596_p3     |     |        | select_ln90_13     | select    | auto_sel               | 0       |
|   add_ln90_14_fu_4610_p2        |     |        | add_ln90_14        | add       | fabric                 | 0       |
|   add_ln90_15_fu_4614_p2        |     |        | add_ln90_15        | add       | fabric                 | 0       |
|   xor_ln90_14_fu_4636_p2        |     |        | xor_ln90_14        | xor       | auto                   | 0       |
|   and_ln90_7_fu_4642_p2         |     |        | and_ln90_7         | and       | auto                   | 0       |
|   xor_ln90_15_fu_4648_p2        |     |        | xor_ln90_15        | xor       | auto                   | 0       |
|   select_ln90_14_fu_4654_p3     |     |        | select_ln90_14     | select    | auto_sel               | 0       |
|   select_ln90_15_fu_4662_p3     |     |        | select_ln90_15     | select    | auto_sel               | 0       |
|   add_ln90_16_fu_4676_p2        |     |        | add_ln90_16        | add       | fabric                 | 0       |
|   add_ln90_17_fu_4680_p2        |     |        | add_ln90_17        | add       | fabric                 | 0       |
|   xor_ln90_16_fu_4702_p2        |     |        | xor_ln90_16        | xor       | auto                   | 0       |
|   and_ln90_8_fu_4708_p2         |     |        | and_ln90_8         | and       | auto                   | 0       |
|   xor_ln90_17_fu_4714_p2        |     |        | xor_ln90_17        | xor       | auto                   | 0       |
|   select_ln90_16_fu_4720_p3     |     |        | select_ln90_16     | select    | auto_sel               | 0       |
|   select_ln90_17_fu_4728_p3     |     |        | select_ln90_17     | select    | auto_sel               | 0       |
|   add_ln90_18_fu_4742_p2        |     |        | add_ln90_18        | add       | fabric                 | 0       |
|   add_ln90_19_fu_4746_p2        |     |        | add_ln90_19        | add       | fabric                 | 0       |
|   xor_ln90_18_fu_4768_p2        |     |        | xor_ln90_18        | xor       | auto                   | 0       |
|   and_ln90_9_fu_4774_p2         |     |        | and_ln90_9         | and       | auto                   | 0       |
|   xor_ln90_19_fu_4780_p2        |     |        | xor_ln90_19        | xor       | auto                   | 0       |
|   select_ln90_18_fu_4786_p3     |     |        | select_ln90_18     | select    | auto_sel               | 0       |
|   select_ln90_19_fu_4794_p3     |     |        | select_ln90_19     | select    | auto_sel               | 0       |
|   add_ln90_20_fu_4808_p2        |     |        | add_ln90_20        | add       | fabric                 | 0       |
|   add_ln90_21_fu_4812_p2        |     |        | add_ln90_21        | add       | fabric                 | 0       |
|   xor_ln90_20_fu_4834_p2        |     |        | xor_ln90_20        | xor       | auto                   | 0       |
|   and_ln90_10_fu_4840_p2        |     |        | and_ln90_10        | and       | auto                   | 0       |
|   xor_ln90_21_fu_4846_p2        |     |        | xor_ln90_21        | xor       | auto                   | 0       |
|   select_ln90_20_fu_4852_p3     |     |        | select_ln90_20     | select    | auto_sel               | 0       |
|   select_ln90_21_fu_4860_p3     |     |        | select_ln90_21     | select    | auto_sel               | 0       |
|   add_ln90_22_fu_4874_p2        |     |        | add_ln90_22        | add       | fabric                 | 0       |
|   add_ln90_23_fu_4878_p2        |     |        | add_ln90_23        | add       | fabric                 | 0       |
|   xor_ln90_22_fu_4900_p2        |     |        | xor_ln90_22        | xor       | auto                   | 0       |
|   and_ln90_11_fu_4906_p2        |     |        | and_ln90_11        | and       | auto                   | 0       |
|   xor_ln90_23_fu_4912_p2        |     |        | xor_ln90_23        | xor       | auto                   | 0       |
|   select_ln90_22_fu_4918_p3     |     |        | select_ln90_22     | select    | auto_sel               | 0       |
|   select_ln90_23_fu_4926_p3     |     |        | select_ln90_23     | select    | auto_sel               | 0       |
|   add_ln90_24_fu_4940_p2        |     |        | add_ln90_24        | add       | fabric                 | 0       |
|   add_ln90_25_fu_4944_p2        |     |        | add_ln90_25        | add       | fabric                 | 0       |
|   xor_ln90_24_fu_4966_p2        |     |        | xor_ln90_24        | xor       | auto                   | 0       |
|   and_ln90_12_fu_4972_p2        |     |        | and_ln90_12        | and       | auto                   | 0       |
|   xor_ln90_25_fu_4978_p2        |     |        | xor_ln90_25        | xor       | auto                   | 0       |
|   select_ln90_24_fu_4984_p3     |     |        | select_ln90_24     | select    | auto_sel               | 0       |
|   select_ln90_25_fu_4992_p3     |     |        | select_ln90_25     | select    | auto_sel               | 0       |
|   add_ln90_26_fu_5006_p2        |     |        | add_ln90_26        | add       | fabric                 | 0       |
|   add_ln90_27_fu_5010_p2        |     |        | add_ln90_27        | add       | fabric                 | 0       |
|   xor_ln90_26_fu_5032_p2        |     |        | xor_ln90_26        | xor       | auto                   | 0       |
|   and_ln90_13_fu_5038_p2        |     |        | and_ln90_13        | and       | auto                   | 0       |
|   xor_ln90_27_fu_5044_p2        |     |        | xor_ln90_27        | xor       | auto                   | 0       |
|   select_ln90_26_fu_5050_p3     |     |        | select_ln90_26     | select    | auto_sel               | 0       |
|   select_ln90_27_fu_5058_p3     |     |        | select_ln90_27     | select    | auto_sel               | 0       |
|   add_ln90_28_fu_5072_p2        |     |        | add_ln90_28        | add       | fabric                 | 0       |
|   add_ln90_29_fu_5076_p2        |     |        | add_ln90_29        | add       | fabric                 | 0       |
|   xor_ln90_28_fu_5098_p2        |     |        | xor_ln90_28        | xor       | auto                   | 0       |
|   and_ln90_14_fu_5104_p2        |     |        | and_ln90_14        | and       | auto                   | 0       |
|   xor_ln90_29_fu_5110_p2        |     |        | xor_ln90_29        | xor       | auto                   | 0       |
|   select_ln90_28_fu_5116_p3     |     |        | select_ln90_28     | select    | auto_sel               | 0       |
|   select_ln90_29_fu_5124_p3     |     |        | select_ln90_29     | select    | auto_sel               | 0       |
|   add_ln90_30_fu_5138_p2        |     |        | add_ln90_30        | add       | fabric                 | 0       |
|   add_ln90_31_fu_5142_p2        |     |        | add_ln90_31        | add       | fabric                 | 0       |
|   xor_ln90_30_fu_5164_p2        |     |        | xor_ln90_30        | xor       | auto                   | 0       |
|   and_ln90_15_fu_5170_p2        |     |        | and_ln90_15        | and       | auto                   | 0       |
|   xor_ln90_31_fu_5176_p2        |     |        | xor_ln90_31        | xor       | auto                   | 0       |
|   select_ln90_30_fu_5182_p3     |     |        | select_ln90_30     | select    | auto_sel               | 0       |
|   select_ln90_31_fu_5190_p3     |     |        | select_ln90_31     | select    | auto_sel               | 0       |
|   add_ln90_32_fu_6436_p2        |     |        | add_ln90_32        | add       | fabric                 | 0       |
|   add_ln90_33_fu_6440_p2        |     |        | add_ln90_33        | add       | fabric                 | 0       |
|   xor_ln90_32_fu_6462_p2        |     |        | xor_ln90_32        | xor       | auto                   | 0       |
|   and_ln90_16_fu_6468_p2        |     |        | and_ln90_16        | and       | auto                   | 0       |
|   xor_ln90_33_fu_6474_p2        |     |        | xor_ln90_33        | xor       | auto                   | 0       |
|   select_ln90_32_fu_6480_p3     |     |        | select_ln90_32     | select    | auto_sel               | 0       |
|   select_ln90_33_fu_6488_p3     |     |        | select_ln90_33     | select    | auto_sel               | 0       |
|   add_ln90_34_fu_6502_p2        |     |        | add_ln90_34        | add       | fabric                 | 0       |
|   add_ln90_35_fu_6506_p2        |     |        | add_ln90_35        | add       | fabric                 | 0       |
|   xor_ln90_34_fu_6528_p2        |     |        | xor_ln90_34        | xor       | auto                   | 0       |
|   and_ln90_17_fu_6534_p2        |     |        | and_ln90_17        | and       | auto                   | 0       |
|   xor_ln90_35_fu_6540_p2        |     |        | xor_ln90_35        | xor       | auto                   | 0       |
|   select_ln90_34_fu_6546_p3     |     |        | select_ln90_34     | select    | auto_sel               | 0       |
|   select_ln90_35_fu_6554_p3     |     |        | select_ln90_35     | select    | auto_sel               | 0       |
|   add_ln90_36_fu_5206_p2        |     |        | add_ln90_36        | add       | fabric                 | 0       |
|   add_ln90_37_fu_5212_p2        |     |        | add_ln90_37        | add       | fabric                 | 0       |
|   xor_ln90_36_fu_5918_p2        |     |        | xor_ln90_36        | xor       | auto                   | 0       |
|   and_ln90_18_fu_5923_p2        |     |        | and_ln90_18        | and       | auto                   | 0       |
|   xor_ln90_37_fu_5928_p2        |     |        | xor_ln90_37        | xor       | auto                   | 0       |
|   select_ln90_36_fu_5932_p3     |     |        | select_ln90_36     | select    | auto_sel               | 0       |
|   select_ln90_37_fu_5940_p3     |     |        | select_ln90_37     | select    | auto_sel               | 0       |
|   add_ln90_38_fu_5242_p2        |     |        | add_ln90_38        | add       | fabric                 | 0       |
|   add_ln90_39_fu_5248_p2        |     |        | add_ln90_39        | add       | fabric                 | 0       |
|   xor_ln90_38_fu_5947_p2        |     |        | xor_ln90_38        | xor       | auto                   | 0       |
|   and_ln90_19_fu_5952_p2        |     |        | and_ln90_19        | and       | auto                   | 0       |
|   xor_ln90_39_fu_5957_p2        |     |        | xor_ln90_39        | xor       | auto                   | 0       |
|   select_ln90_38_fu_5961_p3     |     |        | select_ln90_38     | select    | auto_sel               | 0       |
|   select_ln90_39_fu_5969_p3     |     |        | select_ln90_39     | select    | auto_sel               | 0       |
|   add_ln90_40_fu_5278_p2        |     |        | add_ln90_40        | add       | fabric                 | 0       |
|   add_ln90_41_fu_5284_p2        |     |        | add_ln90_41        | add       | fabric                 | 0       |
|   xor_ln90_40_fu_5976_p2        |     |        | xor_ln90_40        | xor       | auto                   | 0       |
|   and_ln90_20_fu_5981_p2        |     |        | and_ln90_20        | and       | auto                   | 0       |
|   xor_ln90_41_fu_5986_p2        |     |        | xor_ln90_41        | xor       | auto                   | 0       |
|   select_ln90_40_fu_5990_p3     |     |        | select_ln90_40     | select    | auto_sel               | 0       |
|   select_ln90_41_fu_5998_p3     |     |        | select_ln90_41     | select    | auto_sel               | 0       |
|   add_ln90_42_fu_5314_p2        |     |        | add_ln90_42        | add       | fabric                 | 0       |
|   add_ln90_43_fu_5320_p2        |     |        | add_ln90_43        | add       | fabric                 | 0       |
|   xor_ln90_42_fu_6005_p2        |     |        | xor_ln90_42        | xor       | auto                   | 0       |
|   and_ln90_21_fu_6010_p2        |     |        | and_ln90_21        | and       | auto                   | 0       |
|   xor_ln90_43_fu_6015_p2        |     |        | xor_ln90_43        | xor       | auto                   | 0       |
|   select_ln90_42_fu_6019_p3     |     |        | select_ln90_42     | select    | auto_sel               | 0       |
|   select_ln90_43_fu_6027_p3     |     |        | select_ln90_43     | select    | auto_sel               | 0       |
|   add_ln90_44_fu_5350_p2        |     |        | add_ln90_44        | add       | fabric                 | 0       |
|   add_ln90_45_fu_5356_p2        |     |        | add_ln90_45        | add       | fabric                 | 0       |
|   xor_ln90_44_fu_6034_p2        |     |        | xor_ln90_44        | xor       | auto                   | 0       |
|   and_ln90_22_fu_6039_p2        |     |        | and_ln90_22        | and       | auto                   | 0       |
|   xor_ln90_45_fu_6044_p2        |     |        | xor_ln90_45        | xor       | auto                   | 0       |
|   select_ln90_44_fu_6048_p3     |     |        | select_ln90_44     | select    | auto_sel               | 0       |
|   select_ln90_45_fu_6056_p3     |     |        | select_ln90_45     | select    | auto_sel               | 0       |
|   add_ln90_46_fu_5386_p2        |     |        | add_ln90_46        | add       | fabric                 | 0       |
|   add_ln90_47_fu_5392_p2        |     |        | add_ln90_47        | add       | fabric                 | 0       |
|   xor_ln90_46_fu_6063_p2        |     |        | xor_ln90_46        | xor       | auto                   | 0       |
|   and_ln90_23_fu_6068_p2        |     |        | and_ln90_23        | and       | auto                   | 0       |
|   xor_ln90_47_fu_6073_p2        |     |        | xor_ln90_47        | xor       | auto                   | 0       |
|   select_ln90_46_fu_6077_p3     |     |        | select_ln90_46     | select    | auto_sel               | 0       |
|   select_ln90_47_fu_6085_p3     |     |        | select_ln90_47     | select    | auto_sel               | 0       |
|   add_ln90_48_fu_5422_p2        |     |        | add_ln90_48        | add       | fabric                 | 0       |
|   add_ln90_49_fu_5428_p2        |     |        | add_ln90_49        | add       | fabric                 | 0       |
|   xor_ln90_48_fu_6092_p2        |     |        | xor_ln90_48        | xor       | auto                   | 0       |
|   and_ln90_24_fu_6097_p2        |     |        | and_ln90_24        | and       | auto                   | 0       |
|   xor_ln90_49_fu_6102_p2        |     |        | xor_ln90_49        | xor       | auto                   | 0       |
|   select_ln90_48_fu_6106_p3     |     |        | select_ln90_48     | select    | auto_sel               | 0       |
|   select_ln90_49_fu_6114_p3     |     |        | select_ln90_49     | select    | auto_sel               | 0       |
|   add_ln90_50_fu_5458_p2        |     |        | add_ln90_50        | add       | fabric                 | 0       |
|   add_ln90_51_fu_5464_p2        |     |        | add_ln90_51        | add       | fabric                 | 0       |
|   xor_ln90_50_fu_6121_p2        |     |        | xor_ln90_50        | xor       | auto                   | 0       |
|   and_ln90_25_fu_6126_p2        |     |        | and_ln90_25        | and       | auto                   | 0       |
|   xor_ln90_51_fu_6131_p2        |     |        | xor_ln90_51        | xor       | auto                   | 0       |
|   select_ln90_50_fu_6135_p3     |     |        | select_ln90_50     | select    | auto_sel               | 0       |
|   select_ln90_51_fu_6143_p3     |     |        | select_ln90_51     | select    | auto_sel               | 0       |
|   add_ln90_52_fu_6570_p2        |     |        | add_ln90_52        | add       | fabric                 | 0       |
|   add_ln90_53_fu_6576_p2        |     |        | add_ln90_53        | add       | fabric                 | 0       |
|   xor_ln90_52_fu_6766_p2        |     |        | xor_ln90_52        | xor       | auto                   | 0       |
|   and_ln90_26_fu_6771_p2        |     |        | and_ln90_26        | and       | auto                   | 0       |
|   xor_ln90_53_fu_6776_p2        |     |        | xor_ln90_53        | xor       | auto                   | 0       |
|   select_ln90_52_fu_6780_p3     |     |        | select_ln90_52     | select    | auto_sel               | 0       |
|   select_ln90_53_fu_6788_p3     |     |        | select_ln90_53     | select    | auto_sel               | 0       |
|   add_ln90_54_fu_6158_p2        |     |        | add_ln90_54        | add       | fabric                 | 0       |
|   add_ln90_55_fu_6164_p2        |     |        | add_ln90_55        | add       | fabric                 | 0       |
|   xor_ln90_54_fu_6186_p2        |     |        | xor_ln90_54        | xor       | auto                   | 0       |
|   and_ln90_27_fu_6192_p2        |     |        | and_ln90_27        | and       | auto                   | 0       |
|   xor_ln90_55_fu_6198_p2        |     |        | xor_ln90_55        | xor       | auto                   | 0       |
|   select_ln90_54_fu_6204_p3     |     |        | select_ln90_54     | select    | auto_sel               | 0       |
|   select_ln90_55_fu_6212_p3     |     |        | select_ln90_55     | select    | auto_sel               | 0       |
|   add_ln90_56_fu_6228_p2        |     |        | add_ln90_56        | add       | fabric                 | 0       |
|   add_ln90_57_fu_6234_p2        |     |        | add_ln90_57        | add       | fabric                 | 0       |
|   xor_ln90_56_fu_6256_p2        |     |        | xor_ln90_56        | xor       | auto                   | 0       |
|   and_ln90_28_fu_6262_p2        |     |        | and_ln90_28        | and       | auto                   | 0       |
|   xor_ln90_57_fu_6268_p2        |     |        | xor_ln90_57        | xor       | auto                   | 0       |
|   select_ln90_56_fu_6274_p3     |     |        | select_ln90_56     | select    | auto_sel               | 0       |
|   select_ln90_57_fu_6282_p3     |     |        | select_ln90_57     | select    | auto_sel               | 0       |
|   add_ln90_58_fu_6298_p2        |     |        | add_ln90_58        | add       | fabric                 | 0       |
|   add_ln90_59_fu_6304_p2        |     |        | add_ln90_59        | add       | fabric                 | 0       |
|   xor_ln90_58_fu_6326_p2        |     |        | xor_ln90_58        | xor       | auto                   | 0       |
|   and_ln90_29_fu_6332_p2        |     |        | and_ln90_29        | and       | auto                   | 0       |
|   xor_ln90_59_fu_6338_p2        |     |        | xor_ln90_59        | xor       | auto                   | 0       |
|   select_ln90_58_fu_6344_p3     |     |        | select_ln90_58     | select    | auto_sel               | 0       |
|   select_ln90_59_fu_6352_p3     |     |        | select_ln90_59     | select    | auto_sel               | 0       |
|   add_ln90_60_fu_6368_p2        |     |        | add_ln90_60        | add       | fabric                 | 0       |
|   add_ln90_61_fu_6374_p2        |     |        | add_ln90_61        | add       | fabric                 | 0       |
|   xor_ln90_60_fu_6396_p2        |     |        | xor_ln90_60        | xor       | auto                   | 0       |
|   and_ln90_30_fu_6402_p2        |     |        | and_ln90_30        | and       | auto                   | 0       |
|   xor_ln90_61_fu_6408_p2        |     |        | xor_ln90_61        | xor       | auto                   | 0       |
|   select_ln90_60_fu_6414_p3     |     |        | select_ln90_60     | select    | auto_sel               | 0       |
|   select_ln90_61_fu_6422_p3     |     |        | select_ln90_61     | select    | auto_sel               | 0       |
|   add_ln90_62_fu_6604_p2        |     |        | add_ln90_62        | add       | fabric                 | 0       |
|   add_ln90_63_fu_6608_p2        |     |        | add_ln90_63        | add       | fabric                 | 0       |
|   xor_ln90_62_fu_6630_p2        |     |        | xor_ln90_62        | xor       | auto                   | 0       |
|   and_ln90_31_fu_6636_p2        |     |        | and_ln90_31        | and       | auto                   | 0       |
|   xor_ln90_63_fu_6642_p2        |     |        | xor_ln90_63        | xor       | auto                   | 0       |
|   select_ln90_62_fu_6648_p3     |     |        | select_ln90_62     | select    | auto_sel               | 0       |
|   select_ln90_63_fu_6656_p3     |     |        | select_ln90_63     | select    | auto_sel               | 0       |
|   add_ln90_64_fu_6670_p2        |     |        | add_ln90_64        | add       | fabric                 | 0       |
|   add_ln90_65_fu_6674_p2        |     |        | add_ln90_65        | add       | fabric                 | 0       |
|   xor_ln90_64_fu_6696_p2        |     |        | xor_ln90_64        | xor       | auto                   | 0       |
|   and_ln90_32_fu_6702_p2        |     |        | and_ln90_32        | and       | auto                   | 0       |
|   xor_ln90_65_fu_6708_p2        |     |        | xor_ln90_65        | xor       | auto                   | 0       |
|   select_ln90_64_fu_6714_p3     |     |        | select_ln90_64     | select    | auto_sel               | 0       |
|   select_ln90_65_fu_6722_p3     |     |        | select_ln90_65     | select    | auto_sel               | 0       |
|   add_ln90_66_fu_6738_p2        |     |        | add_ln90_66        | add       | fabric                 | 0       |
|   add_ln90_67_fu_6744_p2        |     |        | add_ln90_67        | add       | fabric                 | 0       |
|   xor_ln90_66_fu_6795_p2        |     |        | xor_ln90_66        | xor       | auto                   | 0       |
|   and_ln90_33_fu_6800_p2        |     |        | and_ln90_33        | and       | auto                   | 0       |
|   xor_ln90_67_fu_6805_p2        |     |        | xor_ln90_67        | xor       | auto                   | 0       |
|   select_ln90_66_fu_6809_p3     |     |        | select_ln90_66     | select    | auto_sel               | 0       |
|   select_ln90_67_fu_6817_p3     |     |        | select_ln90_67     | select    | auto_sel               | 0       |
|   add_ln90_68_fu_6832_p2        |     |        | add_ln90_68        | add       | fabric                 | 0       |
|   add_ln90_69_fu_6838_p2        |     |        | add_ln90_69        | add       | fabric                 | 0       |
|   xor_ln90_68_fu_6860_p2        |     |        | xor_ln90_68        | xor       | auto                   | 0       |
|   and_ln90_34_fu_6866_p2        |     |        | and_ln90_34        | and       | auto                   | 0       |
|   xor_ln90_69_fu_6872_p2        |     |        | xor_ln90_69        | xor       | auto                   | 0       |
|   select_ln90_68_fu_6878_p3     |     |        | select_ln90_68     | select    | auto_sel               | 0       |
|   select_ln90_69_fu_6886_p3     |     |        | select_ln90_69     | select    | auto_sel               | 0       |
|   sub_ln257_fu_6902_p2          |     |        | sub_ln257          | sub       | fabric                 | 0       |
|   xor_ln257_fu_6928_p2          |     |        | xor_ln257          | xor       | auto                   | 0       |
|   and_ln257_fu_6934_p2          |     |        | and_ln257          | and       | auto                   | 0       |
|   xor_ln257_1_fu_6940_p2        |     |        | xor_ln257_1        | xor       | auto                   | 0       |
|   select_ln257_fu_6946_p3       |     |        | select_ln257       | select    | auto_sel               | 0       |
|   delta_over_alpha_1_fu_6954_p3 |     |        | delta_over_alpha_1 | select    | auto_sel               | 0       |
|   icmp_ln159_fu_6966_p2         |     |        | icmp_ln159         | setlt     | auto                   | 0       |
|   x_36_fu_6972_p3               |     |        | x_36               | select    | auto_sel               | 0       |
|   icmp_ln177_fu_6983_p2         |     |        | icmp_ln177         | setgt     | auto                   | 0       |
|   mul_32ns_37ns_68_3_1_U1       | 4   |        | mul_ln182          | mul       | auto                   | 2       |
|   z_fu_7021_p2                  |     |        | z                  | add       | fabric                 | 0       |
|   select_ln183_fu_7046_p3       |     |        | select_ln183       | select    | auto_sel               | 0       |
|   add_ln183_fu_7066_p2          |     |        | add_ln183          | add       | fabric                 | 0       |
|   or_ln183_fu_7116_p2           |     |        | or_ln183           | or        | auto                   | 0       |
|   xor_ln183_fu_7121_p2          |     |        | xor_ln183          | xor       | auto                   | 0       |
|   and_ln183_fu_7127_p2          |     |        | and_ln183          | and       | auto                   | 0       |
|   and_ln183_1_fu_7133_p2        |     |        | and_ln183_1        | and       | auto                   | 0       |
|   xor_ln183_1_fu_7138_p2        |     |        | xor_ln183_1        | xor       | auto                   | 0       |
|   and_ln183_2_fu_7144_p2        |     |        | and_ln183_2        | and       | auto                   | 0       |
|   select_ln183_1_fu_7150_p3     |     |        | select_ln183_1     | select    | auto_sel               | 0       |
|   or_ln183_1_fu_7158_p2         |     |        | or_ln183_1         | or        | auto                   | 0       |
|   y_1_fu_7164_p3                |     |        | y_1                | select    | auto_sel               | 0       |
|   b0_1_fu_7339_p2               |     |        | b0_1               | add       | fabric                 | 0       |
|   xor_ln191_fu_7357_p2          |     |        | xor_ln191          | xor       | auto                   | 0       |
|   and_ln191_fu_7363_p2          |     |        | and_ln191          | and       | auto                   | 0       |
|   xor_ln191_1_fu_7368_p2        |     |        | xor_ln191_1        | xor       | auto                   | 0       |
|   or_ln191_22_fu_7373_p2        |     |        | or_ln191_22        | or        | auto                   | 0       |
|   xor_ln191_2_fu_7379_p2        |     |        | xor_ln191_2        | xor       | auto                   | 0       |
|   xor_ln191_4_fu_7384_p2        |     |        | xor_ln191_4        | xor       | auto                   | 0       |
|   xor_ln191_3_fu_7389_p2        |     |        | xor_ln191_3        | xor       | auto                   | 0       |
|   or_ln191_fu_7395_p2           |     |        | or_ln191           | or        | auto                   | 0       |
|   and_ln191_1_fu_7401_p2        |     |        | and_ln191_1        | and       | auto                   | 0       |
|   and_ln191_2_fu_7407_p2        |     |        | and_ln191_2        | and       | auto                   | 0       |
|   or_ln191_23_fu_7413_p2        |     |        | or_ln191_23        | or        | auto                   | 0       |
|   xor_ln191_5_fu_7419_p2        |     |        | xor_ln191_5        | xor       | auto                   | 0       |
|   and_ln191_3_fu_7425_p2        |     |        | and_ln191_3        | and       | auto                   | 0       |
|   select_ln191_fu_7430_p3       |     |        | select_ln191       | select    | auto_sel               | 0       |
|   or_ln191_1_fu_7438_p2         |     |        | or_ln191_1         | or        | auto                   | 0       |
|   b0_33_fu_7444_p3              |     |        | b0_33              | select    | auto_sel               | 0       |
|   mul_77s_40s_117_5_1_U3        | 9   |        | mul_ln191          | mul       | auto                   | 4       |
|   add_ln191_2_fu_7468_p2        |     |        | add_ln191_2        | add       | fabric                 | 0       |
|   b0_4_fu_7548_p2               |     |        | b0_4               | add       | fabric                 | 0       |
|   xor_ln191_6_fu_7561_p2        |     |        | xor_ln191_6        | xor       | auto                   | 0       |
|   and_ln191_4_fu_7567_p2        |     |        | and_ln191_4        | and       | auto                   | 0       |
|   icmp_ln191_fu_7510_p2         |     |        | icmp_ln191         | seteq     | auto                   | 0       |
|   icmp_ln191_1_fu_7526_p2       |     |        | icmp_ln191_1       | seteq     | auto                   | 0       |
|   icmp_ln191_2_fu_7532_p2       |     |        | icmp_ln191_2       | seteq     | auto                   | 0       |
|   select_ln191_2_fu_7580_p3     |     |        | select_ln191_2     | select    | auto_sel               | 0       |
|   xor_ln191_7_fu_7586_p2        |     |        | xor_ln191_7        | xor       | auto                   | 0       |
|   and_ln191_5_fu_7592_p2        |     |        | and_ln191_5        | and       | auto                   | 0       |
|   select_ln191_3_fu_7597_p3     |     |        | select_ln191_3     | select    | auto_sel               | 0       |
|   and_ln191_6_fu_7604_p2        |     |        | and_ln191_6        | and       | auto                   | 0       |
|   xor_ln191_8_fu_7609_p2        |     |        | xor_ln191_8        | xor       | auto                   | 0       |
|   or_ln191_2_fu_7615_p2         |     |        | or_ln191_2         | or        | auto                   | 0       |
|   xor_ln191_9_fu_7621_p2        |     |        | xor_ln191_9        | xor       | auto                   | 0       |
|   and_ln191_7_fu_7626_p2        |     |        | and_ln191_7        | and       | auto                   | 0       |
|   and_ln191_8_fu_7632_p2        |     |        | and_ln191_8        | and       | auto                   | 0       |
|   or_ln191_24_fu_7638_p2        |     |        | or_ln191_24        | or        | auto                   | 0       |
|   xor_ln191_10_fu_7644_p2       |     |        | xor_ln191_10       | xor       | auto                   | 0       |
|   and_ln191_9_fu_7650_p2        |     |        | and_ln191_9        | and       | auto                   | 0       |
|   select_ln191_4_fu_7655_p3     |     |        | select_ln191_4     | select    | auto_sel               | 0       |
|   or_ln191_3_fu_7663_p2         |     |        | or_ln191_3         | or        | auto                   | 0       |
|   b0_34_fu_7669_p3              |     |        | b0_34              | select    | auto_sel               | 0       |
|   mul_77s_40s_117_5_1_U3        | 9   |        | mul_ln191_1        | mul       | auto                   | 4       |
|   b0_7_fu_7742_p2               |     |        | b0_7               | add       | fabric                 | 0       |
|   xor_ln191_11_fu_7756_p2       |     |        | xor_ln191_11       | xor       | auto                   | 0       |
|   and_ln191_10_fu_7762_p2       |     |        | and_ln191_10       | and       | auto                   | 0       |
|   icmp_ln191_3_fu_7778_p2       |     |        | icmp_ln191_3       | seteq     | auto                   | 0       |
|   icmp_ln191_4_fu_7794_p2       |     |        | icmp_ln191_4       | seteq     | auto                   | 0       |
|   icmp_ln191_5_fu_7800_p2       |     |        | icmp_ln191_5       | seteq     | auto                   | 0       |
|   select_ln191_6_fu_7813_p3     |     |        | select_ln191_6     | select    | auto_sel               | 0       |
|   xor_ln191_12_fu_7818_p2       |     |        | xor_ln191_12       | xor       | auto                   | 0       |
|   and_ln191_11_fu_7824_p2       |     |        | and_ln191_11       | and       | auto                   | 0       |
|   select_ln191_7_fu_7829_p3     |     |        | select_ln191_7     | select    | auto_sel               | 0       |
|   and_ln191_12_fu_7835_p2       |     |        | and_ln191_12       | and       | auto                   | 0       |
|   xor_ln191_13_fu_7839_p2       |     |        | xor_ln191_13       | xor       | auto                   | 0       |
|   or_ln191_4_fu_7845_p2         |     |        | or_ln191_4         | or        | auto                   | 0       |
|   xor_ln191_14_fu_7850_p2       |     |        | xor_ln191_14       | xor       | auto                   | 0       |
|   and_ln191_13_fu_7855_p2       |     |        | and_ln191_13       | and       | auto                   | 0       |
|   and_ln191_14_fu_7861_p2       |     |        | and_ln191_14       | and       | auto                   | 0       |
|   or_ln191_25_fu_7866_p2        |     |        | or_ln191_25        | or        | auto                   | 0       |
|   xor_ln191_15_fu_7872_p2       |     |        | xor_ln191_15       | xor       | auto                   | 0       |
|   and_ln191_15_fu_7878_p2       |     |        | and_ln191_15       | and       | auto                   | 0       |
|   select_ln191_8_fu_7883_p3     |     |        | select_ln191_8     | select    | auto_sel               | 0       |
|   or_ln191_5_fu_7891_p2         |     |        | or_ln191_5         | or        | auto                   | 0       |
|   b0_35_fu_7897_p3              |     |        | b0_35              | select    | auto_sel               | 0       |
|   mul_77s_40s_117_5_1_U3        | 9   |        | mul_ln191_2        | mul       | auto                   | 4       |
|   b0_10_fu_7969_p2              |     |        | b0_10              | add       | fabric                 | 0       |
|   xor_ln191_16_fu_7983_p2       |     |        | xor_ln191_16       | xor       | auto                   | 0       |
|   and_ln191_16_fu_7989_p2       |     |        | and_ln191_16       | and       | auto                   | 0       |
|   icmp_ln191_6_fu_8005_p2       |     |        | icmp_ln191_6       | seteq     | auto                   | 0       |
|   icmp_ln191_7_fu_8021_p2       |     |        | icmp_ln191_7       | seteq     | auto                   | 0       |
|   icmp_ln191_8_fu_8027_p2       |     |        | icmp_ln191_8       | seteq     | auto                   | 0       |
|   select_ln191_10_fu_8040_p3    |     |        | select_ln191_10    | select    | auto_sel               | 0       |
|   xor_ln191_17_fu_8045_p2       |     |        | xor_ln191_17       | xor       | auto                   | 0       |
|   and_ln191_17_fu_8051_p2       |     |        | and_ln191_17       | and       | auto                   | 0       |
|   select_ln191_11_fu_8056_p3    |     |        | select_ln191_11    | select    | auto_sel               | 0       |
|   and_ln191_18_fu_8062_p2       |     |        | and_ln191_18       | and       | auto                   | 0       |
|   xor_ln191_18_fu_8066_p2       |     |        | xor_ln191_18       | xor       | auto                   | 0       |
|   or_ln191_6_fu_8072_p2         |     |        | or_ln191_6         | or        | auto                   | 0       |
|   xor_ln191_19_fu_8077_p2       |     |        | xor_ln191_19       | xor       | auto                   | 0       |
|   and_ln191_19_fu_8082_p2       |     |        | and_ln191_19       | and       | auto                   | 0       |
|   and_ln191_20_fu_8088_p2       |     |        | and_ln191_20       | and       | auto                   | 0       |
|   or_ln191_26_fu_8093_p2        |     |        | or_ln191_26        | or        | auto                   | 0       |
|   xor_ln191_20_fu_8099_p2       |     |        | xor_ln191_20       | xor       | auto                   | 0       |
|   and_ln191_21_fu_8105_p2       |     |        | and_ln191_21       | and       | auto                   | 0       |
|   select_ln191_12_fu_8110_p3    |     |        | select_ln191_12    | select    | auto_sel               | 0       |
|   or_ln191_7_fu_8118_p2         |     |        | or_ln191_7         | or        | auto                   | 0       |
|   b0_36_fu_8124_p3              |     |        | b0_36              | select    | auto_sel               | 0       |
|   mul_77s_40s_117_5_1_U3        | 9   |        | mul_ln191_3        | mul       | auto                   | 4       |
|   b0_13_fu_8196_p2              |     |        | b0_13              | add       | fabric                 | 0       |
|   xor_ln191_21_fu_8210_p2       |     |        | xor_ln191_21       | xor       | auto                   | 0       |
|   and_ln191_22_fu_8216_p2       |     |        | and_ln191_22       | and       | auto                   | 0       |
|   icmp_ln191_9_fu_8232_p2       |     |        | icmp_ln191_9       | seteq     | auto                   | 0       |
|   icmp_ln191_10_fu_8248_p2      |     |        | icmp_ln191_10      | seteq     | auto                   | 0       |
|   icmp_ln191_11_fu_8254_p2      |     |        | icmp_ln191_11      | seteq     | auto                   | 0       |
|   select_ln191_14_fu_8267_p3    |     |        | select_ln191_14    | select    | auto_sel               | 0       |
|   xor_ln191_22_fu_8272_p2       |     |        | xor_ln191_22       | xor       | auto                   | 0       |
|   and_ln191_23_fu_8278_p2       |     |        | and_ln191_23       | and       | auto                   | 0       |
|   select_ln191_15_fu_8283_p3    |     |        | select_ln191_15    | select    | auto_sel               | 0       |
|   and_ln191_24_fu_8289_p2       |     |        | and_ln191_24       | and       | auto                   | 0       |
|   xor_ln191_23_fu_8293_p2       |     |        | xor_ln191_23       | xor       | auto                   | 0       |
|   or_ln191_8_fu_8299_p2         |     |        | or_ln191_8         | or        | auto                   | 0       |
|   xor_ln191_24_fu_8304_p2       |     |        | xor_ln191_24       | xor       | auto                   | 0       |
|   and_ln191_25_fu_8309_p2       |     |        | and_ln191_25       | and       | auto                   | 0       |
|   and_ln191_26_fu_8315_p2       |     |        | and_ln191_26       | and       | auto                   | 0       |
|   or_ln191_27_fu_8320_p2        |     |        | or_ln191_27        | or        | auto                   | 0       |
|   xor_ln191_25_fu_8326_p2       |     |        | xor_ln191_25       | xor       | auto                   | 0       |
|   and_ln191_27_fu_8332_p2       |     |        | and_ln191_27       | and       | auto                   | 0       |
|   select_ln191_16_fu_8337_p3    |     |        | select_ln191_16    | select    | auto_sel               | 0       |
|   or_ln191_9_fu_8345_p2         |     |        | or_ln191_9         | or        | auto                   | 0       |
|   b0_37_fu_8351_p3              |     |        | b0_37              | select    | auto_sel               | 0       |
|   mul_77s_40s_117_5_1_U3        | 9   |        | mul_ln191_4        | mul       | auto                   | 4       |
|   b0_16_fu_8423_p2              |     |        | b0_16              | add       | fabric                 | 0       |
|   xor_ln191_26_fu_8437_p2       |     |        | xor_ln191_26       | xor       | auto                   | 0       |
|   and_ln191_28_fu_8443_p2       |     |        | and_ln191_28       | and       | auto                   | 0       |
|   icmp_ln191_12_fu_8459_p2      |     |        | icmp_ln191_12      | seteq     | auto                   | 0       |
|   icmp_ln191_13_fu_8475_p2      |     |        | icmp_ln191_13      | seteq     | auto                   | 0       |
|   icmp_ln191_14_fu_8481_p2      |     |        | icmp_ln191_14      | seteq     | auto                   | 0       |
|   select_ln191_18_fu_8494_p3    |     |        | select_ln191_18    | select    | auto_sel               | 0       |
|   xor_ln191_27_fu_8499_p2       |     |        | xor_ln191_27       | xor       | auto                   | 0       |
|   and_ln191_29_fu_8505_p2       |     |        | and_ln191_29       | and       | auto                   | 0       |
|   select_ln191_19_fu_8510_p3    |     |        | select_ln191_19    | select    | auto_sel               | 0       |
|   and_ln191_30_fu_8516_p2       |     |        | and_ln191_30       | and       | auto                   | 0       |
|   xor_ln191_28_fu_8520_p2       |     |        | xor_ln191_28       | xor       | auto                   | 0       |
|   or_ln191_10_fu_8526_p2        |     |        | or_ln191_10        | or        | auto                   | 0       |
|   xor_ln191_29_fu_8531_p2       |     |        | xor_ln191_29       | xor       | auto                   | 0       |
|   and_ln191_31_fu_8536_p2       |     |        | and_ln191_31       | and       | auto                   | 0       |
|   and_ln191_32_fu_8542_p2       |     |        | and_ln191_32       | and       | auto                   | 0       |
|   or_ln191_28_fu_8547_p2        |     |        | or_ln191_28        | or        | auto                   | 0       |
|   xor_ln191_30_fu_8553_p2       |     |        | xor_ln191_30       | xor       | auto                   | 0       |
|   and_ln191_33_fu_8559_p2       |     |        | and_ln191_33       | and       | auto                   | 0       |
|   select_ln191_20_fu_8564_p3    |     |        | select_ln191_20    | select    | auto_sel               | 0       |
|   or_ln191_11_fu_8572_p2        |     |        | or_ln191_11        | or        | auto                   | 0       |
|   b0_38_fu_8578_p3              |     |        | b0_38              | select    | auto_sel               | 0       |
|   mul_77s_40s_117_5_1_U3        | 9   |        | mul_ln191_5        | mul       | auto                   | 4       |
|   b0_19_fu_8650_p2              |     |        | b0_19              | add       | fabric                 | 0       |
|   xor_ln191_31_fu_8664_p2       |     |        | xor_ln191_31       | xor       | auto                   | 0       |
|   and_ln191_34_fu_8670_p2       |     |        | and_ln191_34       | and       | auto                   | 0       |
|   icmp_ln191_15_fu_8686_p2      |     |        | icmp_ln191_15      | seteq     | auto                   | 0       |
|   icmp_ln191_16_fu_8702_p2      |     |        | icmp_ln191_16      | seteq     | auto                   | 0       |
|   icmp_ln191_17_fu_8708_p2      |     |        | icmp_ln191_17      | seteq     | auto                   | 0       |
|   select_ln191_22_fu_8721_p3    |     |        | select_ln191_22    | select    | auto_sel               | 0       |
|   xor_ln191_32_fu_8726_p2       |     |        | xor_ln191_32       | xor       | auto                   | 0       |
|   and_ln191_35_fu_8732_p2       |     |        | and_ln191_35       | and       | auto                   | 0       |
|   select_ln191_23_fu_8737_p3    |     |        | select_ln191_23    | select    | auto_sel               | 0       |
|   and_ln191_36_fu_8743_p2       |     |        | and_ln191_36       | and       | auto                   | 0       |
|   xor_ln191_33_fu_8747_p2       |     |        | xor_ln191_33       | xor       | auto                   | 0       |
|   or_ln191_12_fu_8753_p2        |     |        | or_ln191_12        | or        | auto                   | 0       |
|   xor_ln191_34_fu_8758_p2       |     |        | xor_ln191_34       | xor       | auto                   | 0       |
|   and_ln191_37_fu_8763_p2       |     |        | and_ln191_37       | and       | auto                   | 0       |
|   and_ln191_38_fu_8769_p2       |     |        | and_ln191_38       | and       | auto                   | 0       |
|   or_ln191_29_fu_8774_p2        |     |        | or_ln191_29        | or        | auto                   | 0       |
|   xor_ln191_35_fu_8780_p2       |     |        | xor_ln191_35       | xor       | auto                   | 0       |
|   and_ln191_39_fu_8786_p2       |     |        | and_ln191_39       | and       | auto                   | 0       |
|   select_ln191_24_fu_8791_p3    |     |        | select_ln191_24    | select    | auto_sel               | 0       |
|   or_ln191_13_fu_8799_p2        |     |        | or_ln191_13        | or        | auto                   | 0       |
|   b0_39_fu_8805_p3              |     |        | b0_39              | select    | auto_sel               | 0       |
|   mul_77s_40s_117_5_1_U3        | 9   |        | mul_ln191_6        | mul       | auto                   | 4       |
|   b0_22_fu_8877_p2              |     |        | b0_22              | add       | fabric                 | 0       |
|   xor_ln191_36_fu_8891_p2       |     |        | xor_ln191_36       | xor       | auto                   | 0       |
|   and_ln191_40_fu_8897_p2       |     |        | and_ln191_40       | and       | auto                   | 0       |
|   icmp_ln191_18_fu_8913_p2      |     |        | icmp_ln191_18      | seteq     | auto                   | 0       |
|   icmp_ln191_19_fu_8929_p2      |     |        | icmp_ln191_19      | seteq     | auto                   | 0       |
|   icmp_ln191_20_fu_8935_p2      |     |        | icmp_ln191_20      | seteq     | auto                   | 0       |
|   select_ln191_26_fu_8948_p3    |     |        | select_ln191_26    | select    | auto_sel               | 0       |
|   xor_ln191_37_fu_8953_p2       |     |        | xor_ln191_37       | xor       | auto                   | 0       |
|   and_ln191_41_fu_8959_p2       |     |        | and_ln191_41       | and       | auto                   | 0       |
|   select_ln191_27_fu_8964_p3    |     |        | select_ln191_27    | select    | auto_sel               | 0       |
|   and_ln191_42_fu_8970_p2       |     |        | and_ln191_42       | and       | auto                   | 0       |
|   xor_ln191_38_fu_8974_p2       |     |        | xor_ln191_38       | xor       | auto                   | 0       |
|   or_ln191_14_fu_8980_p2        |     |        | or_ln191_14        | or        | auto                   | 0       |
|   xor_ln191_39_fu_8985_p2       |     |        | xor_ln191_39       | xor       | auto                   | 0       |
|   and_ln191_43_fu_8990_p2       |     |        | and_ln191_43       | and       | auto                   | 0       |
|   and_ln191_44_fu_8996_p2       |     |        | and_ln191_44       | and       | auto                   | 0       |
|   or_ln191_30_fu_9001_p2        |     |        | or_ln191_30        | or        | auto                   | 0       |
|   xor_ln191_40_fu_9007_p2       |     |        | xor_ln191_40       | xor       | auto                   | 0       |
|   and_ln191_45_fu_9013_p2       |     |        | and_ln191_45       | and       | auto                   | 0       |
|   select_ln191_28_fu_9018_p3    |     |        | select_ln191_28    | select    | auto_sel               | 0       |
|   or_ln191_15_fu_9026_p2        |     |        | or_ln191_15        | or        | auto                   | 0       |
|   b0_40_fu_9032_p3              |     |        | b0_40              | select    | auto_sel               | 0       |
|   mul_77s_40s_117_5_1_U3        | 9   |        | mul_ln191_7        | mul       | auto                   | 4       |
|   b0_25_fu_9104_p2              |     |        | b0_25              | add       | fabric                 | 0       |
|   xor_ln191_41_fu_9118_p2       |     |        | xor_ln191_41       | xor       | auto                   | 0       |
|   and_ln191_46_fu_9124_p2       |     |        | and_ln191_46       | and       | auto                   | 0       |
|   icmp_ln191_21_fu_9140_p2      |     |        | icmp_ln191_21      | seteq     | auto                   | 0       |
|   icmp_ln191_22_fu_9156_p2      |     |        | icmp_ln191_22      | seteq     | auto                   | 0       |
|   icmp_ln191_23_fu_9162_p2      |     |        | icmp_ln191_23      | seteq     | auto                   | 0       |
|   select_ln191_30_fu_9175_p3    |     |        | select_ln191_30    | select    | auto_sel               | 0       |
|   xor_ln191_42_fu_9180_p2       |     |        | xor_ln191_42       | xor       | auto                   | 0       |
|   and_ln191_47_fu_9186_p2       |     |        | and_ln191_47       | and       | auto                   | 0       |
|   select_ln191_31_fu_9191_p3    |     |        | select_ln191_31    | select    | auto_sel               | 0       |
|   and_ln191_48_fu_9197_p2       |     |        | and_ln191_48       | and       | auto                   | 0       |
|   xor_ln191_43_fu_9201_p2       |     |        | xor_ln191_43       | xor       | auto                   | 0       |
|   or_ln191_16_fu_9207_p2        |     |        | or_ln191_16        | or        | auto                   | 0       |
|   xor_ln191_44_fu_9212_p2       |     |        | xor_ln191_44       | xor       | auto                   | 0       |
|   and_ln191_49_fu_9217_p2       |     |        | and_ln191_49       | and       | auto                   | 0       |
|   and_ln191_50_fu_9223_p2       |     |        | and_ln191_50       | and       | auto                   | 0       |
|   or_ln191_31_fu_9228_p2        |     |        | or_ln191_31        | or        | auto                   | 0       |
|   xor_ln191_45_fu_9234_p2       |     |        | xor_ln191_45       | xor       | auto                   | 0       |
|   and_ln191_51_fu_9240_p2       |     |        | and_ln191_51       | and       | auto                   | 0       |
|   select_ln191_32_fu_9245_p3    |     |        | select_ln191_32    | select    | auto_sel               | 0       |
|   or_ln191_17_fu_9253_p2        |     |        | or_ln191_17        | or        | auto                   | 0       |
|   b0_41_fu_9259_p3              |     |        | b0_41              | select    | auto_sel               | 0       |
|   mul_77s_40s_117_5_1_U3        | 9   |        | mul_ln191_8        | mul       | auto                   | 4       |
|   b0_28_fu_9331_p2              |     |        | b0_28              | add       | fabric                 | 0       |
|   xor_ln191_46_fu_9345_p2       |     |        | xor_ln191_46       | xor       | auto                   | 0       |
|   and_ln191_52_fu_9351_p2       |     |        | and_ln191_52       | and       | auto                   | 0       |
|   icmp_ln191_24_fu_9367_p2      |     |        | icmp_ln191_24      | seteq     | auto                   | 0       |
|   icmp_ln191_25_fu_9383_p2      |     |        | icmp_ln191_25      | seteq     | auto                   | 0       |
|   icmp_ln191_26_fu_9389_p2      |     |        | icmp_ln191_26      | seteq     | auto                   | 0       |
|   select_ln191_34_fu_9402_p3    |     |        | select_ln191_34    | select    | auto_sel               | 0       |
|   xor_ln191_47_fu_9407_p2       |     |        | xor_ln191_47       | xor       | auto                   | 0       |
|   and_ln191_53_fu_9413_p2       |     |        | and_ln191_53       | and       | auto                   | 0       |
|   select_ln191_35_fu_9418_p3    |     |        | select_ln191_35    | select    | auto_sel               | 0       |
|   and_ln191_54_fu_9424_p2       |     |        | and_ln191_54       | and       | auto                   | 0       |
|   xor_ln191_48_fu_9428_p2       |     |        | xor_ln191_48       | xor       | auto                   | 0       |
|   or_ln191_18_fu_9434_p2        |     |        | or_ln191_18        | or        | auto                   | 0       |
|   xor_ln191_49_fu_9439_p2       |     |        | xor_ln191_49       | xor       | auto                   | 0       |
|   and_ln191_55_fu_9444_p2       |     |        | and_ln191_55       | and       | auto                   | 0       |
|   and_ln191_56_fu_9450_p2       |     |        | and_ln191_56       | and       | auto                   | 0       |
|   or_ln191_32_fu_9455_p2        |     |        | or_ln191_32        | or        | auto                   | 0       |
|   xor_ln191_50_fu_9461_p2       |     |        | xor_ln191_50       | xor       | auto                   | 0       |
|   and_ln191_57_fu_9467_p2       |     |        | and_ln191_57       | and       | auto                   | 0       |
|   select_ln191_36_fu_9472_p3    |     |        | select_ln191_36    | select    | auto_sel               | 0       |
|   or_ln191_19_fu_9480_p2        |     |        | or_ln191_19        | or        | auto                   | 0       |
|   b0_42_fu_9486_p3              |     |        | b0_42              | select    | auto_sel               | 0       |
|   mul_77s_40s_117_5_1_U3        | 9   |        | mul_ln191_9        | mul       | auto                   | 4       |
|   b0_31_fu_9558_p2              |     |        | b0_31              | add       | fabric                 | 0       |
|   xor_ln191_51_fu_9572_p2       |     |        | xor_ln191_51       | xor       | auto                   | 0       |
|   and_ln191_58_fu_9578_p2       |     |        | and_ln191_58       | and       | auto                   | 0       |
|   icmp_ln191_27_fu_9594_p2      |     |        | icmp_ln191_27      | seteq     | auto                   | 0       |
|   icmp_ln191_28_fu_9610_p2      |     |        | icmp_ln191_28      | seteq     | auto                   | 0       |
|   icmp_ln191_29_fu_9616_p2      |     |        | icmp_ln191_29      | seteq     | auto                   | 0       |
|   select_ln191_38_fu_9629_p3    |     |        | select_ln191_38    | select    | auto_sel               | 0       |
|   xor_ln191_52_fu_9634_p2       |     |        | xor_ln191_52       | xor       | auto                   | 0       |
|   and_ln191_59_fu_9640_p2       |     |        | and_ln191_59       | and       | auto                   | 0       |
|   select_ln191_39_fu_9645_p3    |     |        | select_ln191_39    | select    | auto_sel               | 0       |
|   and_ln191_60_fu_9651_p2       |     |        | and_ln191_60       | and       | auto                   | 0       |
|   xor_ln191_53_fu_9655_p2       |     |        | xor_ln191_53       | xor       | auto                   | 0       |
|   or_ln191_20_fu_9661_p2        |     |        | or_ln191_20        | or        | auto                   | 0       |
|   xor_ln191_54_fu_9666_p2       |     |        | xor_ln191_54       | xor       | auto                   | 0       |
|   and_ln191_61_fu_9671_p2       |     |        | and_ln191_61       | and       | auto                   | 0       |
|   and_ln191_62_fu_9677_p2       |     |        | and_ln191_62       | and       | auto                   | 0       |
|   or_ln191_33_fu_9682_p2        |     |        | or_ln191_33        | or        | auto                   | 0       |
|   xor_ln191_55_fu_9688_p2       |     |        | xor_ln191_55       | xor       | auto                   | 0       |
|   and_ln191_63_fu_9694_p2       |     |        | and_ln191_63       | and       | auto                   | 0       |
|   select_ln191_40_fu_9699_p3    |     |        | select_ln191_40    | select    | auto_sel               | 0       |
|   or_ln191_21_fu_9707_p2        |     |        | or_ln191_21        | or        | auto                   | 0       |
|   b0_43_fu_9713_p3              |     |        | b0_43              | select    | auto_sel               | 0       |
|   mul_40s_40s_80_3_1_U2         | 5   |        | mul_ln196          | mul       | auto                   | 2       |
|   p_1_fu_9788_p2                |     |        | p_1                | add       | fabric                 | 0       |
|   xor_ln196_fu_9802_p2          |     |        | xor_ln196          | xor       | auto                   | 0       |
|   and_ln196_fu_9808_p2          |     |        | and_ln196          | and       | auto                   | 0       |
|   icmp_ln196_fu_9824_p2         |     |        | icmp_ln196         | seteq     | auto                   | 0       |
|   icmp_ln196_1_fu_9840_p2       |     |        | icmp_ln196_1       | seteq     | auto                   | 0       |
|   icmp_ln196_2_fu_9846_p2       |     |        | icmp_ln196_2       | seteq     | auto                   | 0       |
|   select_ln196_fu_9859_p3       |     |        | select_ln196       | select    | auto_sel               | 0       |
|   xor_ln196_1_fu_9864_p2        |     |        | xor_ln196_1        | xor       | auto                   | 0       |
|   and_ln196_1_fu_9870_p2        |     |        | and_ln196_1        | and       | auto                   | 0       |
|   select_ln196_1_fu_9875_p3     |     |        | select_ln196_1     | select    | auto_sel               | 0       |
|   and_ln196_2_fu_9881_p2        |     |        | and_ln196_2        | and       | auto                   | 0       |
|   xor_ln196_2_fu_9885_p2        |     |        | xor_ln196_2        | xor       | auto                   | 0       |
|   or_ln196_fu_9891_p2           |     |        | or_ln196           | or        | auto                   | 0       |
|   xor_ln196_3_fu_9896_p2        |     |        | xor_ln196_3        | xor       | auto                   | 0       |
|   and_ln196_3_fu_9901_p2        |     |        | and_ln196_3        | and       | auto                   | 0       |
|   and_ln196_4_fu_9907_p2        |     |        | and_ln196_4        | and       | auto                   | 0       |
|   or_ln196_2_fu_9912_p2         |     |        | or_ln196_2         | or        | auto                   | 0       |
|   xor_ln196_4_fu_9918_p2        |     |        | xor_ln196_4        | xor       | auto                   | 0       |
|   and_ln196_5_fu_9924_p2        |     |        | and_ln196_5        | and       | auto                   | 0       |
|   select_ln196_2_fu_9929_p3     |     |        | select_ln196_2     | select    | auto_sel               | 0       |
|   or_ln196_1_fu_9937_p2         |     |        | or_ln196_1         | or        | auto                   | 0       |
|   p_2_fu_9943_p3                |     |        | p_2                | select    | auto_sel               | 0       |
|   icmp_ln198_fu_9950_p2         |     |        | icmp_ln198         | setlt     | auto                   | 0       |
|   icmp_ln202_fu_9966_p2         |     |        | icmp_ln202         | setgt     | auto                   | 0       |
|   p_4_fu_10010_p2               |     |        | p_4                | add       | fabric                 | 0       |
|   not_tmp_238_fu_10024_p2       |     |        | not_tmp_238        | xor       | auto                   | 0       |
|   empty_fu_10030_p2             |     |        | empty              | or        | auto                   | 0       |
|   or_ln206_fu_10036_p2          |     |        | or_ln206           | or        | auto                   | 0       |
|   xor_ln206_fu_10042_p2         |     |        | xor_ln206          | xor       | auto                   | 0       |
|   and_ln206_fu_10048_p2         |     |        | and_ln206          | and       | auto                   | 0       |
|   or_ln206_1_fu_10054_p2        |     |        | or_ln206_1         | or        | auto                   | 0       |
|   select_ln206_fu_10060_p3      |     |        | select_ln206       | select    | auto_sel               | 0       |
|   p_5_fu_10147_p6               |     |        | select_ln206_1     | select    | auto_sel               | 0       |
|   or_ln198_fu_10076_p2          |     |        | or_ln198           | or        | auto                   | 0       |
|   xor_ln198_fu_10081_p2         |     |        | xor_ln198          | xor       | auto                   | 0       |
|   and_ln202_fu_10087_p2         |     |        | and_ln202          | and       | auto                   | 0       |
|   or_ln202_fu_10093_p2          |     |        | or_ln202           | or        | auto                   | 0       |
|   xor_ln159_fu_10098_p2         |     |        | xor_ln159          | xor       | auto                   | 0       |
|   and_ln198_fu_10103_p2         |     |        | and_ln198          | and       | auto                   | 0       |
|   or_ln202_1_fu_10109_p2        |     |        | or_ln202_1         | or        | auto                   | 0       |
|   or_ln202_2_fu_10113_p2        |     |        | or_ln202_2         | or        | auto                   | 0       |
|   or_ln202_3_fu_10119_p2        |     |        | or_ln202_3         | or        | auto                   | 0       |
|   xor_ln202_fu_10125_p2         |     |        | xor_ln202          | xor       | auto                   | 0       |
|   and_ln206_1_fu_10131_p2       |     |        | and_ln206_1        | and       | auto                   | 0       |
|   sparsemux_9_3_32_1_1_U4       |     |        | p_5                | sparsemux | onehotencoding_realdef | 0       |
+---------------------------------+-----+--------+--------------------+-----------+------------------------+---------+


================================================================
== Storage Report
================================================================
  No bind storage info in design

================================================================
== Pragma Report
================================================================
* Valid Pragma Syntax
+-----------------+-------------------------------------+-----------------------------------------------------------+
| Type            | Options                             | Location                                                  |
+-----------------+-------------------------------------+-----------------------------------------------------------+
| INLINE          |                                     | in spin_value (src/uniform_move_hls.cpp:58)               |
| INLINE          |                                     | in edge_index (src/uniform_move_hls.cpp:65)               |
| INLINE          |                                     | in tree_sum (src/uniform_move_hls.cpp:77)                 |
| ARRAY_PARTITION | variable=x complete dim=1           | in tree_sum (src/uniform_move_hls.cpp:78)                 |
| ARRAY_PARTITION | variable=y complete dim=1           | in tree_sum (src/uniform_move_hls.cpp:85)                 |
| UNROLL          |                                     | in tree_sum (src/uniform_move_hls.cpp:88)                 |
| INLINE          |                                     | in field_delta_term (src/uniform_move_hls.cpp:103)        |
| INLINE          |                                     | in pair_delta_term (src/uniform_move_hls.cpp:112)         |
| INLINE          |                                     | in dense_energy_over_alpha (src/uniform_move_hls.cpp:126) |
| ARRAY_PARTITION | variable=h complete dim=1           | in dense_energy_over_alpha (src/uniform_move_hls.cpp:127) |
| ARRAY_PARTITION | variable=J_edges complete dim=1     | in dense_energy_over_alpha (src/uniform_move_hls.cpp:128) |
| ARRAY_PARTITION | variable=terms complete dim=1       | in dense_energy_over_alpha (src/uniform_move_hls.cpp:131) |
| UNROLL          |                                     | in dense_energy_over_alpha (src/uniform_move_hls.cpp:135) |
| UNROLL          |                                     | in dense_energy_over_alpha (src/uniform_move_hls.cpp:141) |
| UNROLL          |                                     | in dense_energy_over_alpha (src/uniform_move_hls.cpp:143) |
| INLINE          |                                     | in positive_part (src/uniform_move_hls.cpp:158)           |
| INLINE          |                                     | in chebyshev_g (src/uniform_move_hls.cpp:170)             |
| ARRAY_PARTITION | variable=CHEB_COEFFS complete dim=1 | in chebyshev_g (src/uniform_move_hls.cpp:171)             |
| UNROLL          |                                     | in chebyshev_g (src/uniform_move_hls.cpp:190)             |
| ARRAY_PARTITION | variable=h complete dim=1           | in uniform_move_operation (src/uniform_move_hls.cpp:246)  |
| ARRAY_PARTITION | variable=J_edges complete dim=1     | in uniform_move_operation (src/uniform_move_hls.cpp:247)  |
| INTERFACE       | ap_none port=new_spins              | in uniform_move_operation (src/uniform_move_hls.cpp:249)  |
| INTERFACE       | ap_none port=old_energy             | in uniform_move_operation (src/uniform_move_hls.cpp:250)  |
| INTERFACE       | ap_none port=new_energy             | in uniform_move_operation (src/uniform_move_hls.cpp:251)  |
| INTERFACE       | ap_none port=delta_x                | in uniform_move_operation (src/uniform_move_hls.cpp:252)  |
| INTERFACE       | ap_none port=accept_prob            | in uniform_move_operation (src/uniform_move_hls.cpp:253)  |
| INTERFACE       | ap_ctrl_none port=return            | in uniform_move_operation (src/uniform_move_hls.cpp:254)  |
+-----------------+-------------------------------------+-----------------------------------------------------------+


