

================================================================
== Vitis HLS Report for 'uniform_delta_energy'
================================================================
* Date:           Tue May 19 20:43:13 2026

* Version:        2025.2 (Build 6295257 on Nov 14 2025)
* Project:        hls_uniform_metropolis_step_N24
* Solution:       hls (Vivado IP Flow Target)
* Product family: virtexuplus
* Target device:  xcvu19p-fsva3824-2-e


================================================================
== Performance Estimates
================================================================
+ Timing: 
    * Summary: 
    +--------+---------+----------+------------+
    |  Clock |  Target | Estimated| Uncertainty|
    +--------+---------+----------+------------+
    |ap_clk  |  3.33 ns|  2.388 ns|     0.90 ns|
    +--------+---------+----------+------------+

+ Latency: 
    * Summary: 
    +---------+---------+----------+----------+-----+-----+---------+
    |  Latency (cycles) |  Latency (absolute) |  Interval | Pipeline|
    |   min   |   max   |    min   |    max   | min | max |   Type  |
    +---------+---------+----------+----------+-----+-----+---------+
    |      140|      140|  0.467 us|  0.467 us|  140|  140|       no|
    +---------+---------+----------+----------+-----+-----+---------+

    + Detail: 
        * Instance: 
        N/A

        * Loop: 
        N/A



================================================================
== Utilization Estimates
================================================================
* Summary: 
+---------------------+---------+------+---------+---------+-----+
|         Name        | BRAM_18K|  DSP |    FF   |   LUT   | URAM|
+---------------------+---------+------+---------+---------+-----+
|DSP                  |        -|     -|        -|        -|    -|
|Expression           |        -|     -|        0|    40645|    -|
|FIFO                 |        -|     -|        -|        -|    -|
|Instance             |        -|     -|        -|        -|    -|
|Memory               |        -|     -|        -|        -|    -|
|Multiplexer          |        -|     -|        0|      757|    -|
|Register             |        -|     -|     6181|        -|    -|
+---------------------+---------+------+---------+---------+-----+
|Total                |        0|     0|     6181|    41402|    0|
+---------------------+---------+------+---------+---------+-----+
|Available SLR        |     1080|   960|  2042880|  1021440|   80|
+---------------------+---------+------+---------+---------+-----+
|Utilization SLR (%)  |        0|     0|       ~0|        4|    0|
+---------------------+---------+------+---------+---------+-----+
|Available            |     4320|  3840|  8171520|  4085760|  320|
+---------------------+---------+------+---------+---------+-----+
|Utilization (%)      |        0|     0|       ~0|        1|    0|
+---------------------+---------+------+---------+---------+-----+

+ Detail: 
    * Instance: 
    N/A

    * DSP: 
    N/A

    * Memory: 
    N/A

    * FIFO: 
    N/A

    * Expression: 
    +--------------------------+----------+----+---+-----+------------+------------+
    |       Variable Name      | Operation| DSP| FF| LUT | Bitwidth P0| Bitwidth P1|
    +--------------------------+----------+----+---+-----+------------+------------+
    |add_ln183_10_fu_3038_p2   |         +|   0|  0|   40|          40|          40|
    |add_ln183_11_fu_2978_p2   |         +|   0|  0|   40|          40|          40|
    |add_ln183_12_fu_2984_p2   |         +|   0|  0|   40|          40|          40|
    |add_ln183_13_fu_2990_p2   |         +|   0|  0|   40|          40|          40|
    |add_ln183_14_fu_2996_p2   |         +|   0|  0|   40|          40|          40|
    |add_ln183_15_fu_3044_p2   |         +|   0|  0|   40|          40|          40|
    |add_ln183_16_fu_3002_p2   |         +|   0|  0|   47|          40|          40|
    |add_ln183_17_fu_3048_p2   |         +|   0|  0|   40|          40|          40|
    |add_ln183_18_fu_3008_p2   |         +|   0|  0|   40|          40|          40|
    |add_ln183_19_fu_3014_p2   |         +|   0|  0|   40|          40|          40|
    |add_ln183_1_fu_3020_p2    |         +|   0|  0|   40|          40|          40|
    |add_ln183_20_fu_3052_p2   |         +|   0|  0|   40|          40|          40|
    |add_ln183_21_fu_3057_p2   |         +|   0|  0|   40|          40|          40|
    |add_ln183_22_fu_3063_p2   |         +|   0|  0|   40|          40|          40|
    |add_ln183_2_fu_2948_p2    |         +|   0|  0|   40|          40|          40|
    |add_ln183_3_fu_2954_p2    |         +|   0|  0|   40|          40|          40|
    |add_ln183_4_fu_3024_p2    |         +|   0|  0|   40|          40|          40|
    |add_ln183_5_fu_2960_p2    |         +|   0|  0|   47|          40|          40|
    |add_ln183_6_fu_3029_p2    |         +|   0|  0|   40|          40|          40|
    |add_ln183_7_fu_2966_p2    |         +|   0|  0|   40|          40|          40|
    |add_ln183_8_fu_2972_p2    |         +|   0|  0|   40|          40|          40|
    |add_ln183_9_fu_3033_p2    |         +|   0|  0|   40|          40|          40|
    |add_ln183_fu_2942_p2      |         +|   0|  0|   47|          40|          40|
    |add_ln195_fu_3073_p2      |         +|   0|  0|   40|          40|          40|
    |e_100_fu_3843_p2          |         +|   0|  0|   47|          40|          40|
    |e_103_fu_3866_p2          |         +|   0|  0|   47|          40|          40|
    |e_106_fu_3889_p2          |         +|   0|  0|   47|          40|          40|
    |e_109_fu_3912_p2          |         +|   0|  0|   47|          40|          40|
    |e_10_fu_3153_p2           |         +|   0|  0|   47|          40|          40|
    |e_112_fu_3935_p2          |         +|   0|  0|   47|          40|          40|
    |e_115_fu_3958_p2          |         +|   0|  0|   47|          40|          40|
    |e_118_fu_3981_p2          |         +|   0|  0|   47|          40|          40|
    |e_121_fu_4004_p2          |         +|   0|  0|   47|          40|          40|
    |e_124_fu_4027_p2          |         +|   0|  0|   47|          40|          40|
    |e_127_fu_4050_p2          |         +|   0|  0|   47|          40|          40|
    |e_130_fu_4073_p2          |         +|   0|  0|   47|          40|          40|
    |e_133_fu_4096_p2          |         +|   0|  0|   47|          40|          40|
    |e_136_fu_4119_p2          |         +|   0|  0|   47|          40|          40|
    |e_139_fu_4142_p2          |         +|   0|  0|   47|          40|          40|
    |e_13_fu_3176_p2           |         +|   0|  0|   47|          40|          40|
    |e_142_fu_4165_p2          |         +|   0|  0|   47|          40|          40|
    |e_145_fu_4188_p2          |         +|   0|  0|   47|          40|          40|
    |e_148_fu_4211_p2          |         +|   0|  0|   47|          40|          40|
    |e_151_fu_4234_p2          |         +|   0|  0|   47|          40|          40|
    |e_154_fu_4257_p2          |         +|   0|  0|   47|          40|          40|
    |e_157_fu_4280_p2          |         +|   0|  0|   47|          40|          40|
    |e_160_fu_4303_p2          |         +|   0|  0|   47|          40|          40|
    |e_163_fu_4326_p2          |         +|   0|  0|   47|          40|          40|
    |e_166_fu_4349_p2          |         +|   0|  0|   47|          40|          40|
    |e_169_fu_4372_p2          |         +|   0|  0|   47|          40|          40|
    |e_16_fu_3199_p2           |         +|   0|  0|   47|          40|          40|
    |e_172_fu_4395_p2          |         +|   0|  0|   47|          40|          40|
    |e_175_fu_4418_p2          |         +|   0|  0|   47|          40|          40|
    |e_178_fu_4441_p2          |         +|   0|  0|   47|          40|          40|
    |e_181_fu_4464_p2          |         +|   0|  0|   47|          40|          40|
    |e_184_fu_4487_p2          |         +|   0|  0|   47|          40|          40|
    |e_187_fu_4510_p2          |         +|   0|  0|   47|          40|          40|
    |e_190_fu_4533_p2          |         +|   0|  0|   47|          40|          40|
    |e_193_fu_4556_p2          |         +|   0|  0|   47|          40|          40|
    |e_196_fu_4579_p2          |         +|   0|  0|   47|          40|          40|
    |e_199_fu_4602_p2          |         +|   0|  0|   47|          40|          40|
    |e_19_fu_3222_p2           |         +|   0|  0|   47|          40|          40|
    |e_202_fu_4625_p2          |         +|   0|  0|   47|          40|          40|
    |e_205_fu_4648_p2          |         +|   0|  0|   47|          40|          40|
    |e_208_fu_4671_p2          |         +|   0|  0|   47|          40|          40|
    |e_211_fu_4694_p2          |         +|   0|  0|   47|          40|          40|
    |e_214_fu_4717_p2          |         +|   0|  0|   47|          40|          40|
    |e_217_fu_4740_p2          |         +|   0|  0|   47|          40|          40|
    |e_220_fu_4763_p2          |         +|   0|  0|   47|          40|          40|
    |e_223_fu_4786_p2          |         +|   0|  0|   47|          40|          40|
    |e_226_fu_4809_p2          |         +|   0|  0|   47|          40|          40|
    |e_229_fu_4832_p2          |         +|   0|  0|   47|          40|          40|
    |e_22_fu_3245_p2           |         +|   0|  0|   47|          40|          40|
    |e_232_fu_4855_p2          |         +|   0|  0|   47|          40|          40|
    |e_235_fu_4878_p2          |         +|   0|  0|   47|          40|          40|
    |e_238_fu_4901_p2          |         +|   0|  0|   47|          40|          40|
    |e_241_fu_4924_p2          |         +|   0|  0|   47|          40|          40|
    |e_244_fu_4947_p2          |         +|   0|  0|   47|          40|          40|
    |e_247_fu_4970_p2          |         +|   0|  0|   47|          40|          40|
    |e_250_fu_4993_p2          |         +|   0|  0|   47|          40|          40|
    |e_253_fu_5016_p2          |         +|   0|  0|   47|          40|          40|
    |e_256_fu_5039_p2          |         +|   0|  0|   47|          40|          40|
    |e_259_fu_5062_p2          |         +|   0|  0|   47|          40|          40|
    |e_25_fu_3268_p2           |         +|   0|  0|   47|          40|          40|
    |e_262_fu_5085_p2          |         +|   0|  0|   47|          40|          40|
    |e_265_fu_5108_p2          |         +|   0|  0|   47|          40|          40|
    |e_268_fu_5131_p2          |         +|   0|  0|   47|          40|          40|
    |e_271_fu_5154_p2          |         +|   0|  0|   47|          40|          40|
    |e_274_fu_5177_p2          |         +|   0|  0|   47|          40|          40|
    |e_277_fu_5200_p2          |         +|   0|  0|   47|          40|          40|
    |e_280_fu_5223_p2          |         +|   0|  0|   47|          40|          40|
    |e_283_fu_5246_p2          |         +|   0|  0|   47|          40|          40|
    |e_286_fu_5269_p2          |         +|   0|  0|   47|          40|          40|
    |e_289_fu_5292_p2          |         +|   0|  0|   47|          40|          40|
    |e_28_fu_3291_p2           |         +|   0|  0|   47|          40|          40|
    |e_292_fu_5315_p2          |         +|   0|  0|   47|          40|          40|
    |e_295_fu_5338_p2          |         +|   0|  0|   47|          40|          40|
    |e_298_fu_5361_p2          |         +|   0|  0|   47|          40|          40|
    |e_301_fu_5384_p2          |         +|   0|  0|   47|          40|          40|
    |e_304_fu_5407_p2          |         +|   0|  0|   47|          40|          40|
    |e_307_fu_5430_p2          |         +|   0|  0|   47|          40|          40|
    |e_310_fu_5453_p2          |         +|   0|  0|   47|          40|          40|
    |e_313_fu_5476_p2          |         +|   0|  0|   47|          40|          40|
    |e_316_fu_5499_p2          |         +|   0|  0|   47|          40|          40|
    |e_319_fu_5522_p2          |         +|   0|  0|   47|          40|          40|
    |e_31_fu_3314_p2           |         +|   0|  0|   47|          40|          40|
    |e_322_fu_5545_p2          |         +|   0|  0|   47|          40|          40|
    |e_325_fu_5568_p2          |         +|   0|  0|   47|          40|          40|
    |e_328_fu_5591_p2          |         +|   0|  0|   47|          40|          40|
    |e_331_fu_5614_p2          |         +|   0|  0|   47|          40|          40|
    |e_334_fu_5637_p2          |         +|   0|  0|   47|          40|          40|
    |e_337_fu_5660_p2          |         +|   0|  0|   47|          40|          40|
    |e_340_fu_5683_p2          |         +|   0|  0|   47|          40|          40|
    |e_343_fu_5706_p2          |         +|   0|  0|   47|          40|          40|
    |e_346_fu_5729_p2          |         +|   0|  0|   47|          40|          40|
    |e_349_fu_5752_p2          |         +|   0|  0|   47|          40|          40|
    |e_34_fu_3337_p2           |         +|   0|  0|   47|          40|          40|
    |e_352_fu_5775_p2          |         +|   0|  0|   47|          40|          40|
    |e_355_fu_5798_p2          |         +|   0|  0|   47|          40|          40|
    |e_358_fu_5821_p2          |         +|   0|  0|   47|          40|          40|
    |e_361_fu_5844_p2          |         +|   0|  0|   47|          40|          40|
    |e_364_fu_5867_p2          |         +|   0|  0|   47|          40|          40|
    |e_367_fu_5890_p2          |         +|   0|  0|   47|          40|          40|
    |e_370_fu_5913_p2          |         +|   0|  0|   47|          40|          40|
    |e_373_fu_5936_p2          |         +|   0|  0|   47|          40|          40|
    |e_376_fu_5959_p2          |         +|   0|  0|   47|          40|          40|
    |e_379_fu_5982_p2          |         +|   0|  0|   47|          40|          40|
    |e_37_fu_3360_p2           |         +|   0|  0|   47|          40|          40|
    |e_382_fu_6005_p2          |         +|   0|  0|   47|          40|          40|
    |e_385_fu_6028_p2          |         +|   0|  0|   47|          40|          40|
    |e_388_fu_6051_p2          |         +|   0|  0|   47|          40|          40|
    |e_391_fu_6074_p2          |         +|   0|  0|   47|          40|          40|
    |e_394_fu_6097_p2          |         +|   0|  0|   47|          40|          40|
    |e_397_fu_6120_p2          |         +|   0|  0|   47|          40|          40|
    |e_400_fu_6143_p2          |         +|   0|  0|   47|          40|          40|
    |e_403_fu_6166_p2          |         +|   0|  0|   47|          40|          40|
    |e_406_fu_6189_p2          |         +|   0|  0|   47|          40|          40|
    |e_409_fu_6212_p2          |         +|   0|  0|   47|          40|          40|
    |e_40_fu_3383_p2           |         +|   0|  0|   47|          40|          40|
    |e_412_fu_6235_p2          |         +|   0|  0|   47|          40|          40|
    |e_415_fu_6258_p2          |         +|   0|  0|   47|          40|          40|
    |e_418_fu_6281_p2          |         +|   0|  0|   47|          40|          40|
    |e_421_fu_6304_p2          |         +|   0|  0|   47|          40|          40|
    |e_424_fu_6327_p2          |         +|   0|  0|   47|          40|          40|
    |e_427_fu_6350_p2          |         +|   0|  0|   47|          40|          40|
    |e_430_fu_6373_p2          |         +|   0|  0|   47|          40|          40|
    |e_433_fu_6396_p2          |         +|   0|  0|   47|          40|          40|
    |e_436_fu_6419_p2          |         +|   0|  0|   47|          40|          40|
    |e_439_fu_6442_p2          |         +|   0|  0|   47|          40|          40|
    |e_43_fu_3406_p2           |         +|   0|  0|   47|          40|          40|
    |e_442_fu_6465_p2          |         +|   0|  0|   47|          40|          40|
    |e_445_fu_6488_p2          |         +|   0|  0|   47|          40|          40|
    |e_448_fu_6511_p2          |         +|   0|  0|   47|          40|          40|
    |e_451_fu_6534_p2          |         +|   0|  0|   47|          40|          40|
    |e_454_fu_6557_p2          |         +|   0|  0|   47|          40|          40|
    |e_457_fu_6580_p2          |         +|   0|  0|   47|          40|          40|
    |e_460_fu_6603_p2          |         +|   0|  0|   47|          40|          40|
    |e_463_fu_6626_p2          |         +|   0|  0|   47|          40|          40|
    |e_466_fu_6649_p2          |         +|   0|  0|   47|          40|          40|
    |e_469_fu_6672_p2          |         +|   0|  0|   47|          40|          40|
    |e_46_fu_3429_p2           |         +|   0|  0|   47|          40|          40|
    |e_472_fu_6695_p2          |         +|   0|  0|   47|          40|          40|
    |e_475_fu_6718_p2          |         +|   0|  0|   47|          40|          40|
    |e_478_fu_6741_p2          |         +|   0|  0|   47|          40|          40|
    |e_481_fu_6764_p2          |         +|   0|  0|   47|          40|          40|
    |e_484_fu_6787_p2          |         +|   0|  0|   47|          40|          40|
    |e_487_fu_6810_p2          |         +|   0|  0|   47|          40|          40|
    |e_490_fu_6833_p2          |         +|   0|  0|   47|          40|          40|
    |e_493_fu_6856_p2          |         +|   0|  0|   47|          40|          40|
    |e_496_fu_6879_p2          |         +|   0|  0|   47|          40|          40|
    |e_499_fu_6902_p2          |         +|   0|  0|   47|          40|          40|
    |e_49_fu_3452_p2           |         +|   0|  0|   47|          40|          40|
    |e_4_fu_3107_p2            |         +|   0|  0|   47|          40|          40|
    |e_502_fu_6925_p2          |         +|   0|  0|   47|          40|          40|
    |e_505_fu_6948_p2          |         +|   0|  0|   47|          40|          40|
    |e_508_fu_6971_p2          |         +|   0|  0|   47|          40|          40|
    |e_511_fu_6994_p2          |         +|   0|  0|   47|          40|          40|
    |e_514_fu_7017_p2          |         +|   0|  0|   47|          40|          40|
    |e_517_fu_7040_p2          |         +|   0|  0|   47|          40|          40|
    |e_520_fu_7063_p2          |         +|   0|  0|   47|          40|          40|
    |e_523_fu_7086_p2          |         +|   0|  0|   47|          40|          40|
    |e_526_fu_7109_p2          |         +|   0|  0|   47|          40|          40|
    |e_529_fu_7132_p2          |         +|   0|  0|   47|          40|          40|
    |e_52_fu_3475_p2           |         +|   0|  0|   47|          40|          40|
    |e_532_fu_7155_p2          |         +|   0|  0|   47|          40|          40|
    |e_535_fu_7178_p2          |         +|   0|  0|   47|          40|          40|
    |e_538_fu_7201_p2          |         +|   0|  0|   47|          40|          40|
    |e_541_fu_7224_p2          |         +|   0|  0|   47|          40|          40|
    |e_544_fu_7247_p2          |         +|   0|  0|   47|          40|          40|
    |e_547_fu_7270_p2          |         +|   0|  0|   47|          40|          40|
    |e_550_fu_7293_p2          |         +|   0|  0|   47|          40|          40|
    |e_553_fu_7316_p2          |         +|   0|  0|   47|          40|          40|
    |e_556_fu_7339_p2          |         +|   0|  0|   47|          40|          40|
    |e_559_fu_7362_p2          |         +|   0|  0|   47|          40|          40|
    |e_55_fu_3498_p2           |         +|   0|  0|   47|          40|          40|
    |e_562_fu_7385_p2          |         +|   0|  0|   47|          40|          40|
    |e_565_fu_7408_p2          |         +|   0|  0|   47|          40|          40|
    |e_568_fu_7431_p2          |         +|   0|  0|   47|          40|          40|
    |e_571_fu_7454_p2          |         +|   0|  0|   47|          40|          40|
    |e_574_fu_7477_p2          |         +|   0|  0|   47|          40|          40|
    |e_577_fu_7500_p2          |         +|   0|  0|   47|          40|          40|
    |e_580_fu_7523_p2          |         +|   0|  0|   47|          40|          40|
    |e_583_fu_7546_p2          |         +|   0|  0|   47|          40|          40|
    |e_586_fu_7569_p2          |         +|   0|  0|   47|          40|          40|
    |e_589_fu_7592_p2          |         +|   0|  0|   47|          40|          40|
    |e_58_fu_3521_p2           |         +|   0|  0|   47|          40|          40|
    |e_592_fu_7615_p2          |         +|   0|  0|   47|          40|          40|
    |e_595_fu_7638_p2          |         +|   0|  0|   47|          40|          40|
    |e_598_fu_7661_p2          |         +|   0|  0|   47|          40|          40|
    |e_601_fu_7684_p2          |         +|   0|  0|   47|          40|          40|
    |e_604_fu_7707_p2          |         +|   0|  0|   47|          40|          40|
    |e_607_fu_7730_p2          |         +|   0|  0|   47|          40|          40|
    |e_610_fu_7753_p2          |         +|   0|  0|   47|          40|          40|
    |e_613_fu_7776_p2          |         +|   0|  0|   47|          40|          40|
    |e_616_fu_7799_p2          |         +|   0|  0|   47|          40|          40|
    |e_619_fu_7822_p2          |         +|   0|  0|   47|          40|          40|
    |e_61_fu_3544_p2           |         +|   0|  0|   47|          40|          40|
    |e_622_fu_7845_p2          |         +|   0|  0|   47|          40|          40|
    |e_625_fu_7868_p2          |         +|   0|  0|   47|          40|          40|
    |e_628_fu_7891_p2          |         +|   0|  0|   47|          40|          40|
    |e_631_fu_7914_p2          |         +|   0|  0|   47|          40|          40|
    |e_634_fu_7937_p2          |         +|   0|  0|   47|          40|          40|
    |e_637_fu_7960_p2          |         +|   0|  0|   47|          40|          40|
    |e_640_fu_7983_p2          |         +|   0|  0|   47|          40|          40|
    |e_643_fu_8006_p2          |         +|   0|  0|   47|          40|          40|
    |e_646_fu_8029_p2          |         +|   0|  0|   47|          40|          40|
    |e_649_fu_8052_p2          |         +|   0|  0|   47|          40|          40|
    |e_64_fu_3567_p2           |         +|   0|  0|   47|          40|          40|
    |e_652_fu_8075_p2          |         +|   0|  0|   47|          40|          40|
    |e_655_fu_8098_p2          |         +|   0|  0|   47|          40|          40|
    |e_658_fu_8121_p2          |         +|   0|  0|   47|          40|          40|
    |e_661_fu_8144_p2          |         +|   0|  0|   47|          40|          40|
    |e_664_fu_8167_p2          |         +|   0|  0|   47|          40|          40|
    |e_667_fu_8190_p2          |         +|   0|  0|   47|          40|          40|
    |e_670_fu_8213_p2          |         +|   0|  0|   47|          40|          40|
    |e_673_fu_8236_p2          |         +|   0|  0|   47|          40|          40|
    |e_676_fu_8259_p2          |         +|   0|  0|   47|          40|          40|
    |e_679_fu_8282_p2          |         +|   0|  0|   47|          40|          40|
    |e_67_fu_3590_p2           |         +|   0|  0|   47|          40|          40|
    |e_682_fu_8305_p2          |         +|   0|  0|   47|          40|          40|
    |e_685_fu_8328_p2          |         +|   0|  0|   47|          40|          40|
    |e_688_fu_8351_p2          |         +|   0|  0|   47|          40|          40|
    |e_691_fu_8374_p2          |         +|   0|  0|   47|          40|          40|
    |e_694_fu_8397_p2          |         +|   0|  0|   47|          40|          40|
    |e_697_fu_8420_p2          |         +|   0|  0|   47|          40|          40|
    |e_700_fu_8443_p2          |         +|   0|  0|   47|          40|          40|
    |e_703_fu_8466_p2          |         +|   0|  0|   47|          40|          40|
    |e_706_fu_8489_p2          |         +|   0|  0|   47|          40|          40|
    |e_709_fu_8512_p2          |         +|   0|  0|   47|          40|          40|
    |e_70_fu_3613_p2           |         +|   0|  0|   47|          40|          40|
    |e_712_fu_8535_p2          |         +|   0|  0|   47|          40|          40|
    |e_715_fu_8558_p2          |         +|   0|  0|   47|          40|          40|
    |e_718_fu_8581_p2          |         +|   0|  0|   47|          40|          40|
    |e_721_fu_8604_p2          |         +|   0|  0|   47|          40|          40|
    |e_724_fu_8627_p2          |         +|   0|  0|   47|          40|          40|
    |e_727_fu_8650_p2          |         +|   0|  0|   47|          40|          40|
    |e_730_fu_8673_p2          |         +|   0|  0|   47|          40|          40|
    |e_733_fu_8696_p2          |         +|   0|  0|   47|          40|          40|
    |e_736_fu_8719_p2          |         +|   0|  0|   47|          40|          40|
    |e_739_fu_8742_p2          |         +|   0|  0|   47|          40|          40|
    |e_73_fu_3636_p2           |         +|   0|  0|   47|          40|          40|
    |e_742_fu_8765_p2          |         +|   0|  0|   47|          40|          40|
    |e_745_fu_8788_p2          |         +|   0|  0|   47|          40|          40|
    |e_748_fu_8811_p2          |         +|   0|  0|   47|          40|          40|
    |e_751_fu_8834_p2          |         +|   0|  0|   47|          40|          40|
    |e_754_fu_8857_p2          |         +|   0|  0|   47|          40|          40|
    |e_757_fu_8880_p2          |         +|   0|  0|   47|          40|          40|
    |e_760_fu_8903_p2          |         +|   0|  0|   47|          40|          40|
    |e_763_fu_8926_p2          |         +|   0|  0|   47|          40|          40|
    |e_766_fu_8949_p2          |         +|   0|  0|   47|          40|          40|
    |e_769_fu_8972_p2          |         +|   0|  0|   47|          40|          40|
    |e_76_fu_3659_p2           |         +|   0|  0|   47|          40|          40|
    |e_772_fu_8995_p2          |         +|   0|  0|   47|          40|          40|
    |e_775_fu_9018_p2          |         +|   0|  0|   47|          40|          40|
    |e_778_fu_9041_p2          |         +|   0|  0|   47|          40|          40|
    |e_781_fu_9064_p2          |         +|   0|  0|   47|          40|          40|
    |e_784_fu_9087_p2          |         +|   0|  0|   47|          40|          40|
    |e_787_fu_9110_p2          |         +|   0|  0|   47|          40|          40|
    |e_790_fu_9133_p2          |         +|   0|  0|   47|          40|          40|
    |e_793_fu_9156_p2          |         +|   0|  0|   47|          40|          40|
    |e_796_fu_9179_p2          |         +|   0|  0|   47|          40|          40|
    |e_799_fu_9202_p2          |         +|   0|  0|   47|          40|          40|
    |e_79_fu_3682_p2           |         +|   0|  0|   47|          40|          40|
    |e_7_fu_3130_p2            |         +|   0|  0|   47|          40|          40|
    |e_802_fu_9225_p2          |         +|   0|  0|   47|          40|          40|
    |e_805_fu_9248_p2          |         +|   0|  0|   47|          40|          40|
    |e_808_fu_9271_p2          |         +|   0|  0|   47|          40|          40|
    |e_811_fu_9294_p2          |         +|   0|  0|   47|          40|          40|
    |e_814_fu_9316_p2          |         +|   0|  0|   47|          40|          40|
    |e_817_fu_9339_p2          |         +|   0|  0|   47|          40|          40|
    |e_820_fu_9362_p2          |         +|   0|  0|   47|          40|          40|
    |e_823_fu_9385_p2          |         +|   0|  0|   47|          40|          40|
    |e_826_fu_9408_p2          |         +|   0|  0|   47|          40|          40|
    |e_82_fu_3705_p2           |         +|   0|  0|   47|          40|          40|
    |e_85_fu_3728_p2           |         +|   0|  0|   47|          40|          40|
    |e_88_fu_3751_p2           |         +|   0|  0|   47|          40|          40|
    |e_91_fu_3774_p2           |         +|   0|  0|   47|          40|          40|
    |e_94_fu_3797_p2           |         +|   0|  0|   47|          40|          40|
    |e_97_fu_3820_p2           |         +|   0|  0|   47|          40|          40|
    |e_102_fu_3861_p2          |         -|   0|  0|   47|          40|          40|
    |e_105_fu_3883_p2          |         -|   0|  0|   47|          40|          40|
    |e_108_fu_3907_p2          |         -|   0|  0|   47|          40|          40|
    |e_111_fu_3929_p2          |         -|   0|  0|   47|          40|          40|
    |e_114_fu_3953_p2          |         -|   0|  0|   47|          40|          40|
    |e_117_fu_3975_p2          |         -|   0|  0|   47|          40|          40|
    |e_120_fu_3999_p2          |         -|   0|  0|   47|          40|          40|
    |e_123_fu_4021_p2          |         -|   0|  0|   47|          40|          40|
    |e_126_fu_4045_p2          |         -|   0|  0|   47|          40|          40|
    |e_129_fu_4067_p2          |         -|   0|  0|   47|          40|          40|
    |e_12_fu_3171_p2           |         -|   0|  0|   47|          40|          40|
    |e_132_fu_4091_p2          |         -|   0|  0|   47|          40|          40|
    |e_135_fu_4113_p2          |         -|   0|  0|   47|          40|          40|
    |e_138_fu_4137_p2          |         -|   0|  0|   47|          40|          40|
    |e_141_fu_4159_p2          |         -|   0|  0|   47|          40|          40|
    |e_144_fu_4183_p2          |         -|   0|  0|   47|          40|          40|
    |e_147_fu_4205_p2          |         -|   0|  0|   47|          40|          40|
    |e_150_fu_4229_p2          |         -|   0|  0|   47|          40|          40|
    |e_153_fu_4251_p2          |         -|   0|  0|   47|          40|          40|
    |e_156_fu_4275_p2          |         -|   0|  0|   47|          40|          40|
    |e_159_fu_4297_p2          |         -|   0|  0|   47|          40|          40|
    |e_15_fu_3193_p2           |         -|   0|  0|   47|          40|          40|
    |e_162_fu_4321_p2          |         -|   0|  0|   47|          40|          40|
    |e_165_fu_4343_p2          |         -|   0|  0|   47|          40|          40|
    |e_168_fu_4367_p2          |         -|   0|  0|   47|          40|          40|
    |e_171_fu_4389_p2          |         -|   0|  0|   47|          40|          40|
    |e_174_fu_4413_p2          |         -|   0|  0|   47|          40|          40|
    |e_177_fu_4435_p2          |         -|   0|  0|   47|          40|          40|
    |e_180_fu_4459_p2          |         -|   0|  0|   47|          40|          40|
    |e_183_fu_4481_p2          |         -|   0|  0|   47|          40|          40|
    |e_186_fu_4505_p2          |         -|   0|  0|   47|          40|          40|
    |e_189_fu_4527_p2          |         -|   0|  0|   47|          40|          40|
    |e_18_fu_3217_p2           |         -|   0|  0|   47|          40|          40|
    |e_192_fu_4551_p2          |         -|   0|  0|   47|          40|          40|
    |e_195_fu_4573_p2          |         -|   0|  0|   47|          40|          40|
    |e_198_fu_4597_p2          |         -|   0|  0|   47|          40|          40|
    |e_1_fu_3084_p2            |         -|   0|  0|   47|          40|          40|
    |e_201_fu_4619_p2          |         -|   0|  0|   47|          40|          40|
    |e_204_fu_4643_p2          |         -|   0|  0|   47|          40|          40|
    |e_207_fu_4665_p2          |         -|   0|  0|   47|          40|          40|
    |e_210_fu_4689_p2          |         -|   0|  0|   47|          40|          40|
    |e_213_fu_4711_p2          |         -|   0|  0|   47|          40|          40|
    |e_216_fu_4735_p2          |         -|   0|  0|   47|          40|          40|
    |e_219_fu_4757_p2          |         -|   0|  0|   47|          40|          40|
    |e_21_fu_3239_p2           |         -|   0|  0|   47|          40|          40|
    |e_222_fu_4781_p2          |         -|   0|  0|   47|          40|          40|
    |e_225_fu_4803_p2          |         -|   0|  0|   47|          40|          40|
    |e_228_fu_4827_p2          |         -|   0|  0|   47|          40|          40|
    |e_231_fu_4849_p2          |         -|   0|  0|   47|          40|          40|
    |e_234_fu_4873_p2          |         -|   0|  0|   47|          40|          40|
    |e_237_fu_4895_p2          |         -|   0|  0|   47|          40|          40|
    |e_240_fu_4919_p2          |         -|   0|  0|   47|          40|          40|
    |e_243_fu_4941_p2          |         -|   0|  0|   47|          40|          40|
    |e_246_fu_4965_p2          |         -|   0|  0|   47|          40|          40|
    |e_249_fu_4987_p2          |         -|   0|  0|   47|          40|          40|
    |e_24_fu_3263_p2           |         -|   0|  0|   47|          40|          40|
    |e_252_fu_5011_p2          |         -|   0|  0|   47|          40|          40|
    |e_255_fu_5033_p2          |         -|   0|  0|   47|          40|          40|
    |e_258_fu_5057_p2          |         -|   0|  0|   47|          40|          40|
    |e_261_fu_5079_p2          |         -|   0|  0|   47|          40|          40|
    |e_264_fu_5103_p2          |         -|   0|  0|   47|          40|          40|
    |e_267_fu_5125_p2          |         -|   0|  0|   47|          40|          40|
    |e_270_fu_5149_p2          |         -|   0|  0|   47|          40|          40|
    |e_273_fu_5171_p2          |         -|   0|  0|   47|          40|          40|
    |e_276_fu_5195_p2          |         -|   0|  0|   47|          40|          40|
    |e_279_fu_5217_p2          |         -|   0|  0|   47|          40|          40|
    |e_27_fu_3285_p2           |         -|   0|  0|   47|          40|          40|
    |e_282_fu_5241_p2          |         -|   0|  0|   47|          40|          40|
    |e_285_fu_5263_p2          |         -|   0|  0|   47|          40|          40|
    |e_288_fu_5287_p2          |         -|   0|  0|   47|          40|          40|
    |e_291_fu_5309_p2          |         -|   0|  0|   47|          40|          40|
    |e_294_fu_5333_p2          |         -|   0|  0|   47|          40|          40|
    |e_297_fu_5355_p2          |         -|   0|  0|   47|          40|          40|
    |e_300_fu_5379_p2          |         -|   0|  0|   47|          40|          40|
    |e_303_fu_5401_p2          |         -|   0|  0|   47|          40|          40|
    |e_306_fu_5425_p2          |         -|   0|  0|   47|          40|          40|
    |e_309_fu_5447_p2          |         -|   0|  0|   47|          40|          40|
    |e_30_fu_3309_p2           |         -|   0|  0|   47|          40|          40|
    |e_312_fu_5471_p2          |         -|   0|  0|   47|          40|          40|
    |e_315_fu_5493_p2          |         -|   0|  0|   47|          40|          40|
    |e_318_fu_5517_p2          |         -|   0|  0|   47|          40|          40|
    |e_321_fu_5539_p2          |         -|   0|  0|   47|          40|          40|
    |e_324_fu_5563_p2          |         -|   0|  0|   47|          40|          40|
    |e_327_fu_5585_p2          |         -|   0|  0|   47|          40|          40|
    |e_330_fu_5609_p2          |         -|   0|  0|   47|          40|          40|
    |e_333_fu_5631_p2          |         -|   0|  0|   47|          40|          40|
    |e_336_fu_5655_p2          |         -|   0|  0|   47|          40|          40|
    |e_339_fu_5677_p2          |         -|   0|  0|   47|          40|          40|
    |e_33_fu_3331_p2           |         -|   0|  0|   47|          40|          40|
    |e_342_fu_5701_p2          |         -|   0|  0|   47|          40|          40|
    |e_345_fu_5723_p2          |         -|   0|  0|   47|          40|          40|
    |e_348_fu_5747_p2          |         -|   0|  0|   47|          40|          40|
    |e_351_fu_5769_p2          |         -|   0|  0|   47|          40|          40|
    |e_354_fu_5793_p2          |         -|   0|  0|   47|          40|          40|
    |e_357_fu_5815_p2          |         -|   0|  0|   47|          40|          40|
    |e_360_fu_5839_p2          |         -|   0|  0|   47|          40|          40|
    |e_363_fu_5861_p2          |         -|   0|  0|   47|          40|          40|
    |e_366_fu_5885_p2          |         -|   0|  0|   47|          40|          40|
    |e_369_fu_5907_p2          |         -|   0|  0|   47|          40|          40|
    |e_36_fu_3355_p2           |         -|   0|  0|   47|          40|          40|
    |e_372_fu_5931_p2          |         -|   0|  0|   47|          40|          40|
    |e_375_fu_5953_p2          |         -|   0|  0|   47|          40|          40|
    |e_378_fu_5977_p2          |         -|   0|  0|   47|          40|          40|
    |e_381_fu_5999_p2          |         -|   0|  0|   47|          40|          40|
    |e_384_fu_6023_p2          |         -|   0|  0|   47|          40|          40|
    |e_387_fu_6045_p2          |         -|   0|  0|   47|          40|          40|
    |e_390_fu_6069_p2          |         -|   0|  0|   47|          40|          40|
    |e_393_fu_6091_p2          |         -|   0|  0|   47|          40|          40|
    |e_396_fu_6115_p2          |         -|   0|  0|   47|          40|          40|
    |e_399_fu_6137_p2          |         -|   0|  0|   47|          40|          40|
    |e_39_fu_3377_p2           |         -|   0|  0|   47|          40|          40|
    |e_3_fu_3101_p2            |         -|   0|  0|   47|          40|          40|
    |e_402_fu_6161_p2          |         -|   0|  0|   47|          40|          40|
    |e_405_fu_6183_p2          |         -|   0|  0|   47|          40|          40|
    |e_408_fu_6207_p2          |         -|   0|  0|   47|          40|          40|
    |e_411_fu_6229_p2          |         -|   0|  0|   47|          40|          40|
    |e_414_fu_6253_p2          |         -|   0|  0|   47|          40|          40|
    |e_417_fu_6275_p2          |         -|   0|  0|   47|          40|          40|
    |e_420_fu_6299_p2          |         -|   0|  0|   47|          40|          40|
    |e_423_fu_6321_p2          |         -|   0|  0|   47|          40|          40|
    |e_426_fu_6345_p2          |         -|   0|  0|   47|          40|          40|
    |e_429_fu_6367_p2          |         -|   0|  0|   47|          40|          40|
    |e_42_fu_3401_p2           |         -|   0|  0|   47|          40|          40|
    |e_432_fu_6391_p2          |         -|   0|  0|   47|          40|          40|
    |e_435_fu_6413_p2          |         -|   0|  0|   47|          40|          40|
    |e_438_fu_6437_p2          |         -|   0|  0|   47|          40|          40|
    |e_441_fu_6459_p2          |         -|   0|  0|   47|          40|          40|
    |e_444_fu_6483_p2          |         -|   0|  0|   47|          40|          40|
    |e_447_fu_6505_p2          |         -|   0|  0|   47|          40|          40|
    |e_450_fu_6529_p2          |         -|   0|  0|   47|          40|          40|
    |e_453_fu_6551_p2          |         -|   0|  0|   47|          40|          40|
    |e_456_fu_6575_p2          |         -|   0|  0|   47|          40|          40|
    |e_459_fu_6597_p2          |         -|   0|  0|   47|          40|          40|
    |e_45_fu_3423_p2           |         -|   0|  0|   47|          40|          40|
    |e_462_fu_6621_p2          |         -|   0|  0|   47|          40|          40|
    |e_465_fu_6643_p2          |         -|   0|  0|   47|          40|          40|
    |e_468_fu_6667_p2          |         -|   0|  0|   47|          40|          40|
    |e_471_fu_6689_p2          |         -|   0|  0|   47|          40|          40|
    |e_474_fu_6713_p2          |         -|   0|  0|   47|          40|          40|
    |e_477_fu_6735_p2          |         -|   0|  0|   47|          40|          40|
    |e_480_fu_6759_p2          |         -|   0|  0|   47|          40|          40|
    |e_483_fu_6781_p2          |         -|   0|  0|   47|          40|          40|
    |e_486_fu_6805_p2          |         -|   0|  0|   47|          40|          40|
    |e_489_fu_6827_p2          |         -|   0|  0|   47|          40|          40|
    |e_48_fu_3447_p2           |         -|   0|  0|   47|          40|          40|
    |e_492_fu_6851_p2          |         -|   0|  0|   47|          40|          40|
    |e_495_fu_6873_p2          |         -|   0|  0|   47|          40|          40|
    |e_498_fu_6897_p2          |         -|   0|  0|   47|          40|          40|
    |e_501_fu_6919_p2          |         -|   0|  0|   47|          40|          40|
    |e_504_fu_6943_p2          |         -|   0|  0|   47|          40|          40|
    |e_507_fu_6965_p2          |         -|   0|  0|   47|          40|          40|
    |e_510_fu_6989_p2          |         -|   0|  0|   47|          40|          40|
    |e_513_fu_7011_p2          |         -|   0|  0|   47|          40|          40|
    |e_516_fu_7035_p2          |         -|   0|  0|   47|          40|          40|
    |e_519_fu_7057_p2          |         -|   0|  0|   47|          40|          40|
    |e_51_fu_3469_p2           |         -|   0|  0|   47|          40|          40|
    |e_522_fu_7081_p2          |         -|   0|  0|   47|          40|          40|
    |e_525_fu_7103_p2          |         -|   0|  0|   47|          40|          40|
    |e_528_fu_7127_p2          |         -|   0|  0|   47|          40|          40|
    |e_531_fu_7149_p2          |         -|   0|  0|   47|          40|          40|
    |e_534_fu_7173_p2          |         -|   0|  0|   47|          40|          40|
    |e_537_fu_7195_p2          |         -|   0|  0|   47|          40|          40|
    |e_540_fu_7219_p2          |         -|   0|  0|   47|          40|          40|
    |e_543_fu_7241_p2          |         -|   0|  0|   47|          40|          40|
    |e_546_fu_7265_p2          |         -|   0|  0|   47|          40|          40|
    |e_549_fu_7287_p2          |         -|   0|  0|   47|          40|          40|
    |e_54_fu_3493_p2           |         -|   0|  0|   47|          40|          40|
    |e_552_fu_7311_p2          |         -|   0|  0|   47|          40|          40|
    |e_555_fu_7333_p2          |         -|   0|  0|   47|          40|          40|
    |e_558_fu_7357_p2          |         -|   0|  0|   47|          40|          40|
    |e_561_fu_7379_p2          |         -|   0|  0|   47|          40|          40|
    |e_564_fu_7403_p2          |         -|   0|  0|   47|          40|          40|
    |e_567_fu_7425_p2          |         -|   0|  0|   47|          40|          40|
    |e_570_fu_7449_p2          |         -|   0|  0|   47|          40|          40|
    |e_573_fu_7471_p2          |         -|   0|  0|   47|          40|          40|
    |e_576_fu_7495_p2          |         -|   0|  0|   47|          40|          40|
    |e_579_fu_7517_p2          |         -|   0|  0|   47|          40|          40|
    |e_57_fu_3515_p2           |         -|   0|  0|   47|          40|          40|
    |e_582_fu_7541_p2          |         -|   0|  0|   47|          40|          40|
    |e_585_fu_7563_p2          |         -|   0|  0|   47|          40|          40|
    |e_588_fu_7587_p2          |         -|   0|  0|   47|          40|          40|
    |e_591_fu_7609_p2          |         -|   0|  0|   47|          40|          40|
    |e_594_fu_7633_p2          |         -|   0|  0|   47|          40|          40|
    |e_597_fu_7655_p2          |         -|   0|  0|   47|          40|          40|
    |e_600_fu_7679_p2          |         -|   0|  0|   47|          40|          40|
    |e_603_fu_7701_p2          |         -|   0|  0|   47|          40|          40|
    |e_606_fu_7725_p2          |         -|   0|  0|   47|          40|          40|
    |e_609_fu_7747_p2          |         -|   0|  0|   47|          40|          40|
    |e_60_fu_3539_p2           |         -|   0|  0|   47|          40|          40|
    |e_612_fu_7771_p2          |         -|   0|  0|   47|          40|          40|
    |e_615_fu_7793_p2          |         -|   0|  0|   47|          40|          40|
    |e_618_fu_7817_p2          |         -|   0|  0|   47|          40|          40|
    |e_621_fu_7839_p2          |         -|   0|  0|   47|          40|          40|
    |e_624_fu_7863_p2          |         -|   0|  0|   47|          40|          40|
    |e_627_fu_7885_p2          |         -|   0|  0|   47|          40|          40|
    |e_630_fu_7909_p2          |         -|   0|  0|   47|          40|          40|
    |e_633_fu_7931_p2          |         -|   0|  0|   47|          40|          40|
    |e_636_fu_7955_p2          |         -|   0|  0|   47|          40|          40|
    |e_639_fu_7977_p2          |         -|   0|  0|   47|          40|          40|
    |e_63_fu_3561_p2           |         -|   0|  0|   47|          40|          40|
    |e_642_fu_8001_p2          |         -|   0|  0|   47|          40|          40|
    |e_645_fu_8023_p2          |         -|   0|  0|   47|          40|          40|
    |e_648_fu_8047_p2          |         -|   0|  0|   47|          40|          40|
    |e_651_fu_8069_p2          |         -|   0|  0|   47|          40|          40|
    |e_654_fu_8093_p2          |         -|   0|  0|   47|          40|          40|
    |e_657_fu_8115_p2          |         -|   0|  0|   47|          40|          40|
    |e_660_fu_8139_p2          |         -|   0|  0|   47|          40|          40|
    |e_663_fu_8161_p2          |         -|   0|  0|   47|          40|          40|
    |e_666_fu_8185_p2          |         -|   0|  0|   47|          40|          40|
    |e_669_fu_8207_p2          |         -|   0|  0|   47|          40|          40|
    |e_66_fu_3585_p2           |         -|   0|  0|   47|          40|          40|
    |e_672_fu_8231_p2          |         -|   0|  0|   47|          40|          40|
    |e_675_fu_8253_p2          |         -|   0|  0|   47|          40|          40|
    |e_678_fu_8277_p2          |         -|   0|  0|   47|          40|          40|
    |e_681_fu_8299_p2          |         -|   0|  0|   47|          40|          40|
    |e_684_fu_8323_p2          |         -|   0|  0|   47|          40|          40|
    |e_687_fu_8345_p2          |         -|   0|  0|   47|          40|          40|
    |e_690_fu_8369_p2          |         -|   0|  0|   47|          40|          40|
    |e_693_fu_8391_p2          |         -|   0|  0|   47|          40|          40|
    |e_696_fu_8415_p2          |         -|   0|  0|   47|          40|          40|
    |e_699_fu_8437_p2          |         -|   0|  0|   47|          40|          40|
    |e_69_fu_3607_p2           |         -|   0|  0|   47|          40|          40|
    |e_6_fu_3125_p2            |         -|   0|  0|   47|          40|          40|
    |e_702_fu_8461_p2          |         -|   0|  0|   47|          40|          40|
    |e_705_fu_8483_p2          |         -|   0|  0|   47|          40|          40|
    |e_708_fu_8507_p2          |         -|   0|  0|   47|          40|          40|
    |e_711_fu_8529_p2          |         -|   0|  0|   47|          40|          40|
    |e_714_fu_8553_p2          |         -|   0|  0|   47|          40|          40|
    |e_717_fu_8575_p2          |         -|   0|  0|   47|          40|          40|
    |e_720_fu_8599_p2          |         -|   0|  0|   47|          40|          40|
    |e_723_fu_8621_p2          |         -|   0|  0|   47|          40|          40|
    |e_726_fu_8645_p2          |         -|   0|  0|   47|          40|          40|
    |e_729_fu_8667_p2          |         -|   0|  0|   47|          40|          40|
    |e_72_fu_3631_p2           |         -|   0|  0|   47|          40|          40|
    |e_732_fu_8691_p2          |         -|   0|  0|   47|          40|          40|
    |e_735_fu_8713_p2          |         -|   0|  0|   47|          40|          40|
    |e_738_fu_8737_p2          |         -|   0|  0|   47|          40|          40|
    |e_741_fu_8759_p2          |         -|   0|  0|   47|          40|          40|
    |e_744_fu_8783_p2          |         -|   0|  0|   47|          40|          40|
    |e_747_fu_8805_p2          |         -|   0|  0|   47|          40|          40|
    |e_750_fu_8829_p2          |         -|   0|  0|   47|          40|          40|
    |e_753_fu_8851_p2          |         -|   0|  0|   47|          40|          40|
    |e_756_fu_8875_p2          |         -|   0|  0|   47|          40|          40|
    |e_759_fu_8897_p2          |         -|   0|  0|   47|          40|          40|
    |e_75_fu_3653_p2           |         -|   0|  0|   47|          40|          40|
    |e_762_fu_8921_p2          |         -|   0|  0|   47|          40|          40|
    |e_765_fu_8943_p2          |         -|   0|  0|   47|          40|          40|
    |e_768_fu_8967_p2          |         -|   0|  0|   47|          40|          40|
    |e_771_fu_8989_p2          |         -|   0|  0|   47|          40|          40|
    |e_774_fu_9013_p2          |         -|   0|  0|   47|          40|          40|
    |e_777_fu_9035_p2          |         -|   0|  0|   47|          40|          40|
    |e_780_fu_9059_p2          |         -|   0|  0|   47|          40|          40|
    |e_783_fu_9081_p2          |         -|   0|  0|   47|          40|          40|
    |e_786_fu_9105_p2          |         -|   0|  0|   47|          40|          40|
    |e_789_fu_9127_p2          |         -|   0|  0|   47|          40|          40|
    |e_78_fu_3677_p2           |         -|   0|  0|   47|          40|          40|
    |e_792_fu_9151_p2          |         -|   0|  0|   47|          40|          40|
    |e_795_fu_9173_p2          |         -|   0|  0|   47|          40|          40|
    |e_798_fu_9197_p2          |         -|   0|  0|   47|          40|          40|
    |e_801_fu_9219_p2          |         -|   0|  0|   47|          40|          40|
    |e_804_fu_9243_p2          |         -|   0|  0|   47|          40|          40|
    |e_807_fu_9265_p2          |         -|   0|  0|   47|          40|          40|
    |e_810_fu_9289_p2          |         -|   0|  0|   47|          40|          40|
    |e_813_fu_9311_p2          |         -|   0|  0|   47|          40|          40|
    |e_816_fu_9333_p2          |         -|   0|  0|   47|          40|          40|
    |e_819_fu_9357_p2          |         -|   0|  0|   47|          40|          40|
    |e_81_fu_3699_p2           |         -|   0|  0|   47|          40|          40|
    |e_822_fu_9379_p2          |         -|   0|  0|   47|          40|          40|
    |e_825_fu_9403_p2          |         -|   0|  0|   47|          40|          40|
    |e_84_fu_3723_p2           |         -|   0|  0|   47|          40|          40|
    |e_87_fu_3745_p2           |         -|   0|  0|   47|          40|          40|
    |e_90_fu_3769_p2           |         -|   0|  0|   47|          40|          40|
    |e_93_fu_3791_p2           |         -|   0|  0|   47|          40|          40|
    |e_96_fu_3815_p2           |         -|   0|  0|   47|          40|          40|
    |e_99_fu_3837_p2           |         -|   0|  0|   47|          40|          40|
    |e_9_fu_3147_p2            |         -|   0|  0|   47|          40|          40|
    |e_fu_3078_p2              |         -|   0|  0|   40|           1|          40|
    |out_fu_9421_p2            |         -|   0|  0|   47|          40|          40|
    |sub_ln42_10_fu_2746_p2    |         -|   0|  0|   47|           1|          40|
    |sub_ln42_11_fu_2760_p2    |         -|   0|  0|   47|           1|          40|
    |sub_ln42_12_fu_2774_p2    |         -|   0|  0|   47|           1|          40|
    |sub_ln42_13_fu_2788_p2    |         -|   0|  0|   47|           1|          40|
    |sub_ln42_14_fu_2802_p2    |         -|   0|  0|   47|           1|          40|
    |sub_ln42_15_fu_2816_p2    |         -|   0|  0|   47|           1|          40|
    |sub_ln42_16_fu_2830_p2    |         -|   0|  0|   47|           1|          40|
    |sub_ln42_17_fu_2844_p2    |         -|   0|  0|   47|           1|          40|
    |sub_ln42_18_fu_2858_p2    |         -|   0|  0|   47|           1|          40|
    |sub_ln42_19_fu_2872_p2    |         -|   0|  0|   47|           1|          40|
    |sub_ln42_1_fu_2620_p2     |         -|   0|  0|   47|           1|          40|
    |sub_ln42_20_fu_2886_p2    |         -|   0|  0|   47|           1|          40|
    |sub_ln42_21_fu_2900_p2    |         -|   0|  0|   47|           1|          40|
    |sub_ln42_22_fu_2914_p2    |         -|   0|  0|   47|           1|          40|
    |sub_ln42_23_fu_2928_p2    |         -|   0|  0|   47|           1|          40|
    |sub_ln42_2_fu_2634_p2     |         -|   0|  0|   47|           1|          40|
    |sub_ln42_3_fu_2648_p2     |         -|   0|  0|   47|           1|          40|
    |sub_ln42_4_fu_2662_p2     |         -|   0|  0|   47|           1|          40|
    |sub_ln42_5_fu_2676_p2     |         -|   0|  0|   47|           1|          40|
    |sub_ln42_6_fu_2690_p2     |         -|   0|  0|   47|           1|          40|
    |sub_ln42_7_fu_2704_p2     |         -|   0|  0|   47|           1|          40|
    |sub_ln42_8_fu_2718_p2     |         -|   0|  0|   47|           1|          40|
    |sub_ln42_9_fu_2732_p2     |         -|   0|  0|   47|           1|          40|
    |sub_ln42_fu_2606_p2       |         -|   0|  0|   47|           1|          40|
    |e_101_fu_3849_p3          |    select|   0|  0|   40|           1|          40|
    |e_104_fu_3871_p3          |    select|   0|  0|   40|           1|          40|
    |e_107_fu_3895_p3          |    select|   0|  0|   40|           1|          40|
    |e_110_fu_3917_p3          |    select|   0|  0|   40|           1|          40|
    |e_113_fu_3941_p3          |    select|   0|  0|   40|           1|          40|
    |e_116_fu_3963_p3          |    select|   0|  0|   40|           1|          40|
    |e_119_fu_3987_p3          |    select|   0|  0|   40|           1|          40|
    |e_11_fu_3159_p3           |    select|   0|  0|   40|           1|          40|
    |e_122_fu_4009_p3          |    select|   0|  0|   40|           1|          40|
    |e_125_fu_4033_p3          |    select|   0|  0|   40|           1|          40|
    |e_128_fu_4055_p3          |    select|   0|  0|   40|           1|          40|
    |e_131_fu_4079_p3          |    select|   0|  0|   40|           1|          40|
    |e_134_fu_4101_p3          |    select|   0|  0|   40|           1|          40|
    |e_137_fu_4125_p3          |    select|   0|  0|   40|           1|          40|
    |e_140_fu_4147_p3          |    select|   0|  0|   40|           1|          40|
    |e_143_fu_4171_p3          |    select|   0|  0|   40|           1|          40|
    |e_146_fu_4193_p3          |    select|   0|  0|   40|           1|          40|
    |e_149_fu_4217_p3          |    select|   0|  0|   40|           1|          40|
    |e_14_fu_3181_p3           |    select|   0|  0|   40|           1|          40|
    |e_152_fu_4239_p3          |    select|   0|  0|   40|           1|          40|
    |e_155_fu_4263_p3          |    select|   0|  0|   40|           1|          40|
    |e_158_fu_4285_p3          |    select|   0|  0|   40|           1|          40|
    |e_161_fu_4309_p3          |    select|   0|  0|   40|           1|          40|
    |e_164_fu_4331_p3          |    select|   0|  0|   40|           1|          40|
    |e_167_fu_4355_p3          |    select|   0|  0|   40|           1|          40|
    |e_170_fu_4377_p3          |    select|   0|  0|   40|           1|          40|
    |e_173_fu_4401_p3          |    select|   0|  0|   40|           1|          40|
    |e_176_fu_4423_p3          |    select|   0|  0|   40|           1|          40|
    |e_179_fu_4447_p3          |    select|   0|  0|   40|           1|          40|
    |e_17_fu_3205_p3           |    select|   0|  0|   40|           1|          40|
    |e_182_fu_4469_p3          |    select|   0|  0|   40|           1|          40|
    |e_185_fu_4493_p3          |    select|   0|  0|   40|           1|          40|
    |e_188_fu_4515_p3          |    select|   0|  0|   40|           1|          40|
    |e_191_fu_4539_p3          |    select|   0|  0|   40|           1|          40|
    |e_194_fu_4561_p3          |    select|   0|  0|   40|           1|          40|
    |e_197_fu_4585_p3          |    select|   0|  0|   40|           1|          40|
    |e_200_fu_4607_p3          |    select|   0|  0|   40|           1|          40|
    |e_203_fu_4631_p3          |    select|   0|  0|   40|           1|          40|
    |e_206_fu_4653_p3          |    select|   0|  0|   40|           1|          40|
    |e_209_fu_4677_p3          |    select|   0|  0|   40|           1|          40|
    |e_20_fu_3227_p3           |    select|   0|  0|   40|           1|          40|
    |e_212_fu_4699_p3          |    select|   0|  0|   40|           1|          40|
    |e_215_fu_4723_p3          |    select|   0|  0|   40|           1|          40|
    |e_218_fu_4745_p3          |    select|   0|  0|   40|           1|          40|
    |e_221_fu_4769_p3          |    select|   0|  0|   40|           1|          40|
    |e_224_fu_4791_p3          |    select|   0|  0|   40|           1|          40|
    |e_227_fu_4815_p3          |    select|   0|  0|   40|           1|          40|
    |e_230_fu_4837_p3          |    select|   0|  0|   40|           1|          40|
    |e_233_fu_4861_p3          |    select|   0|  0|   40|           1|          40|
    |e_236_fu_4883_p3          |    select|   0|  0|   40|           1|          40|
    |e_239_fu_4907_p3          |    select|   0|  0|   40|           1|          40|
    |e_23_fu_3251_p3           |    select|   0|  0|   40|           1|          40|
    |e_242_fu_4929_p3          |    select|   0|  0|   40|           1|          40|
    |e_245_fu_4953_p3          |    select|   0|  0|   40|           1|          40|
    |e_248_fu_4975_p3          |    select|   0|  0|   40|           1|          40|
    |e_251_fu_4999_p3          |    select|   0|  0|   40|           1|          40|
    |e_254_fu_5021_p3          |    select|   0|  0|   40|           1|          40|
    |e_257_fu_5045_p3          |    select|   0|  0|   40|           1|          40|
    |e_260_fu_5067_p3          |    select|   0|  0|   40|           1|          40|
    |e_263_fu_5091_p3          |    select|   0|  0|   40|           1|          40|
    |e_266_fu_5113_p3          |    select|   0|  0|   40|           1|          40|
    |e_269_fu_5137_p3          |    select|   0|  0|   40|           1|          40|
    |e_26_fu_3273_p3           |    select|   0|  0|   40|           1|          40|
    |e_272_fu_5159_p3          |    select|   0|  0|   40|           1|          40|
    |e_275_fu_5183_p3          |    select|   0|  0|   40|           1|          40|
    |e_278_fu_5205_p3          |    select|   0|  0|   40|           1|          40|
    |e_281_fu_5229_p3          |    select|   0|  0|   40|           1|          40|
    |e_284_fu_5251_p3          |    select|   0|  0|   40|           1|          40|
    |e_287_fu_5275_p3          |    select|   0|  0|   40|           1|          40|
    |e_290_fu_5297_p3          |    select|   0|  0|   40|           1|          40|
    |e_293_fu_5321_p3          |    select|   0|  0|   40|           1|          40|
    |e_296_fu_5343_p3          |    select|   0|  0|   40|           1|          40|
    |e_299_fu_5367_p3          |    select|   0|  0|   40|           1|          40|
    |e_29_fu_3297_p3           |    select|   0|  0|   40|           1|          40|
    |e_2_fu_3089_p3            |    select|   0|  0|   40|           1|          40|
    |e_302_fu_5389_p3          |    select|   0|  0|   40|           1|          40|
    |e_305_fu_5413_p3          |    select|   0|  0|   40|           1|          40|
    |e_308_fu_5435_p3          |    select|   0|  0|   40|           1|          40|
    |e_311_fu_5459_p3          |    select|   0|  0|   40|           1|          40|
    |e_314_fu_5481_p3          |    select|   0|  0|   40|           1|          40|
    |e_317_fu_5505_p3          |    select|   0|  0|   40|           1|          40|
    |e_320_fu_5527_p3          |    select|   0|  0|   40|           1|          40|
    |e_323_fu_5551_p3          |    select|   0|  0|   40|           1|          40|
    |e_326_fu_5573_p3          |    select|   0|  0|   40|           1|          40|
    |e_329_fu_5597_p3          |    select|   0|  0|   40|           1|          40|
    |e_32_fu_3319_p3           |    select|   0|  0|   40|           1|          40|
    |e_332_fu_5619_p3          |    select|   0|  0|   40|           1|          40|
    |e_335_fu_5643_p3          |    select|   0|  0|   40|           1|          40|
    |e_338_fu_5665_p3          |    select|   0|  0|   40|           1|          40|
    |e_341_fu_5689_p3          |    select|   0|  0|   40|           1|          40|
    |e_344_fu_5711_p3          |    select|   0|  0|   40|           1|          40|
    |e_347_fu_5735_p3          |    select|   0|  0|   40|           1|          40|
    |e_350_fu_5757_p3          |    select|   0|  0|   40|           1|          40|
    |e_353_fu_5781_p3          |    select|   0|  0|   40|           1|          40|
    |e_356_fu_5803_p3          |    select|   0|  0|   40|           1|          40|
    |e_359_fu_5827_p3          |    select|   0|  0|   40|           1|          40|
    |e_35_fu_3343_p3           |    select|   0|  0|   40|           1|          40|
    |e_362_fu_5849_p3          |    select|   0|  0|   40|           1|          40|
    |e_365_fu_5873_p3          |    select|   0|  0|   40|           1|          40|
    |e_368_fu_5895_p3          |    select|   0|  0|   40|           1|          40|
    |e_371_fu_5919_p3          |    select|   0|  0|   40|           1|          40|
    |e_374_fu_5941_p3          |    select|   0|  0|   40|           1|          40|
    |e_377_fu_5965_p3          |    select|   0|  0|   40|           1|          40|
    |e_380_fu_5987_p3          |    select|   0|  0|   40|           1|          40|
    |e_383_fu_6011_p3          |    select|   0|  0|   40|           1|          40|
    |e_386_fu_6033_p3          |    select|   0|  0|   40|           1|          40|
    |e_389_fu_6057_p3          |    select|   0|  0|   40|           1|          40|
    |e_38_fu_3365_p3           |    select|   0|  0|   40|           1|          40|
    |e_392_fu_6079_p3          |    select|   0|  0|   40|           1|          40|
    |e_395_fu_6103_p3          |    select|   0|  0|   40|           1|          40|
    |e_398_fu_6125_p3          |    select|   0|  0|   40|           1|          40|
    |e_401_fu_6149_p3          |    select|   0|  0|   40|           1|          40|
    |e_404_fu_6171_p3          |    select|   0|  0|   40|           1|          40|
    |e_407_fu_6195_p3          |    select|   0|  0|   40|           1|          40|
    |e_410_fu_6217_p3          |    select|   0|  0|   40|           1|          40|
    |e_413_fu_6241_p3          |    select|   0|  0|   40|           1|          40|
    |e_416_fu_6263_p3          |    select|   0|  0|   40|           1|          40|
    |e_419_fu_6287_p3          |    select|   0|  0|   40|           1|          40|
    |e_41_fu_3389_p3           |    select|   0|  0|   40|           1|          40|
    |e_422_fu_6309_p3          |    select|   0|  0|   40|           1|          40|
    |e_425_fu_6333_p3          |    select|   0|  0|   40|           1|          40|
    |e_428_fu_6355_p3          |    select|   0|  0|   40|           1|          40|
    |e_431_fu_6379_p3          |    select|   0|  0|   40|           1|          40|
    |e_434_fu_6401_p3          |    select|   0|  0|   40|           1|          40|
    |e_437_fu_6425_p3          |    select|   0|  0|   40|           1|          40|
    |e_440_fu_6447_p3          |    select|   0|  0|   40|           1|          40|
    |e_443_fu_6471_p3          |    select|   0|  0|   40|           1|          40|
    |e_446_fu_6493_p3          |    select|   0|  0|   40|           1|          40|
    |e_449_fu_6517_p3          |    select|   0|  0|   40|           1|          40|
    |e_44_fu_3411_p3           |    select|   0|  0|   40|           1|          40|
    |e_452_fu_6539_p3          |    select|   0|  0|   40|           1|          40|
    |e_455_fu_6563_p3          |    select|   0|  0|   40|           1|          40|
    |e_458_fu_6585_p3          |    select|   0|  0|   40|           1|          40|
    |e_461_fu_6609_p3          |    select|   0|  0|   40|           1|          40|
    |e_464_fu_6631_p3          |    select|   0|  0|   40|           1|          40|
    |e_467_fu_6655_p3          |    select|   0|  0|   40|           1|          40|
    |e_470_fu_6677_p3          |    select|   0|  0|   40|           1|          40|
    |e_473_fu_6701_p3          |    select|   0|  0|   40|           1|          40|
    |e_476_fu_6723_p3          |    select|   0|  0|   40|           1|          40|
    |e_479_fu_6747_p3          |    select|   0|  0|   40|           1|          40|
    |e_47_fu_3435_p3           |    select|   0|  0|   40|           1|          40|
    |e_482_fu_6769_p3          |    select|   0|  0|   40|           1|          40|
    |e_485_fu_6793_p3          |    select|   0|  0|   40|           1|          40|
    |e_488_fu_6815_p3          |    select|   0|  0|   40|           1|          40|
    |e_491_fu_6839_p3          |    select|   0|  0|   40|           1|          40|
    |e_494_fu_6861_p3          |    select|   0|  0|   40|           1|          40|
    |e_497_fu_6885_p3          |    select|   0|  0|   40|           1|          40|
    |e_500_fu_6907_p3          |    select|   0|  0|   40|           1|          40|
    |e_503_fu_6931_p3          |    select|   0|  0|   40|           1|          40|
    |e_506_fu_6953_p3          |    select|   0|  0|   40|           1|          40|
    |e_509_fu_6977_p3          |    select|   0|  0|   40|           1|          40|
    |e_50_fu_3457_p3           |    select|   0|  0|   40|           1|          40|
    |e_512_fu_6999_p3          |    select|   0|  0|   40|           1|          40|
    |e_515_fu_7023_p3          |    select|   0|  0|   40|           1|          40|
    |e_518_fu_7045_p3          |    select|   0|  0|   40|           1|          40|
    |e_521_fu_7069_p3          |    select|   0|  0|   40|           1|          40|
    |e_524_fu_7091_p3          |    select|   0|  0|   40|           1|          40|
    |e_527_fu_7115_p3          |    select|   0|  0|   40|           1|          40|
    |e_530_fu_7137_p3          |    select|   0|  0|   40|           1|          40|
    |e_533_fu_7161_p3          |    select|   0|  0|   40|           1|          40|
    |e_536_fu_7183_p3          |    select|   0|  0|   40|           1|          40|
    |e_539_fu_7207_p3          |    select|   0|  0|   40|           1|          40|
    |e_53_fu_3481_p3           |    select|   0|  0|   40|           1|          40|
    |e_542_fu_7229_p3          |    select|   0|  0|   40|           1|          40|
    |e_545_fu_7253_p3          |    select|   0|  0|   40|           1|          40|
    |e_548_fu_7275_p3          |    select|   0|  0|   40|           1|          40|
    |e_551_fu_7299_p3          |    select|   0|  0|   40|           1|          40|
    |e_554_fu_7321_p3          |    select|   0|  0|   40|           1|          40|
    |e_557_fu_7345_p3          |    select|   0|  0|   40|           1|          40|
    |e_560_fu_7367_p3          |    select|   0|  0|   40|           1|          40|
    |e_563_fu_7391_p3          |    select|   0|  0|   40|           1|          40|
    |e_566_fu_7413_p3          |    select|   0|  0|   40|           1|          40|
    |e_569_fu_7437_p3          |    select|   0|  0|   40|           1|          40|
    |e_56_fu_3503_p3           |    select|   0|  0|   40|           1|          40|
    |e_572_fu_7459_p3          |    select|   0|  0|   40|           1|          40|
    |e_575_fu_7483_p3          |    select|   0|  0|   40|           1|          40|
    |e_578_fu_7505_p3          |    select|   0|  0|   40|           1|          40|
    |e_581_fu_7529_p3          |    select|   0|  0|   40|           1|          40|
    |e_584_fu_7551_p3          |    select|   0|  0|   40|           1|          40|
    |e_587_fu_7575_p3          |    select|   0|  0|   40|           1|          40|
    |e_590_fu_7597_p3          |    select|   0|  0|   40|           1|          40|
    |e_593_fu_7621_p3          |    select|   0|  0|   40|           1|          40|
    |e_596_fu_7643_p3          |    select|   0|  0|   40|           1|          40|
    |e_599_fu_7667_p3          |    select|   0|  0|   40|           1|          40|
    |e_59_fu_3527_p3           |    select|   0|  0|   40|           1|          40|
    |e_5_fu_3113_p3            |    select|   0|  0|   40|           1|          40|
    |e_602_fu_7689_p3          |    select|   0|  0|   40|           1|          40|
    |e_605_fu_7713_p3          |    select|   0|  0|   40|           1|          40|
    |e_608_fu_7735_p3          |    select|   0|  0|   40|           1|          40|
    |e_611_fu_7759_p3          |    select|   0|  0|   40|           1|          40|
    |e_614_fu_7781_p3          |    select|   0|  0|   40|           1|          40|
    |e_617_fu_7805_p3          |    select|   0|  0|   40|           1|          40|
    |e_620_fu_7827_p3          |    select|   0|  0|   40|           1|          40|
    |e_623_fu_7851_p3          |    select|   0|  0|   40|           1|          40|
    |e_626_fu_7873_p3          |    select|   0|  0|   40|           1|          40|
    |e_629_fu_7897_p3          |    select|   0|  0|   40|           1|          40|
    |e_62_fu_3549_p3           |    select|   0|  0|   40|           1|          40|
    |e_632_fu_7919_p3          |    select|   0|  0|   40|           1|          40|
    |e_635_fu_7943_p3          |    select|   0|  0|   40|           1|          40|
    |e_638_fu_7965_p3          |    select|   0|  0|   40|           1|          40|
    |e_641_fu_7989_p3          |    select|   0|  0|   40|           1|          40|
    |e_644_fu_8011_p3          |    select|   0|  0|   40|           1|          40|
    |e_647_fu_8035_p3          |    select|   0|  0|   40|           1|          40|
    |e_650_fu_8057_p3          |    select|   0|  0|   40|           1|          40|
    |e_653_fu_8081_p3          |    select|   0|  0|   40|           1|          40|
    |e_656_fu_8103_p3          |    select|   0|  0|   40|           1|          40|
    |e_659_fu_8127_p3          |    select|   0|  0|   40|           1|          40|
    |e_65_fu_3573_p3           |    select|   0|  0|   40|           1|          40|
    |e_662_fu_8149_p3          |    select|   0|  0|   40|           1|          40|
    |e_665_fu_8173_p3          |    select|   0|  0|   40|           1|          40|
    |e_668_fu_8195_p3          |    select|   0|  0|   40|           1|          40|
    |e_671_fu_8219_p3          |    select|   0|  0|   40|           1|          40|
    |e_674_fu_8241_p3          |    select|   0|  0|   40|           1|          40|
    |e_677_fu_8265_p3          |    select|   0|  0|   40|           1|          40|
    |e_680_fu_8287_p3          |    select|   0|  0|   40|           1|          40|
    |e_683_fu_8311_p3          |    select|   0|  0|   40|           1|          40|
    |e_686_fu_8333_p3          |    select|   0|  0|   40|           1|          40|
    |e_689_fu_8357_p3          |    select|   0|  0|   40|           1|          40|
    |e_68_fu_3595_p3           |    select|   0|  0|   40|           1|          40|
    |e_692_fu_8379_p3          |    select|   0|  0|   40|           1|          40|
    |e_695_fu_8403_p3          |    select|   0|  0|   40|           1|          40|
    |e_698_fu_8425_p3          |    select|   0|  0|   40|           1|          40|
    |e_701_fu_8449_p3          |    select|   0|  0|   40|           1|          40|
    |e_704_fu_8471_p3          |    select|   0|  0|   40|           1|          40|
    |e_707_fu_8495_p3          |    select|   0|  0|   40|           1|          40|
    |e_710_fu_8517_p3          |    select|   0|  0|   40|           1|          40|
    |e_713_fu_8541_p3          |    select|   0|  0|   40|           1|          40|
    |e_716_fu_8563_p3          |    select|   0|  0|   40|           1|          40|
    |e_719_fu_8587_p3          |    select|   0|  0|   40|           1|          40|
    |e_71_fu_3619_p3           |    select|   0|  0|   40|           1|          40|
    |e_722_fu_8609_p3          |    select|   0|  0|   40|           1|          40|
    |e_725_fu_8633_p3          |    select|   0|  0|   40|           1|          40|
    |e_728_fu_8655_p3          |    select|   0|  0|   40|           1|          40|
    |e_731_fu_8679_p3          |    select|   0|  0|   40|           1|          40|
    |e_734_fu_8701_p3          |    select|   0|  0|   40|           1|          40|
    |e_737_fu_8725_p3          |    select|   0|  0|   40|           1|          40|
    |e_740_fu_8747_p3          |    select|   0|  0|   40|           1|          40|
    |e_743_fu_8771_p3          |    select|   0|  0|   40|           1|          40|
    |e_746_fu_8793_p3          |    select|   0|  0|   40|           1|          40|
    |e_749_fu_8817_p3          |    select|   0|  0|   40|           1|          40|
    |e_74_fu_3641_p3           |    select|   0|  0|   40|           1|          40|
    |e_752_fu_8839_p3          |    select|   0|  0|   40|           1|          40|
    |e_755_fu_8863_p3          |    select|   0|  0|   40|           1|          40|
    |e_758_fu_8885_p3          |    select|   0|  0|   40|           1|          40|
    |e_761_fu_8909_p3          |    select|   0|  0|   40|           1|          40|
    |e_764_fu_8931_p3          |    select|   0|  0|   40|           1|          40|
    |e_767_fu_8955_p3          |    select|   0|  0|   40|           1|          40|
    |e_770_fu_8977_p3          |    select|   0|  0|   40|           1|          40|
    |e_773_fu_9001_p3          |    select|   0|  0|   40|           1|          40|
    |e_776_fu_9023_p3          |    select|   0|  0|   40|           1|          40|
    |e_779_fu_9047_p3          |    select|   0|  0|   40|           1|          40|
    |e_77_fu_3665_p3           |    select|   0|  0|   40|           1|          40|
    |e_782_fu_9069_p3          |    select|   0|  0|   40|           1|          40|
    |e_785_fu_9093_p3          |    select|   0|  0|   40|           1|          40|
    |e_788_fu_9115_p3          |    select|   0|  0|   40|           1|          40|
    |e_791_fu_9139_p3          |    select|   0|  0|   40|           1|          40|
    |e_794_fu_9161_p3          |    select|   0|  0|   40|           1|          40|
    |e_797_fu_9185_p3          |    select|   0|  0|   40|           1|          40|
    |e_800_fu_9207_p3          |    select|   0|  0|   40|           1|          40|
    |e_803_fu_9231_p3          |    select|   0|  0|   40|           1|          40|
    |e_806_fu_9253_p3          |    select|   0|  0|   40|           1|          40|
    |e_809_fu_9277_p3          |    select|   0|  0|   40|           1|          40|
    |e_80_fu_3687_p3           |    select|   0|  0|   40|           1|          40|
    |e_812_fu_9299_p3          |    select|   0|  0|   40|           1|          40|
    |e_815_fu_9321_p3          |    select|   0|  0|   40|           1|          40|
    |e_818_fu_9345_p3          |    select|   0|  0|   40|           1|          40|
    |e_821_fu_9367_p3          |    select|   0|  0|   40|           1|          40|
    |e_824_fu_9391_p3          |    select|   0|  0|   40|           1|          40|
    |e_827_fu_9413_p3          |    select|   0|  0|   40|           1|          40|
    |e_83_fu_3711_p3           |    select|   0|  0|   40|           1|          40|
    |e_86_fu_3733_p3           |    select|   0|  0|   40|           1|          40|
    |e_89_fu_3757_p3           |    select|   0|  0|   40|           1|          40|
    |e_8_fu_3135_p3            |    select|   0|  0|   40|           1|          40|
    |e_92_fu_3779_p3           |    select|   0|  0|   40|           1|          40|
    |e_95_fu_3803_p3           |    select|   0|  0|   40|           1|          40|
    |e_98_fu_3825_p3           |    select|   0|  0|   40|           1|          40|
    |term_10_fu_2752_p3        |    select|   0|  0|   40|           1|          40|
    |term_11_fu_2766_p3        |    select|   0|  0|   40|           1|          40|
    |term_12_fu_2780_p3        |    select|   0|  0|   40|           1|          40|
    |term_13_fu_2794_p3        |    select|   0|  0|   40|           1|          40|
    |term_14_fu_2808_p3        |    select|   0|  0|   40|           1|          40|
    |term_15_fu_2822_p3        |    select|   0|  0|   40|           1|          40|
    |term_16_fu_2836_p3        |    select|   0|  0|   40|           1|          40|
    |term_17_fu_2850_p3        |    select|   0|  0|   40|           1|          40|
    |term_18_fu_2864_p3        |    select|   0|  0|   40|           1|          40|
    |term_19_fu_2878_p3        |    select|   0|  0|   40|           1|          40|
    |term_1_fu_2626_p3         |    select|   0|  0|   40|           1|          40|
    |term_20_fu_2892_p3        |    select|   0|  0|   40|           1|          40|
    |term_21_fu_2906_p3        |    select|   0|  0|   40|           1|          40|
    |term_22_fu_2920_p3        |    select|   0|  0|   40|           1|          40|
    |term_23_fu_2934_p3        |    select|   0|  0|   40|           1|          40|
    |term_2_fu_2640_p3         |    select|   0|  0|   40|           1|          40|
    |term_3_fu_2654_p3         |    select|   0|  0|   40|           1|          40|
    |term_4_fu_2668_p3         |    select|   0|  0|   40|           1|          40|
    |term_5_fu_2682_p3         |    select|   0|  0|   40|           1|          40|
    |term_6_fu_2696_p3         |    select|   0|  0|   40|           1|          40|
    |term_7_fu_2710_p3         |    select|   0|  0|   40|           1|          40|
    |term_8_fu_2724_p3         |    select|   0|  0|   40|           1|          40|
    |term_9_fu_2738_p3         |    select|   0|  0|   40|           1|          40|
    |term_fu_2612_p3           |    select|   0|  0|   40|           1|          40|
    |xor_ln194_100_fu_5375_p2  |       xor|   0|  0|    2|           1|           1|
    |xor_ln194_101_fu_5397_p2  |       xor|   0|  0|    2|           1|           1|
    |xor_ln194_102_fu_5421_p2  |       xor|   0|  0|    2|           1|           1|
    |xor_ln194_103_fu_5443_p2  |       xor|   0|  0|    2|           1|           1|
    |xor_ln194_104_fu_5467_p2  |       xor|   0|  0|    2|           1|           1|
    |xor_ln194_105_fu_5489_p2  |       xor|   0|  0|    2|           1|           1|
    |xor_ln194_106_fu_5513_p2  |       xor|   0|  0|    2|           1|           1|
    |xor_ln194_107_fu_5535_p2  |       xor|   0|  0|    2|           1|           1|
    |xor_ln194_108_fu_5559_p2  |       xor|   0|  0|    2|           1|           1|
    |xor_ln194_109_fu_5581_p2  |       xor|   0|  0|    2|           1|           1|
    |xor_ln194_10_fu_3305_p2   |       xor|   0|  0|    2|           1|           1|
    |xor_ln194_110_fu_5605_p2  |       xor|   0|  0|    2|           1|           1|
    |xor_ln194_111_fu_5627_p2  |       xor|   0|  0|    2|           1|           1|
    |xor_ln194_112_fu_5651_p2  |       xor|   0|  0|    2|           1|           1|
    |xor_ln194_113_fu_5673_p2  |       xor|   0|  0|    2|           1|           1|
    |xor_ln194_114_fu_5697_p2  |       xor|   0|  0|    2|           1|           1|
    |xor_ln194_115_fu_5719_p2  |       xor|   0|  0|    2|           1|           1|
    |xor_ln194_116_fu_5743_p2  |       xor|   0|  0|    2|           1|           1|
    |xor_ln194_117_fu_5765_p2  |       xor|   0|  0|    2|           1|           1|
    |xor_ln194_118_fu_5789_p2  |       xor|   0|  0|    2|           1|           1|
    |xor_ln194_119_fu_5811_p2  |       xor|   0|  0|    2|           1|           1|
    |xor_ln194_11_fu_3327_p2   |       xor|   0|  0|    2|           1|           1|
    |xor_ln194_120_fu_5835_p2  |       xor|   0|  0|    2|           1|           1|
    |xor_ln194_121_fu_5857_p2  |       xor|   0|  0|    2|           1|           1|
    |xor_ln194_122_fu_5881_p2  |       xor|   0|  0|    2|           1|           1|
    |xor_ln194_123_fu_5903_p2  |       xor|   0|  0|    2|           1|           1|
    |xor_ln194_124_fu_5927_p2  |       xor|   0|  0|    2|           1|           1|
    |xor_ln194_125_fu_5949_p2  |       xor|   0|  0|    2|           1|           1|
    |xor_ln194_126_fu_5973_p2  |       xor|   0|  0|    2|           1|           1|
    |xor_ln194_127_fu_5995_p2  |       xor|   0|  0|    2|           1|           1|
    |xor_ln194_128_fu_6019_p2  |       xor|   0|  0|    2|           1|           1|
    |xor_ln194_129_fu_6041_p2  |       xor|   0|  0|    2|           1|           1|
    |xor_ln194_12_fu_3351_p2   |       xor|   0|  0|    2|           1|           1|
    |xor_ln194_130_fu_6065_p2  |       xor|   0|  0|    2|           1|           1|
    |xor_ln194_131_fu_6087_p2  |       xor|   0|  0|    2|           1|           1|
    |xor_ln194_132_fu_6111_p2  |       xor|   0|  0|    2|           1|           1|
    |xor_ln194_133_fu_6133_p2  |       xor|   0|  0|    2|           1|           1|
    |xor_ln194_134_fu_6157_p2  |       xor|   0|  0|    2|           1|           1|
    |xor_ln194_135_fu_6179_p2  |       xor|   0|  0|    2|           1|           1|
    |xor_ln194_136_fu_6203_p2  |       xor|   0|  0|    2|           1|           1|
    |xor_ln194_137_fu_6225_p2  |       xor|   0|  0|    2|           1|           1|
    |xor_ln194_138_fu_6249_p2  |       xor|   0|  0|    2|           1|           1|
    |xor_ln194_139_fu_6271_p2  |       xor|   0|  0|    2|           1|           1|
    |xor_ln194_13_fu_3373_p2   |       xor|   0|  0|    2|           1|           1|
    |xor_ln194_140_fu_6295_p2  |       xor|   0|  0|    2|           1|           1|
    |xor_ln194_141_fu_6317_p2  |       xor|   0|  0|    2|           1|           1|
    |xor_ln194_142_fu_6341_p2  |       xor|   0|  0|    2|           1|           1|
    |xor_ln194_143_fu_6363_p2  |       xor|   0|  0|    2|           1|           1|
    |xor_ln194_144_fu_6387_p2  |       xor|   0|  0|    2|           1|           1|
    |xor_ln194_145_fu_6409_p2  |       xor|   0|  0|    2|           1|           1|
    |xor_ln194_146_fu_6433_p2  |       xor|   0|  0|    2|           1|           1|
    |xor_ln194_147_fu_6455_p2  |       xor|   0|  0|    2|           1|           1|
    |xor_ln194_148_fu_6479_p2  |       xor|   0|  0|    2|           1|           1|
    |xor_ln194_149_fu_6501_p2  |       xor|   0|  0|    2|           1|           1|
    |xor_ln194_14_fu_3397_p2   |       xor|   0|  0|    2|           1|           1|
    |xor_ln194_150_fu_6525_p2  |       xor|   0|  0|    2|           1|           1|
    |xor_ln194_151_fu_6547_p2  |       xor|   0|  0|    2|           1|           1|
    |xor_ln194_152_fu_6571_p2  |       xor|   0|  0|    2|           1|           1|
    |xor_ln194_153_fu_6593_p2  |       xor|   0|  0|    2|           1|           1|
    |xor_ln194_154_fu_6617_p2  |       xor|   0|  0|    2|           1|           1|
    |xor_ln194_155_fu_6639_p2  |       xor|   0|  0|    2|           1|           1|
    |xor_ln194_156_fu_6663_p2  |       xor|   0|  0|    2|           1|           1|
    |xor_ln194_157_fu_6685_p2  |       xor|   0|  0|    2|           1|           1|
    |xor_ln194_158_fu_6709_p2  |       xor|   0|  0|    2|           1|           1|
    |xor_ln194_159_fu_6731_p2  |       xor|   0|  0|    2|           1|           1|
    |xor_ln194_15_fu_3419_p2   |       xor|   0|  0|    2|           1|           1|
    |xor_ln194_160_fu_6755_p2  |       xor|   0|  0|    2|           1|           1|
    |xor_ln194_161_fu_6777_p2  |       xor|   0|  0|    2|           1|           1|
    |xor_ln194_162_fu_6801_p2  |       xor|   0|  0|    2|           1|           1|
    |xor_ln194_163_fu_6823_p2  |       xor|   0|  0|    2|           1|           1|
    |xor_ln194_164_fu_6847_p2  |       xor|   0|  0|    2|           1|           1|
    |xor_ln194_165_fu_6869_p2  |       xor|   0|  0|    2|           1|           1|
    |xor_ln194_166_fu_6893_p2  |       xor|   0|  0|    2|           1|           1|
    |xor_ln194_167_fu_6915_p2  |       xor|   0|  0|    2|           1|           1|
    |xor_ln194_168_fu_6939_p2  |       xor|   0|  0|    2|           1|           1|
    |xor_ln194_169_fu_6961_p2  |       xor|   0|  0|    2|           1|           1|
    |xor_ln194_16_fu_3443_p2   |       xor|   0|  0|    2|           1|           1|
    |xor_ln194_170_fu_6985_p2  |       xor|   0|  0|    2|           1|           1|
    |xor_ln194_171_fu_7007_p2  |       xor|   0|  0|    2|           1|           1|
    |xor_ln194_172_fu_7031_p2  |       xor|   0|  0|    2|           1|           1|
    |xor_ln194_173_fu_7053_p2  |       xor|   0|  0|    2|           1|           1|
    |xor_ln194_174_fu_7077_p2  |       xor|   0|  0|    2|           1|           1|
    |xor_ln194_175_fu_7099_p2  |       xor|   0|  0|    2|           1|           1|
    |xor_ln194_176_fu_7123_p2  |       xor|   0|  0|    2|           1|           1|
    |xor_ln194_177_fu_7145_p2  |       xor|   0|  0|    2|           1|           1|
    |xor_ln194_178_fu_7169_p2  |       xor|   0|  0|    2|           1|           1|
    |xor_ln194_179_fu_7191_p2  |       xor|   0|  0|    2|           1|           1|
    |xor_ln194_17_fu_3465_p2   |       xor|   0|  0|    2|           1|           1|
    |xor_ln194_180_fu_7215_p2  |       xor|   0|  0|    2|           1|           1|
    |xor_ln194_181_fu_7237_p2  |       xor|   0|  0|    2|           1|           1|
    |xor_ln194_182_fu_7261_p2  |       xor|   0|  0|    2|           1|           1|
    |xor_ln194_183_fu_7283_p2  |       xor|   0|  0|    2|           1|           1|
    |xor_ln194_184_fu_7307_p2  |       xor|   0|  0|    2|           1|           1|
    |xor_ln194_185_fu_7329_p2  |       xor|   0|  0|    2|           1|           1|
    |xor_ln194_186_fu_7353_p2  |       xor|   0|  0|    2|           1|           1|
    |xor_ln194_187_fu_7375_p2  |       xor|   0|  0|    2|           1|           1|
    |xor_ln194_188_fu_7399_p2  |       xor|   0|  0|    2|           1|           1|
    |xor_ln194_189_fu_7421_p2  |       xor|   0|  0|    2|           1|           1|
    |xor_ln194_18_fu_3489_p2   |       xor|   0|  0|    2|           1|           1|
    |xor_ln194_190_fu_7445_p2  |       xor|   0|  0|    2|           1|           1|
    |xor_ln194_191_fu_7467_p2  |       xor|   0|  0|    2|           1|           1|
    |xor_ln194_192_fu_7491_p2  |       xor|   0|  0|    2|           1|           1|
    |xor_ln194_193_fu_7513_p2  |       xor|   0|  0|    2|           1|           1|
    |xor_ln194_194_fu_7537_p2  |       xor|   0|  0|    2|           1|           1|
    |xor_ln194_195_fu_7559_p2  |       xor|   0|  0|    2|           1|           1|
    |xor_ln194_196_fu_7583_p2  |       xor|   0|  0|    2|           1|           1|
    |xor_ln194_197_fu_7605_p2  |       xor|   0|  0|    2|           1|           1|
    |xor_ln194_198_fu_7629_p2  |       xor|   0|  0|    2|           1|           1|
    |xor_ln194_199_fu_7651_p2  |       xor|   0|  0|    2|           1|           1|
    |xor_ln194_19_fu_3511_p2   |       xor|   0|  0|    2|           1|           1|
    |xor_ln194_1_fu_3097_p2    |       xor|   0|  0|    2|           1|           1|
    |xor_ln194_200_fu_7675_p2  |       xor|   0|  0|    2|           1|           1|
    |xor_ln194_201_fu_7697_p2  |       xor|   0|  0|    2|           1|           1|
    |xor_ln194_202_fu_7721_p2  |       xor|   0|  0|    2|           1|           1|
    |xor_ln194_203_fu_7743_p2  |       xor|   0|  0|    2|           1|           1|
    |xor_ln194_204_fu_7767_p2  |       xor|   0|  0|    2|           1|           1|
    |xor_ln194_205_fu_7789_p2  |       xor|   0|  0|    2|           1|           1|
    |xor_ln194_206_fu_7813_p2  |       xor|   0|  0|    2|           1|           1|
    |xor_ln194_207_fu_7835_p2  |       xor|   0|  0|    2|           1|           1|
    |xor_ln194_208_fu_7859_p2  |       xor|   0|  0|    2|           1|           1|
    |xor_ln194_209_fu_7881_p2  |       xor|   0|  0|    2|           1|           1|
    |xor_ln194_20_fu_3535_p2   |       xor|   0|  0|    2|           1|           1|
    |xor_ln194_210_fu_7905_p2  |       xor|   0|  0|    2|           1|           1|
    |xor_ln194_211_fu_7927_p2  |       xor|   0|  0|    2|           1|           1|
    |xor_ln194_212_fu_7951_p2  |       xor|   0|  0|    2|           1|           1|
    |xor_ln194_213_fu_7973_p2  |       xor|   0|  0|    2|           1|           1|
    |xor_ln194_214_fu_7997_p2  |       xor|   0|  0|    2|           1|           1|
    |xor_ln194_215_fu_8019_p2  |       xor|   0|  0|    2|           1|           1|
    |xor_ln194_216_fu_8043_p2  |       xor|   0|  0|    2|           1|           1|
    |xor_ln194_217_fu_8065_p2  |       xor|   0|  0|    2|           1|           1|
    |xor_ln194_218_fu_8089_p2  |       xor|   0|  0|    2|           1|           1|
    |xor_ln194_219_fu_8111_p2  |       xor|   0|  0|    2|           1|           1|
    |xor_ln194_21_fu_3557_p2   |       xor|   0|  0|    2|           1|           1|
    |xor_ln194_220_fu_8135_p2  |       xor|   0|  0|    2|           1|           1|
    |xor_ln194_221_fu_8157_p2  |       xor|   0|  0|    2|           1|           1|
    |xor_ln194_222_fu_8181_p2  |       xor|   0|  0|    2|           1|           1|
    |xor_ln194_223_fu_8203_p2  |       xor|   0|  0|    2|           1|           1|
    |xor_ln194_224_fu_8227_p2  |       xor|   0|  0|    2|           1|           1|
    |xor_ln194_225_fu_8249_p2  |       xor|   0|  0|    2|           1|           1|
    |xor_ln194_226_fu_8273_p2  |       xor|   0|  0|    2|           1|           1|
    |xor_ln194_227_fu_8295_p2  |       xor|   0|  0|    2|           1|           1|
    |xor_ln194_228_fu_8319_p2  |       xor|   0|  0|    2|           1|           1|
    |xor_ln194_229_fu_8341_p2  |       xor|   0|  0|    2|           1|           1|
    |xor_ln194_22_fu_3581_p2   |       xor|   0|  0|    2|           1|           1|
    |xor_ln194_230_fu_8365_p2  |       xor|   0|  0|    2|           1|           1|
    |xor_ln194_231_fu_8387_p2  |       xor|   0|  0|    2|           1|           1|
    |xor_ln194_232_fu_8411_p2  |       xor|   0|  0|    2|           1|           1|
    |xor_ln194_233_fu_8433_p2  |       xor|   0|  0|    2|           1|           1|
    |xor_ln194_234_fu_8457_p2  |       xor|   0|  0|    2|           1|           1|
    |xor_ln194_235_fu_8479_p2  |       xor|   0|  0|    2|           1|           1|
    |xor_ln194_236_fu_8503_p2  |       xor|   0|  0|    2|           1|           1|
    |xor_ln194_237_fu_8525_p2  |       xor|   0|  0|    2|           1|           1|
    |xor_ln194_238_fu_8549_p2  |       xor|   0|  0|    2|           1|           1|
    |xor_ln194_239_fu_8571_p2  |       xor|   0|  0|    2|           1|           1|
    |xor_ln194_23_fu_3603_p2   |       xor|   0|  0|    2|           1|           1|
    |xor_ln194_240_fu_8595_p2  |       xor|   0|  0|    2|           1|           1|
    |xor_ln194_241_fu_8617_p2  |       xor|   0|  0|    2|           1|           1|
    |xor_ln194_242_fu_8641_p2  |       xor|   0|  0|    2|           1|           1|
    |xor_ln194_243_fu_8663_p2  |       xor|   0|  0|    2|           1|           1|
    |xor_ln194_244_fu_8687_p2  |       xor|   0|  0|    2|           1|           1|
    |xor_ln194_245_fu_8709_p2  |       xor|   0|  0|    2|           1|           1|
    |xor_ln194_246_fu_8733_p2  |       xor|   0|  0|    2|           1|           1|
    |xor_ln194_247_fu_8755_p2  |       xor|   0|  0|    2|           1|           1|
    |xor_ln194_248_fu_8779_p2  |       xor|   0|  0|    2|           1|           1|
    |xor_ln194_249_fu_8801_p2  |       xor|   0|  0|    2|           1|           1|
    |xor_ln194_24_fu_3627_p2   |       xor|   0|  0|    2|           1|           1|
    |xor_ln194_250_fu_8825_p2  |       xor|   0|  0|    2|           1|           1|
    |xor_ln194_251_fu_8847_p2  |       xor|   0|  0|    2|           1|           1|
    |xor_ln194_252_fu_8871_p2  |       xor|   0|  0|    2|           1|           1|
    |xor_ln194_253_fu_8893_p2  |       xor|   0|  0|    2|           1|           1|
    |xor_ln194_254_fu_8917_p2  |       xor|   0|  0|    2|           1|           1|
    |xor_ln194_255_fu_8939_p2  |       xor|   0|  0|    2|           1|           1|
    |xor_ln194_256_fu_8963_p2  |       xor|   0|  0|    2|           1|           1|
    |xor_ln194_257_fu_8985_p2  |       xor|   0|  0|    2|           1|           1|
    |xor_ln194_258_fu_9009_p2  |       xor|   0|  0|    2|           1|           1|
    |xor_ln194_259_fu_9031_p2  |       xor|   0|  0|    2|           1|           1|
    |xor_ln194_25_fu_3649_p2   |       xor|   0|  0|    2|           1|           1|
    |xor_ln194_260_fu_9055_p2  |       xor|   0|  0|    2|           1|           1|
    |xor_ln194_261_fu_9077_p2  |       xor|   0|  0|    2|           1|           1|
    |xor_ln194_262_fu_9101_p2  |       xor|   0|  0|    2|           1|           1|
    |xor_ln194_263_fu_9123_p2  |       xor|   0|  0|    2|           1|           1|
    |xor_ln194_264_fu_9147_p2  |       xor|   0|  0|    2|           1|           1|
    |xor_ln194_265_fu_9169_p2  |       xor|   0|  0|    2|           1|           1|
    |xor_ln194_266_fu_9193_p2  |       xor|   0|  0|    2|           1|           1|
    |xor_ln194_267_fu_9215_p2  |       xor|   0|  0|    2|           1|           1|
    |xor_ln194_268_fu_9239_p2  |       xor|   0|  0|    2|           1|           1|
    |xor_ln194_269_fu_9261_p2  |       xor|   0|  0|    2|           1|           1|
    |xor_ln194_26_fu_3673_p2   |       xor|   0|  0|    2|           1|           1|
    |xor_ln194_270_fu_9285_p2  |       xor|   0|  0|    2|           1|           1|
    |xor_ln194_271_fu_9307_p2  |       xor|   0|  0|    2|           1|           1|
    |xor_ln194_272_fu_9329_p2  |       xor|   0|  0|    2|           1|           1|
    |xor_ln194_273_fu_9353_p2  |       xor|   0|  0|    2|           1|           1|
    |xor_ln194_274_fu_9375_p2  |       xor|   0|  0|    2|           1|           1|
    |xor_ln194_275_fu_9399_p2  |       xor|   0|  0|    2|           1|           1|
    |xor_ln194_27_fu_3695_p2   |       xor|   0|  0|    2|           1|           1|
    |xor_ln194_28_fu_3719_p2   |       xor|   0|  0|    2|           1|           1|
    |xor_ln194_29_fu_3741_p2   |       xor|   0|  0|    2|           1|           1|
    |xor_ln194_2_fu_3121_p2    |       xor|   0|  0|    2|           1|           1|
    |xor_ln194_30_fu_3765_p2   |       xor|   0|  0|    2|           1|           1|
    |xor_ln194_31_fu_3787_p2   |       xor|   0|  0|    2|           1|           1|
    |xor_ln194_32_fu_3811_p2   |       xor|   0|  0|    2|           1|           1|
    |xor_ln194_33_fu_3833_p2   |       xor|   0|  0|    2|           1|           1|
    |xor_ln194_34_fu_3857_p2   |       xor|   0|  0|    2|           1|           1|
    |xor_ln194_35_fu_3879_p2   |       xor|   0|  0|    2|           1|           1|
    |xor_ln194_36_fu_3903_p2   |       xor|   0|  0|    2|           1|           1|
    |xor_ln194_37_fu_3925_p2   |       xor|   0|  0|    2|           1|           1|
    |xor_ln194_38_fu_3949_p2   |       xor|   0|  0|    2|           1|           1|
    |xor_ln194_39_fu_3971_p2   |       xor|   0|  0|    2|           1|           1|
    |xor_ln194_3_fu_3143_p2    |       xor|   0|  0|    2|           1|           1|
    |xor_ln194_40_fu_3995_p2   |       xor|   0|  0|    2|           1|           1|
    |xor_ln194_41_fu_4017_p2   |       xor|   0|  0|    2|           1|           1|
    |xor_ln194_42_fu_4041_p2   |       xor|   0|  0|    2|           1|           1|
    |xor_ln194_43_fu_4063_p2   |       xor|   0|  0|    2|           1|           1|
    |xor_ln194_44_fu_4087_p2   |       xor|   0|  0|    2|           1|           1|
    |xor_ln194_45_fu_4109_p2   |       xor|   0|  0|    2|           1|           1|
    |xor_ln194_46_fu_4133_p2   |       xor|   0|  0|    2|           1|           1|
    |xor_ln194_47_fu_4155_p2   |       xor|   0|  0|    2|           1|           1|
    |xor_ln194_48_fu_4179_p2   |       xor|   0|  0|    2|           1|           1|
    |xor_ln194_49_fu_4201_p2   |       xor|   0|  0|    2|           1|           1|
    |xor_ln194_4_fu_3167_p2    |       xor|   0|  0|    2|           1|           1|
    |xor_ln194_50_fu_4225_p2   |       xor|   0|  0|    2|           1|           1|
    |xor_ln194_51_fu_4247_p2   |       xor|   0|  0|    2|           1|           1|
    |xor_ln194_52_fu_4271_p2   |       xor|   0|  0|    2|           1|           1|
    |xor_ln194_53_fu_4293_p2   |       xor|   0|  0|    2|           1|           1|
    |xor_ln194_54_fu_4317_p2   |       xor|   0|  0|    2|           1|           1|
    |xor_ln194_55_fu_4339_p2   |       xor|   0|  0|    2|           1|           1|
    |xor_ln194_56_fu_4363_p2   |       xor|   0|  0|    2|           1|           1|
    |xor_ln194_57_fu_4385_p2   |       xor|   0|  0|    2|           1|           1|
    |xor_ln194_58_fu_4409_p2   |       xor|   0|  0|    2|           1|           1|
    |xor_ln194_59_fu_4431_p2   |       xor|   0|  0|    2|           1|           1|
    |xor_ln194_5_fu_3189_p2    |       xor|   0|  0|    2|           1|           1|
    |xor_ln194_60_fu_4455_p2   |       xor|   0|  0|    2|           1|           1|
    |xor_ln194_61_fu_4477_p2   |       xor|   0|  0|    2|           1|           1|
    |xor_ln194_62_fu_4501_p2   |       xor|   0|  0|    2|           1|           1|
    |xor_ln194_63_fu_4523_p2   |       xor|   0|  0|    2|           1|           1|
    |xor_ln194_64_fu_4547_p2   |       xor|   0|  0|    2|           1|           1|
    |xor_ln194_65_fu_4569_p2   |       xor|   0|  0|    2|           1|           1|
    |xor_ln194_66_fu_4593_p2   |       xor|   0|  0|    2|           1|           1|
    |xor_ln194_67_fu_4615_p2   |       xor|   0|  0|    2|           1|           1|
    |xor_ln194_68_fu_4639_p2   |       xor|   0|  0|    2|           1|           1|
    |xor_ln194_69_fu_4661_p2   |       xor|   0|  0|    2|           1|           1|
    |xor_ln194_6_fu_3213_p2    |       xor|   0|  0|    2|           1|           1|
    |xor_ln194_70_fu_4685_p2   |       xor|   0|  0|    2|           1|           1|
    |xor_ln194_71_fu_4707_p2   |       xor|   0|  0|    2|           1|           1|
    |xor_ln194_72_fu_4731_p2   |       xor|   0|  0|    2|           1|           1|
    |xor_ln194_73_fu_4753_p2   |       xor|   0|  0|    2|           1|           1|
    |xor_ln194_74_fu_4777_p2   |       xor|   0|  0|    2|           1|           1|
    |xor_ln194_75_fu_4799_p2   |       xor|   0|  0|    2|           1|           1|
    |xor_ln194_76_fu_4823_p2   |       xor|   0|  0|    2|           1|           1|
    |xor_ln194_77_fu_4845_p2   |       xor|   0|  0|    2|           1|           1|
    |xor_ln194_78_fu_4869_p2   |       xor|   0|  0|    2|           1|           1|
    |xor_ln194_79_fu_4891_p2   |       xor|   0|  0|    2|           1|           1|
    |xor_ln194_7_fu_3235_p2    |       xor|   0|  0|    2|           1|           1|
    |xor_ln194_80_fu_4915_p2   |       xor|   0|  0|    2|           1|           1|
    |xor_ln194_81_fu_4937_p2   |       xor|   0|  0|    2|           1|           1|
    |xor_ln194_82_fu_4961_p2   |       xor|   0|  0|    2|           1|           1|
    |xor_ln194_83_fu_4983_p2   |       xor|   0|  0|    2|           1|           1|
    |xor_ln194_84_fu_5007_p2   |       xor|   0|  0|    2|           1|           1|
    |xor_ln194_85_fu_5029_p2   |       xor|   0|  0|    2|           1|           1|
    |xor_ln194_86_fu_5053_p2   |       xor|   0|  0|    2|           1|           1|
    |xor_ln194_87_fu_5075_p2   |       xor|   0|  0|    2|           1|           1|
    |xor_ln194_88_fu_5099_p2   |       xor|   0|  0|    2|           1|           1|
    |xor_ln194_89_fu_5121_p2   |       xor|   0|  0|    2|           1|           1|
    |xor_ln194_8_fu_3259_p2    |       xor|   0|  0|    2|           1|           1|
    |xor_ln194_90_fu_5145_p2   |       xor|   0|  0|    2|           1|           1|
    |xor_ln194_91_fu_5167_p2   |       xor|   0|  0|    2|           1|           1|
    |xor_ln194_92_fu_5191_p2   |       xor|   0|  0|    2|           1|           1|
    |xor_ln194_93_fu_5213_p2   |       xor|   0|  0|    2|           1|           1|
    |xor_ln194_94_fu_5237_p2   |       xor|   0|  0|    2|           1|           1|
    |xor_ln194_95_fu_5259_p2   |       xor|   0|  0|    2|           1|           1|
    |xor_ln194_96_fu_5283_p2   |       xor|   0|  0|    2|           1|           1|
    |xor_ln194_97_fu_5305_p2   |       xor|   0|  0|    2|           1|           1|
    |xor_ln194_98_fu_5329_p2   |       xor|   0|  0|    2|           1|           1|
    |xor_ln194_99_fu_5351_p2   |       xor|   0|  0|    2|           1|           1|
    |xor_ln194_9_fu_3281_p2    |       xor|   0|  0|    2|           1|           1|
    |xor_ln194_fu_3069_p2      |       xor|   0|  0|    2|           1|           1|
    +--------------------------+----------+----+---+-----+------------+------------+
    |Total                     |          |   0|  0|40645|       23641|       36316|
    +--------------------------+----------+----+---+-----+------------+------------+

    * Multiplexer: 
    +-----------+-----+-----------+-----+-----------+
    |    Name   | LUT | Input Size| Bits| Total Bits|
    +-----------+-----+-----------+-----+-----------+
    |ap_NS_fsm  |  748|        142|    1|        142|
    |ap_return  |    9|          2|   40|         80|
    +-----------+-----+-----------+-----+-----------+
    |Total      |  757|        144|   41|        222|
    +-----------+-----+-----------+-----+-----------+

    * Register: 
    +------------------------+-----+----+-----+-----------+
    |          Name          |  FF | LUT| Bits| Const Bits|
    +------------------------+-----+----+-----+-----------+
    |add_ln183_12_reg_10110  |   40|   0|   40|          0|
    |add_ln183_14_reg_10115  |   40|   0|   40|          0|
    |add_ln183_16_reg_10120  |   40|   0|   40|          0|
    |add_ln183_19_reg_10125  |   40|   0|   40|          0|
    |add_ln183_22_reg_10130  |   40|   0|   40|          0|
    |add_ln183_3_reg_10095   |   40|   0|   40|          0|
    |add_ln183_5_reg_10100   |   40|   0|   40|          0|
    |add_ln183_8_reg_10105   |   40|   0|   40|          0|
    |add_ln183_reg_10090     |   40|   0|   40|          0|
    |ap_CS_fsm               |  141|   0|  141|          0|
    |ap_return_preg          |   40|   0|   40|          0|
    |e_101_reg_10232         |   40|   0|   40|          0|
    |e_107_reg_10238         |   40|   0|   40|          0|
    |e_113_reg_10244         |   40|   0|   40|          0|
    |e_119_reg_10250         |   40|   0|   40|          0|
    |e_11_reg_10142          |   40|   0|   40|          0|
    |e_125_reg_10256         |   40|   0|   40|          0|
    |e_131_reg_10262         |   40|   0|   40|          0|
    |e_137_reg_10268         |   40|   0|   40|          0|
    |e_143_reg_10274         |   40|   0|   40|          0|
    |e_149_reg_10280         |   40|   0|   40|          0|
    |e_155_reg_10286         |   40|   0|   40|          0|
    |e_161_reg_10292         |   40|   0|   40|          0|
    |e_167_reg_10298         |   40|   0|   40|          0|
    |e_173_reg_10304         |   40|   0|   40|          0|
    |e_179_reg_10310         |   40|   0|   40|          0|
    |e_17_reg_10148          |   40|   0|   40|          0|
    |e_185_reg_10316         |   40|   0|   40|          0|
    |e_191_reg_10322         |   40|   0|   40|          0|
    |e_197_reg_10328         |   40|   0|   40|          0|
    |e_203_reg_10334         |   40|   0|   40|          0|
    |e_209_reg_10340         |   40|   0|   40|          0|
    |e_215_reg_10346         |   40|   0|   40|          0|
    |e_221_reg_10352         |   40|   0|   40|          0|
    |e_227_reg_10358         |   40|   0|   40|          0|
    |e_233_reg_10364         |   40|   0|   40|          0|
    |e_239_reg_10370         |   40|   0|   40|          0|
    |e_23_reg_10154          |   40|   0|   40|          0|
    |e_245_reg_10376         |   40|   0|   40|          0|
    |e_251_reg_10382         |   40|   0|   40|          0|
    |e_257_reg_10388         |   40|   0|   40|          0|
    |e_263_reg_10394         |   40|   0|   40|          0|
    |e_269_reg_10400         |   40|   0|   40|          0|
    |e_275_reg_10406         |   40|   0|   40|          0|
    |e_281_reg_10412         |   40|   0|   40|          0|
    |e_287_reg_10418         |   40|   0|   40|          0|
    |e_293_reg_10424         |   40|   0|   40|          0|
    |e_299_reg_10430         |   40|   0|   40|          0|
    |e_29_reg_10160          |   40|   0|   40|          0|
    |e_305_reg_10436         |   40|   0|   40|          0|
    |e_311_reg_10442         |   40|   0|   40|          0|
    |e_317_reg_10448         |   40|   0|   40|          0|
    |e_323_reg_10454         |   40|   0|   40|          0|
    |e_329_reg_10460         |   40|   0|   40|          0|
    |e_335_reg_10466         |   40|   0|   40|          0|
    |e_341_reg_10472         |   40|   0|   40|          0|
    |e_347_reg_10478         |   40|   0|   40|          0|
    |e_353_reg_10484         |   40|   0|   40|          0|
    |e_359_reg_10490         |   40|   0|   40|          0|
    |e_35_reg_10166          |   40|   0|   40|          0|
    |e_365_reg_10496         |   40|   0|   40|          0|
    |e_371_reg_10502         |   40|   0|   40|          0|
    |e_377_reg_10508         |   40|   0|   40|          0|
    |e_383_reg_10514         |   40|   0|   40|          0|
    |e_389_reg_10520         |   40|   0|   40|          0|
    |e_395_reg_10526         |   40|   0|   40|          0|
    |e_401_reg_10532         |   40|   0|   40|          0|
    |e_407_reg_10538         |   40|   0|   40|          0|
    |e_413_reg_10544         |   40|   0|   40|          0|
    |e_419_reg_10550         |   40|   0|   40|          0|
    |e_41_reg_10172          |   40|   0|   40|          0|
    |e_425_reg_10556         |   40|   0|   40|          0|
    |e_431_reg_10562         |   40|   0|   40|          0|
    |e_437_reg_10568         |   40|   0|   40|          0|
    |e_443_reg_10574         |   40|   0|   40|          0|
    |e_449_reg_10580         |   40|   0|   40|          0|
    |e_455_reg_10586         |   40|   0|   40|          0|
    |e_461_reg_10592         |   40|   0|   40|          0|
    |e_467_reg_10598         |   40|   0|   40|          0|
    |e_473_reg_10604         |   40|   0|   40|          0|
    |e_479_reg_10610         |   40|   0|   40|          0|
    |e_47_reg_10178          |   40|   0|   40|          0|
    |e_485_reg_10616         |   40|   0|   40|          0|
    |e_491_reg_10622         |   40|   0|   40|          0|
    |e_497_reg_10628         |   40|   0|   40|          0|
    |e_503_reg_10634         |   40|   0|   40|          0|
    |e_509_reg_10640         |   40|   0|   40|          0|
    |e_515_reg_10646         |   40|   0|   40|          0|
    |e_521_reg_10652         |   40|   0|   40|          0|
    |e_527_reg_10658         |   40|   0|   40|          0|
    |e_533_reg_10664         |   40|   0|   40|          0|
    |e_539_reg_10670         |   40|   0|   40|          0|
    |e_53_reg_10184          |   40|   0|   40|          0|
    |e_545_reg_10676         |   40|   0|   40|          0|
    |e_551_reg_10682         |   40|   0|   40|          0|
    |e_557_reg_10688         |   40|   0|   40|          0|
    |e_563_reg_10694         |   40|   0|   40|          0|
    |e_569_reg_10700         |   40|   0|   40|          0|
    |e_575_reg_10706         |   40|   0|   40|          0|
    |e_581_reg_10712         |   40|   0|   40|          0|
    |e_587_reg_10718         |   40|   0|   40|          0|
    |e_593_reg_10724         |   40|   0|   40|          0|
    |e_599_reg_10730         |   40|   0|   40|          0|
    |e_59_reg_10190          |   40|   0|   40|          0|
    |e_5_reg_10136           |   40|   0|   40|          0|
    |e_605_reg_10736         |   40|   0|   40|          0|
    |e_611_reg_10742         |   40|   0|   40|          0|
    |e_617_reg_10748         |   40|   0|   40|          0|
    |e_623_reg_10754         |   40|   0|   40|          0|
    |e_629_reg_10760         |   40|   0|   40|          0|
    |e_635_reg_10766         |   40|   0|   40|          0|
    |e_641_reg_10772         |   40|   0|   40|          0|
    |e_647_reg_10778         |   40|   0|   40|          0|
    |e_653_reg_10784         |   40|   0|   40|          0|
    |e_659_reg_10790         |   40|   0|   40|          0|
    |e_65_reg_10196          |   40|   0|   40|          0|
    |e_665_reg_10796         |   40|   0|   40|          0|
    |e_671_reg_10802         |   40|   0|   40|          0|
    |e_677_reg_10808         |   40|   0|   40|          0|
    |e_683_reg_10814         |   40|   0|   40|          0|
    |e_689_reg_10820         |   40|   0|   40|          0|
    |e_695_reg_10826         |   40|   0|   40|          0|
    |e_701_reg_10832         |   40|   0|   40|          0|
    |e_707_reg_10838         |   40|   0|   40|          0|
    |e_713_reg_10844         |   40|   0|   40|          0|
    |e_719_reg_10850         |   40|   0|   40|          0|
    |e_71_reg_10202          |   40|   0|   40|          0|
    |e_725_reg_10856         |   40|   0|   40|          0|
    |e_731_reg_10862         |   40|   0|   40|          0|
    |e_737_reg_10868         |   40|   0|   40|          0|
    |e_743_reg_10874         |   40|   0|   40|          0|
    |e_749_reg_10880         |   40|   0|   40|          0|
    |e_755_reg_10886         |   40|   0|   40|          0|
    |e_761_reg_10892         |   40|   0|   40|          0|
    |e_767_reg_10898         |   40|   0|   40|          0|
    |e_773_reg_10904         |   40|   0|   40|          0|
    |e_779_reg_10910         |   40|   0|   40|          0|
    |e_77_reg_10208          |   40|   0|   40|          0|
    |e_785_reg_10916         |   40|   0|   40|          0|
    |e_791_reg_10922         |   40|   0|   40|          0|
    |e_797_reg_10928         |   40|   0|   40|          0|
    |e_803_reg_10934         |   40|   0|   40|          0|
    |e_809_reg_10940         |   40|   0|   40|          0|
    |e_812_reg_10946         |   40|   0|   40|          0|
    |e_818_reg_10952         |   40|   0|   40|          0|
    |e_824_reg_10958         |   40|   0|   40|          0|
    |e_83_reg_10214          |   40|   0|   40|          0|
    |e_89_reg_10220          |   40|   0|   40|          0|
    |e_95_reg_10226          |   40|   0|   40|          0|
    |term_11_reg_10080       |   40|   0|   40|          0|
    |term_21_reg_10085       |   40|   0|   40|          0|
    |term_7_reg_10075        |   40|   0|   40|          0|
    +------------------------+-----+----+-----+-----------+
    |Total                   | 6181|   0| 6181|          0|
    +------------------------+-----+----+-----+-----------+



================================================================
== Interface
================================================================
* Summary: 
+-------------+-----+-----+------------+----------------------+--------------+
|  RTL Ports  | Dir | Bits|  Protocol  |     Source Object    |    C Type    |
+-------------+-----+-----+------------+----------------------+--------------+
|ap_clk       |   in|    1|  ap_ctrl_hs|  uniform_delta_energy|  return value|
|ap_rst       |   in|    1|  ap_ctrl_hs|  uniform_delta_energy|  return value|
|ap_start     |   in|    1|  ap_ctrl_hs|  uniform_delta_energy|  return value|
|ap_done      |  out|    1|  ap_ctrl_hs|  uniform_delta_energy|  return value|
|ap_idle      |  out|    1|  ap_ctrl_hs|  uniform_delta_energy|  return value|
|ap_ready     |  out|    1|  ap_ctrl_hs|  uniform_delta_energy|  return value|
|ap_return    |  out|   40|  ap_ctrl_hs|  uniform_delta_energy|  return value|
|J_0_1_val    |   in|   40|     ap_none|             J_0_1_val|        scalar|
|J_0_2_val    |   in|   40|     ap_none|             J_0_2_val|        scalar|
|J_0_3_val    |   in|   40|     ap_none|             J_0_3_val|        scalar|
|J_0_4_val    |   in|   40|     ap_none|             J_0_4_val|        scalar|
|J_0_5_val    |   in|   40|     ap_none|             J_0_5_val|        scalar|
|J_0_6_val    |   in|   40|     ap_none|             J_0_6_val|        scalar|
|J_0_7_val    |   in|   40|     ap_none|             J_0_7_val|        scalar|
|J_0_8_val    |   in|   40|     ap_none|             J_0_8_val|        scalar|
|J_0_9_val    |   in|   40|     ap_none|             J_0_9_val|        scalar|
|J_0_10_val   |   in|   40|     ap_none|            J_0_10_val|        scalar|
|J_0_11_val   |   in|   40|     ap_none|            J_0_11_val|        scalar|
|J_0_12_val   |   in|   40|     ap_none|            J_0_12_val|        scalar|
|J_0_13_val   |   in|   40|     ap_none|            J_0_13_val|        scalar|
|J_0_14_val   |   in|   40|     ap_none|            J_0_14_val|        scalar|
|J_0_15_val   |   in|   40|     ap_none|            J_0_15_val|        scalar|
|J_0_16_val   |   in|   40|     ap_none|            J_0_16_val|        scalar|
|J_0_17_val   |   in|   40|     ap_none|            J_0_17_val|        scalar|
|J_0_18_val   |   in|   40|     ap_none|            J_0_18_val|        scalar|
|J_0_19_val   |   in|   40|     ap_none|            J_0_19_val|        scalar|
|J_0_20_val   |   in|   40|     ap_none|            J_0_20_val|        scalar|
|J_0_21_val   |   in|   40|     ap_none|            J_0_21_val|        scalar|
|J_0_22_val   |   in|   40|     ap_none|            J_0_22_val|        scalar|
|J_0_23_val   |   in|   40|     ap_none|            J_0_23_val|        scalar|
|J_1_2_val    |   in|   40|     ap_none|             J_1_2_val|        scalar|
|J_1_3_val    |   in|   40|     ap_none|             J_1_3_val|        scalar|
|J_1_4_val    |   in|   40|     ap_none|             J_1_4_val|        scalar|
|J_1_5_val    |   in|   40|     ap_none|             J_1_5_val|        scalar|
|J_1_6_val    |   in|   40|     ap_none|             J_1_6_val|        scalar|
|J_1_7_val    |   in|   40|     ap_none|             J_1_7_val|        scalar|
|J_1_8_val    |   in|   40|     ap_none|             J_1_8_val|        scalar|
|J_1_9_val    |   in|   40|     ap_none|             J_1_9_val|        scalar|
|J_1_10_val   |   in|   40|     ap_none|            J_1_10_val|        scalar|
|J_1_11_val   |   in|   40|     ap_none|            J_1_11_val|        scalar|
|J_1_12_val   |   in|   40|     ap_none|            J_1_12_val|        scalar|
|J_1_13_val   |   in|   40|     ap_none|            J_1_13_val|        scalar|
|J_1_14_val   |   in|   40|     ap_none|            J_1_14_val|        scalar|
|J_1_15_val   |   in|   40|     ap_none|            J_1_15_val|        scalar|
|J_1_16_val   |   in|   40|     ap_none|            J_1_16_val|        scalar|
|J_1_17_val   |   in|   40|     ap_none|            J_1_17_val|        scalar|
|J_1_18_val   |   in|   40|     ap_none|            J_1_18_val|        scalar|
|J_1_19_val   |   in|   40|     ap_none|            J_1_19_val|        scalar|
|J_1_20_val   |   in|   40|     ap_none|            J_1_20_val|        scalar|
|J_1_21_val   |   in|   40|     ap_none|            J_1_21_val|        scalar|
|J_1_22_val   |   in|   40|     ap_none|            J_1_22_val|        scalar|
|J_1_23_val   |   in|   40|     ap_none|            J_1_23_val|        scalar|
|J_2_3_val    |   in|   40|     ap_none|             J_2_3_val|        scalar|
|J_2_4_val    |   in|   40|     ap_none|             J_2_4_val|        scalar|
|J_2_5_val    |   in|   40|     ap_none|             J_2_5_val|        scalar|
|J_2_6_val    |   in|   40|     ap_none|             J_2_6_val|        scalar|
|J_2_7_val    |   in|   40|     ap_none|             J_2_7_val|        scalar|
|J_2_8_val    |   in|   40|     ap_none|             J_2_8_val|        scalar|
|J_2_9_val    |   in|   40|     ap_none|             J_2_9_val|        scalar|
|J_2_10_val   |   in|   40|     ap_none|            J_2_10_val|        scalar|
|J_2_11_val   |   in|   40|     ap_none|            J_2_11_val|        scalar|
|J_2_12_val   |   in|   40|     ap_none|            J_2_12_val|        scalar|
|J_2_13_val   |   in|   40|     ap_none|            J_2_13_val|        scalar|
|J_2_14_val   |   in|   40|     ap_none|            J_2_14_val|        scalar|
|J_2_15_val   |   in|   40|     ap_none|            J_2_15_val|        scalar|
|J_2_16_val   |   in|   40|     ap_none|            J_2_16_val|        scalar|
|J_2_17_val   |   in|   40|     ap_none|            J_2_17_val|        scalar|
|J_2_18_val   |   in|   40|     ap_none|            J_2_18_val|        scalar|
|J_2_19_val   |   in|   40|     ap_none|            J_2_19_val|        scalar|
|J_2_20_val   |   in|   40|     ap_none|            J_2_20_val|        scalar|
|J_2_21_val   |   in|   40|     ap_none|            J_2_21_val|        scalar|
|J_2_22_val   |   in|   40|     ap_none|            J_2_22_val|        scalar|
|J_2_23_val   |   in|   40|     ap_none|            J_2_23_val|        scalar|
|J_3_4_val    |   in|   40|     ap_none|             J_3_4_val|        scalar|
|J_3_5_val    |   in|   40|     ap_none|             J_3_5_val|        scalar|
|J_3_6_val    |   in|   40|     ap_none|             J_3_6_val|        scalar|
|J_3_7_val    |   in|   40|     ap_none|             J_3_7_val|        scalar|
|J_3_8_val    |   in|   40|     ap_none|             J_3_8_val|        scalar|
|J_3_9_val    |   in|   40|     ap_none|             J_3_9_val|        scalar|
|J_3_10_val   |   in|   40|     ap_none|            J_3_10_val|        scalar|
|J_3_11_val   |   in|   40|     ap_none|            J_3_11_val|        scalar|
|J_3_12_val   |   in|   40|     ap_none|            J_3_12_val|        scalar|
|J_3_13_val   |   in|   40|     ap_none|            J_3_13_val|        scalar|
|J_3_14_val   |   in|   40|     ap_none|            J_3_14_val|        scalar|
|J_3_15_val   |   in|   40|     ap_none|            J_3_15_val|        scalar|
|J_3_16_val   |   in|   40|     ap_none|            J_3_16_val|        scalar|
|J_3_17_val   |   in|   40|     ap_none|            J_3_17_val|        scalar|
|J_3_18_val   |   in|   40|     ap_none|            J_3_18_val|        scalar|
|J_3_19_val   |   in|   40|     ap_none|            J_3_19_val|        scalar|
|J_3_20_val   |   in|   40|     ap_none|            J_3_20_val|        scalar|
|J_3_21_val   |   in|   40|     ap_none|            J_3_21_val|        scalar|
|J_3_22_val   |   in|   40|     ap_none|            J_3_22_val|        scalar|
|J_3_23_val   |   in|   40|     ap_none|            J_3_23_val|        scalar|
|J_4_5_val    |   in|   40|     ap_none|             J_4_5_val|        scalar|
|J_4_6_val    |   in|   40|     ap_none|             J_4_6_val|        scalar|
|J_4_7_val    |   in|   40|     ap_none|             J_4_7_val|        scalar|
|J_4_8_val    |   in|   40|     ap_none|             J_4_8_val|        scalar|
|J_4_9_val    |   in|   40|     ap_none|             J_4_9_val|        scalar|
|J_4_10_val   |   in|   40|     ap_none|            J_4_10_val|        scalar|
|J_4_11_val   |   in|   40|     ap_none|            J_4_11_val|        scalar|
|J_4_12_val   |   in|   40|     ap_none|            J_4_12_val|        scalar|
|J_4_13_val   |   in|   40|     ap_none|            J_4_13_val|        scalar|
|J_4_14_val   |   in|   40|     ap_none|            J_4_14_val|        scalar|
|J_4_15_val   |   in|   40|     ap_none|            J_4_15_val|        scalar|
|J_4_16_val   |   in|   40|     ap_none|            J_4_16_val|        scalar|
|J_4_17_val   |   in|   40|     ap_none|            J_4_17_val|        scalar|
|J_4_18_val   |   in|   40|     ap_none|            J_4_18_val|        scalar|
|J_4_19_val   |   in|   40|     ap_none|            J_4_19_val|        scalar|
|J_4_20_val   |   in|   40|     ap_none|            J_4_20_val|        scalar|
|J_4_21_val   |   in|   40|     ap_none|            J_4_21_val|        scalar|
|J_4_22_val   |   in|   40|     ap_none|            J_4_22_val|        scalar|
|J_4_23_val   |   in|   40|     ap_none|            J_4_23_val|        scalar|
|J_5_6_val    |   in|   40|     ap_none|             J_5_6_val|        scalar|
|J_5_7_val    |   in|   40|     ap_none|             J_5_7_val|        scalar|
|J_5_8_val    |   in|   40|     ap_none|             J_5_8_val|        scalar|
|J_5_9_val    |   in|   40|     ap_none|             J_5_9_val|        scalar|
|J_5_10_val   |   in|   40|     ap_none|            J_5_10_val|        scalar|
|J_5_11_val   |   in|   40|     ap_none|            J_5_11_val|        scalar|
|J_5_12_val   |   in|   40|     ap_none|            J_5_12_val|        scalar|
|J_5_13_val   |   in|   40|     ap_none|            J_5_13_val|        scalar|
|J_5_14_val   |   in|   40|     ap_none|            J_5_14_val|        scalar|
|J_5_15_val   |   in|   40|     ap_none|            J_5_15_val|        scalar|
|J_5_16_val   |   in|   40|     ap_none|            J_5_16_val|        scalar|
|J_5_17_val   |   in|   40|     ap_none|            J_5_17_val|        scalar|
|J_5_18_val   |   in|   40|     ap_none|            J_5_18_val|        scalar|
|J_5_19_val   |   in|   40|     ap_none|            J_5_19_val|        scalar|
|J_5_20_val   |   in|   40|     ap_none|            J_5_20_val|        scalar|
|J_5_21_val   |   in|   40|     ap_none|            J_5_21_val|        scalar|
|J_5_22_val   |   in|   40|     ap_none|            J_5_22_val|        scalar|
|J_5_23_val   |   in|   40|     ap_none|            J_5_23_val|        scalar|
|J_6_7_val    |   in|   40|     ap_none|             J_6_7_val|        scalar|
|J_6_8_val    |   in|   40|     ap_none|             J_6_8_val|        scalar|
|J_6_9_val    |   in|   40|     ap_none|             J_6_9_val|        scalar|
|J_6_10_val   |   in|   40|     ap_none|            J_6_10_val|        scalar|
|J_6_11_val   |   in|   40|     ap_none|            J_6_11_val|        scalar|
|J_6_12_val   |   in|   40|     ap_none|            J_6_12_val|        scalar|
|J_6_13_val   |   in|   40|     ap_none|            J_6_13_val|        scalar|
|J_6_14_val   |   in|   40|     ap_none|            J_6_14_val|        scalar|
|J_6_15_val   |   in|   40|     ap_none|            J_6_15_val|        scalar|
|J_6_16_val   |   in|   40|     ap_none|            J_6_16_val|        scalar|
|J_6_17_val   |   in|   40|     ap_none|            J_6_17_val|        scalar|
|J_6_18_val   |   in|   40|     ap_none|            J_6_18_val|        scalar|
|J_6_19_val   |   in|   40|     ap_none|            J_6_19_val|        scalar|
|J_6_20_val   |   in|   40|     ap_none|            J_6_20_val|        scalar|
|J_6_21_val   |   in|   40|     ap_none|            J_6_21_val|        scalar|
|J_6_22_val   |   in|   40|     ap_none|            J_6_22_val|        scalar|
|J_6_23_val   |   in|   40|     ap_none|            J_6_23_val|        scalar|
|J_7_8_val    |   in|   40|     ap_none|             J_7_8_val|        scalar|
|J_7_9_val    |   in|   40|     ap_none|             J_7_9_val|        scalar|
|J_7_10_val   |   in|   40|     ap_none|            J_7_10_val|        scalar|
|J_7_11_val   |   in|   40|     ap_none|            J_7_11_val|        scalar|
|J_7_12_val   |   in|   40|     ap_none|            J_7_12_val|        scalar|
|J_7_13_val   |   in|   40|     ap_none|            J_7_13_val|        scalar|
|J_7_14_val   |   in|   40|     ap_none|            J_7_14_val|        scalar|
|J_7_15_val   |   in|   40|     ap_none|            J_7_15_val|        scalar|
|J_7_16_val   |   in|   40|     ap_none|            J_7_16_val|        scalar|
|J_7_17_val   |   in|   40|     ap_none|            J_7_17_val|        scalar|
|J_7_18_val   |   in|   40|     ap_none|            J_7_18_val|        scalar|
|J_7_19_val   |   in|   40|     ap_none|            J_7_19_val|        scalar|
|J_7_20_val   |   in|   40|     ap_none|            J_7_20_val|        scalar|
|J_7_21_val   |   in|   40|     ap_none|            J_7_21_val|        scalar|
|J_7_22_val   |   in|   40|     ap_none|            J_7_22_val|        scalar|
|J_7_23_val   |   in|   40|     ap_none|            J_7_23_val|        scalar|
|J_8_9_val    |   in|   40|     ap_none|             J_8_9_val|        scalar|
|J_8_10_val   |   in|   40|     ap_none|            J_8_10_val|        scalar|
|J_8_11_val   |   in|   40|     ap_none|            J_8_11_val|        scalar|
|J_8_12_val   |   in|   40|     ap_none|            J_8_12_val|        scalar|
|J_8_13_val   |   in|   40|     ap_none|            J_8_13_val|        scalar|
|J_8_14_val   |   in|   40|     ap_none|            J_8_14_val|        scalar|
|J_8_15_val   |   in|   40|     ap_none|            J_8_15_val|        scalar|
|J_8_16_val   |   in|   40|     ap_none|            J_8_16_val|        scalar|
|J_8_17_val   |   in|   40|     ap_none|            J_8_17_val|        scalar|
|J_8_18_val   |   in|   40|     ap_none|            J_8_18_val|        scalar|
|J_8_19_val   |   in|   40|     ap_none|            J_8_19_val|        scalar|
|J_8_20_val   |   in|   40|     ap_none|            J_8_20_val|        scalar|
|J_8_21_val   |   in|   40|     ap_none|            J_8_21_val|        scalar|
|J_8_22_val   |   in|   40|     ap_none|            J_8_22_val|        scalar|
|J_8_23_val   |   in|   40|     ap_none|            J_8_23_val|        scalar|
|J_9_10_val   |   in|   40|     ap_none|            J_9_10_val|        scalar|
|J_9_11_val   |   in|   40|     ap_none|            J_9_11_val|        scalar|
|J_9_12_val   |   in|   40|     ap_none|            J_9_12_val|        scalar|
|J_9_13_val   |   in|   40|     ap_none|            J_9_13_val|        scalar|
|J_9_14_val   |   in|   40|     ap_none|            J_9_14_val|        scalar|
|J_9_15_val   |   in|   40|     ap_none|            J_9_15_val|        scalar|
|J_9_16_val   |   in|   40|     ap_none|            J_9_16_val|        scalar|
|J_9_17_val   |   in|   40|     ap_none|            J_9_17_val|        scalar|
|J_9_18_val   |   in|   40|     ap_none|            J_9_18_val|        scalar|
|J_9_19_val   |   in|   40|     ap_none|            J_9_19_val|        scalar|
|J_9_20_val   |   in|   40|     ap_none|            J_9_20_val|        scalar|
|J_9_21_val   |   in|   40|     ap_none|            J_9_21_val|        scalar|
|J_9_22_val   |   in|   40|     ap_none|            J_9_22_val|        scalar|
|J_9_23_val   |   in|   40|     ap_none|            J_9_23_val|        scalar|
|J_10_11_val  |   in|   40|     ap_none|           J_10_11_val|        scalar|
|J_10_12_val  |   in|   40|     ap_none|           J_10_12_val|        scalar|
|J_10_13_val  |   in|   40|     ap_none|           J_10_13_val|        scalar|
|J_10_14_val  |   in|   40|     ap_none|           J_10_14_val|        scalar|
|J_10_15_val  |   in|   40|     ap_none|           J_10_15_val|        scalar|
|J_10_16_val  |   in|   40|     ap_none|           J_10_16_val|        scalar|
|J_10_17_val  |   in|   40|     ap_none|           J_10_17_val|        scalar|
|J_10_18_val  |   in|   40|     ap_none|           J_10_18_val|        scalar|
|J_10_19_val  |   in|   40|     ap_none|           J_10_19_val|        scalar|
|J_10_20_val  |   in|   40|     ap_none|           J_10_20_val|        scalar|
|J_10_21_val  |   in|   40|     ap_none|           J_10_21_val|        scalar|
|J_10_22_val  |   in|   40|     ap_none|           J_10_22_val|        scalar|
|J_10_23_val  |   in|   40|     ap_none|           J_10_23_val|        scalar|
|J_11_12_val  |   in|   40|     ap_none|           J_11_12_val|        scalar|
|J_11_13_val  |   in|   40|     ap_none|           J_11_13_val|        scalar|
|J_11_14_val  |   in|   40|     ap_none|           J_11_14_val|        scalar|
|J_11_15_val  |   in|   40|     ap_none|           J_11_15_val|        scalar|
|J_11_16_val  |   in|   40|     ap_none|           J_11_16_val|        scalar|
|J_11_17_val  |   in|   40|     ap_none|           J_11_17_val|        scalar|
|J_11_18_val  |   in|   40|     ap_none|           J_11_18_val|        scalar|
|J_11_19_val  |   in|   40|     ap_none|           J_11_19_val|        scalar|
|J_11_20_val  |   in|   40|     ap_none|           J_11_20_val|        scalar|
|J_11_21_val  |   in|   40|     ap_none|           J_11_21_val|        scalar|
|J_11_22_val  |   in|   40|     ap_none|           J_11_22_val|        scalar|
|J_11_23_val  |   in|   40|     ap_none|           J_11_23_val|        scalar|
|J_12_13_val  |   in|   40|     ap_none|           J_12_13_val|        scalar|
|J_12_14_val  |   in|   40|     ap_none|           J_12_14_val|        scalar|
|J_12_15_val  |   in|   40|     ap_none|           J_12_15_val|        scalar|
|J_12_16_val  |   in|   40|     ap_none|           J_12_16_val|        scalar|
|J_12_17_val  |   in|   40|     ap_none|           J_12_17_val|        scalar|
|J_12_18_val  |   in|   40|     ap_none|           J_12_18_val|        scalar|
|J_12_19_val  |   in|   40|     ap_none|           J_12_19_val|        scalar|
|J_12_20_val  |   in|   40|     ap_none|           J_12_20_val|        scalar|
|J_12_21_val  |   in|   40|     ap_none|           J_12_21_val|        scalar|
|J_12_22_val  |   in|   40|     ap_none|           J_12_22_val|        scalar|
|J_12_23_val  |   in|   40|     ap_none|           J_12_23_val|        scalar|
|J_13_14_val  |   in|   40|     ap_none|           J_13_14_val|        scalar|
|J_13_15_val  |   in|   40|     ap_none|           J_13_15_val|        scalar|
|J_13_16_val  |   in|   40|     ap_none|           J_13_16_val|        scalar|
|J_13_17_val  |   in|   40|     ap_none|           J_13_17_val|        scalar|
|J_13_18_val  |   in|   40|     ap_none|           J_13_18_val|        scalar|
|J_13_19_val  |   in|   40|     ap_none|           J_13_19_val|        scalar|
|J_13_20_val  |   in|   40|     ap_none|           J_13_20_val|        scalar|
|J_13_21_val  |   in|   40|     ap_none|           J_13_21_val|        scalar|
|J_13_22_val  |   in|   40|     ap_none|           J_13_22_val|        scalar|
|J_13_23_val  |   in|   40|     ap_none|           J_13_23_val|        scalar|
|J_14_15_val  |   in|   40|     ap_none|           J_14_15_val|        scalar|
|J_14_16_val  |   in|   40|     ap_none|           J_14_16_val|        scalar|
|J_14_17_val  |   in|   40|     ap_none|           J_14_17_val|        scalar|
|J_14_18_val  |   in|   40|     ap_none|           J_14_18_val|        scalar|
|J_14_19_val  |   in|   40|     ap_none|           J_14_19_val|        scalar|
|J_14_20_val  |   in|   40|     ap_none|           J_14_20_val|        scalar|
|J_14_21_val  |   in|   40|     ap_none|           J_14_21_val|        scalar|
|J_14_22_val  |   in|   40|     ap_none|           J_14_22_val|        scalar|
|J_14_23_val  |   in|   40|     ap_none|           J_14_23_val|        scalar|
|J_15_16_val  |   in|   40|     ap_none|           J_15_16_val|        scalar|
|J_15_17_val  |   in|   40|     ap_none|           J_15_17_val|        scalar|
|J_15_18_val  |   in|   40|     ap_none|           J_15_18_val|        scalar|
|J_15_19_val  |   in|   40|     ap_none|           J_15_19_val|        scalar|
|J_15_20_val  |   in|   40|     ap_none|           J_15_20_val|        scalar|
|J_15_21_val  |   in|   40|     ap_none|           J_15_21_val|        scalar|
|J_15_22_val  |   in|   40|     ap_none|           J_15_22_val|        scalar|
|J_15_23_val  |   in|   40|     ap_none|           J_15_23_val|        scalar|
|J_16_17_val  |   in|   40|     ap_none|           J_16_17_val|        scalar|
|J_16_18_val  |   in|   40|     ap_none|           J_16_18_val|        scalar|
|J_16_19_val  |   in|   40|     ap_none|           J_16_19_val|        scalar|
|J_16_20_val  |   in|   40|     ap_none|           J_16_20_val|        scalar|
|J_16_21_val  |   in|   40|     ap_none|           J_16_21_val|        scalar|
|J_16_22_val  |   in|   40|     ap_none|           J_16_22_val|        scalar|
|J_16_23_val  |   in|   40|     ap_none|           J_16_23_val|        scalar|
|J_17_18_val  |   in|   40|     ap_none|           J_17_18_val|        scalar|
|J_17_19_val  |   in|   40|     ap_none|           J_17_19_val|        scalar|
|J_17_20_val  |   in|   40|     ap_none|           J_17_20_val|        scalar|
|J_17_21_val  |   in|   40|     ap_none|           J_17_21_val|        scalar|
|J_17_22_val  |   in|   40|     ap_none|           J_17_22_val|        scalar|
|J_17_23_val  |   in|   40|     ap_none|           J_17_23_val|        scalar|
|J_18_19_val  |   in|   40|     ap_none|           J_18_19_val|        scalar|
|J_18_20_val  |   in|   40|     ap_none|           J_18_20_val|        scalar|
|J_18_21_val  |   in|   40|     ap_none|           J_18_21_val|        scalar|
|J_18_22_val  |   in|   40|     ap_none|           J_18_22_val|        scalar|
|J_18_23_val  |   in|   40|     ap_none|           J_18_23_val|        scalar|
|J_19_20_val  |   in|   40|     ap_none|           J_19_20_val|        scalar|
|J_19_21_val  |   in|   40|     ap_none|           J_19_21_val|        scalar|
|J_19_22_val  |   in|   40|     ap_none|           J_19_22_val|        scalar|
|J_19_23_val  |   in|   40|     ap_none|           J_19_23_val|        scalar|
|J_20_21_val  |   in|   40|     ap_none|           J_20_21_val|        scalar|
|J_20_22_val  |   in|   40|     ap_none|           J_20_22_val|        scalar|
|J_20_23_val  |   in|   40|     ap_none|           J_20_23_val|        scalar|
|J_21_22_val  |   in|   40|     ap_none|           J_21_22_val|        scalar|
|J_21_23_val  |   in|   40|     ap_none|           J_21_23_val|        scalar|
|J_22_23_val  |   in|   40|     ap_none|           J_22_23_val|        scalar|
|h_0_val      |   in|   40|     ap_none|               h_0_val|        scalar|
|h_1_val      |   in|   40|     ap_none|               h_1_val|        scalar|
|h_2_val      |   in|   40|     ap_none|               h_2_val|        scalar|
|h_3_val      |   in|   40|     ap_none|               h_3_val|        scalar|
|h_4_val      |   in|   40|     ap_none|               h_4_val|        scalar|
|h_5_val      |   in|   40|     ap_none|               h_5_val|        scalar|
|h_6_val      |   in|   40|     ap_none|               h_6_val|        scalar|
|h_7_val      |   in|   40|     ap_none|               h_7_val|        scalar|
|h_8_val      |   in|   40|     ap_none|               h_8_val|        scalar|
|h_9_val      |   in|   40|     ap_none|               h_9_val|        scalar|
|h_10_val     |   in|   40|     ap_none|              h_10_val|        scalar|
|h_11_val     |   in|   40|     ap_none|              h_11_val|        scalar|
|h_12_val     |   in|   40|     ap_none|              h_12_val|        scalar|
|h_13_val     |   in|   40|     ap_none|              h_13_val|        scalar|
|h_14_val     |   in|   40|     ap_none|              h_14_val|        scalar|
|h_15_val     |   in|   40|     ap_none|              h_15_val|        scalar|
|h_16_val     |   in|   40|     ap_none|              h_16_val|        scalar|
|h_17_val     |   in|   40|     ap_none|              h_17_val|        scalar|
|h_18_val     |   in|   40|     ap_none|              h_18_val|        scalar|
|h_19_val     |   in|   40|     ap_none|              h_19_val|        scalar|
|h_20_val     |   in|   40|     ap_none|              h_20_val|        scalar|
|h_21_val     |   in|   40|     ap_none|              h_21_val|        scalar|
|h_22_val     |   in|   40|     ap_none|              h_22_val|        scalar|
|h_23_val     |   in|   40|     ap_none|              h_23_val|        scalar|
|y_0_val      |   in|    1|     ap_none|               y_0_val|        scalar|
|y_1_val      |   in|    1|     ap_none|               y_1_val|        scalar|
|y_2_val      |   in|    1|     ap_none|               y_2_val|        scalar|
|y_3_val      |   in|    1|     ap_none|               y_3_val|        scalar|
|y_4_val      |   in|    1|     ap_none|               y_4_val|        scalar|
|y_5_val      |   in|    1|     ap_none|               y_5_val|        scalar|
|y_6_val      |   in|    1|     ap_none|               y_6_val|        scalar|
|y_7_val      |   in|    1|     ap_none|               y_7_val|        scalar|
|y_8_val      |   in|    1|     ap_none|               y_8_val|        scalar|
|y_9_val      |   in|    1|     ap_none|               y_9_val|        scalar|
|y_10_val     |   in|    1|     ap_none|              y_10_val|        scalar|
|y_11_val     |   in|    1|     ap_none|              y_11_val|        scalar|
|y_12_val     |   in|    1|     ap_none|              y_12_val|        scalar|
|y_13_val     |   in|    1|     ap_none|              y_13_val|        scalar|
|y_14_val     |   in|    1|     ap_none|              y_14_val|        scalar|
|y_15_val     |   in|    1|     ap_none|              y_15_val|        scalar|
|y_16_val     |   in|    1|     ap_none|              y_16_val|        scalar|
|y_17_val     |   in|    1|     ap_none|              y_17_val|        scalar|
|y_18_val     |   in|    1|     ap_none|              y_18_val|        scalar|
|y_19_val     |   in|    1|     ap_none|              y_19_val|        scalar|
|y_20_val     |   in|    1|     ap_none|              y_20_val|        scalar|
|y_21_val     |   in|    1|     ap_none|              y_21_val|        scalar|
|y_22_val     |   in|    1|     ap_none|              y_22_val|        scalar|
|y_23_val     |   in|    1|     ap_none|              y_23_val|        scalar|
|old_energy   |   in|   40|     ap_none|            old_energy|        scalar|
+-------------+-----+-----+------------+----------------------+--------------+

