

================================================================
== Vitis HLS Report for 'local_spin_flip_operation'
================================================================
* Date:           Fri May 29 18:03:22 2026

* Version:        2025.2 (Build 6295257 on Nov 14 2025)
* Project:        hls_local_spin_flip_operation_N16_FRAC28
* Solution:       hls (Vivado IP Flow Target)
* Product family: virtexuplus
* Target device:  xcvu19p-fsva3824-2-e


================================================================
== Performance Estimates
================================================================
+ Timing: 
    * Summary: 
    +--------+---------+----------+------------+
    |  Clock |  Target | Estimated| Uncertainty|
    +--------+---------+----------+------------+
    |ap_clk  |  3.00 ns|  2.389 ns|     0.81 ns|
    +--------+---------+----------+------------+

+ Latency: 
    * Summary: 
    +---------+---------+----------+----------+-----+-----+---------+
    |  Latency (cycles) |  Latency (absolute) |  Interval | Pipeline|
    |   min   |   max   |    min   |    max   | min | max |   Type  |
    +---------+---------+----------+----------+-----+-----+---------+
    |       92|       92|  0.276 us|  0.276 us|   93|   93|       no|
    +---------+---------+----------+----------+-----+-----+---------+

    + Detail: 
        * Instance: 
        N/A

        * Loop: 
        N/A



================================================================
== Utilization Estimates
================================================================
* Summary: 
+---------------------+---------+------+---------+---------+-----+
|         Name        | BRAM_18K|  DSP |    FF   |   LUT   | URAM|
+---------------------+---------+------+---------+---------+-----+
|DSP                  |        -|     -|        -|        -|    -|
|Expression           |        -|     -|        0|    18912|    -|
|FIFO                 |        -|     -|        -|        -|    -|
|Instance             |        -|   146|     5807|     1865|    -|
|Memory               |        -|     -|        -|        -|    -|
|Multiplexer          |        -|     -|        0|      541|    -|
|Register             |        -|     -|     5912|        -|    -|
+---------------------+---------+------+---------+---------+-----+
|Total                |        0|   146|    11719|    21318|    0|
+---------------------+---------+------+---------+---------+-----+
|Available SLR        |     1080|   960|  2042880|  1021440|   80|
+---------------------+---------+------+---------+---------+-----+
|Utilization SLR (%)  |        0|    15|       ~0|        2|    0|
+---------------------+---------+------+---------+---------+-----+
|Available            |     4320|  3840|  8171520|  4085760|  320|
+---------------------+---------+------+---------+---------+-----+
|Utilization (%)      |        0|     3|       ~0|       ~0|    0|
+---------------------+---------+------+---------+---------+-----+

+ Detail: 
    * Instance: 
    +--------------------------+----------------------+---------+----+-----+-----+-----+
    |         Instance         |        Module        | BRAM_18K| DSP|  FF | LUT | URAM|
    +--------------------------+----------------------+---------+----+-----+-----+-----+
    |mul_29s_29ns_58_3_1_U1    |mul_29s_29ns_58_3_1   |        0|   4|  154|   43|    0|
    |mul_29s_29ns_58_3_1_U2    |mul_29s_29ns_58_3_1   |        0|   4|  154|   43|    0|
    |mul_29s_29ns_58_3_1_U3    |mul_29s_29ns_58_3_1   |        0|   4|  154|   43|    0|
    |mul_29s_29ns_58_3_1_U4    |mul_29s_29ns_58_3_1   |        0|   4|  154|   43|    0|
    |mul_29s_29ns_58_3_1_U5    |mul_29s_29ns_58_3_1   |        0|   4|  154|   43|    0|
    |mul_29s_29ns_58_3_1_U6    |mul_29s_29ns_58_3_1   |        0|   4|  154|   43|    0|
    |mul_29s_29ns_58_3_1_U7    |mul_29s_29ns_58_3_1   |        0|   4|  154|   43|    0|
    |mul_29s_29ns_58_3_1_U8    |mul_29s_29ns_58_3_1   |        0|   4|  154|   43|    0|
    |mul_29s_29ns_58_3_1_U9    |mul_29s_29ns_58_3_1   |        0|   4|  154|   43|    0|
    |mul_29s_29ns_58_3_1_U10   |mul_29s_29ns_58_3_1   |        0|   4|  154|   43|    0|
    |mul_29s_29ns_58_3_1_U11   |mul_29s_29ns_58_3_1   |        0|   4|  154|   43|    0|
    |mul_29s_29ns_58_3_1_U12   |mul_29s_29ns_58_3_1   |        0|   4|  154|   43|    0|
    |mul_29s_29ns_58_3_1_U13   |mul_29s_29ns_58_3_1   |        0|   4|  154|   43|    0|
    |mul_29s_29ns_58_3_1_U14   |mul_29s_29ns_58_3_1   |        0|   4|  154|   43|    0|
    |mul_29s_29ns_58_3_1_U15   |mul_29s_29ns_58_3_1   |        0|   4|  154|   43|    0|
    |mul_29s_29ns_58_3_1_U16   |mul_29s_29ns_58_3_1   |        0|   4|  154|   43|    0|
    |mul_29s_29s_58_3_1_U17    |mul_29s_29s_58_3_1    |        0|   4|  154|   43|    0|
    |mul_29s_29s_58_3_1_U18    |mul_29s_29s_58_3_1    |        0|   4|  154|   43|    0|
    |mul_29s_29s_58_3_1_U19    |mul_29s_29s_58_3_1    |        0|   4|  154|   43|    0|
    |mul_29s_29s_58_3_1_U20    |mul_29s_29s_58_3_1    |        0|   4|  154|   43|    0|
    |mul_29s_29s_58_3_1_U21    |mul_29s_29s_58_3_1    |        0|   4|  154|   43|    0|
    |mul_29s_29s_58_3_1_U22    |mul_29s_29s_58_3_1    |        0|   4|  154|   43|    0|
    |mul_29s_29s_58_3_1_U23    |mul_29s_29s_58_3_1    |        0|   4|  154|   43|    0|
    |mul_29s_29s_58_3_1_U24    |mul_29s_29s_58_3_1    |        0|   4|  154|   43|    0|
    |mul_29s_29s_58_3_1_U25    |mul_29s_29s_58_3_1    |        0|   4|  154|   43|    0|
    |mul_29s_29s_58_3_1_U26    |mul_29s_29s_58_3_1    |        0|   4|  154|   43|    0|
    |mul_29s_29s_58_3_1_U27    |mul_29s_29s_58_3_1    |        0|   4|  154|   43|    0|
    |mul_29s_29s_58_3_1_U28    |mul_29s_29s_58_3_1    |        0|   4|  154|   43|    0|
    |mul_29s_29s_58_3_1_U29    |mul_29s_29s_58_3_1    |        0|   4|  154|   43|    0|
    |mul_29s_29s_58_3_1_U30    |mul_29s_29s_58_3_1    |        0|   4|  154|   43|    0|
    |mul_29s_29s_58_3_1_U31    |mul_29s_29s_58_3_1    |        0|   4|  154|   43|    0|
    |mul_29s_29s_58_3_1_U32    |mul_29s_29s_58_3_1    |        0|   4|  154|   43|    0|
    |mul_32ns_38ns_69_3_1_U33  |mul_32ns_38ns_69_3_1  |        0|   4|  240|  146|    0|
    |mul_40s_40s_80_3_1_U34    |mul_40s_40s_80_3_1    |        0|   5|  198|   80|    0|
    |mul_77s_40s_117_5_1_U35   |mul_77s_40s_117_5_1   |        0|   9|  441|  249|    0|
    |sparsemux_9_3_32_1_1_U36  |sparsemux_9_3_32_1_1  |        0|   0|    0|   14|    0|
    +--------------------------+----------------------+---------+----+-----+-----+-----+
    |Total                     |                      |        0| 146| 5807| 1865|    0|
    +--------------------------+----------------------+---------+----+-----+-----+-----+

    * DSP: 
    N/A

    * Memory: 
    N/A

    * FIFO: 
    N/A

    * Expression: 
    +-------------------------------+----------+----+---+-----+------------+------------+
    |         Variable Name         | Operation| DSP| FF| LUT | Bitwidth P0| Bitwidth P1|
    +-------------------------------+----------+----+---+-----+------------+------------+
    |add_ln104_10_fu_7144_p2        |         +|   0|  0|   36|          29|          29|
    |add_ln104_11_fu_7148_p2        |         +|   0|  0|   37|          30|          30|
    |add_ln104_12_fu_7210_p2        |         +|   0|  0|   36|          29|          29|
    |add_ln104_13_fu_7214_p2        |         +|   0|  0|   37|          30|          30|
    |add_ln104_14_fu_7276_p2        |         +|   0|  0|   36|          29|          29|
    |add_ln104_15_fu_7280_p2        |         +|   0|  0|   37|          30|          30|
    |add_ln104_16_fu_7344_p2        |         +|   0|  0|   36|          29|          29|
    |add_ln104_17_fu_7350_p2        |         +|   0|  0|   37|          30|          30|
    |add_ln104_18_fu_7380_p2        |         +|   0|  0|   36|          29|          29|
    |add_ln104_19_fu_7386_p2        |         +|   0|  0|   37|          30|          30|
    |add_ln104_1_fu_6818_p2         |         +|   0|  0|   37|          30|          30|
    |add_ln104_20_fu_7416_p2        |         +|   0|  0|   36|          29|          29|
    |add_ln104_21_fu_7422_p2        |         +|   0|  0|   37|          30|          30|
    |add_ln104_22_fu_7452_p2        |         +|   0|  0|   36|          29|          29|
    |add_ln104_23_fu_7458_p2        |         +|   0|  0|   37|          30|          30|
    |add_ln104_24_fu_7604_p2        |         +|   0|  0|   36|          29|          29|
    |add_ln104_25_fu_7610_p2        |         +|   0|  0|   37|          30|          30|
    |add_ln104_26_fu_7674_p2        |         +|   0|  0|   36|          29|          29|
    |add_ln104_27_fu_7680_p2        |         +|   0|  0|   37|          30|          30|
    |add_ln104_28_fu_7742_p2        |         +|   0|  0|   36|          29|          29|
    |add_ln104_29_fu_7746_p2        |         +|   0|  0|   37|          30|          30|
    |add_ln104_2_fu_6880_p2         |         +|   0|  0|   36|          29|          29|
    |add_ln104_30_fu_7809_p2        |         +|   0|  0|   36|          29|          29|
    |add_ln104_31_fu_7814_p2        |         +|   0|  0|   37|          30|          30|
    |add_ln104_3_fu_6884_p2         |         +|   0|  0|   37|          30|          30|
    |add_ln104_4_fu_6946_p2         |         +|   0|  0|   36|          29|          29|
    |add_ln104_5_fu_6950_p2         |         +|   0|  0|   37|          30|          30|
    |add_ln104_6_fu_7012_p2         |         +|   0|  0|   36|          29|          29|
    |add_ln104_7_fu_7016_p2         |         +|   0|  0|   37|          30|          30|
    |add_ln104_8_fu_7078_p2         |         +|   0|  0|   36|          29|          29|
    |add_ln104_9_fu_7082_p2         |         +|   0|  0|   37|          30|          30|
    |add_ln104_fu_6814_p2           |         +|   0|  0|   36|          29|          29|
    |add_ln204_10_fu_5885_p2        |         +|   0|  0|   36|          29|          29|
    |add_ln204_11_fu_6046_p2        |         +|   0|  0|   36|          29|          29|
    |add_ln204_12_fu_6207_p2        |         +|   0|  0|   36|          29|          29|
    |add_ln204_13_fu_6368_p2        |         +|   0|  0|   36|          29|          29|
    |add_ln204_14_fu_6529_p2        |         +|   0|  0|   36|          29|          29|
    |add_ln204_15_fu_6690_p2        |         +|   0|  0|   36|          29|          29|
    |add_ln204_1_fu_4436_p2         |         +|   0|  0|   36|          29|          29|
    |add_ln204_2_fu_4597_p2         |         +|   0|  0|   36|          29|          29|
    |add_ln204_3_fu_4758_p2         |         +|   0|  0|   36|          29|          29|
    |add_ln204_4_fu_4919_p2         |         +|   0|  0|   36|          29|          29|
    |add_ln204_5_fu_5080_p2         |         +|   0|  0|   36|          29|          29|
    |add_ln204_6_fu_5241_p2         |         +|   0|  0|   36|          29|          29|
    |add_ln204_7_fu_5402_p2         |         +|   0|  0|   36|          29|          29|
    |add_ln204_8_fu_5563_p2         |         +|   0|  0|   36|          29|          29|
    |add_ln204_9_fu_5724_p2         |         +|   0|  0|   36|          29|          29|
    |add_ln204_fu_4275_p2           |         +|   0|  0|   36|          29|          29|
    |add_ln253_fu_8146_p2           |         +|   0|  0|  101|          78|          74|
    |add_ln263_10_fu_9466_p2        |         +|   0|  0|  117|         117|         102|
    |add_ln263_12_fu_9693_p2        |         +|   0|  0|  117|         117|         104|
    |add_ln263_14_fu_9920_p2        |         +|   0|  0|  117|         117|         105|
    |add_ln263_16_fu_10147_p2       |         +|   0|  0|  117|         117|         107|
    |add_ln263_18_fu_10374_p2       |         +|   0|  0|  117|         117|         106|
    |add_ln263_1_fu_8281_p2         |         +|   0|  0|   95|          95|          95|
    |add_ln263_20_fu_10601_p2       |         +|   0|  0|  117|         117|         108|
    |add_ln263_2_fu_8555_p2         |         +|   0|  0|  124|         117|          94|
    |add_ln263_3_fu_8298_p2         |         +|   0|  0|   95|          95|          95|
    |add_ln263_4_fu_8785_p2         |         +|   0|  0|  117|         117|          98|
    |add_ln263_5_fu_8332_p2         |         +|   0|  0|   95|          95|          95|
    |add_ln263_6_fu_9012_p2         |         +|   0|  0|  117|         117|          98|
    |add_ln263_7_fu_8382_p2         |         +|   0|  0|   95|          95|          95|
    |add_ln263_8_fu_9239_p2         |         +|   0|  0|  117|         117|         101|
    |add_ln263_fu_8388_p2           |         +|   0|  0|   95|          95|          93|
    |add_ln269_fu_10815_p2          |         +|   0|  0|   80|          80|          70|
    |b0_10_fu_9056_p2               |         +|   0|  0|   47|          40|          40|
    |b0_13_fu_9283_p2               |         +|   0|  0|   47|          40|          40|
    |b0_16_fu_9510_p2               |         +|   0|  0|   47|          40|          40|
    |b0_19_fu_9737_p2               |         +|   0|  0|   47|          40|          40|
    |b0_1_fu_8426_p2                |         +|   0|  0|   31|          24|          24|
    |b0_22_fu_9964_p2               |         +|   0|  0|   47|          40|          40|
    |b0_25_fu_10191_p2              |         +|   0|  0|   47|          40|          40|
    |b0_28_fu_10418_p2              |         +|   0|  0|   47|          40|          40|
    |b0_31_fu_10645_p2              |         +|   0|  0|   47|          40|          40|
    |b0_4_fu_8635_p2                |         +|   0|  0|   47|          40|          40|
    |b0_7_fu_8829_p2                |         +|   0|  0|   47|          40|          40|
    |p_1_fu_10875_p2                |         +|   0|  0|   47|          40|          40|
    |p_4_fu_11097_p2                |         +|   0|  0|   39|          32|          32|
    |z_fu_8087_p2                   |         +|   0|  0|   44|          37|          37|
    |sub_ln209_fu_7869_p2           |         -|   0|  0|   37|           1|          30|
    |sub_ln263_10_fu_8349_p2        |         -|   0|  0|   95|          95|          95|
    |sub_ln263_11_fu_8365_p2        |         -|   0|  0|   95|          95|          95|
    |sub_ln263_1_fu_9006_p2         |         -|   0|  0|  117|         117|         117|
    |sub_ln263_2_fu_9233_p2         |         -|   0|  0|  117|         117|         117|
    |sub_ln263_3_fu_9460_p2         |         -|   0|  0|  117|         117|         117|
    |sub_ln263_4_fu_9687_p2         |         -|   0|  0|  117|         117|         117|
    |sub_ln263_5_fu_9914_p2         |         -|   0|  0|  117|         117|         117|
    |sub_ln263_6_fu_10141_p2        |         -|   0|  0|  117|         117|         117|
    |sub_ln263_7_fu_10368_p2        |         -|   0|  0|  117|         117|         117|
    |sub_ln263_8_fu_10595_p2        |         -|   0|  0|  117|         117|         117|
    |sub_ln263_9_fu_8315_p2         |         -|   0|  0|   95|          95|          95|
    |sub_ln263_fu_8779_p2           |         -|   0|  0|  117|         117|         117|
    |sub_ln269_fu_10831_p2          |         -|   0|  0|   80|          80|          80|
    |and_ln104_10_fu_7543_p2        |       and|   0|  0|    2|           1|           1|
    |and_ln104_11_fu_7572_p2        |       and|   0|  0|    2|           1|           1|
    |and_ln104_12_fu_7638_p2        |       and|   0|  0|    2|           1|           1|
    |and_ln104_13_fu_7708_p2        |       and|   0|  0|    2|           1|           1|
    |and_ln104_14_fu_7774_p2        |       and|   0|  0|    2|           1|           1|
    |and_ln104_15_fu_7841_p2        |       and|   0|  0|    2|           1|           1|
    |and_ln104_1_fu_6912_p2         |       and|   0|  0|    2|           1|           1|
    |and_ln104_2_fu_6978_p2         |       and|   0|  0|    2|           1|           1|
    |and_ln104_3_fu_7044_p2         |       and|   0|  0|    2|           1|           1|
    |and_ln104_4_fu_7110_p2         |       and|   0|  0|    2|           1|           1|
    |and_ln104_5_fu_7176_p2         |       and|   0|  0|    2|           1|           1|
    |and_ln104_6_fu_7242_p2         |       and|   0|  0|    2|           1|           1|
    |and_ln104_7_fu_7308_p2         |       and|   0|  0|    2|           1|           1|
    |and_ln104_8_fu_7485_p2         |       and|   0|  0|    2|           1|           1|
    |and_ln104_9_fu_7514_p2         |       and|   0|  0|    2|           1|           1|
    |and_ln104_fu_6846_p2           |       and|   0|  0|    2|           1|           1|
    |and_ln204_10_fu_4675_p2        |       and|   0|  0|    2|           1|           1|
    |and_ln204_11_fu_4687_p2        |       and|   0|  0|    2|           1|           1|
    |and_ln204_12_fu_4778_p2        |       and|   0|  0|    2|           1|           1|
    |and_ln204_13_fu_4830_p2        |       and|   0|  0|    2|           1|           1|
    |and_ln204_14_fu_4836_p2        |       and|   0|  0|    2|           1|           1|
    |and_ln204_15_fu_4848_p2        |       and|   0|  0|    2|           1|           1|
    |and_ln204_16_fu_4939_p2        |       and|   0|  0|    2|           1|           1|
    |and_ln204_17_fu_4991_p2        |       and|   0|  0|    2|           1|           1|
    |and_ln204_18_fu_4997_p2        |       and|   0|  0|    2|           1|           1|
    |and_ln204_19_fu_5009_p2        |       and|   0|  0|    2|           1|           1|
    |and_ln204_1_fu_4347_p2         |       and|   0|  0|    2|           1|           1|
    |and_ln204_20_fu_5100_p2        |       and|   0|  0|    2|           1|           1|
    |and_ln204_21_fu_5152_p2        |       and|   0|  0|    2|           1|           1|
    |and_ln204_22_fu_5158_p2        |       and|   0|  0|    2|           1|           1|
    |and_ln204_23_fu_5170_p2        |       and|   0|  0|    2|           1|           1|
    |and_ln204_24_fu_5261_p2        |       and|   0|  0|    2|           1|           1|
    |and_ln204_25_fu_5313_p2        |       and|   0|  0|    2|           1|           1|
    |and_ln204_26_fu_5319_p2        |       and|   0|  0|    2|           1|           1|
    |and_ln204_27_fu_5331_p2        |       and|   0|  0|    2|           1|           1|
    |and_ln204_28_fu_5422_p2        |       and|   0|  0|    2|           1|           1|
    |and_ln204_29_fu_5474_p2        |       and|   0|  0|    2|           1|           1|
    |and_ln204_2_fu_4353_p2         |       and|   0|  0|    2|           1|           1|
    |and_ln204_30_fu_5480_p2        |       and|   0|  0|    2|           1|           1|
    |and_ln204_31_fu_5492_p2        |       and|   0|  0|    2|           1|           1|
    |and_ln204_32_fu_5583_p2        |       and|   0|  0|    2|           1|           1|
    |and_ln204_33_fu_5635_p2        |       and|   0|  0|    2|           1|           1|
    |and_ln204_34_fu_5641_p2        |       and|   0|  0|    2|           1|           1|
    |and_ln204_35_fu_5653_p2        |       and|   0|  0|    2|           1|           1|
    |and_ln204_36_fu_5744_p2        |       and|   0|  0|    2|           1|           1|
    |and_ln204_37_fu_5796_p2        |       and|   0|  0|    2|           1|           1|
    |and_ln204_38_fu_5802_p2        |       and|   0|  0|    2|           1|           1|
    |and_ln204_39_fu_5814_p2        |       and|   0|  0|    2|           1|           1|
    |and_ln204_3_fu_4365_p2         |       and|   0|  0|    2|           1|           1|
    |and_ln204_40_fu_5905_p2        |       and|   0|  0|    2|           1|           1|
    |and_ln204_41_fu_5957_p2        |       and|   0|  0|    2|           1|           1|
    |and_ln204_42_fu_5963_p2        |       and|   0|  0|    2|           1|           1|
    |and_ln204_43_fu_5975_p2        |       and|   0|  0|    2|           1|           1|
    |and_ln204_44_fu_6066_p2        |       and|   0|  0|    2|           1|           1|
    |and_ln204_45_fu_6118_p2        |       and|   0|  0|    2|           1|           1|
    |and_ln204_46_fu_6124_p2        |       and|   0|  0|    2|           1|           1|
    |and_ln204_47_fu_6136_p2        |       and|   0|  0|    2|           1|           1|
    |and_ln204_48_fu_6227_p2        |       and|   0|  0|    2|           1|           1|
    |and_ln204_49_fu_6279_p2        |       and|   0|  0|    2|           1|           1|
    |and_ln204_4_fu_4456_p2         |       and|   0|  0|    2|           1|           1|
    |and_ln204_50_fu_6285_p2        |       and|   0|  0|    2|           1|           1|
    |and_ln204_51_fu_6297_p2        |       and|   0|  0|    2|           1|           1|
    |and_ln204_52_fu_6388_p2        |       and|   0|  0|    2|           1|           1|
    |and_ln204_53_fu_6440_p2        |       and|   0|  0|    2|           1|           1|
    |and_ln204_54_fu_6446_p2        |       and|   0|  0|    2|           1|           1|
    |and_ln204_55_fu_6458_p2        |       and|   0|  0|    2|           1|           1|
    |and_ln204_56_fu_6549_p2        |       and|   0|  0|    2|           1|           1|
    |and_ln204_57_fu_6601_p2        |       and|   0|  0|    2|           1|           1|
    |and_ln204_58_fu_6607_p2        |       and|   0|  0|    2|           1|           1|
    |and_ln204_59_fu_6619_p2        |       and|   0|  0|    2|           1|           1|
    |and_ln204_5_fu_4508_p2         |       and|   0|  0|    2|           1|           1|
    |and_ln204_60_fu_6710_p2        |       and|   0|  0|    2|           1|           1|
    |and_ln204_61_fu_6762_p2        |       and|   0|  0|    2|           1|           1|
    |and_ln204_62_fu_6768_p2        |       and|   0|  0|    2|           1|           1|
    |and_ln204_63_fu_6780_p2        |       and|   0|  0|    2|           1|           1|
    |and_ln204_6_fu_4514_p2         |       and|   0|  0|    2|           1|           1|
    |and_ln204_7_fu_4526_p2         |       and|   0|  0|    2|           1|           1|
    |and_ln204_8_fu_4617_p2         |       and|   0|  0|    2|           1|           1|
    |and_ln204_9_fu_4669_p2         |       and|   0|  0|    2|           1|           1|
    |and_ln204_fu_4295_p2           |       and|   0|  0|    2|           1|           1|
    |and_ln209_1_fu_7913_p2         |       and|   0|  0|    2|           1|           1|
    |and_ln209_fu_7901_p2           |       and|   0|  0|    2|           1|           1|
    |and_ln212_fu_4029_p2           |       and|   0|  0|   16|          16|          16|
    |and_ln214_fu_7994_p2           |       and|   0|  0|    2|           1|           1|
    |and_ln253_1_fu_8221_p2         |       and|   0|  0|    2|           1|           1|
    |and_ln253_2_fu_8232_p2         |       and|   0|  0|    2|           1|           1|
    |and_ln253_fu_8215_p2           |       and|   0|  0|    2|           1|           1|
    |and_ln263_10_fu_8849_p2        |       and|   0|  0|    2|           1|           1|
    |and_ln263_11_fu_8911_p2        |       and|   0|  0|    2|           1|           1|
    |and_ln263_12_fu_8922_p2        |       and|   0|  0|    2|           1|           1|
    |and_ln263_13_fu_8942_p2        |       and|   0|  0|    2|           1|           1|
    |and_ln263_14_fu_8948_p2        |       and|   0|  0|    2|           1|           1|
    |and_ln263_15_fu_8965_p2        |       and|   0|  0|    2|           1|           1|
    |and_ln263_16_fu_9076_p2        |       and|   0|  0|    2|           1|           1|
    |and_ln263_17_fu_9138_p2        |       and|   0|  0|    2|           1|           1|
    |and_ln263_18_fu_9149_p2        |       and|   0|  0|    2|           1|           1|
    |and_ln263_19_fu_9169_p2        |       and|   0|  0|    2|           1|           1|
    |and_ln263_1_fu_8488_p2         |       and|   0|  0|    2|           1|           1|
    |and_ln263_20_fu_9175_p2        |       and|   0|  0|    2|           1|           1|
    |and_ln263_21_fu_9192_p2        |       and|   0|  0|    2|           1|           1|
    |and_ln263_22_fu_9303_p2        |       and|   0|  0|    2|           1|           1|
    |and_ln263_23_fu_9365_p2        |       and|   0|  0|    2|           1|           1|
    |and_ln263_24_fu_9376_p2        |       and|   0|  0|    2|           1|           1|
    |and_ln263_25_fu_9396_p2        |       and|   0|  0|    2|           1|           1|
    |and_ln263_26_fu_9402_p2        |       and|   0|  0|    2|           1|           1|
    |and_ln263_27_fu_9419_p2        |       and|   0|  0|    2|           1|           1|
    |and_ln263_28_fu_9530_p2        |       and|   0|  0|    2|           1|           1|
    |and_ln263_29_fu_9592_p2        |       and|   0|  0|    2|           1|           1|
    |and_ln263_2_fu_8494_p2         |       and|   0|  0|    2|           1|           1|
    |and_ln263_30_fu_9603_p2        |       and|   0|  0|    2|           1|           1|
    |and_ln263_31_fu_9623_p2        |       and|   0|  0|    2|           1|           1|
    |and_ln263_32_fu_9629_p2        |       and|   0|  0|    2|           1|           1|
    |and_ln263_33_fu_9646_p2        |       and|   0|  0|    2|           1|           1|
    |and_ln263_34_fu_9757_p2        |       and|   0|  0|    2|           1|           1|
    |and_ln263_35_fu_9819_p2        |       and|   0|  0|    2|           1|           1|
    |and_ln263_36_fu_9830_p2        |       and|   0|  0|    2|           1|           1|
    |and_ln263_37_fu_9850_p2        |       and|   0|  0|    2|           1|           1|
    |and_ln263_38_fu_9856_p2        |       and|   0|  0|    2|           1|           1|
    |and_ln263_39_fu_9873_p2        |       and|   0|  0|    2|           1|           1|
    |and_ln263_3_fu_8512_p2         |       and|   0|  0|    2|           1|           1|
    |and_ln263_40_fu_9984_p2        |       and|   0|  0|    2|           1|           1|
    |and_ln263_41_fu_10046_p2       |       and|   0|  0|    2|           1|           1|
    |and_ln263_42_fu_10057_p2       |       and|   0|  0|    2|           1|           1|
    |and_ln263_43_fu_10077_p2       |       and|   0|  0|    2|           1|           1|
    |and_ln263_44_fu_10083_p2       |       and|   0|  0|    2|           1|           1|
    |and_ln263_45_fu_10100_p2       |       and|   0|  0|    2|           1|           1|
    |and_ln263_46_fu_10211_p2       |       and|   0|  0|    2|           1|           1|
    |and_ln263_47_fu_10273_p2       |       and|   0|  0|    2|           1|           1|
    |and_ln263_48_fu_10284_p2       |       and|   0|  0|    2|           1|           1|
    |and_ln263_49_fu_10304_p2       |       and|   0|  0|    2|           1|           1|
    |and_ln263_4_fu_8654_p2         |       and|   0|  0|    2|           1|           1|
    |and_ln263_50_fu_10310_p2       |       and|   0|  0|    2|           1|           1|
    |and_ln263_51_fu_10327_p2       |       and|   0|  0|    2|           1|           1|
    |and_ln263_52_fu_10438_p2       |       and|   0|  0|    2|           1|           1|
    |and_ln263_53_fu_10500_p2       |       and|   0|  0|    2|           1|           1|
    |and_ln263_54_fu_10511_p2       |       and|   0|  0|    2|           1|           1|
    |and_ln263_55_fu_10531_p2       |       and|   0|  0|    2|           1|           1|
    |and_ln263_56_fu_10537_p2       |       and|   0|  0|    2|           1|           1|
    |and_ln263_57_fu_10554_p2       |       and|   0|  0|    2|           1|           1|
    |and_ln263_58_fu_10665_p2       |       and|   0|  0|    2|           1|           1|
    |and_ln263_59_fu_10727_p2       |       and|   0|  0|    2|           1|           1|
    |and_ln263_5_fu_8679_p2         |       and|   0|  0|    2|           1|           1|
    |and_ln263_60_fu_10738_p2       |       and|   0|  0|    2|           1|           1|
    |and_ln263_61_fu_10758_p2       |       and|   0|  0|    2|           1|           1|
    |and_ln263_62_fu_10764_p2       |       and|   0|  0|    2|           1|           1|
    |and_ln263_63_fu_10781_p2       |       and|   0|  0|    2|           1|           1|
    |and_ln263_6_fu_8691_p2         |       and|   0|  0|    2|           1|           1|
    |and_ln263_7_fu_8713_p2         |       and|   0|  0|    2|           1|           1|
    |and_ln263_8_fu_8719_p2         |       and|   0|  0|    2|           1|           1|
    |and_ln263_9_fu_8737_p2         |       and|   0|  0|    2|           1|           1|
    |and_ln263_fu_8450_p2           |       and|   0|  0|    2|           1|           1|
    |and_ln269_1_fu_10957_p2        |       and|   0|  0|    2|           1|           1|
    |and_ln269_2_fu_10968_p2        |       and|   0|  0|    2|           1|           1|
    |and_ln269_3_fu_10988_p2        |       and|   0|  0|    2|           1|           1|
    |and_ln269_4_fu_10994_p2        |       and|   0|  0|    2|           1|           1|
    |and_ln269_5_fu_11011_p2        |       and|   0|  0|    2|           1|           1|
    |and_ln269_fu_10895_p2          |       and|   0|  0|    2|           1|           1|
    |and_ln272_fu_11190_p2          |       and|   0|  0|    2|           1|           1|
    |and_ln276_fu_11174_p2          |       and|   0|  0|    2|           1|           1|
    |and_ln280_1_fu_11218_p2        |       and|   0|  0|    2|           1|           1|
    |and_ln280_fu_11135_p2          |       and|   0|  0|    2|           1|           1|
    |icmp_ln238_fu_8044_p2          |      icmp|   0|  0|   35|          28|           1|
    |icmp_ln244_fu_8049_p2          |      icmp|   0|  0|   35|          28|          24|
    |icmp_ln253_1_fu_8200_p2        |      icmp|   0|  0|    9|           2|           1|
    |icmp_ln253_fu_8195_p2          |      icmp|   0|  0|    9|           2|           2|
    |icmp_ln263_10_fu_9335_p2       |      icmp|   0|  0|   12|           5|           2|
    |icmp_ln263_11_fu_9341_p2       |      icmp|   0|  0|   12|           5|           1|
    |icmp_ln263_12_fu_9546_p2       |      icmp|   0|  0|   12|           4|           2|
    |icmp_ln263_13_fu_9562_p2       |      icmp|   0|  0|   12|           5|           2|
    |icmp_ln263_14_fu_9568_p2       |      icmp|   0|  0|   12|           5|           1|
    |icmp_ln263_15_fu_9773_p2       |      icmp|   0|  0|   12|           4|           2|
    |icmp_ln263_16_fu_9789_p2       |      icmp|   0|  0|   12|           5|           2|
    |icmp_ln263_17_fu_9795_p2       |      icmp|   0|  0|   12|           5|           1|
    |icmp_ln263_18_fu_10000_p2      |      icmp|   0|  0|   12|           4|           2|
    |icmp_ln263_19_fu_10016_p2      |      icmp|   0|  0|   12|           5|           2|
    |icmp_ln263_1_fu_8613_p2        |      icmp|   0|  0|   12|           5|           2|
    |icmp_ln263_20_fu_10022_p2      |      icmp|   0|  0|   12|           5|           1|
    |icmp_ln263_21_fu_10227_p2      |      icmp|   0|  0|   12|           4|           2|
    |icmp_ln263_22_fu_10243_p2      |      icmp|   0|  0|   12|           5|           2|
    |icmp_ln263_23_fu_10249_p2      |      icmp|   0|  0|   12|           5|           1|
    |icmp_ln263_24_fu_10454_p2      |      icmp|   0|  0|   12|           4|           2|
    |icmp_ln263_25_fu_10470_p2      |      icmp|   0|  0|   12|           5|           2|
    |icmp_ln263_26_fu_10476_p2      |      icmp|   0|  0|   12|           5|           1|
    |icmp_ln263_27_fu_10681_p2      |      icmp|   0|  0|   12|           4|           2|
    |icmp_ln263_28_fu_10697_p2      |      icmp|   0|  0|   12|           5|           2|
    |icmp_ln263_29_fu_10703_p2      |      icmp|   0|  0|   12|           5|           1|
    |icmp_ln263_2_fu_8619_p2        |      icmp|   0|  0|   12|           5|           1|
    |icmp_ln263_3_fu_8865_p2        |      icmp|   0|  0|   12|           4|           2|
    |icmp_ln263_4_fu_8881_p2        |      icmp|   0|  0|   12|           5|           2|
    |icmp_ln263_5_fu_8887_p2        |      icmp|   0|  0|   12|           5|           1|
    |icmp_ln263_6_fu_9092_p2        |      icmp|   0|  0|   12|           4|           2|
    |icmp_ln263_7_fu_9108_p2        |      icmp|   0|  0|   12|           5|           2|
    |icmp_ln263_8_fu_9114_p2        |      icmp|   0|  0|   12|           5|           1|
    |icmp_ln263_9_fu_9319_p2        |      icmp|   0|  0|   12|           4|           2|
    |icmp_ln263_fu_8597_p2          |      icmp|   0|  0|   12|           4|           2|
    |icmp_ln269_1_fu_10927_p2       |      icmp|   0|  0|   12|           4|           2|
    |icmp_ln269_2_fu_10933_p2       |      icmp|   0|  0|   12|           4|           1|
    |icmp_ln269_fu_10911_p2         |      icmp|   0|  0|   10|           3|           2|
    |icmp_ln272_fu_11037_p2         |      icmp|   0|  0|   47|          40|           1|
    |icmp_ln276_fu_11053_p2         |      icmp|   0|  0|   12|           4|           1|
    |selected_bit_fu_4035_p2        |      icmp|   0|  0|   23|          16|           1|
    |empty_fu_11117_p2              |        or|   0|  0|    2|           1|           1|
    |or_ln157_10_fu_1879_p2         |        or|   0|  0|    2|           1|           1|
    |or_ln157_11_fu_2089_p2         |        or|   0|  0|    2|           1|           1|
    |or_ln157_12_fu_2223_p2         |        or|   0|  0|    2|           1|           1|
    |or_ln157_13_fu_2349_p2         |        or|   0|  0|    2|           1|           1|
    |or_ln157_14_fu_2395_p2         |        or|   0|  0|    2|           1|           1|
    |or_ln157_15_fu_2489_p2         |        or|   0|  0|    2|           1|           1|
    |or_ln157_16_fu_2535_p2         |        or|   0|  0|    2|           1|           1|
    |or_ln157_17_fu_2621_p2         |        or|   0|  0|    2|           1|           1|
    |or_ln157_18_fu_2675_p2         |        or|   0|  0|    2|           1|           1|
    |or_ln157_19_fu_2761_p2         |        or|   0|  0|    2|           1|           1|
    |or_ln157_1_fu_1737_p2          |        or|   0|  0|    2|           1|           1|
    |or_ln157_20_fu_2815_p2         |        or|   0|  0|    2|           1|           1|
    |or_ln157_21_fu_2893_p2         |        or|   0|  0|    2|           1|           1|
    |or_ln157_22_fu_2947_p2         |        or|   0|  0|    2|           1|           1|
    |or_ln157_23_fu_2977_p2         |        or|   0|  0|    2|           1|           1|
    |or_ln157_24_fu_3039_p2         |        or|   0|  0|    2|           1|           1|
    |or_ln157_25_fu_3093_p2         |        or|   0|  0|    2|           1|           1|
    |or_ln157_26_fu_3123_p2         |        or|   0|  0|    2|           1|           1|
    |or_ln157_27_fu_3177_p2         |        or|   0|  0|    2|           1|           1|
    |or_ln157_28_fu_3239_p2         |        or|   0|  0|    2|           1|           1|
    |or_ln157_29_fu_3269_p2         |        or|   0|  0|    2|           1|           1|
    |or_ln157_2_fu_1751_p2          |        or|   0|  0|    2|           1|           1|
    |or_ln157_30_fu_3323_p2         |        or|   0|  0|    2|           1|           1|
    |or_ln157_31_fu_3385_p2         |        or|   0|  0|    2|           1|           1|
    |or_ln157_32_fu_3415_p2         |        or|   0|  0|    2|           1|           1|
    |or_ln157_33_fu_3461_p2         |        or|   0|  0|    2|           1|           1|
    |or_ln157_34_fu_3523_p2         |        or|   0|  0|    2|           1|           1|
    |or_ln157_35_fu_3561_p2         |        or|   0|  0|    2|           1|           1|
    |or_ln157_36_fu_3607_p2         |        or|   0|  0|    2|           1|           1|
    |or_ln157_37_fu_3669_p2         |        or|   0|  0|    2|           1|           1|
    |or_ln157_38_fu_3707_p2         |        or|   0|  0|    2|           1|           1|
    |or_ln157_39_fu_3745_p2         |        or|   0|  0|    2|           1|           1|
    |or_ln157_3_fu_1765_p2          |        or|   0|  0|    2|           1|           1|
    |or_ln157_40_fu_3815_p2         |        or|   0|  0|    2|           1|           1|
    |or_ln157_41_fu_3853_p2         |        or|   0|  0|    2|           1|           1|
    |or_ln157_42_fu_3891_p2         |        or|   0|  0|    2|           1|           1|
    |or_ln157_43_fu_3961_p2         |        or|   0|  0|    2|           1|           1|
    |or_ln157_44_fu_3999_p2         |        or|   0|  0|    2|           1|           1|
    |or_ln157_4_fu_1779_p2          |        or|   0|  0|    2|           1|           1|
    |or_ln157_5_fu_1793_p2          |        or|   0|  0|    2|           1|           1|
    |or_ln157_6_fu_1807_p2          |        or|   0|  0|    2|           1|           1|
    |or_ln157_7_fu_1829_p2          |        or|   0|  0|    2|           1|           1|
    |or_ln157_8_fu_1843_p2          |        or|   0|  0|    2|           1|           1|
    |or_ln157_9_fu_1857_p2          |        or|   0|  0|    2|           1|           1|
    |or_ln157_fu_1723_p2            |        or|   0|  0|    2|           1|           1|
    |or_ln204_10_fu_4824_p2         |        or|   0|  0|    2|           1|           1|
    |or_ln204_11_fu_4862_p2         |        or|   0|  0|    2|           1|           1|
    |or_ln204_12_fu_4973_p2         |        or|   0|  0|    2|           1|           1|
    |or_ln204_13_fu_4985_p2         |        or|   0|  0|    2|           1|           1|
    |or_ln204_14_fu_5023_p2         |        or|   0|  0|    2|           1|           1|
    |or_ln204_15_fu_5134_p2         |        or|   0|  0|    2|           1|           1|
    |or_ln204_16_fu_5146_p2         |        or|   0|  0|    2|           1|           1|
    |or_ln204_17_fu_5184_p2         |        or|   0|  0|    2|           1|           1|
    |or_ln204_18_fu_5295_p2         |        or|   0|  0|    2|           1|           1|
    |or_ln204_19_fu_5307_p2         |        or|   0|  0|    2|           1|           1|
    |or_ln204_1_fu_4341_p2          |        or|   0|  0|    2|           1|           1|
    |or_ln204_20_fu_5345_p2         |        or|   0|  0|    2|           1|           1|
    |or_ln204_21_fu_5456_p2         |        or|   0|  0|    2|           1|           1|
    |or_ln204_22_fu_5468_p2         |        or|   0|  0|    2|           1|           1|
    |or_ln204_23_fu_5506_p2         |        or|   0|  0|    2|           1|           1|
    |or_ln204_24_fu_5617_p2         |        or|   0|  0|    2|           1|           1|
    |or_ln204_25_fu_5629_p2         |        or|   0|  0|    2|           1|           1|
    |or_ln204_26_fu_5667_p2         |        or|   0|  0|    2|           1|           1|
    |or_ln204_27_fu_5778_p2         |        or|   0|  0|    2|           1|           1|
    |or_ln204_28_fu_5790_p2         |        or|   0|  0|    2|           1|           1|
    |or_ln204_29_fu_5828_p2         |        or|   0|  0|    2|           1|           1|
    |or_ln204_2_fu_4379_p2          |        or|   0|  0|    2|           1|           1|
    |or_ln204_30_fu_5939_p2         |        or|   0|  0|    2|           1|           1|
    |or_ln204_31_fu_5951_p2         |        or|   0|  0|    2|           1|           1|
    |or_ln204_32_fu_5989_p2         |        or|   0|  0|    2|           1|           1|
    |or_ln204_33_fu_6100_p2         |        or|   0|  0|    2|           1|           1|
    |or_ln204_34_fu_6112_p2         |        or|   0|  0|    2|           1|           1|
    |or_ln204_35_fu_6150_p2         |        or|   0|  0|    2|           1|           1|
    |or_ln204_36_fu_6261_p2         |        or|   0|  0|    2|           1|           1|
    |or_ln204_37_fu_6273_p2         |        or|   0|  0|    2|           1|           1|
    |or_ln204_38_fu_6311_p2         |        or|   0|  0|    2|           1|           1|
    |or_ln204_39_fu_6422_p2         |        or|   0|  0|    2|           1|           1|
    |or_ln204_3_fu_4490_p2          |        or|   0|  0|    2|           1|           1|
    |or_ln204_40_fu_6434_p2         |        or|   0|  0|    2|           1|           1|
    |or_ln204_41_fu_6472_p2         |        or|   0|  0|    2|           1|           1|
    |or_ln204_42_fu_6583_p2         |        or|   0|  0|    2|           1|           1|
    |or_ln204_43_fu_6595_p2         |        or|   0|  0|    2|           1|           1|
    |or_ln204_44_fu_6633_p2         |        or|   0|  0|    2|           1|           1|
    |or_ln204_45_fu_6744_p2         |        or|   0|  0|    2|           1|           1|
    |or_ln204_46_fu_6756_p2         |        or|   0|  0|    2|           1|           1|
    |or_ln204_47_fu_6794_p2         |        or|   0|  0|    2|           1|           1|
    |or_ln204_4_fu_4502_p2          |        or|   0|  0|    2|           1|           1|
    |or_ln204_5_fu_4540_p2          |        or|   0|  0|    2|           1|           1|
    |or_ln204_6_fu_4651_p2          |        or|   0|  0|    2|           1|           1|
    |or_ln204_7_fu_4663_p2          |        or|   0|  0|    2|           1|           1|
    |or_ln204_8_fu_4701_p2          |        or|   0|  0|    2|           1|           1|
    |or_ln204_9_fu_4812_p2          |        or|   0|  0|    2|           1|           1|
    |or_ln204_fu_4329_p2            |        or|   0|  0|    2|           1|           1|
    |or_ln209_fu_7931_p2            |        or|   0|  0|    2|           1|           1|
    |or_ln253_1_fu_8205_p2          |        or|   0|  0|    2|           1|           1|
    |or_ln253_2_fu_8245_p2          |        or|   0|  0|    2|           1|           1|
    |or_ln253_fu_8120_p2            |        or|   0|  0|    2|           1|           1|
    |or_ln263_10_fu_9613_p2         |        or|   0|  0|    2|           1|           1|
    |or_ln263_11_fu_9659_p2         |        or|   0|  0|    2|           1|           1|
    |or_ln263_12_fu_9840_p2         |        or|   0|  0|    2|           1|           1|
    |or_ln263_13_fu_9886_p2         |        or|   0|  0|    2|           1|           1|
    |or_ln263_14_fu_10067_p2        |        or|   0|  0|    2|           1|           1|
    |or_ln263_15_fu_10113_p2        |        or|   0|  0|    2|           1|           1|
    |or_ln263_16_fu_10294_p2        |        or|   0|  0|    2|           1|           1|
    |or_ln263_17_fu_10340_p2        |        or|   0|  0|    2|           1|           1|
    |or_ln263_18_fu_10521_p2        |        or|   0|  0|    2|           1|           1|
    |or_ln263_19_fu_10567_p2        |        or|   0|  0|    2|           1|           1|
    |or_ln263_1_fu_8525_p2          |        or|   0|  0|    2|           1|           1|
    |or_ln263_20_fu_10748_p2        |        or|   0|  0|    2|           1|           1|
    |or_ln263_21_fu_10794_p2        |        or|   0|  0|    2|           1|           1|
    |or_ln263_22_fu_8460_p2         |        or|   0|  0|    2|           1|           1|
    |or_ln263_23_fu_8500_p2         |        or|   0|  0|    2|           1|           1|
    |or_ln263_24_fu_8725_p2         |        or|   0|  0|    2|           1|           1|
    |or_ln263_25_fu_8953_p2         |        or|   0|  0|    2|           1|           1|
    |or_ln263_26_fu_9180_p2         |        or|   0|  0|    2|           1|           1|
    |or_ln263_27_fu_9407_p2         |        or|   0|  0|    2|           1|           1|
    |or_ln263_28_fu_9634_p2         |        or|   0|  0|    2|           1|           1|
    |or_ln263_29_fu_9861_p2         |        or|   0|  0|    2|           1|           1|
    |or_ln263_2_fu_8702_p2          |        or|   0|  0|    2|           1|           1|
    |or_ln263_30_fu_10088_p2        |        or|   0|  0|    2|           1|           1|
    |or_ln263_31_fu_10315_p2        |        or|   0|  0|    2|           1|           1|
    |or_ln263_32_fu_10542_p2        |        or|   0|  0|    2|           1|           1|
    |or_ln263_33_fu_10769_p2        |        or|   0|  0|    2|           1|           1|
    |or_ln263_3_fu_8750_p2          |        or|   0|  0|    2|           1|           1|
    |or_ln263_4_fu_8932_p2          |        or|   0|  0|    2|           1|           1|
    |or_ln263_5_fu_8978_p2          |        or|   0|  0|    2|           1|           1|
    |or_ln263_6_fu_9159_p2          |        or|   0|  0|    2|           1|           1|
    |or_ln263_7_fu_9205_p2          |        or|   0|  0|    2|           1|           1|
    |or_ln263_8_fu_9386_p2          |        or|   0|  0|    2|           1|           1|
    |or_ln263_9_fu_9432_p2          |        or|   0|  0|    2|           1|           1|
    |or_ln263_fu_8482_p2            |        or|   0|  0|    2|           1|           1|
    |or_ln269_1_fu_11024_p2         |        or|   0|  0|    2|           1|           1|
    |or_ln269_2_fu_10999_p2         |        or|   0|  0|    2|           1|           1|
    |or_ln269_fu_10978_p2           |        or|   0|  0|    2|           1|           1|
    |or_ln272_fu_11163_p2           |        or|   0|  0|    2|           1|           1|
    |or_ln276_1_fu_11196_p2         |        or|   0|  0|    2|           1|           1|
    |or_ln276_2_fu_11200_p2         |        or|   0|  0|    2|           1|           1|
    |or_ln276_3_fu_11206_p2         |        or|   0|  0|    2|           1|           1|
    |or_ln276_fu_11180_p2           |        or|   0|  0|    2|           1|           1|
    |or_ln280_1_fu_11141_p2         |        or|   0|  0|    2|           1|           1|
    |or_ln280_fu_11123_p2           |        or|   0|  0|    2|           1|           1|
    |b0_33_fu_8531_p3               |    select|   0|  0|   40|           1|          40|
    |b0_34_fu_8756_p3               |    select|   0|  0|   40|           1|          40|
    |b0_35_fu_8984_p3               |    select|   0|  0|   40|           1|          40|
    |b0_36_fu_9211_p3               |    select|   0|  0|   40|           1|          40|
    |b0_37_fu_9438_p3               |    select|   0|  0|   40|           1|          40|
    |b0_38_fu_9665_p3               |    select|   0|  0|   40|           1|          40|
    |b0_39_fu_9892_p3               |    select|   0|  0|   40|           1|          40|
    |b0_40_fu_10119_p3              |    select|   0|  0|   40|           1|          40|
    |b0_41_fu_10346_p3              |    select|   0|  0|   40|           1|          40|
    |b0_42_fu_10573_p3              |    select|   0|  0|   40|           1|          40|
    |b0_43_fu_10800_p3              |    select|   0|  0|   40|           1|          40|
    |delta_over_alpha_1_fu_8011_p3  |    select|   0|  0|   29|           1|          29|
    |field_over_alpha_fu_7858_p3    |    select|   0|  0|   29|           1|          29|
    |out_11_fu_4156_p3              |    select|   0|  0|   29|           1|          29|
    |out_13_fu_4163_p3              |    select|   0|  0|   29|           1|          29|
    |out_15_fu_4170_p3              |    select|   0|  0|   29|           1|          29|
    |out_17_fu_4177_p3              |    select|   0|  0|   29|           1|          29|
    |out_19_fu_4184_p3              |    select|   0|  0|   29|           1|          29|
    |out_1_fu_4121_p3               |    select|   0|  0|   29|           1|          29|
    |out_21_fu_4191_p3              |    select|   0|  0|   29|           1|          29|
    |out_23_fu_4198_p3              |    select|   0|  0|   29|           1|          29|
    |out_25_fu_4205_p3              |    select|   0|  0|   29|           1|          29|
    |out_27_fu_4212_p3              |    select|   0|  0|   29|           1|          29|
    |out_29_fu_4219_p3              |    select|   0|  0|   29|           1|          29|
    |out_31_fu_4226_p3              |    select|   0|  0|   29|           1|          29|
    |out_3_fu_4128_p3               |    select|   0|  0|   29|           1|          29|
    |out_5_fu_4135_p3               |    select|   0|  0|   29|           1|          29|
    |out_7_fu_4142_p3               |    select|   0|  0|   29|           1|          29|
    |out_9_fu_4149_p3               |    select|   0|  0|   29|           1|          29|
    |p_2_fu_11030_p3                |    select|   0|  0|   40|           1|          40|
    |p_5_fu_11234_p6                |    select|   0|  0|   32|           1|          32|
    |select_ln104_10_fu_7188_p3     |    select|   0|  0|   30|           1|          28|
    |select_ln104_11_fu_7196_p3     |    select|   0|  0|   29|           1|          29|
    |select_ln104_12_fu_7254_p3     |    select|   0|  0|   30|           1|          28|
    |select_ln104_13_fu_7262_p3     |    select|   0|  0|   29|           1|          29|
    |select_ln104_14_fu_7320_p3     |    select|   0|  0|   30|           1|          28|
    |select_ln104_15_fu_7328_p3     |    select|   0|  0|   29|           1|          29|
    |select_ln104_16_fu_7494_p3     |    select|   0|  0|   30|           1|          28|
    |select_ln104_17_fu_7502_p3     |    select|   0|  0|   29|           1|          29|
    |select_ln104_18_fu_7523_p3     |    select|   0|  0|   30|           1|          28|
    |select_ln104_19_fu_7531_p3     |    select|   0|  0|   29|           1|          29|
    |select_ln104_1_fu_6866_p3      |    select|   0|  0|   29|           1|          29|
    |select_ln104_20_fu_7552_p3     |    select|   0|  0|   30|           1|          28|
    |select_ln104_21_fu_7560_p3     |    select|   0|  0|   29|           1|          29|
    |select_ln104_22_fu_7581_p3     |    select|   0|  0|   30|           1|          28|
    |select_ln104_23_fu_7589_p3     |    select|   0|  0|   29|           1|          29|
    |select_ln104_24_fu_7650_p3     |    select|   0|  0|   30|           1|          28|
    |select_ln104_25_fu_7658_p3     |    select|   0|  0|   29|           1|          29|
    |select_ln104_26_fu_7720_p3     |    select|   0|  0|   30|           1|          28|
    |select_ln104_27_fu_7728_p3     |    select|   0|  0|   29|           1|          29|
    |select_ln104_28_fu_7786_p3     |    select|   0|  0|   30|           1|          28|
    |select_ln104_29_fu_7794_p3     |    select|   0|  0|   29|           1|          29|
    |select_ln104_2_fu_6924_p3      |    select|   0|  0|   30|           1|          28|
    |select_ln104_30_fu_7850_p3     |    select|   0|  0|   30|           1|          28|
    |select_ln104_3_fu_6932_p3      |    select|   0|  0|   29|           1|          29|
    |select_ln104_4_fu_6990_p3      |    select|   0|  0|   30|           1|          28|
    |select_ln104_5_fu_6998_p3      |    select|   0|  0|   29|           1|          29|
    |select_ln104_6_fu_7056_p3      |    select|   0|  0|   30|           1|          28|
    |select_ln104_7_fu_7064_p3      |    select|   0|  0|   29|           1|          29|
    |select_ln104_8_fu_7122_p3      |    select|   0|  0|   30|           1|          28|
    |select_ln104_9_fu_7130_p3      |    select|   0|  0|   29|           1|          29|
    |select_ln104_fu_6858_p3        |    select|   0|  0|   30|           1|          28|
    |select_ln157_100_fu_2667_p3    |    select|   0|  0|   29|           1|          29|
    |select_ln157_101_fu_2681_p3    |    select|   0|  0|   29|           1|          29|
    |select_ln157_102_fu_2689_p3    |    select|   0|  0|   29|           1|          29|
    |select_ln157_103_fu_2697_p3    |    select|   0|  0|   29|           1|          29|
    |select_ln157_105_fu_2721_p3    |    select|   0|  0|   29|           1|          29|
    |select_ln157_106_fu_2729_p3    |    select|   0|  0|   29|           1|          29|
    |select_ln157_107_fu_2737_p3    |    select|   0|  0|   29|           1|          29|
    |select_ln157_108_fu_2745_p3    |    select|   0|  0|   29|           1|          29|
    |select_ln157_109_fu_2753_p3    |    select|   0|  0|   29|           1|          29|
    |select_ln157_10_fu_1849_p3     |    select|   0|  0|   29|           1|          29|
    |select_ln157_110_fu_2767_p3    |    select|   0|  0|   29|           1|          29|
    |select_ln157_111_fu_2775_p3    |    select|   0|  0|   29|           1|          29|
    |select_ln157_112_fu_2783_p3    |    select|   0|  0|   29|           1|          29|
    |select_ln157_113_fu_2791_p3    |    select|   0|  0|   29|           1|          29|
    |select_ln157_114_fu_2799_p3    |    select|   0|  0|   29|           1|          29|
    |select_ln157_115_fu_2807_p3    |    select|   0|  0|   29|           1|          29|
    |select_ln157_116_fu_2821_p3    |    select|   0|  0|   29|           1|          29|
    |select_ln157_117_fu_2829_p3    |    select|   0|  0|   29|           1|          29|
    |select_ln157_118_fu_2837_p3    |    select|   0|  0|   29|           1|          29|
    |select_ln157_11_fu_1863_p3     |    select|   0|  0|   29|           1|          29|
    |select_ln157_120_fu_2861_p3    |    select|   0|  0|   29|           1|          29|
    |select_ln157_121_fu_2869_p3    |    select|   0|  0|   29|           1|          29|
    |select_ln157_122_fu_2877_p3    |    select|   0|  0|   29|           1|          29|
    |select_ln157_123_fu_2885_p3    |    select|   0|  0|   29|           1|          29|
    |select_ln157_124_fu_2899_p3    |    select|   0|  0|   29|           1|          29|
    |select_ln157_125_fu_2907_p3    |    select|   0|  0|   29|           1|          29|
    |select_ln157_126_fu_2915_p3    |    select|   0|  0|   29|           1|          29|
    |select_ln157_127_fu_2923_p3    |    select|   0|  0|   29|           1|          29|
    |select_ln157_128_fu_2931_p3    |    select|   0|  0|   29|           1|          29|
    |select_ln157_129_fu_2939_p3    |    select|   0|  0|   29|           1|          29|
    |select_ln157_12_fu_1871_p3     |    select|   0|  0|   29|           1|          29|
    |select_ln157_130_fu_2953_p3    |    select|   0|  0|   29|           1|          29|
    |select_ln157_131_fu_2961_p3    |    select|   0|  0|   29|           1|          29|
    |select_ln157_132_fu_2969_p3    |    select|   0|  0|   29|           1|          29|
    |select_ln157_133_fu_2983_p3    |    select|   0|  0|   29|           1|          29|
    |select_ln157_135_fu_3007_p3    |    select|   0|  0|   29|           1|          29|
    |select_ln157_136_fu_3015_p3    |    select|   0|  0|   29|           1|          29|
    |select_ln157_137_fu_3023_p3    |    select|   0|  0|   29|           1|          29|
    |select_ln157_138_fu_3031_p3    |    select|   0|  0|   29|           1|          29|
    |select_ln157_139_fu_3045_p3    |    select|   0|  0|   29|           1|          29|
    |select_ln157_13_fu_1885_p3     |    select|   0|  0|   29|           1|          29|
    |select_ln157_140_fu_3053_p3    |    select|   0|  0|   29|           1|          29|
    |select_ln157_141_fu_3061_p3    |    select|   0|  0|   29|           1|          29|
    |select_ln157_142_fu_3069_p3    |    select|   0|  0|   29|           1|          29|
    |select_ln157_143_fu_3077_p3    |    select|   0|  0|   29|           1|          29|
    |select_ln157_144_fu_3085_p3    |    select|   0|  0|   29|           1|          29|
    |select_ln157_145_fu_3099_p3    |    select|   0|  0|   29|           1|          29|
    |select_ln157_146_fu_3107_p3    |    select|   0|  0|   29|           1|          29|
    |select_ln157_147_fu_3115_p3    |    select|   0|  0|   29|           1|          29|
    |select_ln157_148_fu_3129_p3    |    select|   0|  0|   29|           1|          29|
    |select_ln157_150_fu_3153_p3    |    select|   0|  0|   29|           1|          29|
    |select_ln157_151_fu_3161_p3    |    select|   0|  0|   29|           1|          29|
    |select_ln157_152_fu_3169_p3    |    select|   0|  0|   29|           1|          29|
    |select_ln157_153_fu_3183_p3    |    select|   0|  0|   29|           1|          29|
    |select_ln157_154_fu_3191_p3    |    select|   0|  0|   29|           1|          29|
    |select_ln157_155_fu_3199_p3    |    select|   0|  0|   29|           1|          29|
    |select_ln157_156_fu_3207_p3    |    select|   0|  0|   29|           1|          29|
    |select_ln157_157_fu_3215_p3    |    select|   0|  0|   29|           1|          29|
    |select_ln157_158_fu_3223_p3    |    select|   0|  0|   29|           1|          29|
    |select_ln157_159_fu_3231_p3    |    select|   0|  0|   29|           1|          29|
    |select_ln157_15_fu_1905_p3     |    select|   0|  0|   29|           1|          29|
    |select_ln157_160_fu_3245_p3    |    select|   0|  0|   29|           1|          29|
    |select_ln157_161_fu_3253_p3    |    select|   0|  0|   29|           1|          29|
    |select_ln157_162_fu_3261_p3    |    select|   0|  0|   29|           1|          29|
    |select_ln157_163_fu_3275_p3    |    select|   0|  0|   29|           1|          29|
    |select_ln157_165_fu_3299_p3    |    select|   0|  0|   29|           1|          29|
    |select_ln157_166_fu_3307_p3    |    select|   0|  0|   29|           1|          29|
    |select_ln157_167_fu_3315_p3    |    select|   0|  0|   29|           1|          29|
    |select_ln157_168_fu_3329_p3    |    select|   0|  0|   29|           1|          29|
    |select_ln157_169_fu_3337_p3    |    select|   0|  0|   29|           1|          29|
    |select_ln157_16_fu_1913_p3     |    select|   0|  0|   29|           1|          29|
    |select_ln157_170_fu_3345_p3    |    select|   0|  0|   29|           1|          29|
    |select_ln157_171_fu_3353_p3    |    select|   0|  0|   29|           1|          29|
    |select_ln157_172_fu_3361_p3    |    select|   0|  0|   29|           1|          29|
    |select_ln157_173_fu_3369_p3    |    select|   0|  0|   29|           1|          29|
    |select_ln157_174_fu_3377_p3    |    select|   0|  0|   29|           1|          29|
    |select_ln157_175_fu_3391_p3    |    select|   0|  0|   29|           1|          29|
    |select_ln157_176_fu_3399_p3    |    select|   0|  0|   29|           1|          29|
    |select_ln157_177_fu_3407_p3    |    select|   0|  0|   29|           1|          29|
    |select_ln157_178_fu_3421_p3    |    select|   0|  0|   29|           1|          29|
    |select_ln157_17_fu_1921_p3     |    select|   0|  0|   29|           1|          29|
    |select_ln157_180_fu_3445_p3    |    select|   0|  0|   29|           1|          29|
    |select_ln157_181_fu_3453_p3    |    select|   0|  0|   29|           1|          29|
    |select_ln157_182_fu_3467_p3    |    select|   0|  0|   29|           1|          29|
    |select_ln157_183_fu_3475_p3    |    select|   0|  0|   29|           1|          29|
    |select_ln157_184_fu_3483_p3    |    select|   0|  0|   29|           1|          29|
    |select_ln157_185_fu_3491_p3    |    select|   0|  0|   29|           1|          29|
    |select_ln157_186_fu_3499_p3    |    select|   0|  0|   29|           1|          29|
    |select_ln157_187_fu_3507_p3    |    select|   0|  0|   29|           1|          29|
    |select_ln157_188_fu_3515_p3    |    select|   0|  0|   29|           1|          29|
    |select_ln157_189_fu_3529_p3    |    select|   0|  0|   29|           1|          29|
    |select_ln157_18_fu_1929_p3     |    select|   0|  0|   29|           1|          29|
    |select_ln157_190_fu_3537_p3    |    select|   0|  0|   29|           1|          29|
    |select_ln157_191_fu_3545_p3    |    select|   0|  0|   29|           1|          29|
    |select_ln157_192_fu_3553_p3    |    select|   0|  0|   29|           1|          29|
    |select_ln157_193_fu_3567_p3    |    select|   0|  0|   29|           1|          29|
    |select_ln157_195_fu_3591_p3    |    select|   0|  0|   29|           1|          29|
    |select_ln157_196_fu_3599_p3    |    select|   0|  0|   29|           1|          29|
    |select_ln157_197_fu_3613_p3    |    select|   0|  0|   29|           1|          29|
    |select_ln157_198_fu_3621_p3    |    select|   0|  0|   29|           1|          29|
    |select_ln157_199_fu_3629_p3    |    select|   0|  0|   29|           1|          29|
    |select_ln157_19_fu_1937_p3     |    select|   0|  0|   29|           1|          29|
    |select_ln157_1_fu_1729_p3      |    select|   0|  0|   29|           1|          29|
    |select_ln157_200_fu_3637_p3    |    select|   0|  0|   29|           1|          29|
    |select_ln157_201_fu_3645_p3    |    select|   0|  0|   29|           1|          29|
    |select_ln157_202_fu_3653_p3    |    select|   0|  0|   29|           1|          29|
    |select_ln157_203_fu_3661_p3    |    select|   0|  0|   29|           1|          29|
    |select_ln157_204_fu_3675_p3    |    select|   0|  0|   29|           1|          29|
    |select_ln157_205_fu_3683_p3    |    select|   0|  0|   29|           1|          29|
    |select_ln157_206_fu_3691_p3    |    select|   0|  0|   29|           1|          29|
    |select_ln157_207_fu_3699_p3    |    select|   0|  0|   29|           1|          29|
    |select_ln157_208_fu_3713_p3    |    select|   0|  0|   29|           1|          29|
    |select_ln157_20_fu_1945_p3     |    select|   0|  0|   29|           1|          29|
    |select_ln157_210_fu_3737_p3    |    select|   0|  0|   29|           1|          29|
    |select_ln157_211_fu_3751_p3    |    select|   0|  0|   29|           1|          29|
    |select_ln157_212_fu_3759_p3    |    select|   0|  0|   29|           1|          29|
    |select_ln157_213_fu_3767_p3    |    select|   0|  0|   29|           1|          29|
    |select_ln157_214_fu_3775_p3    |    select|   0|  0|   29|           1|          29|
    |select_ln157_215_fu_3783_p3    |    select|   0|  0|   29|           1|          29|
    |select_ln157_216_fu_3791_p3    |    select|   0|  0|   29|           1|          29|
    |select_ln157_217_fu_3799_p3    |    select|   0|  0|   29|           1|          29|
    |select_ln157_218_fu_3807_p3    |    select|   0|  0|   29|           1|          29|
    |select_ln157_219_fu_3821_p3    |    select|   0|  0|   29|           1|          29|
    |select_ln157_21_fu_1953_p3     |    select|   0|  0|   29|           1|          29|
    |select_ln157_220_fu_3829_p3    |    select|   0|  0|   29|           1|          29|
    |select_ln157_221_fu_3837_p3    |    select|   0|  0|   29|           1|          29|
    |select_ln157_222_fu_3845_p3    |    select|   0|  0|   29|           1|          29|
    |select_ln157_223_fu_3859_p3    |    select|   0|  0|   29|           1|          29|
    |select_ln157_225_fu_3883_p3    |    select|   0|  0|   29|           1|          29|
    |select_ln157_226_fu_3897_p3    |    select|   0|  0|   29|           1|          29|
    |select_ln157_227_fu_3905_p3    |    select|   0|  0|   29|           1|          29|
    |select_ln157_228_fu_3913_p3    |    select|   0|  0|   29|           1|          29|
    |select_ln157_229_fu_3921_p3    |    select|   0|  0|   29|           1|          29|
    |select_ln157_22_fu_1961_p3     |    select|   0|  0|   29|           1|          29|
    |select_ln157_230_fu_3929_p3    |    select|   0|  0|   29|           1|          29|
    |select_ln157_231_fu_3937_p3    |    select|   0|  0|   29|           1|          29|
    |select_ln157_232_fu_3945_p3    |    select|   0|  0|   29|           1|          29|
    |select_ln157_233_fu_3953_p3    |    select|   0|  0|   29|           1|          29|
    |select_ln157_234_fu_3967_p3    |    select|   0|  0|   29|           1|          29|
    |select_ln157_235_fu_3975_p3    |    select|   0|  0|   29|           1|          29|
    |select_ln157_236_fu_3983_p3    |    select|   0|  0|   29|           1|          29|
    |select_ln157_237_fu_3991_p3    |    select|   0|  0|   29|           1|          29|
    |select_ln157_238_fu_4005_p3    |    select|   0|  0|   29|           1|          29|
    |select_ln157_23_fu_1969_p3     |    select|   0|  0|   29|           1|          29|
    |select_ln157_24_fu_1977_p3     |    select|   0|  0|   29|           1|          29|
    |select_ln157_25_fu_1985_p3     |    select|   0|  0|   29|           1|          29|
    |select_ln157_26_fu_1993_p3     |    select|   0|  0|   29|           1|          29|
    |select_ln157_27_fu_2001_p3     |    select|   0|  0|   29|           1|          29|
    |select_ln157_28_fu_2009_p3     |    select|   0|  0|   29|           1|          29|
    |select_ln157_2_fu_1743_p3      |    select|   0|  0|   29|           1|          29|
    |select_ln157_30_fu_2033_p3     |    select|   0|  0|   29|           1|          29|
    |select_ln157_31_fu_2041_p3     |    select|   0|  0|   29|           1|          29|
    |select_ln157_32_fu_2049_p3     |    select|   0|  0|   29|           1|          29|
    |select_ln157_33_fu_2057_p3     |    select|   0|  0|   29|           1|          29|
    |select_ln157_34_fu_2065_p3     |    select|   0|  0|   29|           1|          29|
    |select_ln157_35_fu_2073_p3     |    select|   0|  0|   29|           1|          29|
    |select_ln157_36_fu_2081_p3     |    select|   0|  0|   29|           1|          29|
    |select_ln157_37_fu_2095_p3     |    select|   0|  0|   29|           1|          29|
    |select_ln157_38_fu_2103_p3     |    select|   0|  0|   29|           1|          29|
    |select_ln157_39_fu_2111_p3     |    select|   0|  0|   29|           1|          29|
    |select_ln157_3_fu_1757_p3      |    select|   0|  0|   29|           1|          29|
    |select_ln157_40_fu_2119_p3     |    select|   0|  0|   29|           1|          29|
    |select_ln157_41_fu_2127_p3     |    select|   0|  0|   29|           1|          29|
    |select_ln157_42_fu_2135_p3     |    select|   0|  0|   29|           1|          29|
    |select_ln157_43_fu_2143_p3     |    select|   0|  0|   29|           1|          29|
    |select_ln157_45_fu_2167_p3     |    select|   0|  0|   29|           1|          29|
    |select_ln157_46_fu_2175_p3     |    select|   0|  0|   29|           1|          29|
    |select_ln157_47_fu_2183_p3     |    select|   0|  0|   29|           1|          29|
    |select_ln157_48_fu_2191_p3     |    select|   0|  0|   29|           1|          29|
    |select_ln157_49_fu_2199_p3     |    select|   0|  0|   29|           1|          29|
    |select_ln157_4_fu_1771_p3      |    select|   0|  0|   29|           1|          29|
    |select_ln157_50_fu_2207_p3     |    select|   0|  0|   29|           1|          29|
    |select_ln157_51_fu_2215_p3     |    select|   0|  0|   29|           1|          29|
    |select_ln157_52_fu_2229_p3     |    select|   0|  0|   29|           1|          29|
    |select_ln157_53_fu_2237_p3     |    select|   0|  0|   29|           1|          29|
    |select_ln157_54_fu_2245_p3     |    select|   0|  0|   29|           1|          29|
    |select_ln157_55_fu_2253_p3     |    select|   0|  0|   29|           1|          29|
    |select_ln157_56_fu_2261_p3     |    select|   0|  0|   29|           1|          29|
    |select_ln157_57_fu_2269_p3     |    select|   0|  0|   29|           1|          29|
    |select_ln157_58_fu_2277_p3     |    select|   0|  0|   29|           1|          29|
    |select_ln157_5_fu_1785_p3      |    select|   0|  0|   29|           1|          29|
    |select_ln157_60_fu_2301_p3     |    select|   0|  0|   29|           1|          29|
    |select_ln157_61_fu_2309_p3     |    select|   0|  0|   29|           1|          29|
    |select_ln157_62_fu_2317_p3     |    select|   0|  0|   29|           1|          29|
    |select_ln157_63_fu_2325_p3     |    select|   0|  0|   29|           1|          29|
    |select_ln157_64_fu_2333_p3     |    select|   0|  0|   29|           1|          29|
    |select_ln157_65_fu_2341_p3     |    select|   0|  0|   29|           1|          29|
    |select_ln157_66_fu_2355_p3     |    select|   0|  0|   29|           1|          29|
    |select_ln157_67_fu_2363_p3     |    select|   0|  0|   29|           1|          29|
    |select_ln157_68_fu_2371_p3     |    select|   0|  0|   29|           1|          29|
    |select_ln157_69_fu_2379_p3     |    select|   0|  0|   29|           1|          29|
    |select_ln157_6_fu_1799_p3      |    select|   0|  0|   29|           1|          29|
    |select_ln157_70_fu_2387_p3     |    select|   0|  0|   29|           1|          29|
    |select_ln157_71_fu_2401_p3     |    select|   0|  0|   29|           1|          29|
    |select_ln157_72_fu_2409_p3     |    select|   0|  0|   29|           1|          29|
    |select_ln157_73_fu_2417_p3     |    select|   0|  0|   29|           1|          29|
    |select_ln157_75_fu_2441_p3     |    select|   0|  0|   29|           1|          29|
    |select_ln157_76_fu_2449_p3     |    select|   0|  0|   29|           1|          29|
    |select_ln157_77_fu_2457_p3     |    select|   0|  0|   29|           1|          29|
    |select_ln157_78_fu_2465_p3     |    select|   0|  0|   29|           1|          29|
    |select_ln157_79_fu_2473_p3     |    select|   0|  0|   29|           1|          29|
    |select_ln157_7_fu_1813_p3      |    select|   0|  0|   29|           1|          29|
    |select_ln157_80_fu_2481_p3     |    select|   0|  0|   29|           1|          29|
    |select_ln157_81_fu_2495_p3     |    select|   0|  0|   29|           1|          29|
    |select_ln157_82_fu_2503_p3     |    select|   0|  0|   29|           1|          29|
    |select_ln157_83_fu_2511_p3     |    select|   0|  0|   29|           1|          29|
    |select_ln157_84_fu_2519_p3     |    select|   0|  0|   29|           1|          29|
    |select_ln157_85_fu_2527_p3     |    select|   0|  0|   29|           1|          29|
    |select_ln157_86_fu_2541_p3     |    select|   0|  0|   29|           1|          29|
    |select_ln157_87_fu_2549_p3     |    select|   0|  0|   29|           1|          29|
    |select_ln157_88_fu_2557_p3     |    select|   0|  0|   29|           1|          29|
    |select_ln157_8_fu_1821_p3      |    select|   0|  0|   29|           1|          29|
    |select_ln157_90_fu_2581_p3     |    select|   0|  0|   29|           1|          29|
    |select_ln157_91_fu_2589_p3     |    select|   0|  0|   29|           1|          29|
    |select_ln157_92_fu_2597_p3     |    select|   0|  0|   29|           1|          29|
    |select_ln157_93_fu_2605_p3     |    select|   0|  0|   29|           1|          29|
    |select_ln157_94_fu_2613_p3     |    select|   0|  0|   29|           1|          29|
    |select_ln157_95_fu_2627_p3     |    select|   0|  0|   29|           1|          29|
    |select_ln157_96_fu_2635_p3     |    select|   0|  0|   29|           1|          29|
    |select_ln157_97_fu_2643_p3     |    select|   0|  0|   29|           1|          29|
    |select_ln157_98_fu_2651_p3     |    select|   0|  0|   29|           1|          29|
    |select_ln157_99_fu_2659_p3     |    select|   0|  0|   29|           1|          29|
    |select_ln157_9_fu_1835_p3      |    select|   0|  0|   29|           1|          29|
    |select_ln157_fu_1715_p3        |    select|   0|  0|   29|           1|          29|
    |select_ln204_10_fu_4554_p3     |    select|   0|  0|   57|           1|          58|
    |select_ln204_11_fu_4629_p3     |    select|   0|  0|    2|           1|           1|
    |select_ln204_12_fu_4637_p3     |    select|   0|  0|    2|           1|           1|
    |select_ln204_13_fu_4693_p3     |    select|   0|  0|   30|           1|          28|
    |select_ln204_14_fu_4707_p3     |    select|   0|  0|   29|           1|          29|
    |select_ln204_15_fu_4715_p3     |    select|   0|  0|   57|           1|          58|
    |select_ln204_16_fu_4790_p3     |    select|   0|  0|    2|           1|           1|
    |select_ln204_17_fu_4798_p3     |    select|   0|  0|    2|           1|           1|
    |select_ln204_18_fu_4854_p3     |    select|   0|  0|   30|           1|          28|
    |select_ln204_19_fu_4868_p3     |    select|   0|  0|   29|           1|          29|
    |select_ln204_1_fu_4307_p3      |    select|   0|  0|    2|           1|           1|
    |select_ln204_20_fu_4876_p3     |    select|   0|  0|   57|           1|          58|
    |select_ln204_21_fu_4951_p3     |    select|   0|  0|    2|           1|           1|
    |select_ln204_22_fu_4959_p3     |    select|   0|  0|    2|           1|           1|
    |select_ln204_23_fu_5015_p3     |    select|   0|  0|   30|           1|          28|
    |select_ln204_24_fu_5029_p3     |    select|   0|  0|   29|           1|          29|
    |select_ln204_25_fu_5037_p3     |    select|   0|  0|   57|           1|          58|
    |select_ln204_26_fu_5112_p3     |    select|   0|  0|    2|           1|           1|
    |select_ln204_27_fu_5120_p3     |    select|   0|  0|    2|           1|           1|
    |select_ln204_28_fu_5176_p3     |    select|   0|  0|   30|           1|          28|
    |select_ln204_29_fu_5190_p3     |    select|   0|  0|   29|           1|          29|
    |select_ln204_2_fu_4315_p3      |    select|   0|  0|    2|           1|           1|
    |select_ln204_30_fu_5198_p3     |    select|   0|  0|   57|           1|          58|
    |select_ln204_31_fu_5273_p3     |    select|   0|  0|    2|           1|           1|
    |select_ln204_32_fu_5281_p3     |    select|   0|  0|    2|           1|           1|
    |select_ln204_33_fu_5337_p3     |    select|   0|  0|   30|           1|          28|
    |select_ln204_34_fu_5351_p3     |    select|   0|  0|   29|           1|          29|
    |select_ln204_35_fu_5359_p3     |    select|   0|  0|   57|           1|          58|
    |select_ln204_36_fu_5434_p3     |    select|   0|  0|    2|           1|           1|
    |select_ln204_37_fu_5442_p3     |    select|   0|  0|    2|           1|           1|
    |select_ln204_38_fu_5498_p3     |    select|   0|  0|   30|           1|          28|
    |select_ln204_39_fu_5512_p3     |    select|   0|  0|   29|           1|          29|
    |select_ln204_3_fu_4371_p3      |    select|   0|  0|   30|           1|          28|
    |select_ln204_40_fu_5520_p3     |    select|   0|  0|   57|           1|          58|
    |select_ln204_41_fu_5595_p3     |    select|   0|  0|    2|           1|           1|
    |select_ln204_42_fu_5603_p3     |    select|   0|  0|    2|           1|           1|
    |select_ln204_43_fu_5659_p3     |    select|   0|  0|   30|           1|          28|
    |select_ln204_44_fu_5673_p3     |    select|   0|  0|   29|           1|          29|
    |select_ln204_45_fu_5681_p3     |    select|   0|  0|   57|           1|          58|
    |select_ln204_46_fu_5756_p3     |    select|   0|  0|    2|           1|           1|
    |select_ln204_47_fu_5764_p3     |    select|   0|  0|    2|           1|           1|
    |select_ln204_48_fu_5820_p3     |    select|   0|  0|   30|           1|          28|
    |select_ln204_49_fu_5834_p3     |    select|   0|  0|   29|           1|          29|
    |select_ln204_4_fu_4385_p3      |    select|   0|  0|   29|           1|          29|
    |select_ln204_50_fu_5842_p3     |    select|   0|  0|   57|           1|          58|
    |select_ln204_51_fu_5917_p3     |    select|   0|  0|    2|           1|           1|
    |select_ln204_52_fu_5925_p3     |    select|   0|  0|    2|           1|           1|
    |select_ln204_53_fu_5981_p3     |    select|   0|  0|   30|           1|          28|
    |select_ln204_54_fu_5995_p3     |    select|   0|  0|   29|           1|          29|
    |select_ln204_55_fu_6003_p3     |    select|   0|  0|   57|           1|          58|
    |select_ln204_56_fu_6078_p3     |    select|   0|  0|    2|           1|           1|
    |select_ln204_57_fu_6086_p3     |    select|   0|  0|    2|           1|           1|
    |select_ln204_58_fu_6142_p3     |    select|   0|  0|   30|           1|          28|
    |select_ln204_59_fu_6156_p3     |    select|   0|  0|   29|           1|          29|
    |select_ln204_5_fu_4393_p3      |    select|   0|  0|   57|           1|          58|
    |select_ln204_60_fu_6164_p3     |    select|   0|  0|   57|           1|          58|
    |select_ln204_61_fu_6239_p3     |    select|   0|  0|    2|           1|           1|
    |select_ln204_62_fu_6247_p3     |    select|   0|  0|    2|           1|           1|
    |select_ln204_63_fu_6303_p3     |    select|   0|  0|   30|           1|          28|
    |select_ln204_64_fu_6317_p3     |    select|   0|  0|   29|           1|          29|
    |select_ln204_65_fu_6325_p3     |    select|   0|  0|   57|           1|          58|
    |select_ln204_66_fu_6400_p3     |    select|   0|  0|    2|           1|           1|
    |select_ln204_67_fu_6408_p3     |    select|   0|  0|    2|           1|           1|
    |select_ln204_68_fu_6464_p3     |    select|   0|  0|   30|           1|          28|
    |select_ln204_69_fu_6478_p3     |    select|   0|  0|   29|           1|          29|
    |select_ln204_6_fu_4468_p3      |    select|   0|  0|    2|           1|           1|
    |select_ln204_70_fu_6486_p3     |    select|   0|  0|   57|           1|          58|
    |select_ln204_71_fu_6561_p3     |    select|   0|  0|    2|           1|           1|
    |select_ln204_72_fu_6569_p3     |    select|   0|  0|    2|           1|           1|
    |select_ln204_73_fu_6625_p3     |    select|   0|  0|   30|           1|          28|
    |select_ln204_74_fu_6639_p3     |    select|   0|  0|   29|           1|          29|
    |select_ln204_75_fu_6647_p3     |    select|   0|  0|   57|           1|          58|
    |select_ln204_76_fu_6722_p3     |    select|   0|  0|    2|           1|           1|
    |select_ln204_77_fu_6730_p3     |    select|   0|  0|    2|           1|           1|
    |select_ln204_78_fu_6786_p3     |    select|   0|  0|   30|           1|          28|
    |select_ln204_79_fu_6800_p3     |    select|   0|  0|   29|           1|          29|
    |select_ln204_7_fu_4476_p3      |    select|   0|  0|    2|           1|           1|
    |select_ln204_8_fu_4532_p3      |    select|   0|  0|   30|           1|          28|
    |select_ln204_9_fu_4546_p3      |    select|   0|  0|   29|           1|          29|
    |select_ln204_fu_4232_p3        |    select|   0|  0|   57|           1|          58|
    |select_ln209_1_fu_7945_p3      |    select|   0|  0|   30|           1|          30|
    |select_ln209_2_fu_7953_p3      |    select|   0|  0|   29|           1|          29|
    |select_ln209_fu_7937_p3        |    select|   0|  0|   29|           1|          28|
    |select_ln214_fu_8003_p3        |    select|   0|  0|   30|           1|          28|
    |select_ln253_1_fu_8237_p3      |    select|   0|  0|   41|           1|          39|
    |select_ln253_fu_8126_p3        |    select|   0|  0|   40|           1|          39|
    |select_ln263_10_fu_9127_p3     |    select|   0|  0|    2|           1|           1|
    |select_ln263_11_fu_9143_p3     |    select|   0|  0|    2|           1|           1|
    |select_ln263_12_fu_9197_p3     |    select|   0|  0|   41|           1|          39|
    |select_ln263_14_fu_9354_p3     |    select|   0|  0|    2|           1|           1|
    |select_ln263_15_fu_9370_p3     |    select|   0|  0|    2|           1|           1|
    |select_ln263_16_fu_9424_p3     |    select|   0|  0|   41|           1|          39|
    |select_ln263_18_fu_9581_p3     |    select|   0|  0|    2|           1|           1|
    |select_ln263_19_fu_9597_p3     |    select|   0|  0|    2|           1|           1|
    |select_ln263_20_fu_9651_p3     |    select|   0|  0|   41|           1|          39|
    |select_ln263_22_fu_9808_p3     |    select|   0|  0|    2|           1|           1|
    |select_ln263_23_fu_9824_p3     |    select|   0|  0|    2|           1|           1|
    |select_ln263_24_fu_9878_p3     |    select|   0|  0|   41|           1|          39|
    |select_ln263_26_fu_10035_p3    |    select|   0|  0|    2|           1|           1|
    |select_ln263_27_fu_10051_p3    |    select|   0|  0|    2|           1|           1|
    |select_ln263_28_fu_10105_p3    |    select|   0|  0|   41|           1|          39|
    |select_ln263_2_fu_8667_p3      |    select|   0|  0|    2|           1|           1|
    |select_ln263_30_fu_10262_p3    |    select|   0|  0|    2|           1|           1|
    |select_ln263_31_fu_10278_p3    |    select|   0|  0|    2|           1|           1|
    |select_ln263_32_fu_10332_p3    |    select|   0|  0|   41|           1|          39|
    |select_ln263_34_fu_10489_p3    |    select|   0|  0|    2|           1|           1|
    |select_ln263_35_fu_10505_p3    |    select|   0|  0|    2|           1|           1|
    |select_ln263_36_fu_10559_p3    |    select|   0|  0|   41|           1|          39|
    |select_ln263_38_fu_10716_p3    |    select|   0|  0|    2|           1|           1|
    |select_ln263_39_fu_10732_p3    |    select|   0|  0|    2|           1|           1|
    |select_ln263_3_fu_8684_p3      |    select|   0|  0|    2|           1|           1|
    |select_ln263_40_fu_10786_p3    |    select|   0|  0|   41|           1|          39|
    |select_ln263_4_fu_8742_p3      |    select|   0|  0|   41|           1|          39|
    |select_ln263_6_fu_8900_p3      |    select|   0|  0|    2|           1|           1|
    |select_ln263_7_fu_8916_p3      |    select|   0|  0|    2|           1|           1|
    |select_ln263_8_fu_8970_p3      |    select|   0|  0|   41|           1|          39|
    |select_ln263_fu_8517_p3        |    select|   0|  0|   41|           1|          39|
    |select_ln269_1_fu_10962_p3     |    select|   0|  0|    2|           1|           1|
    |select_ln269_2_fu_11016_p3     |    select|   0|  0|   41|           1|          39|
    |select_ln269_fu_10946_p3       |    select|   0|  0|    2|           1|           1|
    |select_ln280_fu_11147_p3       |    select|   0|  0|   32|           1|           1|
    |selected_Jij_134_fu_1893_p3    |    select|   0|  0|   29|           1|          29|
    |selected_Jij_135_fu_2017_p3    |    select|   0|  0|   29|           1|          29|
    |selected_Jij_136_fu_2285_p3    |    select|   0|  0|   29|           1|          29|
    |selected_Jij_137_fu_2425_p3    |    select|   0|  0|   29|           1|          29|
    |selected_Jij_138_fu_2565_p3    |    select|   0|  0|   29|           1|          29|
    |selected_Jij_139_fu_2705_p3    |    select|   0|  0|   29|           1|          29|
    |selected_Jij_140_fu_2845_p3    |    select|   0|  0|   29|           1|          29|
    |selected_Jij_141_fu_2991_p3    |    select|   0|  0|   29|           1|          29|
    |selected_Jij_142_fu_3137_p3    |    select|   0|  0|   29|           1|          29|
    |selected_Jij_143_fu_3283_p3    |    select|   0|  0|   29|           1|          29|
    |selected_Jij_144_fu_3429_p3    |    select|   0|  0|   29|           1|          29|
    |selected_Jij_145_fu_3575_p3    |    select|   0|  0|   29|           1|          29|
    |selected_Jij_146_fu_3721_p3    |    select|   0|  0|   29|           1|          29|
    |selected_Jij_147_fu_3867_p3    |    select|   0|  0|   29|           1|          29|
    |selected_Jij_148_fu_4013_p3    |    select|   0|  0|   29|           1|          29|
    |selected_Jij_fu_2151_p3        |    select|   0|  0|   29|           1|          29|
    |signed_field_fu_7961_p3        |    select|   0|  0|   29|           1|          29|
    |x_fu_8031_p3                   |    select|   0|  0|   28|           1|           1|
    |y_1_fu_8251_p3                 |    select|   0|  0|   40|           1|          40|
    |not_tmp_210_fu_11111_p2        |       xor|   0|  0|    2|           1|           2|
    |xor_ln104_10_fu_7170_p2        |       xor|   0|  0|    2|           1|           2|
    |xor_ln104_11_fu_7182_p2        |       xor|   0|  0|    2|           1|           1|
    |xor_ln104_12_fu_7236_p2        |       xor|   0|  0|    2|           1|           2|
    |xor_ln104_13_fu_7248_p2        |       xor|   0|  0|    2|           1|           1|
    |xor_ln104_14_fu_7302_p2        |       xor|   0|  0|    2|           1|           2|
    |xor_ln104_15_fu_7314_p2        |       xor|   0|  0|    2|           1|           1|
    |xor_ln104_16_fu_7480_p2        |       xor|   0|  0|    2|           1|           2|
    |xor_ln104_17_fu_7490_p2        |       xor|   0|  0|    2|           1|           1|
    |xor_ln104_18_fu_7509_p2        |       xor|   0|  0|    2|           1|           2|
    |xor_ln104_19_fu_7519_p2        |       xor|   0|  0|    2|           1|           1|
    |xor_ln104_1_fu_6852_p2         |       xor|   0|  0|    2|           1|           1|
    |xor_ln104_20_fu_7538_p2        |       xor|   0|  0|    2|           1|           2|
    |xor_ln104_21_fu_7548_p2        |       xor|   0|  0|    2|           1|           1|
    |xor_ln104_22_fu_7567_p2        |       xor|   0|  0|    2|           1|           2|
    |xor_ln104_23_fu_7577_p2        |       xor|   0|  0|    2|           1|           1|
    |xor_ln104_24_fu_7632_p2        |       xor|   0|  0|    2|           1|           2|
    |xor_ln104_25_fu_7644_p2        |       xor|   0|  0|    2|           1|           1|
    |xor_ln104_26_fu_7702_p2        |       xor|   0|  0|    2|           1|           2|
    |xor_ln104_27_fu_7714_p2        |       xor|   0|  0|    2|           1|           1|
    |xor_ln104_28_fu_7768_p2        |       xor|   0|  0|    2|           1|           2|
    |xor_ln104_29_fu_7780_p2        |       xor|   0|  0|    2|           1|           1|
    |xor_ln104_2_fu_6906_p2         |       xor|   0|  0|    2|           1|           2|
    |xor_ln104_30_fu_7836_p2        |       xor|   0|  0|    2|           1|           2|
    |xor_ln104_31_fu_7846_p2        |       xor|   0|  0|    2|           1|           1|
    |xor_ln104_3_fu_6918_p2         |       xor|   0|  0|    2|           1|           1|
    |xor_ln104_4_fu_6972_p2         |       xor|   0|  0|    2|           1|           2|
    |xor_ln104_5_fu_6984_p2         |       xor|   0|  0|    2|           1|           1|
    |xor_ln104_6_fu_7038_p2         |       xor|   0|  0|    2|           1|           2|
    |xor_ln104_7_fu_7050_p2         |       xor|   0|  0|    2|           1|           1|
    |xor_ln104_8_fu_7104_p2         |       xor|   0|  0|    2|           1|           2|
    |xor_ln104_9_fu_7116_p2         |       xor|   0|  0|    2|           1|           1|
    |xor_ln104_fu_6840_p2           |       xor|   0|  0|    2|           1|           2|
    |xor_ln204_10_fu_4611_p2        |       xor|   0|  0|    2|           1|           2|
    |xor_ln204_11_fu_4623_p2        |       xor|   0|  0|    2|           1|           2|
    |xor_ln204_12_fu_4645_p2        |       xor|   0|  0|    2|           1|           2|
    |xor_ln204_13_fu_4657_p2        |       xor|   0|  0|    2|           1|           2|
    |xor_ln204_14_fu_4681_p2        |       xor|   0|  0|    2|           1|           1|
    |xor_ln204_15_fu_4772_p2        |       xor|   0|  0|    2|           1|           2|
    |xor_ln204_16_fu_4784_p2        |       xor|   0|  0|    2|           1|           2|
    |xor_ln204_17_fu_4806_p2        |       xor|   0|  0|    2|           1|           2|
    |xor_ln204_18_fu_4818_p2        |       xor|   0|  0|    2|           1|           2|
    |xor_ln204_19_fu_4842_p2        |       xor|   0|  0|    2|           1|           1|
    |xor_ln204_1_fu_4301_p2         |       xor|   0|  0|    2|           1|           2|
    |xor_ln204_20_fu_4933_p2        |       xor|   0|  0|    2|           1|           2|
    |xor_ln204_21_fu_4945_p2        |       xor|   0|  0|    2|           1|           2|
    |xor_ln204_22_fu_4967_p2        |       xor|   0|  0|    2|           1|           2|
    |xor_ln204_23_fu_4979_p2        |       xor|   0|  0|    2|           1|           2|
    |xor_ln204_24_fu_5003_p2        |       xor|   0|  0|    2|           1|           1|
    |xor_ln204_25_fu_5094_p2        |       xor|   0|  0|    2|           1|           2|
    |xor_ln204_26_fu_5106_p2        |       xor|   0|  0|    2|           1|           2|
    |xor_ln204_27_fu_5128_p2        |       xor|   0|  0|    2|           1|           2|
    |xor_ln204_28_fu_5140_p2        |       xor|   0|  0|    2|           1|           2|
    |xor_ln204_29_fu_5164_p2        |       xor|   0|  0|    2|           1|           1|
    |xor_ln204_2_fu_4323_p2         |       xor|   0|  0|    2|           1|           2|
    |xor_ln204_30_fu_5255_p2        |       xor|   0|  0|    2|           1|           2|
    |xor_ln204_31_fu_5267_p2        |       xor|   0|  0|    2|           1|           2|
    |xor_ln204_32_fu_5289_p2        |       xor|   0|  0|    2|           1|           2|
    |xor_ln204_33_fu_5301_p2        |       xor|   0|  0|    2|           1|           2|
    |xor_ln204_34_fu_5325_p2        |       xor|   0|  0|    2|           1|           1|
    |xor_ln204_35_fu_5416_p2        |       xor|   0|  0|    2|           1|           2|
    |xor_ln204_36_fu_5428_p2        |       xor|   0|  0|    2|           1|           2|
    |xor_ln204_37_fu_5450_p2        |       xor|   0|  0|    2|           1|           2|
    |xor_ln204_38_fu_5462_p2        |       xor|   0|  0|    2|           1|           2|
    |xor_ln204_39_fu_5486_p2        |       xor|   0|  0|    2|           1|           1|
    |xor_ln204_3_fu_4335_p2         |       xor|   0|  0|    2|           1|           2|
    |xor_ln204_40_fu_5577_p2        |       xor|   0|  0|    2|           1|           2|
    |xor_ln204_41_fu_5589_p2        |       xor|   0|  0|    2|           1|           2|
    |xor_ln204_42_fu_5611_p2        |       xor|   0|  0|    2|           1|           2|
    |xor_ln204_43_fu_5623_p2        |       xor|   0|  0|    2|           1|           2|
    |xor_ln204_44_fu_5647_p2        |       xor|   0|  0|    2|           1|           1|
    |xor_ln204_45_fu_5738_p2        |       xor|   0|  0|    2|           1|           2|
    |xor_ln204_46_fu_5750_p2        |       xor|   0|  0|    2|           1|           2|
    |xor_ln204_47_fu_5772_p2        |       xor|   0|  0|    2|           1|           2|
    |xor_ln204_48_fu_5784_p2        |       xor|   0|  0|    2|           1|           2|
    |xor_ln204_49_fu_5808_p2        |       xor|   0|  0|    2|           1|           1|
    |xor_ln204_4_fu_4359_p2         |       xor|   0|  0|    2|           1|           1|
    |xor_ln204_50_fu_5899_p2        |       xor|   0|  0|    2|           1|           2|
    |xor_ln204_51_fu_5911_p2        |       xor|   0|  0|    2|           1|           2|
    |xor_ln204_52_fu_5933_p2        |       xor|   0|  0|    2|           1|           2|
    |xor_ln204_53_fu_5945_p2        |       xor|   0|  0|    2|           1|           2|
    |xor_ln204_54_fu_5969_p2        |       xor|   0|  0|    2|           1|           1|
    |xor_ln204_55_fu_6060_p2        |       xor|   0|  0|    2|           1|           2|
    |xor_ln204_56_fu_6072_p2        |       xor|   0|  0|    2|           1|           2|
    |xor_ln204_57_fu_6094_p2        |       xor|   0|  0|    2|           1|           2|
    |xor_ln204_58_fu_6106_p2        |       xor|   0|  0|    2|           1|           2|
    |xor_ln204_59_fu_6130_p2        |       xor|   0|  0|    2|           1|           1|
    |xor_ln204_5_fu_4450_p2         |       xor|   0|  0|    2|           1|           2|
    |xor_ln204_60_fu_6221_p2        |       xor|   0|  0|    2|           1|           2|
    |xor_ln204_61_fu_6233_p2        |       xor|   0|  0|    2|           1|           2|
    |xor_ln204_62_fu_6255_p2        |       xor|   0|  0|    2|           1|           2|
    |xor_ln204_63_fu_6267_p2        |       xor|   0|  0|    2|           1|           2|
    |xor_ln204_64_fu_6291_p2        |       xor|   0|  0|    2|           1|           1|
    |xor_ln204_65_fu_6382_p2        |       xor|   0|  0|    2|           1|           2|
    |xor_ln204_66_fu_6394_p2        |       xor|   0|  0|    2|           1|           2|
    |xor_ln204_67_fu_6416_p2        |       xor|   0|  0|    2|           1|           2|
    |xor_ln204_68_fu_6428_p2        |       xor|   0|  0|    2|           1|           2|
    |xor_ln204_69_fu_6452_p2        |       xor|   0|  0|    2|           1|           1|
    |xor_ln204_6_fu_4462_p2         |       xor|   0|  0|    2|           1|           2|
    |xor_ln204_70_fu_6543_p2        |       xor|   0|  0|    2|           1|           2|
    |xor_ln204_71_fu_6555_p2        |       xor|   0|  0|    2|           1|           2|
    |xor_ln204_72_fu_6577_p2        |       xor|   0|  0|    2|           1|           2|
    |xor_ln204_73_fu_6589_p2        |       xor|   0|  0|    2|           1|           2|
    |xor_ln204_74_fu_6613_p2        |       xor|   0|  0|    2|           1|           1|
    |xor_ln204_75_fu_6704_p2        |       xor|   0|  0|    2|           1|           2|
    |xor_ln204_76_fu_6716_p2        |       xor|   0|  0|    2|           1|           2|
    |xor_ln204_77_fu_6738_p2        |       xor|   0|  0|    2|           1|           2|
    |xor_ln204_78_fu_6750_p2        |       xor|   0|  0|    2|           1|           2|
    |xor_ln204_79_fu_6774_p2        |       xor|   0|  0|    2|           1|           1|
    |xor_ln204_7_fu_4484_p2         |       xor|   0|  0|    2|           1|           2|
    |xor_ln204_8_fu_4496_p2         |       xor|   0|  0|    2|           1|           2|
    |xor_ln204_9_fu_4520_p2         |       xor|   0|  0|    2|           1|           1|
    |xor_ln204_fu_4289_p2           |       xor|   0|  0|    2|           1|           2|
    |xor_ln209_1_fu_7907_p2         |       xor|   0|  0|    2|           1|           2|
    |xor_ln209_2_fu_7919_p2         |       xor|   0|  0|    2|           1|           1|
    |xor_ln209_3_fu_7925_p2         |       xor|   0|  0|    2|           1|           2|
    |xor_ln209_fu_7895_p2           |       xor|   0|  0|    2|           1|           2|
    |xor_ln214_1_fu_7999_p2         |       xor|   0|  0|    2|           1|           1|
    |xor_ln214_fu_7989_p2           |       xor|   0|  0|    2|           1|           2|
    |xor_ln238_fu_11185_p2          |       xor|   0|  0|    2|           1|           2|
    |xor_ln253_1_fu_8226_p2         |       xor|   0|  0|    2|           2|           1|
    |xor_ln253_fu_8210_p2           |       xor|   0|  0|    2|           1|           2|
    |xor_ln263_10_fu_8731_p2        |       xor|   0|  0|    2|           1|           2|
    |xor_ln263_11_fu_8843_p2        |       xor|   0|  0|    2|           1|           2|
    |xor_ln263_12_fu_8905_p2        |       xor|   0|  0|    2|           1|           2|
    |xor_ln263_13_fu_8926_p2        |       xor|   0|  0|    2|           1|           2|
    |xor_ln263_14_fu_8937_p2        |       xor|   0|  0|    2|           1|           2|
    |xor_ln263_15_fu_8959_p2        |       xor|   0|  0|    2|           1|           2|
    |xor_ln263_16_fu_9070_p2        |       xor|   0|  0|    2|           1|           2|
    |xor_ln263_17_fu_9132_p2        |       xor|   0|  0|    2|           1|           2|
    |xor_ln263_18_fu_9153_p2        |       xor|   0|  0|    2|           1|           2|
    |xor_ln263_19_fu_9164_p2        |       xor|   0|  0|    2|           1|           2|
    |xor_ln263_1_fu_8455_p2         |       xor|   0|  0|    2|           1|           2|
    |xor_ln263_20_fu_9186_p2        |       xor|   0|  0|    2|           1|           2|
    |xor_ln263_21_fu_9297_p2        |       xor|   0|  0|    2|           1|           2|
    |xor_ln263_22_fu_9359_p2        |       xor|   0|  0|    2|           1|           2|
    |xor_ln263_23_fu_9380_p2        |       xor|   0|  0|    2|           1|           2|
    |xor_ln263_24_fu_9391_p2        |       xor|   0|  0|    2|           1|           2|
    |xor_ln263_25_fu_9413_p2        |       xor|   0|  0|    2|           1|           2|
    |xor_ln263_26_fu_9524_p2        |       xor|   0|  0|    2|           1|           2|
    |xor_ln263_27_fu_9586_p2        |       xor|   0|  0|    2|           1|           2|
    |xor_ln263_28_fu_9607_p2        |       xor|   0|  0|    2|           1|           2|
    |xor_ln263_29_fu_9618_p2        |       xor|   0|  0|    2|           1|           2|
    |xor_ln263_2_fu_8466_p2         |       xor|   0|  0|    2|           1|           1|
    |xor_ln263_30_fu_9640_p2        |       xor|   0|  0|    2|           1|           2|
    |xor_ln263_31_fu_9751_p2        |       xor|   0|  0|    2|           1|           2|
    |xor_ln263_32_fu_9813_p2        |       xor|   0|  0|    2|           1|           2|
    |xor_ln263_33_fu_9834_p2        |       xor|   0|  0|    2|           1|           2|
    |xor_ln263_34_fu_9845_p2        |       xor|   0|  0|    2|           1|           2|
    |xor_ln263_35_fu_9867_p2        |       xor|   0|  0|    2|           1|           2|
    |xor_ln263_36_fu_9978_p2        |       xor|   0|  0|    2|           1|           2|
    |xor_ln263_37_fu_10040_p2       |       xor|   0|  0|    2|           1|           2|
    |xor_ln263_38_fu_10061_p2       |       xor|   0|  0|    2|           1|           2|
    |xor_ln263_39_fu_10072_p2       |       xor|   0|  0|    2|           1|           2|
    |xor_ln263_3_fu_8476_p2         |       xor|   0|  0|    2|           1|           2|
    |xor_ln263_40_fu_10094_p2       |       xor|   0|  0|    2|           1|           2|
    |xor_ln263_41_fu_10205_p2       |       xor|   0|  0|    2|           1|           2|
    |xor_ln263_42_fu_10267_p2       |       xor|   0|  0|    2|           1|           2|
    |xor_ln263_43_fu_10288_p2       |       xor|   0|  0|    2|           1|           2|
    |xor_ln263_44_fu_10299_p2       |       xor|   0|  0|    2|           1|           2|
    |xor_ln263_45_fu_10321_p2       |       xor|   0|  0|    2|           1|           2|
    |xor_ln263_46_fu_10432_p2       |       xor|   0|  0|    2|           1|           2|
    |xor_ln263_47_fu_10494_p2       |       xor|   0|  0|    2|           1|           2|
    |xor_ln263_48_fu_10515_p2       |       xor|   0|  0|    2|           1|           2|
    |xor_ln263_49_fu_10526_p2       |       xor|   0|  0|    2|           1|           2|
    |xor_ln263_4_fu_8471_p2         |       xor|   0|  0|    2|           1|           1|
    |xor_ln263_50_fu_10548_p2       |       xor|   0|  0|    2|           1|           2|
    |xor_ln263_51_fu_10659_p2       |       xor|   0|  0|    2|           1|           2|
    |xor_ln263_52_fu_10721_p2       |       xor|   0|  0|    2|           1|           2|
    |xor_ln263_53_fu_10742_p2       |       xor|   0|  0|    2|           1|           2|
    |xor_ln263_54_fu_10753_p2       |       xor|   0|  0|    2|           1|           2|
    |xor_ln263_55_fu_10775_p2       |       xor|   0|  0|    2|           1|           2|
    |xor_ln263_5_fu_8506_p2         |       xor|   0|  0|    2|           1|           2|
    |xor_ln263_6_fu_8648_p2         |       xor|   0|  0|    2|           1|           2|
    |xor_ln263_7_fu_8673_p2         |       xor|   0|  0|    2|           1|           2|
    |xor_ln263_8_fu_8696_p2         |       xor|   0|  0|    2|           1|           2|
    |xor_ln263_9_fu_8708_p2         |       xor|   0|  0|    2|           1|           2|
    |xor_ln263_fu_8444_p2           |       xor|   0|  0|    2|           1|           2|
    |xor_ln269_1_fu_10951_p2        |       xor|   0|  0|    2|           1|           2|
    |xor_ln269_2_fu_10972_p2        |       xor|   0|  0|    2|           1|           2|
    |xor_ln269_3_fu_10983_p2        |       xor|   0|  0|    2|           1|           2|
    |xor_ln269_4_fu_11005_p2        |       xor|   0|  0|    2|           1|           2|
    |xor_ln269_fu_10889_p2          |       xor|   0|  0|    2|           1|           2|
    |xor_ln272_fu_11168_p2          |       xor|   0|  0|    2|           1|           2|
    |xor_ln276_fu_11212_p2          |       xor|   0|  0|    2|           1|           2|
    |xor_ln280_fu_11129_p2          |       xor|   0|  0|    2|           1|           2|
    +-------------------------------+----------+----+---+-----+------------+------------+
    |Total                          |          |   0|  0|18912|        6365|       17271|
    +-------------------------------+----------+----+---+-----+------------+------------+

    * Multiplexer: 
    +----------------+-----+-----------+-----+-----------+
    |      Name      | LUT | Input Size| Bits| Total Bits|
    +----------------+-----+-----------+-----+-----------+
    |ap_NS_fsm       |  468|         94|    1|         94|
    |grp_fu_1583_p0  |   14|          3|   77|        231|
    |grp_fu_1583_p1  |   59|         11|   40|        440|
    +----------------+-----+-----------+-----+-----------+
    |Total           |  541|        108|  118|        765|
    +----------------+-----+-----------+-----+-----------+

    * Register: 
    +----------------------------+-----+----+-----+-----------+
    |            Name            |  FF | LUT| Bits| Const Bits|
    +----------------------------+-----+----+-----+-----------+
    |add_ln104_16_reg_11867      |   29|   0|   29|          0|
    |add_ln104_18_reg_11884      |   29|   0|   29|          0|
    |add_ln104_20_reg_11901      |   29|   0|   29|          0|
    |add_ln104_22_reg_11918      |   29|   0|   29|          0|
    |add_ln104_30_reg_11947      |   29|   0|   29|          0|
    |add_ln253_reg_12016         |   41|   0|   78|         37|
    |add_ln263_10_reg_12314      |  117|   0|  117|          0|
    |add_ln263_12_reg_12371      |  117|   0|  117|          0|
    |add_ln263_14_reg_12428      |  117|   0|  117|          0|
    |add_ln263_16_reg_12485      |  117|   0|  117|          0|
    |add_ln263_18_reg_12542      |  117|   0|  117|          0|
    |add_ln263_20_reg_12599      |  117|   0|  117|          0|
    |add_ln263_2_reg_12093       |  117|   0|  117|          0|
    |add_ln263_4_reg_12143       |  117|   0|  117|          0|
    |add_ln263_5_reg_12053       |   50|   0|   95|         45|
    |add_ln263_6_reg_12200       |  117|   0|  117|          0|
    |add_ln263_8_reg_12257       |  117|   0|  117|          0|
    |and_ln263_10_reg_12165      |    1|   0|    1|          0|
    |and_ln263_16_reg_12222      |    1|   0|    1|          0|
    |and_ln263_22_reg_12279      |    1|   0|    1|          0|
    |and_ln263_28_reg_12336      |    1|   0|    1|          0|
    |and_ln263_34_reg_12393      |    1|   0|    1|          0|
    |and_ln263_40_reg_12450      |    1|   0|    1|          0|
    |and_ln263_46_reg_12507      |    1|   0|    1|          0|
    |and_ln263_52_reg_12564      |    1|   0|    1|          0|
    |and_ln263_58_reg_12621      |    1|   0|    1|          0|
    |and_ln269_reg_12687         |    1|   0|    1|          0|
    |ap_CS_fsm                   |   93|   0|   93|          0|
    |b0_10_reg_12211             |   40|   0|   40|          0|
    |b0_13_reg_12268             |   40|   0|   40|          0|
    |b0_16_reg_12325             |   40|   0|   40|          0|
    |b0_19_reg_12382             |   40|   0|   40|          0|
    |b0_22_reg_12439             |   40|   0|   40|          0|
    |b0_25_reg_12496             |   40|   0|   40|          0|
    |b0_28_reg_12553             |   40|   0|   40|          0|
    |b0_31_reg_12610             |   40|   0|   40|          0|
    |b0_33_reg_12077             |   40|   0|   40|          0|
    |b0_34_reg_12132             |   40|   0|   40|          0|
    |b0_35_reg_12189             |   40|   0|   40|          0|
    |b0_36_reg_12246             |   40|   0|   40|          0|
    |b0_37_reg_12303             |   40|   0|   40|          0|
    |b0_38_reg_12360             |   40|   0|   40|          0|
    |b0_39_reg_12417             |   40|   0|   40|          0|
    |b0_3_reg_12105              |   40|   0|   40|          0|
    |b0_40_reg_12474             |   40|   0|   40|          0|
    |b0_41_reg_12531             |   40|   0|   40|          0|
    |b0_42_reg_12588             |   40|   0|   40|          0|
    |b0_43_reg_12645             |   40|   0|   40|          0|
    |b0_7_reg_12154              |   40|   0|   40|          0|
    |b0_reg_12067                |   23|   0|   23|          0|
    |icmp_ln238_reg_11988        |    1|   0|    1|          0|
    |icmp_ln244_reg_11995        |    1|   0|    1|          0|
    |icmp_ln263_10_reg_12291     |    1|   0|    1|          0|
    |icmp_ln263_11_reg_12298     |    1|   0|    1|          0|
    |icmp_ln263_12_reg_12343     |    1|   0|    1|          0|
    |icmp_ln263_13_reg_12348     |    1|   0|    1|          0|
    |icmp_ln263_14_reg_12355     |    1|   0|    1|          0|
    |icmp_ln263_15_reg_12400     |    1|   0|    1|          0|
    |icmp_ln263_16_reg_12405     |    1|   0|    1|          0|
    |icmp_ln263_17_reg_12412     |    1|   0|    1|          0|
    |icmp_ln263_18_reg_12457     |    1|   0|    1|          0|
    |icmp_ln263_19_reg_12462     |    1|   0|    1|          0|
    |icmp_ln263_1_reg_12120      |    1|   0|    1|          0|
    |icmp_ln263_20_reg_12469     |    1|   0|    1|          0|
    |icmp_ln263_21_reg_12514     |    1|   0|    1|          0|
    |icmp_ln263_22_reg_12519     |    1|   0|    1|          0|
    |icmp_ln263_23_reg_12526     |    1|   0|    1|          0|
    |icmp_ln263_24_reg_12571     |    1|   0|    1|          0|
    |icmp_ln263_25_reg_12576     |    1|   0|    1|          0|
    |icmp_ln263_26_reg_12583     |    1|   0|    1|          0|
    |icmp_ln263_27_reg_12628     |    1|   0|    1|          0|
    |icmp_ln263_28_reg_12633     |    1|   0|    1|          0|
    |icmp_ln263_29_reg_12640     |    1|   0|    1|          0|
    |icmp_ln263_2_reg_12127      |    1|   0|    1|          0|
    |icmp_ln263_3_reg_12172      |    1|   0|    1|          0|
    |icmp_ln263_4_reg_12177      |    1|   0|    1|          0|
    |icmp_ln263_5_reg_12184      |    1|   0|    1|          0|
    |icmp_ln263_6_reg_12229      |    1|   0|    1|          0|
    |icmp_ln263_7_reg_12234      |    1|   0|    1|          0|
    |icmp_ln263_8_reg_12241      |    1|   0|    1|          0|
    |icmp_ln263_9_reg_12286      |    1|   0|    1|          0|
    |icmp_ln263_reg_12115        |    1|   0|    1|          0|
    |icmp_ln269_1_reg_12699      |    1|   0|    1|          0|
    |icmp_ln269_2_reg_12706      |    1|   0|    1|          0|
    |icmp_ln269_reg_12694        |    1|   0|    1|          0|
    |mul_ln204_16_reg_11605      |   58|   0|   58|          0|
    |mul_ln204_17_reg_11610      |   58|   0|   58|          0|
    |mul_ln204_18_reg_11620      |   58|   0|   58|          0|
    |mul_ln204_19_reg_11625      |   58|   0|   58|          0|
    |mul_ln204_20_reg_11630      |   58|   0|   58|          0|
    |mul_ln204_21_reg_11635      |   58|   0|   58|          0|
    |mul_ln204_22_reg_11640      |   58|   0|   58|          0|
    |mul_ln204_23_reg_11645      |   58|   0|   58|          0|
    |mul_ln204_24_reg_11650      |   58|   0|   58|          0|
    |mul_ln204_25_reg_11655      |   58|   0|   58|          0|
    |mul_ln204_26_reg_11660      |   58|   0|   58|          0|
    |mul_ln204_27_reg_11665      |   58|   0|   58|          0|
    |mul_ln204_28_reg_11670      |   58|   0|   58|          0|
    |mul_ln204_29_reg_11675      |   58|   0|   58|          0|
    |mul_ln204_30_reg_11680      |   58|   0|   58|          0|
    |mul_ln204_31_reg_11685      |   58|   0|   58|          0|
    |mul_ln204_32_reg_11690      |   58|   0|   58|          0|
    |mul_ln204_33_reg_11695      |   58|   0|   58|          0|
    |mul_ln204_34_reg_11700      |   58|   0|   58|          0|
    |mul_ln204_35_reg_11705      |   58|   0|   58|          0|
    |mul_ln204_36_reg_11710      |   58|   0|   58|          0|
    |mul_ln204_37_reg_11715      |   58|   0|   58|          0|
    |mul_ln204_38_reg_11720      |   58|   0|   58|          0|
    |mul_ln204_39_reg_11725      |   58|   0|   58|          0|
    |mul_ln204_40_reg_11730      |   58|   0|   58|          0|
    |mul_ln204_41_reg_11735      |   58|   0|   58|          0|
    |mul_ln204_42_reg_11740      |   58|   0|   58|          0|
    |mul_ln204_43_reg_11745      |   58|   0|   58|          0|
    |mul_ln204_44_reg_11750      |   58|   0|   58|          0|
    |mul_ln204_45_reg_11755      |   58|   0|   58|          0|
    |mul_ln204_46_reg_11760      |   58|   0|   58|          0|
    |mul_ln204_reg_11615         |   58|   0|   58|          0|
    |mul_ln269_reg_12660         |   80|   0|   80|          0|
    |out_29_reg_11600            |   29|   0|   29|          0|
    |out_31_reg_11765            |   29|   0|   29|          0|
    |p_1_reg_12676               |   40|   0|   40|          0|
    |reg_1587                    |  117|   0|  117|          0|
    |select_ln104_25_reg_11935   |   29|   0|   29|          0|
    |select_ln104_27_reg_11941   |   29|   0|   29|          0|
    |select_ln204_14_reg_11783   |   29|   0|   29|          0|
    |select_ln204_19_reg_11789   |   29|   0|   29|          0|
    |select_ln204_24_reg_11795   |   29|   0|   29|          0|
    |select_ln204_29_reg_11801   |   29|   0|   29|          0|
    |select_ln204_34_reg_11807   |   29|   0|   29|          0|
    |select_ln204_39_reg_11813   |   29|   0|   29|          0|
    |select_ln204_44_reg_11819   |   29|   0|   29|          0|
    |select_ln204_49_reg_11825   |   29|   0|   29|          0|
    |select_ln204_4_reg_11771    |   29|   0|   29|          0|
    |select_ln204_54_reg_11831   |   29|   0|   29|          0|
    |select_ln204_59_reg_11837   |   29|   0|   29|          0|
    |select_ln204_64_reg_11843   |   29|   0|   29|          0|
    |select_ln204_69_reg_11849   |   29|   0|   29|          0|
    |select_ln204_74_reg_11855   |   29|   0|   29|          0|
    |select_ln204_79_reg_11861   |   29|   0|   29|          0|
    |select_ln204_9_reg_11777    |   29|   0|   29|          0|
    |selected_Jij_134_reg_11339  |   29|   0|   29|          0|
    |selected_Jij_135_reg_11349  |   29|   0|   29|          0|
    |selected_Jij_136_reg_11369  |   29|   0|   29|          0|
    |selected_Jij_137_reg_11379  |   29|   0|   29|          0|
    |selected_Jij_138_reg_11389  |   29|   0|   29|          0|
    |selected_Jij_139_reg_11399  |   29|   0|   29|          0|
    |selected_Jij_140_reg_11409  |   29|   0|   29|          0|
    |selected_Jij_141_reg_11419  |   29|   0|   29|          0|
    |selected_Jij_142_reg_11429  |   29|   0|   29|          0|
    |selected_Jij_143_reg_11439  |   29|   0|   29|          0|
    |selected_Jij_144_reg_11449  |   29|   0|   29|          0|
    |selected_Jij_145_reg_11459  |   29|   0|   29|          0|
    |selected_Jij_146_reg_11469  |   29|   0|   29|          0|
    |selected_Jij_147_reg_11479  |   29|   0|   29|          0|
    |selected_Jij_148_reg_11489  |   29|   0|   29|          0|
    |selected_Jij_reg_11359      |   29|   0|   29|          0|
    |selected_bit_reg_11499      |    1|   0|    1|          0|
    |sext_ln263_1_reg_12083      |   80|   0|  117|         37|
    |signed_field_reg_11964      |   29|   0|   29|          0|
    |sub_ln269_reg_12665         |   80|   0|   80|          0|
    |tmp_10_reg_11314            |    1|   0|    1|          0|
    |tmp_110_reg_11872           |    1|   0|    1|          0|
    |tmp_111_reg_11878           |    1|   0|    1|          0|
    |tmp_112_reg_11889           |    1|   0|    1|          0|
    |tmp_113_reg_11895           |    1|   0|    1|          0|
    |tmp_114_reg_11906           |    1|   0|    1|          0|
    |tmp_115_reg_11912           |    1|   0|    1|          0|
    |tmp_116_reg_11923           |    1|   0|    1|          0|
    |tmp_117_reg_11929           |    1|   0|    1|          0|
    |tmp_11_reg_11319            |    1|   0|    1|          0|
    |tmp_120_reg_12033           |    2|   0|    2|          0|
    |tmp_126_reg_11952           |    1|   0|    1|          0|
    |tmp_127_reg_11958           |    1|   0|    1|          0|
    |tmp_12_reg_11324            |    1|   0|    1|          0|
    |tmp_130_reg_11969           |    1|   0|    1|          0|
    |tmp_131_reg_11975           |    1|   0|    1|          0|
    |tmp_135_reg_12011           |    1|   0|    1|          0|
    |tmp_138_reg_12021           |    1|   0|    1|          0|
    |tmp_13_reg_11329            |    1|   0|    1|          0|
    |tmp_141_reg_12027           |    1|   0|    1|          0|
    |tmp_14_reg_11334            |    1|   0|    1|          0|
    |tmp_152_reg_12058           |    1|   0|    1|          0|
    |tmp_155_reg_12072           |    1|   0|    1|          0|
    |tmp_157_reg_12099           |    1|   0|    1|          0|
    |tmp_158_reg_12110           |    1|   0|    1|          0|
    |tmp_164_reg_12148           |    1|   0|    1|          0|
    |tmp_169_reg_12159           |    1|   0|    1|          0|
    |tmp_171_reg_12205           |    1|   0|    1|          0|
    |tmp_176_reg_12216           |    1|   0|    1|          0|
    |tmp_178_reg_12262           |    1|   0|    1|          0|
    |tmp_183_reg_12273           |    1|   0|    1|          0|
    |tmp_185_reg_12319           |    1|   0|    1|          0|
    |tmp_190_reg_12330           |    1|   0|    1|          0|
    |tmp_192_reg_12376           |    1|   0|    1|          0|
    |tmp_197_reg_12387           |    1|   0|    1|          0|
    |tmp_199_reg_12433           |    1|   0|    1|          0|
    |tmp_19_reg_11354            |    1|   0|    1|          0|
    |tmp_1_reg_11269             |    1|   0|    1|          0|
    |tmp_204_reg_12444           |    1|   0|    1|          0|
    |tmp_206_reg_12490           |    1|   0|    1|          0|
    |tmp_209_reg_12501           |    1|   0|    1|          0|
    |tmp_211_reg_12547           |    1|   0|    1|          0|
    |tmp_214_reg_12558           |    1|   0|    1|          0|
    |tmp_216_reg_12604           |    1|   0|    1|          0|
    |tmp_219_reg_12615           |    1|   0|    1|          0|
    |tmp_221_reg_12670           |    1|   0|    1|          0|
    |tmp_224_reg_12681           |    1|   0|    1|          0|
    |tmp_24_reg_11364            |    1|   0|    1|          0|
    |tmp_29_reg_11374            |    1|   0|    1|          0|
    |tmp_2_reg_11274             |    1|   0|    1|          0|
    |tmp_34_reg_11384            |    1|   0|    1|          0|
    |tmp_39_reg_11394            |    1|   0|    1|          0|
    |tmp_3_reg_11279             |    1|   0|    1|          0|
    |tmp_44_reg_11404            |    1|   0|    1|          0|
    |tmp_49_reg_11414            |    1|   0|    1|          0|
    |tmp_4_reg_11284             |    1|   0|    1|          0|
    |tmp_54_reg_11424            |    1|   0|    1|          0|
    |tmp_59_reg_11434            |    1|   0|    1|          0|
    |tmp_5_reg_11289             |    1|   0|    1|          0|
    |tmp_64_reg_11444            |    1|   0|    1|          0|
    |tmp_69_reg_11454            |    1|   0|    1|          0|
    |tmp_6_reg_11294             |    1|   0|    1|          0|
    |tmp_74_reg_11464            |    1|   0|    1|          0|
    |tmp_79_reg_11474            |    1|   0|    1|          0|
    |tmp_7_reg_11299             |    1|   0|    1|          0|
    |tmp_84_reg_11484            |    1|   0|    1|          0|
    |tmp_89_reg_11494            |    1|   0|    1|          0|
    |tmp_8_reg_11304             |    1|   0|    1|          0|
    |tmp_9_reg_11309             |    1|   0|    1|          0|
    |tmp_reg_11264               |    1|   0|    1|          0|
    |trunc_ln135_reg_11259       |    1|   0|    1|          0|
    |trunc_ln204_reg_11344       |    1|   0|    1|          0|
    |trunc_ln2_reg_12006         |   37|   0|   37|          0|
    |x_reg_11981                 |   28|   0|   28|          0|
    |y_1_reg_12039               |   40|   0|   40|          0|
    +----------------------------+-----+----+-----+-----------+
    |Total                       | 5912|   0| 6031|        119|
    +----------------------------+-----+----+-----+-----------+



================================================================
== Interface
================================================================
* Summary: 
+-------------+-----+-----+--------------+---------------------------+--------------+
|  RTL Ports  | Dir | Bits|   Protocol   |       Source Object       |    C Type    |
+-------------+-----+-----+--------------+---------------------------+--------------+
|ap_clk       |   in|    1|  ap_ctrl_none|  local_spin_flip_operation|  return value|
|ap_rst       |   in|    1|  ap_ctrl_none|  local_spin_flip_operation|  return value|
|h_0          |   in|   29|       ap_none|                        h_0|       pointer|
|h_1          |   in|   29|       ap_none|                        h_1|       pointer|
|h_2          |   in|   29|       ap_none|                        h_2|       pointer|
|h_3          |   in|   29|       ap_none|                        h_3|       pointer|
|h_4          |   in|   29|       ap_none|                        h_4|       pointer|
|h_5          |   in|   29|       ap_none|                        h_5|       pointer|
|h_6          |   in|   29|       ap_none|                        h_6|       pointer|
|h_7          |   in|   29|       ap_none|                        h_7|       pointer|
|h_8          |   in|   29|       ap_none|                        h_8|       pointer|
|h_9          |   in|   29|       ap_none|                        h_9|       pointer|
|h_10         |   in|   29|       ap_none|                       h_10|       pointer|
|h_11         |   in|   29|       ap_none|                       h_11|       pointer|
|h_12         |   in|   29|       ap_none|                       h_12|       pointer|
|h_13         |   in|   29|       ap_none|                       h_13|       pointer|
|h_14         |   in|   29|       ap_none|                       h_14|       pointer|
|h_15         |   in|   29|       ap_none|                       h_15|       pointer|
|J_edges_0    |   in|   29|       ap_none|                  J_edges_0|       pointer|
|J_edges_1    |   in|   29|       ap_none|                  J_edges_1|       pointer|
|J_edges_2    |   in|   29|       ap_none|                  J_edges_2|       pointer|
|J_edges_3    |   in|   29|       ap_none|                  J_edges_3|       pointer|
|J_edges_4    |   in|   29|       ap_none|                  J_edges_4|       pointer|
|J_edges_5    |   in|   29|       ap_none|                  J_edges_5|       pointer|
|J_edges_6    |   in|   29|       ap_none|                  J_edges_6|       pointer|
|J_edges_7    |   in|   29|       ap_none|                  J_edges_7|       pointer|
|J_edges_8    |   in|   29|       ap_none|                  J_edges_8|       pointer|
|J_edges_9    |   in|   29|       ap_none|                  J_edges_9|       pointer|
|J_edges_10   |   in|   29|       ap_none|                 J_edges_10|       pointer|
|J_edges_11   |   in|   29|       ap_none|                 J_edges_11|       pointer|
|J_edges_12   |   in|   29|       ap_none|                 J_edges_12|       pointer|
|J_edges_13   |   in|   29|       ap_none|                 J_edges_13|       pointer|
|J_edges_14   |   in|   29|       ap_none|                 J_edges_14|       pointer|
|J_edges_15   |   in|   29|       ap_none|                 J_edges_15|       pointer|
|J_edges_16   |   in|   29|       ap_none|                 J_edges_16|       pointer|
|J_edges_17   |   in|   29|       ap_none|                 J_edges_17|       pointer|
|J_edges_18   |   in|   29|       ap_none|                 J_edges_18|       pointer|
|J_edges_19   |   in|   29|       ap_none|                 J_edges_19|       pointer|
|J_edges_20   |   in|   29|       ap_none|                 J_edges_20|       pointer|
|J_edges_21   |   in|   29|       ap_none|                 J_edges_21|       pointer|
|J_edges_22   |   in|   29|       ap_none|                 J_edges_22|       pointer|
|J_edges_23   |   in|   29|       ap_none|                 J_edges_23|       pointer|
|J_edges_24   |   in|   29|       ap_none|                 J_edges_24|       pointer|
|J_edges_25   |   in|   29|       ap_none|                 J_edges_25|       pointer|
|J_edges_26   |   in|   29|       ap_none|                 J_edges_26|       pointer|
|J_edges_27   |   in|   29|       ap_none|                 J_edges_27|       pointer|
|J_edges_28   |   in|   29|       ap_none|                 J_edges_28|       pointer|
|J_edges_29   |   in|   29|       ap_none|                 J_edges_29|       pointer|
|J_edges_30   |   in|   29|       ap_none|                 J_edges_30|       pointer|
|J_edges_31   |   in|   29|       ap_none|                 J_edges_31|       pointer|
|J_edges_32   |   in|   29|       ap_none|                 J_edges_32|       pointer|
|J_edges_33   |   in|   29|       ap_none|                 J_edges_33|       pointer|
|J_edges_34   |   in|   29|       ap_none|                 J_edges_34|       pointer|
|J_edges_35   |   in|   29|       ap_none|                 J_edges_35|       pointer|
|J_edges_36   |   in|   29|       ap_none|                 J_edges_36|       pointer|
|J_edges_37   |   in|   29|       ap_none|                 J_edges_37|       pointer|
|J_edges_38   |   in|   29|       ap_none|                 J_edges_38|       pointer|
|J_edges_39   |   in|   29|       ap_none|                 J_edges_39|       pointer|
|J_edges_40   |   in|   29|       ap_none|                 J_edges_40|       pointer|
|J_edges_41   |   in|   29|       ap_none|                 J_edges_41|       pointer|
|J_edges_42   |   in|   29|       ap_none|                 J_edges_42|       pointer|
|J_edges_43   |   in|   29|       ap_none|                 J_edges_43|       pointer|
|J_edges_44   |   in|   29|       ap_none|                 J_edges_44|       pointer|
|J_edges_45   |   in|   29|       ap_none|                 J_edges_45|       pointer|
|J_edges_46   |   in|   29|       ap_none|                 J_edges_46|       pointer|
|J_edges_47   |   in|   29|       ap_none|                 J_edges_47|       pointer|
|J_edges_48   |   in|   29|       ap_none|                 J_edges_48|       pointer|
|J_edges_49   |   in|   29|       ap_none|                 J_edges_49|       pointer|
|J_edges_50   |   in|   29|       ap_none|                 J_edges_50|       pointer|
|J_edges_51   |   in|   29|       ap_none|                 J_edges_51|       pointer|
|J_edges_52   |   in|   29|       ap_none|                 J_edges_52|       pointer|
|J_edges_53   |   in|   29|       ap_none|                 J_edges_53|       pointer|
|J_edges_54   |   in|   29|       ap_none|                 J_edges_54|       pointer|
|J_edges_55   |   in|   29|       ap_none|                 J_edges_55|       pointer|
|J_edges_56   |   in|   29|       ap_none|                 J_edges_56|       pointer|
|J_edges_57   |   in|   29|       ap_none|                 J_edges_57|       pointer|
|J_edges_58   |   in|   29|       ap_none|                 J_edges_58|       pointer|
|J_edges_59   |   in|   29|       ap_none|                 J_edges_59|       pointer|
|J_edges_60   |   in|   29|       ap_none|                 J_edges_60|       pointer|
|J_edges_61   |   in|   29|       ap_none|                 J_edges_61|       pointer|
|J_edges_62   |   in|   29|       ap_none|                 J_edges_62|       pointer|
|J_edges_63   |   in|   29|       ap_none|                 J_edges_63|       pointer|
|J_edges_64   |   in|   29|       ap_none|                 J_edges_64|       pointer|
|J_edges_65   |   in|   29|       ap_none|                 J_edges_65|       pointer|
|J_edges_66   |   in|   29|       ap_none|                 J_edges_66|       pointer|
|J_edges_67   |   in|   29|       ap_none|                 J_edges_67|       pointer|
|J_edges_68   |   in|   29|       ap_none|                 J_edges_68|       pointer|
|J_edges_69   |   in|   29|       ap_none|                 J_edges_69|       pointer|
|J_edges_70   |   in|   29|       ap_none|                 J_edges_70|       pointer|
|J_edges_71   |   in|   29|       ap_none|                 J_edges_71|       pointer|
|J_edges_72   |   in|   29|       ap_none|                 J_edges_72|       pointer|
|J_edges_73   |   in|   29|       ap_none|                 J_edges_73|       pointer|
|J_edges_74   |   in|   29|       ap_none|                 J_edges_74|       pointer|
|J_edges_75   |   in|   29|       ap_none|                 J_edges_75|       pointer|
|J_edges_76   |   in|   29|       ap_none|                 J_edges_76|       pointer|
|J_edges_77   |   in|   29|       ap_none|                 J_edges_77|       pointer|
|J_edges_78   |   in|   29|       ap_none|                 J_edges_78|       pointer|
|J_edges_79   |   in|   29|       ap_none|                 J_edges_79|       pointer|
|J_edges_80   |   in|   29|       ap_none|                 J_edges_80|       pointer|
|J_edges_81   |   in|   29|       ap_none|                 J_edges_81|       pointer|
|J_edges_82   |   in|   29|       ap_none|                 J_edges_82|       pointer|
|J_edges_83   |   in|   29|       ap_none|                 J_edges_83|       pointer|
|J_edges_84   |   in|   29|       ap_none|                 J_edges_84|       pointer|
|J_edges_85   |   in|   29|       ap_none|                 J_edges_85|       pointer|
|J_edges_86   |   in|   29|       ap_none|                 J_edges_86|       pointer|
|J_edges_87   |   in|   29|       ap_none|                 J_edges_87|       pointer|
|J_edges_88   |   in|   29|       ap_none|                 J_edges_88|       pointer|
|J_edges_89   |   in|   29|       ap_none|                 J_edges_89|       pointer|
|J_edges_90   |   in|   29|       ap_none|                 J_edges_90|       pointer|
|J_edges_91   |   in|   29|       ap_none|                 J_edges_91|       pointer|
|J_edges_92   |   in|   29|       ap_none|                 J_edges_92|       pointer|
|J_edges_93   |   in|   29|       ap_none|                 J_edges_93|       pointer|
|J_edges_94   |   in|   29|       ap_none|                 J_edges_94|       pointer|
|J_edges_95   |   in|   29|       ap_none|                 J_edges_95|       pointer|
|J_edges_96   |   in|   29|       ap_none|                 J_edges_96|       pointer|
|J_edges_97   |   in|   29|       ap_none|                 J_edges_97|       pointer|
|J_edges_98   |   in|   29|       ap_none|                 J_edges_98|       pointer|
|J_edges_99   |   in|   29|       ap_none|                 J_edges_99|       pointer|
|J_edges_100  |   in|   29|       ap_none|                J_edges_100|       pointer|
|J_edges_101  |   in|   29|       ap_none|                J_edges_101|       pointer|
|J_edges_102  |   in|   29|       ap_none|                J_edges_102|       pointer|
|J_edges_103  |   in|   29|       ap_none|                J_edges_103|       pointer|
|J_edges_104  |   in|   29|       ap_none|                J_edges_104|       pointer|
|J_edges_105  |   in|   29|       ap_none|                J_edges_105|       pointer|
|J_edges_106  |   in|   29|       ap_none|                J_edges_106|       pointer|
|J_edges_107  |   in|   29|       ap_none|                J_edges_107|       pointer|
|J_edges_108  |   in|   29|       ap_none|                J_edges_108|       pointer|
|J_edges_109  |   in|   29|       ap_none|                J_edges_109|       pointer|
|J_edges_110  |   in|   29|       ap_none|                J_edges_110|       pointer|
|J_edges_111  |   in|   29|       ap_none|                J_edges_111|       pointer|
|J_edges_112  |   in|   29|       ap_none|                J_edges_112|       pointer|
|J_edges_113  |   in|   29|       ap_none|                J_edges_113|       pointer|
|J_edges_114  |   in|   29|       ap_none|                J_edges_114|       pointer|
|J_edges_115  |   in|   29|       ap_none|                J_edges_115|       pointer|
|J_edges_116  |   in|   29|       ap_none|                J_edges_116|       pointer|
|J_edges_117  |   in|   29|       ap_none|                J_edges_117|       pointer|
|J_edges_118  |   in|   29|       ap_none|                J_edges_118|       pointer|
|J_edges_119  |   in|   29|       ap_none|                J_edges_119|       pointer|
|spins        |   in|   16|       ap_none|                      spins|        scalar|
|flip_mask    |   in|   16|       ap_none|                  flip_mask|        scalar|
|delta_x      |  out|   29|       ap_none|                    delta_x|       pointer|
|accept_prob  |  out|   32|       ap_none|                accept_prob|       pointer|
+-------------+-----+-----+--------------+---------------------------+--------------+

