

================================================================
== Vitis HLS Report for 'uniform_move_operation'
================================================================
* Date:           Fri May 29 18:03:46 2026

* Version:        2025.2 (Build 6295257 on Nov 14 2025)
* Project:        hls_uniform_move_operation_N16_FRAC28
* Solution:       hls (Vivado IP Flow Target)
* Product family: virtexuplus
* Target device:  xcvu19p-fsva3824-2-e


================================================================
== Performance Estimates
================================================================
+ Timing: 
    * Summary: 
    +--------+---------+----------+------------+
    |  Clock |  Target | Estimated| Uncertainty|
    +--------+---------+----------+------------+
    |ap_clk  |  3.00 ns|  2.389 ns|     0.81 ns|
    +--------+---------+----------+------------+

+ Latency: 
    * Summary: 
    +---------+---------+----------+----------+-----+-----+---------+
    |  Latency (cycles) |  Latency (absolute) |  Interval | Pipeline|
    |   min   |   max   |    min   |    max   | min | max |   Type  |
    +---------+---------+----------+----------+-----+-----+---------+
    |       90|       90|  0.270 us|  0.270 us|   91|   91|       no|
    +---------+---------+----------+----------+-----+-----+---------+

    + Detail: 
        * Instance: 
        N/A

        * Loop: 
        N/A



================================================================
== Utilization Estimates
================================================================
* Summary: 
+---------------------+---------+------+---------+---------+-----+
|         Name        | BRAM_18K|  DSP |    FF   |   LUT   | URAM|
+---------------------+---------+------+---------+---------+-----+
|DSP                  |        -|     -|        -|        -|    -|
|Expression           |        -|     -|        0|    47859|    -|
|FIFO                 |        -|     -|        -|        -|    -|
|Instance             |        -|    18|      879|      489|    -|
|Memory               |        -|     -|        -|        -|    -|
|Multiplexer          |        -|     -|        0|      528|    -|
|Register             |        -|     -|     8557|        -|    -|
+---------------------+---------+------+---------+---------+-----+
|Total                |        0|    18|     9436|    48876|    0|
+---------------------+---------+------+---------+---------+-----+
|Available SLR        |     1080|   960|  2042880|  1021440|   80|
+---------------------+---------+------+---------+---------+-----+
|Utilization SLR (%)  |        0|     1|       ~0|        4|    0|
+---------------------+---------+------+---------+---------+-----+
|Available            |     4320|  3840|  8171520|  4085760|  320|
+---------------------+---------+------+---------+---------+-----+
|Utilization (%)      |        0|    ~0|       ~0|        1|    0|
+---------------------+---------+------+---------+---------+-----+

+ Detail: 
    * Instance: 
    +-------------------------+----------------------+---------+----+-----+-----+-----+
    |         Instance        |        Module        | BRAM_18K| DSP|  FF | LUT | URAM|
    +-------------------------+----------------------+---------+----+-----+-----+-----+
    |mul_32ns_38ns_69_3_1_U1  |mul_32ns_38ns_69_3_1  |        0|   4|  240|  146|    0|
    |mul_40s_40s_80_3_1_U2    |mul_40s_40s_80_3_1    |        0|   5|  198|   80|    0|
    |mul_77s_40s_117_5_1_U3   |mul_77s_40s_117_5_1   |        0|   9|  441|  249|    0|
    |sparsemux_9_3_32_1_1_U4  |sparsemux_9_3_32_1_1  |        0|   0|    0|   14|    0|
    +-------------------------+----------------------+---------+----+-----+-----+-----+
    |Total                    |                      |        0|  18|  879|  489|    0|
    +-------------------------+----------------------+---------+----+-----+-----+-----+

    * DSP: 
    N/A

    * Memory: 
    N/A

    * FIFO: 
    N/A

    * Expression: 
    +--------------------------------+----------+----+---+-----+------------+------------+
    |          Variable Name         | Operation| DSP| FF| LUT | Bitwidth P0| Bitwidth P1|
    +--------------------------------+----------+----+---+-----+------------+------------+
    |add_ln183_fu_25528_p2           |         +|   0|  0|  101|          78|          74|
    |add_ln191_10_fu_26848_p2        |         +|   0|  0|  117|         117|         102|
    |add_ln191_12_fu_27075_p2        |         +|   0|  0|  117|         117|         104|
    |add_ln191_14_fu_27302_p2        |         +|   0|  0|  117|         117|         105|
    |add_ln191_16_fu_27529_p2        |         +|   0|  0|  117|         117|         107|
    |add_ln191_18_fu_27756_p2        |         +|   0|  0|  117|         117|         106|
    |add_ln191_1_fu_25663_p2         |         +|   0|  0|   95|          95|          95|
    |add_ln191_20_fu_27983_p2        |         +|   0|  0|  117|         117|         108|
    |add_ln191_2_fu_25937_p2         |         +|   0|  0|  124|         117|          94|
    |add_ln191_3_fu_25680_p2         |         +|   0|  0|   95|          95|          95|
    |add_ln191_4_fu_26167_p2         |         +|   0|  0|  117|         117|          98|
    |add_ln191_5_fu_25714_p2         |         +|   0|  0|   95|          95|          95|
    |add_ln191_6_fu_26394_p2         |         +|   0|  0|  117|         117|          98|
    |add_ln191_7_fu_25764_p2         |         +|   0|  0|   95|          95|          95|
    |add_ln191_8_fu_26621_p2         |         +|   0|  0|  117|         117|         101|
    |add_ln191_fu_25770_p2           |         +|   0|  0|   95|          95|          93|
    |add_ln196_fu_28197_p2           |         +|   0|  0|   80|          80|          70|
    |add_ln90_100_fu_18838_p2        |         +|   0|  0|   36|          29|          29|
    |add_ln90_101_fu_18842_p2        |         +|   0|  0|   37|          30|          30|
    |add_ln90_102_fu_18904_p2        |         +|   0|  0|   36|          29|          29|
    |add_ln90_103_fu_18908_p2        |         +|   0|  0|   37|          30|          30|
    |add_ln90_104_fu_18970_p2        |         +|   0|  0|   36|          29|          29|
    |add_ln90_105_fu_18974_p2        |         +|   0|  0|   37|          30|          30|
    |add_ln90_106_fu_19036_p2        |         +|   0|  0|   36|          29|          29|
    |add_ln90_107_fu_19040_p2        |         +|   0|  0|   37|          30|          30|
    |add_ln90_108_fu_19102_p2        |         +|   0|  0|   36|          29|          29|
    |add_ln90_109_fu_19106_p2        |         +|   0|  0|   37|          30|          30|
    |add_ln90_10_fu_15868_p2         |         +|   0|  0|   36|          29|          29|
    |add_ln90_110_fu_19168_p2        |         +|   0|  0|   36|          29|          29|
    |add_ln90_111_fu_19172_p2        |         +|   0|  0|   37|          30|          30|
    |add_ln90_112_fu_19234_p2        |         +|   0|  0|   36|          29|          29|
    |add_ln90_113_fu_19238_p2        |         +|   0|  0|   37|          30|          30|
    |add_ln90_114_fu_19300_p2        |         +|   0|  0|   36|          29|          29|
    |add_ln90_115_fu_19304_p2        |         +|   0|  0|   37|          30|          30|
    |add_ln90_116_fu_19366_p2        |         +|   0|  0|   36|          29|          29|
    |add_ln90_117_fu_19370_p2        |         +|   0|  0|   37|          30|          30|
    |add_ln90_118_fu_19432_p2        |         +|   0|  0|   36|          29|          29|
    |add_ln90_119_fu_19436_p2        |         +|   0|  0|   37|          30|          30|
    |add_ln90_11_fu_15872_p2         |         +|   0|  0|   37|          30|          30|
    |add_ln90_120_fu_19498_p2        |         +|   0|  0|   36|          29|          29|
    |add_ln90_121_fu_19502_p2        |         +|   0|  0|   37|          30|          30|
    |add_ln90_122_fu_19564_p2        |         +|   0|  0|   36|          29|          29|
    |add_ln90_123_fu_19568_p2        |         +|   0|  0|   37|          30|          30|
    |add_ln90_124_fu_19630_p2        |         +|   0|  0|   36|          29|          29|
    |add_ln90_125_fu_19634_p2        |         +|   0|  0|   37|          30|          30|
    |add_ln90_126_fu_19696_p2        |         +|   0|  0|   36|          29|          29|
    |add_ln90_127_fu_19700_p2        |         +|   0|  0|   37|          30|          30|
    |add_ln90_128_fu_23826_p2        |         +|   0|  0|   36|          29|          29|
    |add_ln90_129_fu_23830_p2        |         +|   0|  0|   37|          30|          30|
    |add_ln90_12_fu_15934_p2         |         +|   0|  0|   36|          29|          29|
    |add_ln90_130_fu_23892_p2        |         +|   0|  0|   36|          29|          29|
    |add_ln90_131_fu_23896_p2        |         +|   0|  0|   37|          30|          30|
    |add_ln90_132_fu_23958_p2        |         +|   0|  0|   36|          29|          29|
    |add_ln90_133_fu_23962_p2        |         +|   0|  0|   37|          30|          30|
    |add_ln90_134_fu_24024_p2        |         +|   0|  0|   36|          29|          29|
    |add_ln90_135_fu_24028_p2        |         +|   0|  0|   37|          30|          30|
    |add_ln90_136_fu_19764_p2        |         +|   0|  0|   36|          29|          29|
    |add_ln90_137_fu_19770_p2        |         +|   0|  0|   37|          30|          30|
    |add_ln90_138_fu_19800_p2        |         +|   0|  0|   36|          29|          29|
    |add_ln90_139_fu_19806_p2        |         +|   0|  0|   37|          30|          30|
    |add_ln90_13_fu_15938_p2         |         +|   0|  0|   37|          30|          30|
    |add_ln90_140_fu_19836_p2        |         +|   0|  0|   36|          29|          29|
    |add_ln90_141_fu_19842_p2        |         +|   0|  0|   37|          30|          30|
    |add_ln90_142_fu_19872_p2        |         +|   0|  0|   36|          29|          29|
    |add_ln90_143_fu_19878_p2        |         +|   0|  0|   37|          30|          30|
    |add_ln90_144_fu_19908_p2        |         +|   0|  0|   36|          29|          29|
    |add_ln90_145_fu_19914_p2        |         +|   0|  0|   37|          30|          30|
    |add_ln90_146_fu_19944_p2        |         +|   0|  0|   36|          29|          29|
    |add_ln90_147_fu_19950_p2        |         +|   0|  0|   37|          30|          30|
    |add_ln90_148_fu_19980_p2        |         +|   0|  0|   36|          29|          29|
    |add_ln90_149_fu_19986_p2        |         +|   0|  0|   37|          30|          30|
    |add_ln90_14_fu_16000_p2         |         +|   0|  0|   36|          29|          29|
    |add_ln90_150_fu_20016_p2        |         +|   0|  0|   36|          29|          29|
    |add_ln90_151_fu_20022_p2        |         +|   0|  0|   37|          30|          30|
    |add_ln90_152_fu_20052_p2        |         +|   0|  0|   36|          29|          29|
    |add_ln90_153_fu_20058_p2        |         +|   0|  0|   37|          30|          30|
    |add_ln90_154_fu_20088_p2        |         +|   0|  0|   36|          29|          29|
    |add_ln90_155_fu_20094_p2        |         +|   0|  0|   37|          30|          30|
    |add_ln90_156_fu_20124_p2        |         +|   0|  0|   36|          29|          29|
    |add_ln90_157_fu_20130_p2        |         +|   0|  0|   37|          30|          30|
    |add_ln90_158_fu_20160_p2        |         +|   0|  0|   36|          29|          29|
    |add_ln90_159_fu_20166_p2        |         +|   0|  0|   37|          30|          30|
    |add_ln90_15_fu_16004_p2         |         +|   0|  0|   37|          30|          30|
    |add_ln90_160_fu_20196_p2        |         +|   0|  0|   36|          29|          29|
    |add_ln90_161_fu_20202_p2        |         +|   0|  0|   37|          30|          30|
    |add_ln90_162_fu_20232_p2        |         +|   0|  0|   36|          29|          29|
    |add_ln90_163_fu_20238_p2        |         +|   0|  0|   37|          30|          30|
    |add_ln90_164_fu_20268_p2        |         +|   0|  0|   36|          29|          29|
    |add_ln90_165_fu_20274_p2        |         +|   0|  0|   37|          30|          30|
    |add_ln90_166_fu_20304_p2        |         +|   0|  0|   36|          29|          29|
    |add_ln90_167_fu_20310_p2        |         +|   0|  0|   37|          30|          30|
    |add_ln90_168_fu_20340_p2        |         +|   0|  0|   36|          29|          29|
    |add_ln90_169_fu_20346_p2        |         +|   0|  0|   37|          30|          30|
    |add_ln90_16_fu_16066_p2         |         +|   0|  0|   36|          29|          29|
    |add_ln90_170_fu_20376_p2        |         +|   0|  0|   36|          29|          29|
    |add_ln90_171_fu_20382_p2        |         +|   0|  0|   37|          30|          30|
    |add_ln90_172_fu_20412_p2        |         +|   0|  0|   36|          29|          29|
    |add_ln90_173_fu_20418_p2        |         +|   0|  0|   37|          30|          30|
    |add_ln90_174_fu_20448_p2        |         +|   0|  0|   36|          29|          29|
    |add_ln90_175_fu_20454_p2        |         +|   0|  0|   37|          30|          30|
    |add_ln90_176_fu_20484_p2        |         +|   0|  0|   36|          29|          29|
    |add_ln90_177_fu_20490_p2        |         +|   0|  0|   37|          30|          30|
    |add_ln90_178_fu_20520_p2        |         +|   0|  0|   36|          29|          29|
    |add_ln90_179_fu_20526_p2        |         +|   0|  0|   37|          30|          30|
    |add_ln90_17_fu_16070_p2         |         +|   0|  0|   37|          30|          30|
    |add_ln90_180_fu_20556_p2        |         +|   0|  0|   36|          29|          29|
    |add_ln90_181_fu_20562_p2        |         +|   0|  0|   37|          30|          30|
    |add_ln90_182_fu_20592_p2        |         +|   0|  0|   36|          29|          29|
    |add_ln90_183_fu_20598_p2        |         +|   0|  0|   37|          30|          30|
    |add_ln90_184_fu_20628_p2        |         +|   0|  0|   36|          29|          29|
    |add_ln90_185_fu_20634_p2        |         +|   0|  0|   37|          30|          30|
    |add_ln90_186_fu_20664_p2        |         +|   0|  0|   36|          29|          29|
    |add_ln90_187_fu_20670_p2        |         +|   0|  0|   37|          30|          30|
    |add_ln90_188_fu_20700_p2        |         +|   0|  0|   36|          29|          29|
    |add_ln90_189_fu_20706_p2        |         +|   0|  0|   37|          30|          30|
    |add_ln90_18_fu_16132_p2         |         +|   0|  0|   36|          29|          29|
    |add_ln90_190_fu_20736_p2        |         +|   0|  0|   36|          29|          29|
    |add_ln90_191_fu_20742_p2        |         +|   0|  0|   37|          30|          30|
    |add_ln90_192_fu_20772_p2        |         +|   0|  0|   36|          29|          29|
    |add_ln90_193_fu_20778_p2        |         +|   0|  0|   37|          30|          30|
    |add_ln90_194_fu_20808_p2        |         +|   0|  0|   36|          29|          29|
    |add_ln90_195_fu_20814_p2        |         +|   0|  0|   37|          30|          30|
    |add_ln90_196_fu_20844_p2        |         +|   0|  0|   36|          29|          29|
    |add_ln90_197_fu_20850_p2        |         +|   0|  0|   37|          30|          30|
    |add_ln90_198_fu_20880_p2        |         +|   0|  0|   36|          29|          29|
    |add_ln90_199_fu_20886_p2        |         +|   0|  0|   37|          30|          30|
    |add_ln90_19_fu_16136_p2         |         +|   0|  0|   37|          30|          30|
    |add_ln90_1_fu_15542_p2          |         +|   0|  0|   37|          30|          30|
    |add_ln90_200_fu_24092_p2        |         +|   0|  0|   36|          29|          29|
    |add_ln90_201_fu_24098_p2        |         +|   0|  0|   37|          30|          30|
    |add_ln90_202_fu_24128_p2        |         +|   0|  0|   36|          29|          29|
    |add_ln90_203_fu_24134_p2        |         +|   0|  0|   37|          30|          30|
    |add_ln90_204_fu_22708_p2        |         +|   0|  0|   36|          29|          29|
    |add_ln90_205_fu_22714_p2        |         +|   0|  0|   37|          30|          30|
    |add_ln90_206_fu_22778_p2        |         +|   0|  0|   36|          29|          29|
    |add_ln90_207_fu_22784_p2        |         +|   0|  0|   37|          30|          30|
    |add_ln90_208_fu_22848_p2        |         +|   0|  0|   36|          29|          29|
    |add_ln90_209_fu_22854_p2        |         +|   0|  0|   37|          30|          30|
    |add_ln90_20_fu_16198_p2         |         +|   0|  0|   36|          29|          29|
    |add_ln90_210_fu_22918_p2        |         +|   0|  0|   36|          29|          29|
    |add_ln90_211_fu_22924_p2        |         +|   0|  0|   37|          30|          30|
    |add_ln90_212_fu_22988_p2        |         +|   0|  0|   36|          29|          29|
    |add_ln90_213_fu_22994_p2        |         +|   0|  0|   37|          30|          30|
    |add_ln90_214_fu_23058_p2        |         +|   0|  0|   36|          29|          29|
    |add_ln90_215_fu_23064_p2        |         +|   0|  0|   37|          30|          30|
    |add_ln90_216_fu_23128_p2        |         +|   0|  0|   36|          29|          29|
    |add_ln90_217_fu_23134_p2        |         +|   0|  0|   37|          30|          30|
    |add_ln90_218_fu_23198_p2        |         +|   0|  0|   36|          29|          29|
    |add_ln90_219_fu_23204_p2        |         +|   0|  0|   37|          30|          30|
    |add_ln90_21_fu_16202_p2         |         +|   0|  0|   37|          30|          30|
    |add_ln90_220_fu_23268_p2        |         +|   0|  0|   36|          29|          29|
    |add_ln90_221_fu_23274_p2        |         +|   0|  0|   37|          30|          30|
    |add_ln90_222_fu_23338_p2        |         +|   0|  0|   36|          29|          29|
    |add_ln90_223_fu_23344_p2        |         +|   0|  0|   37|          30|          30|
    |add_ln90_224_fu_23408_p2        |         +|   0|  0|   36|          29|          29|
    |add_ln90_225_fu_23414_p2        |         +|   0|  0|   37|          30|          30|
    |add_ln90_226_fu_23478_p2        |         +|   0|  0|   36|          29|          29|
    |add_ln90_227_fu_23484_p2        |         +|   0|  0|   37|          30|          30|
    |add_ln90_228_fu_23548_p2        |         +|   0|  0|   36|          29|          29|
    |add_ln90_229_fu_23554_p2        |         +|   0|  0|   37|          30|          30|
    |add_ln90_22_fu_16264_p2         |         +|   0|  0|   36|          29|          29|
    |add_ln90_230_fu_23618_p2        |         +|   0|  0|   36|          29|          29|
    |add_ln90_231_fu_23624_p2        |         +|   0|  0|   37|          30|          30|
    |add_ln90_232_fu_23688_p2        |         +|   0|  0|   36|          29|          29|
    |add_ln90_233_fu_23694_p2        |         +|   0|  0|   37|          30|          30|
    |add_ln90_234_fu_23758_p2        |         +|   0|  0|   36|          29|          29|
    |add_ln90_235_fu_23764_p2        |         +|   0|  0|   37|          30|          30|
    |add_ln90_236_fu_24894_p2        |         +|   0|  0|   36|          29|          29|
    |add_ln90_237_fu_24900_p2        |         +|   0|  0|   37|          30|          30|
    |add_ln90_238_fu_24162_p2        |         +|   0|  0|   36|          29|          29|
    |add_ln90_239_fu_24166_p2        |         +|   0|  0|   37|          30|          30|
    |add_ln90_23_fu_16268_p2         |         +|   0|  0|   37|          30|          30|
    |add_ln90_240_fu_24228_p2        |         +|   0|  0|   36|          29|          29|
    |add_ln90_241_fu_24232_p2        |         +|   0|  0|   37|          30|          30|
    |add_ln90_242_fu_24294_p2        |         +|   0|  0|   36|          29|          29|
    |add_ln90_243_fu_24298_p2        |         +|   0|  0|   37|          30|          30|
    |add_ln90_244_fu_24360_p2        |         +|   0|  0|   36|          29|          29|
    |add_ln90_245_fu_24364_p2        |         +|   0|  0|   37|          30|          30|
    |add_ln90_246_fu_24426_p2        |         +|   0|  0|   36|          29|          29|
    |add_ln90_247_fu_24430_p2        |         +|   0|  0|   37|          30|          30|
    |add_ln90_248_fu_24492_p2        |         +|   0|  0|   36|          29|          29|
    |add_ln90_249_fu_24496_p2        |         +|   0|  0|   37|          30|          30|
    |add_ln90_24_fu_16330_p2         |         +|   0|  0|   36|          29|          29|
    |add_ln90_250_fu_24558_p2        |         +|   0|  0|   36|          29|          29|
    |add_ln90_251_fu_24562_p2        |         +|   0|  0|   37|          30|          30|
    |add_ln90_252_fu_24624_p2        |         +|   0|  0|   36|          29|          29|
    |add_ln90_253_fu_24628_p2        |         +|   0|  0|   37|          30|          30|
    |add_ln90_254_fu_24692_p2        |         +|   0|  0|   36|          29|          29|
    |add_ln90_255_fu_24698_p2        |         +|   0|  0|   37|          30|          30|
    |add_ln90_256_fu_24728_p2        |         +|   0|  0|   36|          29|          29|
    |add_ln90_257_fu_24734_p2        |         +|   0|  0|   37|          30|          30|
    |add_ln90_258_fu_24764_p2        |         +|   0|  0|   36|          29|          29|
    |add_ln90_259_fu_24770_p2        |         +|   0|  0|   37|          30|          30|
    |add_ln90_25_fu_16334_p2         |         +|   0|  0|   37|          30|          30|
    |add_ln90_260_fu_24800_p2        |         +|   0|  0|   36|          29|          29|
    |add_ln90_261_fu_24806_p2        |         +|   0|  0|   37|          30|          30|
    |add_ln90_262_fu_25080_p2        |         +|   0|  0|   36|          29|          29|
    |add_ln90_263_fu_25086_p2        |         +|   0|  0|   37|          30|          30|
    |add_ln90_264_fu_25150_p2        |         +|   0|  0|   36|          29|          29|
    |add_ln90_265_fu_25156_p2        |         +|   0|  0|   37|          30|          30|
    |add_ln90_266_fu_25218_p2        |         +|   0|  0|   36|          29|          29|
    |add_ln90_267_fu_25222_p2        |         +|   0|  0|   37|          30|          30|
    |add_ln90_268_fu_25285_p2        |         +|   0|  0|   36|          29|          29|
    |add_ln90_269_fu_25290_p2        |         +|   0|  0|   37|          30|          30|
    |add_ln90_26_fu_16396_p2         |         +|   0|  0|   36|          29|          29|
    |add_ln90_27_fu_16400_p2         |         +|   0|  0|   37|          30|          30|
    |add_ln90_28_fu_16462_p2         |         +|   0|  0|   36|          29|          29|
    |add_ln90_29_fu_16466_p2         |         +|   0|  0|   37|          30|          30|
    |add_ln90_2_fu_15604_p2          |         +|   0|  0|   36|          29|          29|
    |add_ln90_30_fu_16528_p2         |         +|   0|  0|   36|          29|          29|
    |add_ln90_31_fu_16532_p2         |         +|   0|  0|   37|          30|          30|
    |add_ln90_32_fu_16594_p2         |         +|   0|  0|   36|          29|          29|
    |add_ln90_33_fu_16598_p2         |         +|   0|  0|   37|          30|          30|
    |add_ln90_34_fu_16660_p2         |         +|   0|  0|   36|          29|          29|
    |add_ln90_35_fu_16664_p2         |         +|   0|  0|   37|          30|          30|
    |add_ln90_36_fu_16726_p2         |         +|   0|  0|   36|          29|          29|
    |add_ln90_37_fu_16730_p2         |         +|   0|  0|   37|          30|          30|
    |add_ln90_38_fu_16792_p2         |         +|   0|  0|   36|          29|          29|
    |add_ln90_39_fu_16796_p2         |         +|   0|  0|   37|          30|          30|
    |add_ln90_3_fu_15608_p2          |         +|   0|  0|   37|          30|          30|
    |add_ln90_40_fu_16858_p2         |         +|   0|  0|   36|          29|          29|
    |add_ln90_41_fu_16862_p2         |         +|   0|  0|   37|          30|          30|
    |add_ln90_42_fu_16924_p2         |         +|   0|  0|   36|          29|          29|
    |add_ln90_43_fu_16928_p2         |         +|   0|  0|   37|          30|          30|
    |add_ln90_44_fu_16990_p2         |         +|   0|  0|   36|          29|          29|
    |add_ln90_45_fu_16994_p2         |         +|   0|  0|   37|          30|          30|
    |add_ln90_46_fu_17056_p2         |         +|   0|  0|   36|          29|          29|
    |add_ln90_47_fu_17060_p2         |         +|   0|  0|   37|          30|          30|
    |add_ln90_48_fu_17122_p2         |         +|   0|  0|   36|          29|          29|
    |add_ln90_49_fu_17126_p2         |         +|   0|  0|   37|          30|          30|
    |add_ln90_4_fu_15670_p2          |         +|   0|  0|   36|          29|          29|
    |add_ln90_50_fu_17188_p2         |         +|   0|  0|   36|          29|          29|
    |add_ln90_51_fu_17192_p2         |         +|   0|  0|   37|          30|          30|
    |add_ln90_52_fu_17254_p2         |         +|   0|  0|   36|          29|          29|
    |add_ln90_53_fu_17258_p2         |         +|   0|  0|   37|          30|          30|
    |add_ln90_54_fu_17320_p2         |         +|   0|  0|   36|          29|          29|
    |add_ln90_55_fu_17324_p2         |         +|   0|  0|   37|          30|          30|
    |add_ln90_56_fu_17386_p2         |         +|   0|  0|   36|          29|          29|
    |add_ln90_57_fu_17390_p2         |         +|   0|  0|   37|          30|          30|
    |add_ln90_58_fu_17452_p2         |         +|   0|  0|   36|          29|          29|
    |add_ln90_59_fu_17456_p2         |         +|   0|  0|   37|          30|          30|
    |add_ln90_5_fu_15674_p2          |         +|   0|  0|   37|          30|          30|
    |add_ln90_60_fu_17518_p2         |         +|   0|  0|   36|          29|          29|
    |add_ln90_61_fu_17522_p2         |         +|   0|  0|   37|          30|          30|
    |add_ln90_62_fu_17584_p2         |         +|   0|  0|   36|          29|          29|
    |add_ln90_63_fu_17588_p2         |         +|   0|  0|   37|          30|          30|
    |add_ln90_64_fu_17650_p2         |         +|   0|  0|   36|          29|          29|
    |add_ln90_65_fu_17654_p2         |         +|   0|  0|   37|          30|          30|
    |add_ln90_66_fu_17716_p2         |         +|   0|  0|   36|          29|          29|
    |add_ln90_67_fu_17720_p2         |         +|   0|  0|   37|          30|          30|
    |add_ln90_68_fu_17782_p2         |         +|   0|  0|   36|          29|          29|
    |add_ln90_69_fu_17786_p2         |         +|   0|  0|   37|          30|          30|
    |add_ln90_6_fu_15736_p2          |         +|   0|  0|   36|          29|          29|
    |add_ln90_70_fu_17848_p2         |         +|   0|  0|   36|          29|          29|
    |add_ln90_71_fu_17852_p2         |         +|   0|  0|   37|          30|          30|
    |add_ln90_72_fu_17914_p2         |         +|   0|  0|   36|          29|          29|
    |add_ln90_73_fu_17918_p2         |         +|   0|  0|   37|          30|          30|
    |add_ln90_74_fu_17980_p2         |         +|   0|  0|   36|          29|          29|
    |add_ln90_75_fu_17984_p2         |         +|   0|  0|   37|          30|          30|
    |add_ln90_76_fu_18046_p2         |         +|   0|  0|   36|          29|          29|
    |add_ln90_77_fu_18050_p2         |         +|   0|  0|   37|          30|          30|
    |add_ln90_78_fu_18112_p2         |         +|   0|  0|   36|          29|          29|
    |add_ln90_79_fu_18116_p2         |         +|   0|  0|   37|          30|          30|
    |add_ln90_7_fu_15740_p2          |         +|   0|  0|   37|          30|          30|
    |add_ln90_80_fu_18178_p2         |         +|   0|  0|   36|          29|          29|
    |add_ln90_81_fu_18182_p2         |         +|   0|  0|   37|          30|          30|
    |add_ln90_82_fu_18244_p2         |         +|   0|  0|   36|          29|          29|
    |add_ln90_83_fu_18248_p2         |         +|   0|  0|   37|          30|          30|
    |add_ln90_84_fu_18310_p2         |         +|   0|  0|   36|          29|          29|
    |add_ln90_85_fu_18314_p2         |         +|   0|  0|   37|          30|          30|
    |add_ln90_86_fu_18376_p2         |         +|   0|  0|   36|          29|          29|
    |add_ln90_87_fu_18380_p2         |         +|   0|  0|   37|          30|          30|
    |add_ln90_88_fu_18442_p2         |         +|   0|  0|   36|          29|          29|
    |add_ln90_89_fu_18446_p2         |         +|   0|  0|   37|          30|          30|
    |add_ln90_8_fu_15802_p2          |         +|   0|  0|   36|          29|          29|
    |add_ln90_90_fu_18508_p2         |         +|   0|  0|   36|          29|          29|
    |add_ln90_91_fu_18512_p2         |         +|   0|  0|   37|          30|          30|
    |add_ln90_92_fu_18574_p2         |         +|   0|  0|   36|          29|          29|
    |add_ln90_93_fu_18578_p2         |         +|   0|  0|   37|          30|          30|
    |add_ln90_94_fu_18640_p2         |         +|   0|  0|   36|          29|          29|
    |add_ln90_95_fu_18644_p2         |         +|   0|  0|   37|          30|          30|
    |add_ln90_96_fu_18706_p2         |         +|   0|  0|   36|          29|          29|
    |add_ln90_97_fu_18710_p2         |         +|   0|  0|   37|          30|          30|
    |add_ln90_98_fu_18772_p2         |         +|   0|  0|   36|          29|          29|
    |add_ln90_99_fu_18776_p2         |         +|   0|  0|   37|          30|          30|
    |add_ln90_9_fu_15806_p2          |         +|   0|  0|   37|          30|          30|
    |add_ln90_fu_15538_p2            |         +|   0|  0|   36|          29|          29|
    |b0_10_fu_26438_p2               |         +|   0|  0|   47|          40|          40|
    |b0_13_fu_26665_p2               |         +|   0|  0|   47|          40|          40|
    |b0_16_fu_26892_p2               |         +|   0|  0|   47|          40|          40|
    |b0_19_fu_27119_p2               |         +|   0|  0|   47|          40|          40|
    |b0_1_fu_25808_p2                |         +|   0|  0|   31|          24|          24|
    |b0_22_fu_27346_p2               |         +|   0|  0|   47|          40|          40|
    |b0_25_fu_27573_p2               |         +|   0|  0|   47|          40|          40|
    |b0_28_fu_27800_p2               |         +|   0|  0|   47|          40|          40|
    |b0_31_fu_28027_p2               |         +|   0|  0|   47|          40|          40|
    |b0_4_fu_26017_p2                |         +|   0|  0|   47|          40|          40|
    |b0_7_fu_26211_p2                |         +|   0|  0|   47|          40|          40|
    |p_1_fu_28257_p2                 |         +|   0|  0|   47|          40|          40|
    |p_4_fu_28479_p2                 |         +|   0|  0|   39|          32|          32|
    |z_fu_25469_p2                   |         +|   0|  0|   44|          37|          37|
    |sub_ln105_10_fu_2552_p2         |         -|   0|  0|   37|           1|          30|
    |sub_ln105_11_fu_2664_p2         |         -|   0|  0|   37|           1|          30|
    |sub_ln105_12_fu_2776_p2         |         -|   0|  0|   37|           1|          30|
    |sub_ln105_13_fu_2888_p2         |         -|   0|  0|   37|           1|          30|
    |sub_ln105_14_fu_3000_p2         |         -|   0|  0|   37|           1|          30|
    |sub_ln105_15_fu_3112_p2         |         -|   0|  0|   37|           1|          30|
    |sub_ln105_1_fu_1544_p2          |         -|   0|  0|   37|           1|          30|
    |sub_ln105_2_fu_1656_p2          |         -|   0|  0|   37|           1|          30|
    |sub_ln105_3_fu_1768_p2          |         -|   0|  0|   37|           1|          30|
    |sub_ln105_4_fu_1880_p2          |         -|   0|  0|   37|           1|          30|
    |sub_ln105_5_fu_1992_p2          |         -|   0|  0|   37|           1|          30|
    |sub_ln105_6_fu_2104_p2          |         -|   0|  0|   37|           1|          30|
    |sub_ln105_7_fu_2216_p2          |         -|   0|  0|   37|           1|          30|
    |sub_ln105_8_fu_2328_p2          |         -|   0|  0|   37|           1|          30|
    |sub_ln105_9_fu_2440_p2          |         -|   0|  0|   37|           1|          30|
    |sub_ln105_fu_1432_p2            |         -|   0|  0|   37|           1|          30|
    |sub_ln114_100_fu_14216_p2       |         -|   0|  0|   37|           1|          30|
    |sub_ln114_101_fu_14326_p2       |         -|   0|  0|   37|           1|          30|
    |sub_ln114_102_fu_14436_p2       |         -|   0|  0|   37|           1|          30|
    |sub_ln114_103_fu_14546_p2       |         -|   0|  0|   37|           1|          30|
    |sub_ln114_104_fu_14656_p2       |         -|   0|  0|   37|           1|          30|
    |sub_ln114_105_fu_14766_p2       |         -|   0|  0|   37|           1|          30|
    |sub_ln114_106_fu_14876_p2       |         -|   0|  0|   37|           1|          30|
    |sub_ln114_107_fu_14986_p2       |         -|   0|  0|   37|           1|          30|
    |sub_ln114_108_fu_15096_p2       |         -|   0|  0|   37|           1|          30|
    |sub_ln114_109_fu_15206_p2       |         -|   0|  0|   37|           1|          30|
    |sub_ln114_10_fu_4316_p2         |         -|   0|  0|   37|           1|          30|
    |sub_ln114_110_fu_15316_p2       |         -|   0|  0|   37|           1|          30|
    |sub_ln114_111_fu_15426_p2       |         -|   0|  0|   37|           1|          30|
    |sub_ln114_112_fu_20912_p2       |         -|   0|  0|   37|           1|          30|
    |sub_ln114_113_fu_21020_p2       |         -|   0|  0|   37|           1|          30|
    |sub_ln114_114_fu_21128_p2       |         -|   0|  0|   37|           1|          30|
    |sub_ln114_115_fu_21236_p2       |         -|   0|  0|   37|           1|          30|
    |sub_ln114_116_fu_21344_p2       |         -|   0|  0|   37|           1|          30|
    |sub_ln114_117_fu_21452_p2       |         -|   0|  0|   37|           1|          30|
    |sub_ln114_118_fu_21560_p2       |         -|   0|  0|   37|           1|          30|
    |sub_ln114_119_fu_21668_p2       |         -|   0|  0|   37|           1|          30|
    |sub_ln114_11_fu_4426_p2         |         -|   0|  0|   37|           1|          30|
    |sub_ln114_12_fu_4536_p2         |         -|   0|  0|   37|           1|          30|
    |sub_ln114_13_fu_4646_p2         |         -|   0|  0|   37|           1|          30|
    |sub_ln114_14_fu_4756_p2         |         -|   0|  0|   37|           1|          30|
    |sub_ln114_15_fu_4866_p2         |         -|   0|  0|   37|           1|          30|
    |sub_ln114_16_fu_4976_p2         |         -|   0|  0|   37|           1|          30|
    |sub_ln114_17_fu_5086_p2         |         -|   0|  0|   37|           1|          30|
    |sub_ln114_18_fu_5196_p2         |         -|   0|  0|   37|           1|          30|
    |sub_ln114_19_fu_5306_p2         |         -|   0|  0|   37|           1|          30|
    |sub_ln114_1_fu_3326_p2          |         -|   0|  0|   37|           1|          30|
    |sub_ln114_20_fu_5416_p2         |         -|   0|  0|   37|           1|          30|
    |sub_ln114_21_fu_5526_p2         |         -|   0|  0|   37|           1|          30|
    |sub_ln114_22_fu_5636_p2         |         -|   0|  0|   37|           1|          30|
    |sub_ln114_23_fu_5746_p2         |         -|   0|  0|   37|           1|          30|
    |sub_ln114_24_fu_5856_p2         |         -|   0|  0|   37|           1|          30|
    |sub_ln114_25_fu_5966_p2         |         -|   0|  0|   37|           1|          30|
    |sub_ln114_26_fu_6076_p2         |         -|   0|  0|   37|           1|          30|
    |sub_ln114_27_fu_6186_p2         |         -|   0|  0|   37|           1|          30|
    |sub_ln114_28_fu_6296_p2         |         -|   0|  0|   37|           1|          30|
    |sub_ln114_29_fu_6406_p2         |         -|   0|  0|   37|           1|          30|
    |sub_ln114_2_fu_3436_p2          |         -|   0|  0|   37|           1|          30|
    |sub_ln114_30_fu_6516_p2         |         -|   0|  0|   37|           1|          30|
    |sub_ln114_31_fu_6626_p2         |         -|   0|  0|   37|           1|          30|
    |sub_ln114_32_fu_6736_p2         |         -|   0|  0|   37|           1|          30|
    |sub_ln114_33_fu_6846_p2         |         -|   0|  0|   37|           1|          30|
    |sub_ln114_34_fu_6956_p2         |         -|   0|  0|   37|           1|          30|
    |sub_ln114_35_fu_7066_p2         |         -|   0|  0|   37|           1|          30|
    |sub_ln114_36_fu_7176_p2         |         -|   0|  0|   37|           1|          30|
    |sub_ln114_37_fu_7286_p2         |         -|   0|  0|   37|           1|          30|
    |sub_ln114_38_fu_7396_p2         |         -|   0|  0|   37|           1|          30|
    |sub_ln114_39_fu_7506_p2         |         -|   0|  0|   37|           1|          30|
    |sub_ln114_3_fu_3546_p2          |         -|   0|  0|   37|           1|          30|
    |sub_ln114_40_fu_7616_p2         |         -|   0|  0|   37|           1|          30|
    |sub_ln114_41_fu_7726_p2         |         -|   0|  0|   37|           1|          30|
    |sub_ln114_42_fu_7836_p2         |         -|   0|  0|   37|           1|          30|
    |sub_ln114_43_fu_7946_p2         |         -|   0|  0|   37|           1|          30|
    |sub_ln114_44_fu_8056_p2         |         -|   0|  0|   37|           1|          30|
    |sub_ln114_45_fu_8166_p2         |         -|   0|  0|   37|           1|          30|
    |sub_ln114_46_fu_8276_p2         |         -|   0|  0|   37|           1|          30|
    |sub_ln114_47_fu_8386_p2         |         -|   0|  0|   37|           1|          30|
    |sub_ln114_48_fu_8496_p2         |         -|   0|  0|   37|           1|          30|
    |sub_ln114_49_fu_8606_p2         |         -|   0|  0|   37|           1|          30|
    |sub_ln114_4_fu_3656_p2          |         -|   0|  0|   37|           1|          30|
    |sub_ln114_50_fu_8716_p2         |         -|   0|  0|   37|           1|          30|
    |sub_ln114_51_fu_8826_p2         |         -|   0|  0|   37|           1|          30|
    |sub_ln114_52_fu_8936_p2         |         -|   0|  0|   37|           1|          30|
    |sub_ln114_53_fu_9046_p2         |         -|   0|  0|   37|           1|          30|
    |sub_ln114_54_fu_9156_p2         |         -|   0|  0|   37|           1|          30|
    |sub_ln114_55_fu_9266_p2         |         -|   0|  0|   37|           1|          30|
    |sub_ln114_56_fu_9376_p2         |         -|   0|  0|   37|           1|          30|
    |sub_ln114_57_fu_9486_p2         |         -|   0|  0|   37|           1|          30|
    |sub_ln114_58_fu_9596_p2         |         -|   0|  0|   37|           1|          30|
    |sub_ln114_59_fu_9706_p2         |         -|   0|  0|   37|           1|          30|
    |sub_ln114_5_fu_3766_p2          |         -|   0|  0|   37|           1|          30|
    |sub_ln114_60_fu_9816_p2         |         -|   0|  0|   37|           1|          30|
    |sub_ln114_61_fu_9926_p2         |         -|   0|  0|   37|           1|          30|
    |sub_ln114_62_fu_10036_p2        |         -|   0|  0|   37|           1|          30|
    |sub_ln114_63_fu_10146_p2        |         -|   0|  0|   37|           1|          30|
    |sub_ln114_64_fu_10256_p2        |         -|   0|  0|   37|           1|          30|
    |sub_ln114_65_fu_10366_p2        |         -|   0|  0|   37|           1|          30|
    |sub_ln114_66_fu_10476_p2        |         -|   0|  0|   37|           1|          30|
    |sub_ln114_67_fu_10586_p2        |         -|   0|  0|   37|           1|          30|
    |sub_ln114_68_fu_10696_p2        |         -|   0|  0|   37|           1|          30|
    |sub_ln114_69_fu_10806_p2        |         -|   0|  0|   37|           1|          30|
    |sub_ln114_6_fu_3876_p2          |         -|   0|  0|   37|           1|          30|
    |sub_ln114_70_fu_10916_p2        |         -|   0|  0|   37|           1|          30|
    |sub_ln114_71_fu_11026_p2        |         -|   0|  0|   37|           1|          30|
    |sub_ln114_72_fu_11136_p2        |         -|   0|  0|   37|           1|          30|
    |sub_ln114_73_fu_11246_p2        |         -|   0|  0|   37|           1|          30|
    |sub_ln114_74_fu_11356_p2        |         -|   0|  0|   37|           1|          30|
    |sub_ln114_75_fu_11466_p2        |         -|   0|  0|   37|           1|          30|
    |sub_ln114_76_fu_11576_p2        |         -|   0|  0|   37|           1|          30|
    |sub_ln114_77_fu_11686_p2        |         -|   0|  0|   37|           1|          30|
    |sub_ln114_78_fu_11796_p2        |         -|   0|  0|   37|           1|          30|
    |sub_ln114_79_fu_11906_p2        |         -|   0|  0|   37|           1|          30|
    |sub_ln114_7_fu_3986_p2          |         -|   0|  0|   37|           1|          30|
    |sub_ln114_80_fu_12016_p2        |         -|   0|  0|   37|           1|          30|
    |sub_ln114_81_fu_12126_p2        |         -|   0|  0|   37|           1|          30|
    |sub_ln114_82_fu_12236_p2        |         -|   0|  0|   37|           1|          30|
    |sub_ln114_83_fu_12346_p2        |         -|   0|  0|   37|           1|          30|
    |sub_ln114_84_fu_12456_p2        |         -|   0|  0|   37|           1|          30|
    |sub_ln114_85_fu_12566_p2        |         -|   0|  0|   37|           1|          30|
    |sub_ln114_86_fu_12676_p2        |         -|   0|  0|   37|           1|          30|
    |sub_ln114_87_fu_12786_p2        |         -|   0|  0|   37|           1|          30|
    |sub_ln114_88_fu_12896_p2        |         -|   0|  0|   37|           1|          30|
    |sub_ln114_89_fu_13006_p2        |         -|   0|  0|   37|           1|          30|
    |sub_ln114_8_fu_4096_p2          |         -|   0|  0|   37|           1|          30|
    |sub_ln114_90_fu_13116_p2        |         -|   0|  0|   37|           1|          30|
    |sub_ln114_91_fu_13226_p2        |         -|   0|  0|   37|           1|          30|
    |sub_ln114_92_fu_13336_p2        |         -|   0|  0|   37|           1|          30|
    |sub_ln114_93_fu_13446_p2        |         -|   0|  0|   37|           1|          30|
    |sub_ln114_94_fu_13556_p2        |         -|   0|  0|   37|           1|          30|
    |sub_ln114_95_fu_13666_p2        |         -|   0|  0|   37|           1|          30|
    |sub_ln114_96_fu_13776_p2        |         -|   0|  0|   37|           1|          30|
    |sub_ln114_97_fu_13886_p2        |         -|   0|  0|   37|           1|          30|
    |sub_ln114_98_fu_13996_p2        |         -|   0|  0|   37|           1|          30|
    |sub_ln114_99_fu_14106_p2        |         -|   0|  0|   37|           1|          30|
    |sub_ln114_9_fu_4206_p2          |         -|   0|  0|   37|           1|          30|
    |sub_ln114_fu_3216_p2            |         -|   0|  0|   37|           1|          30|
    |sub_ln191_10_fu_25731_p2        |         -|   0|  0|   95|          95|          95|
    |sub_ln191_11_fu_25747_p2        |         -|   0|  0|   95|          95|          95|
    |sub_ln191_1_fu_26388_p2         |         -|   0|  0|  117|         117|         117|
    |sub_ln191_2_fu_26615_p2         |         -|   0|  0|  117|         117|         117|
    |sub_ln191_3_fu_26842_p2         |         -|   0|  0|  117|         117|         117|
    |sub_ln191_4_fu_27069_p2         |         -|   0|  0|  117|         117|         117|
    |sub_ln191_5_fu_27296_p2         |         -|   0|  0|  117|         117|         117|
    |sub_ln191_6_fu_27523_p2         |         -|   0|  0|  117|         117|         117|
    |sub_ln191_7_fu_27750_p2         |         -|   0|  0|  117|         117|         117|
    |sub_ln191_8_fu_27977_p2         |         -|   0|  0|  117|         117|         117|
    |sub_ln191_9_fu_25697_p2         |         -|   0|  0|   95|          95|          95|
    |sub_ln191_fu_26161_p2           |         -|   0|  0|  117|         117|         117|
    |sub_ln196_fu_28213_p2           |         -|   0|  0|   80|          80|          80|
    |sub_ln257_fu_25350_p2           |         -|   0|  0|   37|          30|          30|
    |and_ln105_10_fu_2024_p2         |       and|   0|  0|    2|           1|           1|
    |and_ln105_11_fu_2036_p2         |       and|   0|  0|    2|           1|           1|
    |and_ln105_12_fu_2136_p2         |       and|   0|  0|    2|           1|           1|
    |and_ln105_13_fu_2148_p2         |       and|   0|  0|    2|           1|           1|
    |and_ln105_14_fu_2248_p2         |       and|   0|  0|    2|           1|           1|
    |and_ln105_15_fu_2260_p2         |       and|   0|  0|    2|           1|           1|
    |and_ln105_16_fu_2360_p2         |       and|   0|  0|    2|           1|           1|
    |and_ln105_17_fu_2372_p2         |       and|   0|  0|    2|           1|           1|
    |and_ln105_18_fu_2472_p2         |       and|   0|  0|    2|           1|           1|
    |and_ln105_19_fu_2484_p2         |       and|   0|  0|    2|           1|           1|
    |and_ln105_1_fu_1476_p2          |       and|   0|  0|    2|           1|           1|
    |and_ln105_20_fu_2584_p2         |       and|   0|  0|    2|           1|           1|
    |and_ln105_21_fu_2596_p2         |       and|   0|  0|    2|           1|           1|
    |and_ln105_22_fu_2696_p2         |       and|   0|  0|    2|           1|           1|
    |and_ln105_23_fu_2708_p2         |       and|   0|  0|    2|           1|           1|
    |and_ln105_24_fu_2808_p2         |       and|   0|  0|    2|           1|           1|
    |and_ln105_25_fu_2820_p2         |       and|   0|  0|    2|           1|           1|
    |and_ln105_26_fu_2920_p2         |       and|   0|  0|    2|           1|           1|
    |and_ln105_27_fu_2932_p2         |       and|   0|  0|    2|           1|           1|
    |and_ln105_28_fu_3032_p2         |       and|   0|  0|    2|           1|           1|
    |and_ln105_29_fu_3044_p2         |       and|   0|  0|    2|           1|           1|
    |and_ln105_2_fu_1576_p2          |       and|   0|  0|    2|           1|           1|
    |and_ln105_30_fu_3144_p2         |       and|   0|  0|    2|           1|           1|
    |and_ln105_31_fu_3156_p2         |       and|   0|  0|    2|           1|           1|
    |and_ln105_3_fu_1588_p2          |       and|   0|  0|    2|           1|           1|
    |and_ln105_4_fu_1688_p2          |       and|   0|  0|    2|           1|           1|
    |and_ln105_5_fu_1700_p2          |       and|   0|  0|    2|           1|           1|
    |and_ln105_6_fu_1800_p2          |       and|   0|  0|    2|           1|           1|
    |and_ln105_7_fu_1812_p2          |       and|   0|  0|    2|           1|           1|
    |and_ln105_8_fu_1912_p2          |       and|   0|  0|    2|           1|           1|
    |and_ln105_9_fu_1924_p2          |       and|   0|  0|    2|           1|           1|
    |and_ln105_fu_1464_p2            |       and|   0|  0|    2|           1|           1|
    |and_ln114_100_fu_8748_p2        |       and|   0|  0|    2|           1|           1|
    |and_ln114_101_fu_8760_p2        |       and|   0|  0|    2|           1|           1|
    |and_ln114_102_fu_8858_p2        |       and|   0|  0|    2|           1|           1|
    |and_ln114_103_fu_8870_p2        |       and|   0|  0|    2|           1|           1|
    |and_ln114_104_fu_8968_p2        |       and|   0|  0|    2|           1|           1|
    |and_ln114_105_fu_8980_p2        |       and|   0|  0|    2|           1|           1|
    |and_ln114_106_fu_9078_p2        |       and|   0|  0|    2|           1|           1|
    |and_ln114_107_fu_9090_p2        |       and|   0|  0|    2|           1|           1|
    |and_ln114_108_fu_9188_p2        |       and|   0|  0|    2|           1|           1|
    |and_ln114_109_fu_9200_p2        |       and|   0|  0|    2|           1|           1|
    |and_ln114_10_fu_3798_p2         |       and|   0|  0|    2|           1|           1|
    |and_ln114_110_fu_9298_p2        |       and|   0|  0|    2|           1|           1|
    |and_ln114_111_fu_9310_p2        |       and|   0|  0|    2|           1|           1|
    |and_ln114_112_fu_9408_p2        |       and|   0|  0|    2|           1|           1|
    |and_ln114_113_fu_9420_p2        |       and|   0|  0|    2|           1|           1|
    |and_ln114_114_fu_9518_p2        |       and|   0|  0|    2|           1|           1|
    |and_ln114_115_fu_9530_p2        |       and|   0|  0|    2|           1|           1|
    |and_ln114_116_fu_9628_p2        |       and|   0|  0|    2|           1|           1|
    |and_ln114_117_fu_9640_p2        |       and|   0|  0|    2|           1|           1|
    |and_ln114_118_fu_9738_p2        |       and|   0|  0|    2|           1|           1|
    |and_ln114_119_fu_9750_p2        |       and|   0|  0|    2|           1|           1|
    |and_ln114_11_fu_3810_p2         |       and|   0|  0|    2|           1|           1|
    |and_ln114_120_fu_9848_p2        |       and|   0|  0|    2|           1|           1|
    |and_ln114_121_fu_9860_p2        |       and|   0|  0|    2|           1|           1|
    |and_ln114_122_fu_9958_p2        |       and|   0|  0|    2|           1|           1|
    |and_ln114_123_fu_9970_p2        |       and|   0|  0|    2|           1|           1|
    |and_ln114_124_fu_10068_p2       |       and|   0|  0|    2|           1|           1|
    |and_ln114_125_fu_10080_p2       |       and|   0|  0|    2|           1|           1|
    |and_ln114_126_fu_10178_p2       |       and|   0|  0|    2|           1|           1|
    |and_ln114_127_fu_10190_p2       |       and|   0|  0|    2|           1|           1|
    |and_ln114_128_fu_10288_p2       |       and|   0|  0|    2|           1|           1|
    |and_ln114_129_fu_10300_p2       |       and|   0|  0|    2|           1|           1|
    |and_ln114_12_fu_3908_p2         |       and|   0|  0|    2|           1|           1|
    |and_ln114_130_fu_10398_p2       |       and|   0|  0|    2|           1|           1|
    |and_ln114_131_fu_10410_p2       |       and|   0|  0|    2|           1|           1|
    |and_ln114_132_fu_10508_p2       |       and|   0|  0|    2|           1|           1|
    |and_ln114_133_fu_10520_p2       |       and|   0|  0|    2|           1|           1|
    |and_ln114_134_fu_10618_p2       |       and|   0|  0|    2|           1|           1|
    |and_ln114_135_fu_10630_p2       |       and|   0|  0|    2|           1|           1|
    |and_ln114_136_fu_10728_p2       |       and|   0|  0|    2|           1|           1|
    |and_ln114_137_fu_10740_p2       |       and|   0|  0|    2|           1|           1|
    |and_ln114_138_fu_10838_p2       |       and|   0|  0|    2|           1|           1|
    |and_ln114_139_fu_10850_p2       |       and|   0|  0|    2|           1|           1|
    |and_ln114_13_fu_3920_p2         |       and|   0|  0|    2|           1|           1|
    |and_ln114_140_fu_10948_p2       |       and|   0|  0|    2|           1|           1|
    |and_ln114_141_fu_10960_p2       |       and|   0|  0|    2|           1|           1|
    |and_ln114_142_fu_11058_p2       |       and|   0|  0|    2|           1|           1|
    |and_ln114_143_fu_11070_p2       |       and|   0|  0|    2|           1|           1|
    |and_ln114_144_fu_11168_p2       |       and|   0|  0|    2|           1|           1|
    |and_ln114_145_fu_11180_p2       |       and|   0|  0|    2|           1|           1|
    |and_ln114_146_fu_11278_p2       |       and|   0|  0|    2|           1|           1|
    |and_ln114_147_fu_11290_p2       |       and|   0|  0|    2|           1|           1|
    |and_ln114_148_fu_11388_p2       |       and|   0|  0|    2|           1|           1|
    |and_ln114_149_fu_11400_p2       |       and|   0|  0|    2|           1|           1|
    |and_ln114_14_fu_4018_p2         |       and|   0|  0|    2|           1|           1|
    |and_ln114_150_fu_11498_p2       |       and|   0|  0|    2|           1|           1|
    |and_ln114_151_fu_11510_p2       |       and|   0|  0|    2|           1|           1|
    |and_ln114_152_fu_11608_p2       |       and|   0|  0|    2|           1|           1|
    |and_ln114_153_fu_11620_p2       |       and|   0|  0|    2|           1|           1|
    |and_ln114_154_fu_11718_p2       |       and|   0|  0|    2|           1|           1|
    |and_ln114_155_fu_11730_p2       |       and|   0|  0|    2|           1|           1|
    |and_ln114_156_fu_11828_p2       |       and|   0|  0|    2|           1|           1|
    |and_ln114_157_fu_11840_p2       |       and|   0|  0|    2|           1|           1|
    |and_ln114_158_fu_11938_p2       |       and|   0|  0|    2|           1|           1|
    |and_ln114_159_fu_11950_p2       |       and|   0|  0|    2|           1|           1|
    |and_ln114_15_fu_4030_p2         |       and|   0|  0|    2|           1|           1|
    |and_ln114_160_fu_12048_p2       |       and|   0|  0|    2|           1|           1|
    |and_ln114_161_fu_12060_p2       |       and|   0|  0|    2|           1|           1|
    |and_ln114_162_fu_12158_p2       |       and|   0|  0|    2|           1|           1|
    |and_ln114_163_fu_12170_p2       |       and|   0|  0|    2|           1|           1|
    |and_ln114_164_fu_12268_p2       |       and|   0|  0|    2|           1|           1|
    |and_ln114_165_fu_12280_p2       |       and|   0|  0|    2|           1|           1|
    |and_ln114_166_fu_12378_p2       |       and|   0|  0|    2|           1|           1|
    |and_ln114_167_fu_12390_p2       |       and|   0|  0|    2|           1|           1|
    |and_ln114_168_fu_12488_p2       |       and|   0|  0|    2|           1|           1|
    |and_ln114_169_fu_12500_p2       |       and|   0|  0|    2|           1|           1|
    |and_ln114_16_fu_4128_p2         |       and|   0|  0|    2|           1|           1|
    |and_ln114_170_fu_12598_p2       |       and|   0|  0|    2|           1|           1|
    |and_ln114_171_fu_12610_p2       |       and|   0|  0|    2|           1|           1|
    |and_ln114_172_fu_12708_p2       |       and|   0|  0|    2|           1|           1|
    |and_ln114_173_fu_12720_p2       |       and|   0|  0|    2|           1|           1|
    |and_ln114_174_fu_12818_p2       |       and|   0|  0|    2|           1|           1|
    |and_ln114_175_fu_12830_p2       |       and|   0|  0|    2|           1|           1|
    |and_ln114_176_fu_12928_p2       |       and|   0|  0|    2|           1|           1|
    |and_ln114_177_fu_12940_p2       |       and|   0|  0|    2|           1|           1|
    |and_ln114_178_fu_13038_p2       |       and|   0|  0|    2|           1|           1|
    |and_ln114_179_fu_13050_p2       |       and|   0|  0|    2|           1|           1|
    |and_ln114_17_fu_4140_p2         |       and|   0|  0|    2|           1|           1|
    |and_ln114_180_fu_13148_p2       |       and|   0|  0|    2|           1|           1|
    |and_ln114_181_fu_13160_p2       |       and|   0|  0|    2|           1|           1|
    |and_ln114_182_fu_13258_p2       |       and|   0|  0|    2|           1|           1|
    |and_ln114_183_fu_13270_p2       |       and|   0|  0|    2|           1|           1|
    |and_ln114_184_fu_13368_p2       |       and|   0|  0|    2|           1|           1|
    |and_ln114_185_fu_13380_p2       |       and|   0|  0|    2|           1|           1|
    |and_ln114_186_fu_13478_p2       |       and|   0|  0|    2|           1|           1|
    |and_ln114_187_fu_13490_p2       |       and|   0|  0|    2|           1|           1|
    |and_ln114_188_fu_13588_p2       |       and|   0|  0|    2|           1|           1|
    |and_ln114_189_fu_13600_p2       |       and|   0|  0|    2|           1|           1|
    |and_ln114_18_fu_4238_p2         |       and|   0|  0|    2|           1|           1|
    |and_ln114_190_fu_13698_p2       |       and|   0|  0|    2|           1|           1|
    |and_ln114_191_fu_13710_p2       |       and|   0|  0|    2|           1|           1|
    |and_ln114_192_fu_13808_p2       |       and|   0|  0|    2|           1|           1|
    |and_ln114_193_fu_13820_p2       |       and|   0|  0|    2|           1|           1|
    |and_ln114_194_fu_13918_p2       |       and|   0|  0|    2|           1|           1|
    |and_ln114_195_fu_13930_p2       |       and|   0|  0|    2|           1|           1|
    |and_ln114_196_fu_14028_p2       |       and|   0|  0|    2|           1|           1|
    |and_ln114_197_fu_14040_p2       |       and|   0|  0|    2|           1|           1|
    |and_ln114_198_fu_14138_p2       |       and|   0|  0|    2|           1|           1|
    |and_ln114_199_fu_14150_p2       |       and|   0|  0|    2|           1|           1|
    |and_ln114_19_fu_4250_p2         |       and|   0|  0|    2|           1|           1|
    |and_ln114_1_fu_3260_p2          |       and|   0|  0|    2|           1|           1|
    |and_ln114_200_fu_14248_p2       |       and|   0|  0|    2|           1|           1|
    |and_ln114_201_fu_14260_p2       |       and|   0|  0|    2|           1|           1|
    |and_ln114_202_fu_14358_p2       |       and|   0|  0|    2|           1|           1|
    |and_ln114_203_fu_14370_p2       |       and|   0|  0|    2|           1|           1|
    |and_ln114_204_fu_14468_p2       |       and|   0|  0|    2|           1|           1|
    |and_ln114_205_fu_14480_p2       |       and|   0|  0|    2|           1|           1|
    |and_ln114_206_fu_14578_p2       |       and|   0|  0|    2|           1|           1|
    |and_ln114_207_fu_14590_p2       |       and|   0|  0|    2|           1|           1|
    |and_ln114_208_fu_14688_p2       |       and|   0|  0|    2|           1|           1|
    |and_ln114_209_fu_14700_p2       |       and|   0|  0|    2|           1|           1|
    |and_ln114_20_fu_4348_p2         |       and|   0|  0|    2|           1|           1|
    |and_ln114_210_fu_14798_p2       |       and|   0|  0|    2|           1|           1|
    |and_ln114_211_fu_14810_p2       |       and|   0|  0|    2|           1|           1|
    |and_ln114_212_fu_14908_p2       |       and|   0|  0|    2|           1|           1|
    |and_ln114_213_fu_14920_p2       |       and|   0|  0|    2|           1|           1|
    |and_ln114_214_fu_15018_p2       |       and|   0|  0|    2|           1|           1|
    |and_ln114_215_fu_15030_p2       |       and|   0|  0|    2|           1|           1|
    |and_ln114_216_fu_15128_p2       |       and|   0|  0|    2|           1|           1|
    |and_ln114_217_fu_15140_p2       |       and|   0|  0|    2|           1|           1|
    |and_ln114_218_fu_15238_p2       |       and|   0|  0|    2|           1|           1|
    |and_ln114_219_fu_15250_p2       |       and|   0|  0|    2|           1|           1|
    |and_ln114_21_fu_4360_p2         |       and|   0|  0|    2|           1|           1|
    |and_ln114_220_fu_15348_p2       |       and|   0|  0|    2|           1|           1|
    |and_ln114_221_fu_15360_p2       |       and|   0|  0|    2|           1|           1|
    |and_ln114_222_fu_15458_p2       |       and|   0|  0|    2|           1|           1|
    |and_ln114_223_fu_15470_p2       |       and|   0|  0|    2|           1|           1|
    |and_ln114_224_fu_20944_p2       |       and|   0|  0|    2|           1|           1|
    |and_ln114_225_fu_20956_p2       |       and|   0|  0|    2|           1|           1|
    |and_ln114_226_fu_21052_p2       |       and|   0|  0|    2|           1|           1|
    |and_ln114_227_fu_21064_p2       |       and|   0|  0|    2|           1|           1|
    |and_ln114_228_fu_21160_p2       |       and|   0|  0|    2|           1|           1|
    |and_ln114_229_fu_21172_p2       |       and|   0|  0|    2|           1|           1|
    |and_ln114_22_fu_4458_p2         |       and|   0|  0|    2|           1|           1|
    |and_ln114_230_fu_21268_p2       |       and|   0|  0|    2|           1|           1|
    |and_ln114_231_fu_21280_p2       |       and|   0|  0|    2|           1|           1|
    |and_ln114_232_fu_21376_p2       |       and|   0|  0|    2|           1|           1|
    |and_ln114_233_fu_21388_p2       |       and|   0|  0|    2|           1|           1|
    |and_ln114_234_fu_21484_p2       |       and|   0|  0|    2|           1|           1|
    |and_ln114_235_fu_21496_p2       |       and|   0|  0|    2|           1|           1|
    |and_ln114_236_fu_21592_p2       |       and|   0|  0|    2|           1|           1|
    |and_ln114_237_fu_21604_p2       |       and|   0|  0|    2|           1|           1|
    |and_ln114_238_fu_21700_p2       |       and|   0|  0|    2|           1|           1|
    |and_ln114_239_fu_21712_p2       |       and|   0|  0|    2|           1|           1|
    |and_ln114_23_fu_4470_p2         |       and|   0|  0|    2|           1|           1|
    |and_ln114_24_fu_4568_p2         |       and|   0|  0|    2|           1|           1|
    |and_ln114_25_fu_4580_p2         |       and|   0|  0|    2|           1|           1|
    |and_ln114_26_fu_4678_p2         |       and|   0|  0|    2|           1|           1|
    |and_ln114_27_fu_4690_p2         |       and|   0|  0|    2|           1|           1|
    |and_ln114_28_fu_4788_p2         |       and|   0|  0|    2|           1|           1|
    |and_ln114_29_fu_4800_p2         |       and|   0|  0|    2|           1|           1|
    |and_ln114_2_fu_3358_p2          |       and|   0|  0|    2|           1|           1|
    |and_ln114_30_fu_4898_p2         |       and|   0|  0|    2|           1|           1|
    |and_ln114_31_fu_4910_p2         |       and|   0|  0|    2|           1|           1|
    |and_ln114_32_fu_5008_p2         |       and|   0|  0|    2|           1|           1|
    |and_ln114_33_fu_5020_p2         |       and|   0|  0|    2|           1|           1|
    |and_ln114_34_fu_5118_p2         |       and|   0|  0|    2|           1|           1|
    |and_ln114_35_fu_5130_p2         |       and|   0|  0|    2|           1|           1|
    |and_ln114_36_fu_5228_p2         |       and|   0|  0|    2|           1|           1|
    |and_ln114_37_fu_5240_p2         |       and|   0|  0|    2|           1|           1|
    |and_ln114_38_fu_5338_p2         |       and|   0|  0|    2|           1|           1|
    |and_ln114_39_fu_5350_p2         |       and|   0|  0|    2|           1|           1|
    |and_ln114_3_fu_3370_p2          |       and|   0|  0|    2|           1|           1|
    |and_ln114_40_fu_5448_p2         |       and|   0|  0|    2|           1|           1|
    |and_ln114_41_fu_5460_p2         |       and|   0|  0|    2|           1|           1|
    |and_ln114_42_fu_5558_p2         |       and|   0|  0|    2|           1|           1|
    |and_ln114_43_fu_5570_p2         |       and|   0|  0|    2|           1|           1|
    |and_ln114_44_fu_5668_p2         |       and|   0|  0|    2|           1|           1|
    |and_ln114_45_fu_5680_p2         |       and|   0|  0|    2|           1|           1|
    |and_ln114_46_fu_5778_p2         |       and|   0|  0|    2|           1|           1|
    |and_ln114_47_fu_5790_p2         |       and|   0|  0|    2|           1|           1|
    |and_ln114_48_fu_5888_p2         |       and|   0|  0|    2|           1|           1|
    |and_ln114_49_fu_5900_p2         |       and|   0|  0|    2|           1|           1|
    |and_ln114_4_fu_3468_p2          |       and|   0|  0|    2|           1|           1|
    |and_ln114_50_fu_5998_p2         |       and|   0|  0|    2|           1|           1|
    |and_ln114_51_fu_6010_p2         |       and|   0|  0|    2|           1|           1|
    |and_ln114_52_fu_6108_p2         |       and|   0|  0|    2|           1|           1|
    |and_ln114_53_fu_6120_p2         |       and|   0|  0|    2|           1|           1|
    |and_ln114_54_fu_6218_p2         |       and|   0|  0|    2|           1|           1|
    |and_ln114_55_fu_6230_p2         |       and|   0|  0|    2|           1|           1|
    |and_ln114_56_fu_6328_p2         |       and|   0|  0|    2|           1|           1|
    |and_ln114_57_fu_6340_p2         |       and|   0|  0|    2|           1|           1|
    |and_ln114_58_fu_6438_p2         |       and|   0|  0|    2|           1|           1|
    |and_ln114_59_fu_6450_p2         |       and|   0|  0|    2|           1|           1|
    |and_ln114_5_fu_3480_p2          |       and|   0|  0|    2|           1|           1|
    |and_ln114_60_fu_6548_p2         |       and|   0|  0|    2|           1|           1|
    |and_ln114_61_fu_6560_p2         |       and|   0|  0|    2|           1|           1|
    |and_ln114_62_fu_6658_p2         |       and|   0|  0|    2|           1|           1|
    |and_ln114_63_fu_6670_p2         |       and|   0|  0|    2|           1|           1|
    |and_ln114_64_fu_6768_p2         |       and|   0|  0|    2|           1|           1|
    |and_ln114_65_fu_6780_p2         |       and|   0|  0|    2|           1|           1|
    |and_ln114_66_fu_6878_p2         |       and|   0|  0|    2|           1|           1|
    |and_ln114_67_fu_6890_p2         |       and|   0|  0|    2|           1|           1|
    |and_ln114_68_fu_6988_p2         |       and|   0|  0|    2|           1|           1|
    |and_ln114_69_fu_7000_p2         |       and|   0|  0|    2|           1|           1|
    |and_ln114_6_fu_3578_p2          |       and|   0|  0|    2|           1|           1|
    |and_ln114_70_fu_7098_p2         |       and|   0|  0|    2|           1|           1|
    |and_ln114_71_fu_7110_p2         |       and|   0|  0|    2|           1|           1|
    |and_ln114_72_fu_7208_p2         |       and|   0|  0|    2|           1|           1|
    |and_ln114_73_fu_7220_p2         |       and|   0|  0|    2|           1|           1|
    |and_ln114_74_fu_7318_p2         |       and|   0|  0|    2|           1|           1|
    |and_ln114_75_fu_7330_p2         |       and|   0|  0|    2|           1|           1|
    |and_ln114_76_fu_7428_p2         |       and|   0|  0|    2|           1|           1|
    |and_ln114_77_fu_7440_p2         |       and|   0|  0|    2|           1|           1|
    |and_ln114_78_fu_7538_p2         |       and|   0|  0|    2|           1|           1|
    |and_ln114_79_fu_7550_p2         |       and|   0|  0|    2|           1|           1|
    |and_ln114_7_fu_3590_p2          |       and|   0|  0|    2|           1|           1|
    |and_ln114_80_fu_7648_p2         |       and|   0|  0|    2|           1|           1|
    |and_ln114_81_fu_7660_p2         |       and|   0|  0|    2|           1|           1|
    |and_ln114_82_fu_7758_p2         |       and|   0|  0|    2|           1|           1|
    |and_ln114_83_fu_7770_p2         |       and|   0|  0|    2|           1|           1|
    |and_ln114_84_fu_7868_p2         |       and|   0|  0|    2|           1|           1|
    |and_ln114_85_fu_7880_p2         |       and|   0|  0|    2|           1|           1|
    |and_ln114_86_fu_7978_p2         |       and|   0|  0|    2|           1|           1|
    |and_ln114_87_fu_7990_p2         |       and|   0|  0|    2|           1|           1|
    |and_ln114_88_fu_8088_p2         |       and|   0|  0|    2|           1|           1|
    |and_ln114_89_fu_8100_p2         |       and|   0|  0|    2|           1|           1|
    |and_ln114_8_fu_3688_p2          |       and|   0|  0|    2|           1|           1|
    |and_ln114_90_fu_8198_p2         |       and|   0|  0|    2|           1|           1|
    |and_ln114_91_fu_8210_p2         |       and|   0|  0|    2|           1|           1|
    |and_ln114_92_fu_8308_p2         |       and|   0|  0|    2|           1|           1|
    |and_ln114_93_fu_8320_p2         |       and|   0|  0|    2|           1|           1|
    |and_ln114_94_fu_8418_p2         |       and|   0|  0|    2|           1|           1|
    |and_ln114_95_fu_8430_p2         |       and|   0|  0|    2|           1|           1|
    |and_ln114_96_fu_8528_p2         |       and|   0|  0|    2|           1|           1|
    |and_ln114_97_fu_8540_p2         |       and|   0|  0|    2|           1|           1|
    |and_ln114_98_fu_8638_p2         |       and|   0|  0|    2|           1|           1|
    |and_ln114_99_fu_8650_p2         |       and|   0|  0|    2|           1|           1|
    |and_ln114_9_fu_3700_p2          |       and|   0|  0|    2|           1|           1|
    |and_ln114_fu_3248_p2            |       and|   0|  0|    2|           1|           1|
    |and_ln183_1_fu_25603_p2         |       and|   0|  0|    2|           1|           1|
    |and_ln183_2_fu_25614_p2         |       and|   0|  0|    2|           1|           1|
    |and_ln183_fu_25597_p2           |       and|   0|  0|    2|           1|           1|
    |and_ln191_10_fu_26231_p2        |       and|   0|  0|    2|           1|           1|
    |and_ln191_11_fu_26293_p2        |       and|   0|  0|    2|           1|           1|
    |and_ln191_12_fu_26304_p2        |       and|   0|  0|    2|           1|           1|
    |and_ln191_13_fu_26324_p2        |       and|   0|  0|    2|           1|           1|
    |and_ln191_14_fu_26330_p2        |       and|   0|  0|    2|           1|           1|
    |and_ln191_15_fu_26347_p2        |       and|   0|  0|    2|           1|           1|
    |and_ln191_16_fu_26458_p2        |       and|   0|  0|    2|           1|           1|
    |and_ln191_17_fu_26520_p2        |       and|   0|  0|    2|           1|           1|
    |and_ln191_18_fu_26531_p2        |       and|   0|  0|    2|           1|           1|
    |and_ln191_19_fu_26551_p2        |       and|   0|  0|    2|           1|           1|
    |and_ln191_1_fu_25870_p2         |       and|   0|  0|    2|           1|           1|
    |and_ln191_20_fu_26557_p2        |       and|   0|  0|    2|           1|           1|
    |and_ln191_21_fu_26574_p2        |       and|   0|  0|    2|           1|           1|
    |and_ln191_22_fu_26685_p2        |       and|   0|  0|    2|           1|           1|
    |and_ln191_23_fu_26747_p2        |       and|   0|  0|    2|           1|           1|
    |and_ln191_24_fu_26758_p2        |       and|   0|  0|    2|           1|           1|
    |and_ln191_25_fu_26778_p2        |       and|   0|  0|    2|           1|           1|
    |and_ln191_26_fu_26784_p2        |       and|   0|  0|    2|           1|           1|
    |and_ln191_27_fu_26801_p2        |       and|   0|  0|    2|           1|           1|
    |and_ln191_28_fu_26912_p2        |       and|   0|  0|    2|           1|           1|
    |and_ln191_29_fu_26974_p2        |       and|   0|  0|    2|           1|           1|
    |and_ln191_2_fu_25876_p2         |       and|   0|  0|    2|           1|           1|
    |and_ln191_30_fu_26985_p2        |       and|   0|  0|    2|           1|           1|
    |and_ln191_31_fu_27005_p2        |       and|   0|  0|    2|           1|           1|
    |and_ln191_32_fu_27011_p2        |       and|   0|  0|    2|           1|           1|
    |and_ln191_33_fu_27028_p2        |       and|   0|  0|    2|           1|           1|
    |and_ln191_34_fu_27139_p2        |       and|   0|  0|    2|           1|           1|
    |and_ln191_35_fu_27201_p2        |       and|   0|  0|    2|           1|           1|
    |and_ln191_36_fu_27212_p2        |       and|   0|  0|    2|           1|           1|
    |and_ln191_37_fu_27232_p2        |       and|   0|  0|    2|           1|           1|
    |and_ln191_38_fu_27238_p2        |       and|   0|  0|    2|           1|           1|
    |and_ln191_39_fu_27255_p2        |       and|   0|  0|    2|           1|           1|
    |and_ln191_3_fu_25894_p2         |       and|   0|  0|    2|           1|           1|
    |and_ln191_40_fu_27366_p2        |       and|   0|  0|    2|           1|           1|
    |and_ln191_41_fu_27428_p2        |       and|   0|  0|    2|           1|           1|
    |and_ln191_42_fu_27439_p2        |       and|   0|  0|    2|           1|           1|
    |and_ln191_43_fu_27459_p2        |       and|   0|  0|    2|           1|           1|
    |and_ln191_44_fu_27465_p2        |       and|   0|  0|    2|           1|           1|
    |and_ln191_45_fu_27482_p2        |       and|   0|  0|    2|           1|           1|
    |and_ln191_46_fu_27593_p2        |       and|   0|  0|    2|           1|           1|
    |and_ln191_47_fu_27655_p2        |       and|   0|  0|    2|           1|           1|
    |and_ln191_48_fu_27666_p2        |       and|   0|  0|    2|           1|           1|
    |and_ln191_49_fu_27686_p2        |       and|   0|  0|    2|           1|           1|
    |and_ln191_4_fu_26036_p2         |       and|   0|  0|    2|           1|           1|
    |and_ln191_50_fu_27692_p2        |       and|   0|  0|    2|           1|           1|
    |and_ln191_51_fu_27709_p2        |       and|   0|  0|    2|           1|           1|
    |and_ln191_52_fu_27820_p2        |       and|   0|  0|    2|           1|           1|
    |and_ln191_53_fu_27882_p2        |       and|   0|  0|    2|           1|           1|
    |and_ln191_54_fu_27893_p2        |       and|   0|  0|    2|           1|           1|
    |and_ln191_55_fu_27913_p2        |       and|   0|  0|    2|           1|           1|
    |and_ln191_56_fu_27919_p2        |       and|   0|  0|    2|           1|           1|
    |and_ln191_57_fu_27936_p2        |       and|   0|  0|    2|           1|           1|
    |and_ln191_58_fu_28047_p2        |       and|   0|  0|    2|           1|           1|
    |and_ln191_59_fu_28109_p2        |       and|   0|  0|    2|           1|           1|
    |and_ln191_5_fu_26061_p2         |       and|   0|  0|    2|           1|           1|
    |and_ln191_60_fu_28120_p2        |       and|   0|  0|    2|           1|           1|
    |and_ln191_61_fu_28140_p2        |       and|   0|  0|    2|           1|           1|
    |and_ln191_62_fu_28146_p2        |       and|   0|  0|    2|           1|           1|
    |and_ln191_63_fu_28163_p2        |       and|   0|  0|    2|           1|           1|
    |and_ln191_6_fu_26073_p2         |       and|   0|  0|    2|           1|           1|
    |and_ln191_7_fu_26095_p2         |       and|   0|  0|    2|           1|           1|
    |and_ln191_8_fu_26101_p2         |       and|   0|  0|    2|           1|           1|
    |and_ln191_9_fu_26119_p2         |       and|   0|  0|    2|           1|           1|
    |and_ln191_fu_25832_p2           |       and|   0|  0|    2|           1|           1|
    |and_ln196_1_fu_28339_p2         |       and|   0|  0|    2|           1|           1|
    |and_ln196_2_fu_28350_p2         |       and|   0|  0|    2|           1|           1|
    |and_ln196_3_fu_28370_p2         |       and|   0|  0|    2|           1|           1|
    |and_ln196_4_fu_28376_p2         |       and|   0|  0|    2|           1|           1|
    |and_ln196_5_fu_28393_p2         |       and|   0|  0|    2|           1|           1|
    |and_ln196_fu_28277_p2           |       and|   0|  0|    2|           1|           1|
    |and_ln198_fu_28572_p2           |       and|   0|  0|    2|           1|           1|
    |and_ln202_fu_28556_p2           |       and|   0|  0|    2|           1|           1|
    |and_ln206_1_fu_28600_p2         |       and|   0|  0|    2|           1|           1|
    |and_ln206_fu_28517_p2           |       and|   0|  0|    2|           1|           1|
    |and_ln257_fu_25382_p2           |       and|   0|  0|    2|           1|           1|
    |and_ln90_100_fu_24833_p2        |       and|   0|  0|    2|           1|           1|
    |and_ln90_101_fu_24862_p2        |       and|   0|  0|    2|           1|           1|
    |and_ln90_102_fu_22742_p2        |       and|   0|  0|    2|           1|           1|
    |and_ln90_103_fu_22812_p2        |       and|   0|  0|    2|           1|           1|
    |and_ln90_104_fu_22882_p2        |       and|   0|  0|    2|           1|           1|
    |and_ln90_105_fu_22952_p2        |       and|   0|  0|    2|           1|           1|
    |and_ln90_106_fu_23022_p2        |       and|   0|  0|    2|           1|           1|
    |and_ln90_107_fu_23092_p2        |       and|   0|  0|    2|           1|           1|
    |and_ln90_108_fu_23162_p2        |       and|   0|  0|    2|           1|           1|
    |and_ln90_109_fu_23232_p2        |       and|   0|  0|    2|           1|           1|
    |and_ln90_10_fu_16230_p2         |       and|   0|  0|    2|           1|           1|
    |and_ln90_110_fu_23302_p2        |       and|   0|  0|    2|           1|           1|
    |and_ln90_111_fu_23372_p2        |       and|   0|  0|    2|           1|           1|
    |and_ln90_112_fu_23442_p2        |       and|   0|  0|    2|           1|           1|
    |and_ln90_113_fu_23512_p2        |       and|   0|  0|    2|           1|           1|
    |and_ln90_114_fu_23582_p2        |       and|   0|  0|    2|           1|           1|
    |and_ln90_115_fu_23652_p2        |       and|   0|  0|    2|           1|           1|
    |and_ln90_116_fu_23722_p2        |       and|   0|  0|    2|           1|           1|
    |and_ln90_117_fu_23792_p2        |       and|   0|  0|    2|           1|           1|
    |and_ln90_118_fu_24928_p2        |       and|   0|  0|    2|           1|           1|
    |and_ln90_119_fu_24194_p2        |       and|   0|  0|    2|           1|           1|
    |and_ln90_11_fu_16296_p2         |       and|   0|  0|    2|           1|           1|
    |and_ln90_120_fu_24260_p2        |       and|   0|  0|    2|           1|           1|
    |and_ln90_121_fu_24326_p2        |       and|   0|  0|    2|           1|           1|
    |and_ln90_122_fu_24392_p2        |       and|   0|  0|    2|           1|           1|
    |and_ln90_123_fu_24458_p2        |       and|   0|  0|    2|           1|           1|
    |and_ln90_124_fu_24524_p2        |       and|   0|  0|    2|           1|           1|
    |and_ln90_125_fu_24590_p2        |       and|   0|  0|    2|           1|           1|
    |and_ln90_126_fu_24656_p2        |       and|   0|  0|    2|           1|           1|
    |and_ln90_127_fu_24961_p2        |       and|   0|  0|    2|           1|           1|
    |and_ln90_128_fu_24990_p2        |       and|   0|  0|    2|           1|           1|
    |and_ln90_129_fu_25019_p2        |       and|   0|  0|    2|           1|           1|
    |and_ln90_12_fu_16362_p2         |       and|   0|  0|    2|           1|           1|
    |and_ln90_130_fu_25048_p2        |       and|   0|  0|    2|           1|           1|
    |and_ln90_131_fu_25114_p2        |       and|   0|  0|    2|           1|           1|
    |and_ln90_132_fu_25184_p2        |       and|   0|  0|    2|           1|           1|
    |and_ln90_133_fu_25250_p2        |       and|   0|  0|    2|           1|           1|
    |and_ln90_134_fu_25317_p2        |       and|   0|  0|    2|           1|           1|
    |and_ln90_13_fu_16428_p2         |       and|   0|  0|    2|           1|           1|
    |and_ln90_14_fu_16494_p2         |       and|   0|  0|    2|           1|           1|
    |and_ln90_15_fu_16560_p2         |       and|   0|  0|    2|           1|           1|
    |and_ln90_16_fu_16626_p2         |       and|   0|  0|    2|           1|           1|
    |and_ln90_17_fu_16692_p2         |       and|   0|  0|    2|           1|           1|
    |and_ln90_18_fu_16758_p2         |       and|   0|  0|    2|           1|           1|
    |and_ln90_19_fu_16824_p2         |       and|   0|  0|    2|           1|           1|
    |and_ln90_1_fu_15636_p2          |       and|   0|  0|    2|           1|           1|
    |and_ln90_20_fu_16890_p2         |       and|   0|  0|    2|           1|           1|
    |and_ln90_21_fu_16956_p2         |       and|   0|  0|    2|           1|           1|
    |and_ln90_22_fu_17022_p2         |       and|   0|  0|    2|           1|           1|
    |and_ln90_23_fu_17088_p2         |       and|   0|  0|    2|           1|           1|
    |and_ln90_24_fu_17154_p2         |       and|   0|  0|    2|           1|           1|
    |and_ln90_25_fu_17220_p2         |       and|   0|  0|    2|           1|           1|
    |and_ln90_26_fu_17286_p2         |       and|   0|  0|    2|           1|           1|
    |and_ln90_27_fu_17352_p2         |       and|   0|  0|    2|           1|           1|
    |and_ln90_28_fu_17418_p2         |       and|   0|  0|    2|           1|           1|
    |and_ln90_29_fu_17484_p2         |       and|   0|  0|    2|           1|           1|
    |and_ln90_2_fu_15702_p2          |       and|   0|  0|    2|           1|           1|
    |and_ln90_30_fu_17550_p2         |       and|   0|  0|    2|           1|           1|
    |and_ln90_31_fu_17616_p2         |       and|   0|  0|    2|           1|           1|
    |and_ln90_32_fu_17682_p2         |       and|   0|  0|    2|           1|           1|
    |and_ln90_33_fu_17748_p2         |       and|   0|  0|    2|           1|           1|
    |and_ln90_34_fu_17814_p2         |       and|   0|  0|    2|           1|           1|
    |and_ln90_35_fu_17880_p2         |       and|   0|  0|    2|           1|           1|
    |and_ln90_36_fu_17946_p2         |       and|   0|  0|    2|           1|           1|
    |and_ln90_37_fu_18012_p2         |       and|   0|  0|    2|           1|           1|
    |and_ln90_38_fu_18078_p2         |       and|   0|  0|    2|           1|           1|
    |and_ln90_39_fu_18144_p2         |       and|   0|  0|    2|           1|           1|
    |and_ln90_3_fu_15768_p2          |       and|   0|  0|    2|           1|           1|
    |and_ln90_40_fu_18210_p2         |       and|   0|  0|    2|           1|           1|
    |and_ln90_41_fu_18276_p2         |       and|   0|  0|    2|           1|           1|
    |and_ln90_42_fu_18342_p2         |       and|   0|  0|    2|           1|           1|
    |and_ln90_43_fu_18408_p2         |       and|   0|  0|    2|           1|           1|
    |and_ln90_44_fu_18474_p2         |       and|   0|  0|    2|           1|           1|
    |and_ln90_45_fu_18540_p2         |       and|   0|  0|    2|           1|           1|
    |and_ln90_46_fu_18606_p2         |       and|   0|  0|    2|           1|           1|
    |and_ln90_47_fu_18672_p2         |       and|   0|  0|    2|           1|           1|
    |and_ln90_48_fu_18738_p2         |       and|   0|  0|    2|           1|           1|
    |and_ln90_49_fu_18804_p2         |       and|   0|  0|    2|           1|           1|
    |and_ln90_4_fu_15834_p2          |       and|   0|  0|    2|           1|           1|
    |and_ln90_50_fu_18870_p2         |       and|   0|  0|    2|           1|           1|
    |and_ln90_51_fu_18936_p2         |       and|   0|  0|    2|           1|           1|
    |and_ln90_52_fu_19002_p2         |       and|   0|  0|    2|           1|           1|
    |and_ln90_53_fu_19068_p2         |       and|   0|  0|    2|           1|           1|
    |and_ln90_54_fu_19134_p2         |       and|   0|  0|    2|           1|           1|
    |and_ln90_55_fu_19200_p2         |       and|   0|  0|    2|           1|           1|
    |and_ln90_56_fu_19266_p2         |       and|   0|  0|    2|           1|           1|
    |and_ln90_57_fu_19332_p2         |       and|   0|  0|    2|           1|           1|
    |and_ln90_58_fu_19398_p2         |       and|   0|  0|    2|           1|           1|
    |and_ln90_59_fu_19464_p2         |       and|   0|  0|    2|           1|           1|
    |and_ln90_5_fu_15900_p2          |       and|   0|  0|    2|           1|           1|
    |and_ln90_60_fu_19530_p2         |       and|   0|  0|    2|           1|           1|
    |and_ln90_61_fu_19596_p2         |       and|   0|  0|    2|           1|           1|
    |and_ln90_62_fu_19662_p2         |       and|   0|  0|    2|           1|           1|
    |and_ln90_63_fu_19728_p2         |       and|   0|  0|    2|           1|           1|
    |and_ln90_64_fu_23858_p2         |       and|   0|  0|    2|           1|           1|
    |and_ln90_65_fu_23924_p2         |       and|   0|  0|    2|           1|           1|
    |and_ln90_66_fu_23990_p2         |       and|   0|  0|    2|           1|           1|
    |and_ln90_67_fu_24056_p2         |       and|   0|  0|    2|           1|           1|
    |and_ln90_68_fu_21777_p2         |       and|   0|  0|    2|           1|           1|
    |and_ln90_69_fu_21806_p2         |       and|   0|  0|    2|           1|           1|
    |and_ln90_6_fu_15966_p2          |       and|   0|  0|    2|           1|           1|
    |and_ln90_70_fu_21835_p2         |       and|   0|  0|    2|           1|           1|
    |and_ln90_71_fu_21864_p2         |       and|   0|  0|    2|           1|           1|
    |and_ln90_72_fu_21893_p2         |       and|   0|  0|    2|           1|           1|
    |and_ln90_73_fu_21922_p2         |       and|   0|  0|    2|           1|           1|
    |and_ln90_74_fu_21951_p2         |       and|   0|  0|    2|           1|           1|
    |and_ln90_75_fu_21980_p2         |       and|   0|  0|    2|           1|           1|
    |and_ln90_76_fu_22009_p2         |       and|   0|  0|    2|           1|           1|
    |and_ln90_77_fu_22038_p2         |       and|   0|  0|    2|           1|           1|
    |and_ln90_78_fu_22067_p2         |       and|   0|  0|    2|           1|           1|
    |and_ln90_79_fu_22096_p2         |       and|   0|  0|    2|           1|           1|
    |and_ln90_7_fu_16032_p2          |       and|   0|  0|    2|           1|           1|
    |and_ln90_80_fu_22125_p2         |       and|   0|  0|    2|           1|           1|
    |and_ln90_81_fu_22154_p2         |       and|   0|  0|    2|           1|           1|
    |and_ln90_82_fu_22183_p2         |       and|   0|  0|    2|           1|           1|
    |and_ln90_83_fu_22212_p2         |       and|   0|  0|    2|           1|           1|
    |and_ln90_84_fu_22241_p2         |       and|   0|  0|    2|           1|           1|
    |and_ln90_85_fu_22270_p2         |       and|   0|  0|    2|           1|           1|
    |and_ln90_86_fu_22299_p2         |       and|   0|  0|    2|           1|           1|
    |and_ln90_87_fu_22328_p2         |       and|   0|  0|    2|           1|           1|
    |and_ln90_88_fu_22357_p2         |       and|   0|  0|    2|           1|           1|
    |and_ln90_89_fu_22386_p2         |       and|   0|  0|    2|           1|           1|
    |and_ln90_8_fu_16098_p2          |       and|   0|  0|    2|           1|           1|
    |and_ln90_90_fu_22415_p2         |       and|   0|  0|    2|           1|           1|
    |and_ln90_91_fu_22444_p2         |       and|   0|  0|    2|           1|           1|
    |and_ln90_92_fu_22473_p2         |       and|   0|  0|    2|           1|           1|
    |and_ln90_93_fu_22502_p2         |       and|   0|  0|    2|           1|           1|
    |and_ln90_94_fu_22531_p2         |       and|   0|  0|    2|           1|           1|
    |and_ln90_95_fu_22560_p2         |       and|   0|  0|    2|           1|           1|
    |and_ln90_96_fu_22589_p2         |       and|   0|  0|    2|           1|           1|
    |and_ln90_97_fu_22618_p2         |       and|   0|  0|    2|           1|           1|
    |and_ln90_98_fu_22647_p2         |       and|   0|  0|    2|           1|           1|
    |and_ln90_99_fu_22676_p2         |       and|   0|  0|    2|           1|           1|
    |and_ln90_9_fu_16164_p2          |       and|   0|  0|    2|           1|           1|
    |and_ln90_fu_15570_p2            |       and|   0|  0|    2|           1|           1|
    |icmp_ln159_fu_25414_p2          |      icmp|   0|  0|   36|          29|           1|
    |icmp_ln177_fu_25431_p2          |      icmp|   0|  0|   35|          28|          24|
    |icmp_ln183_1_fu_25582_p2        |      icmp|   0|  0|    9|           2|           1|
    |icmp_ln183_fu_25577_p2          |      icmp|   0|  0|    9|           2|           2|
    |icmp_ln191_10_fu_26717_p2       |      icmp|   0|  0|   12|           5|           2|
    |icmp_ln191_11_fu_26723_p2       |      icmp|   0|  0|   12|           5|           1|
    |icmp_ln191_12_fu_26928_p2       |      icmp|   0|  0|   12|           4|           2|
    |icmp_ln191_13_fu_26944_p2       |      icmp|   0|  0|   12|           5|           2|
    |icmp_ln191_14_fu_26950_p2       |      icmp|   0|  0|   12|           5|           1|
    |icmp_ln191_15_fu_27155_p2       |      icmp|   0|  0|   12|           4|           2|
    |icmp_ln191_16_fu_27171_p2       |      icmp|   0|  0|   12|           5|           2|
    |icmp_ln191_17_fu_27177_p2       |      icmp|   0|  0|   12|           5|           1|
    |icmp_ln191_18_fu_27382_p2       |      icmp|   0|  0|   12|           4|           2|
    |icmp_ln191_19_fu_27398_p2       |      icmp|   0|  0|   12|           5|           2|
    |icmp_ln191_1_fu_25995_p2        |      icmp|   0|  0|   12|           5|           2|
    |icmp_ln191_20_fu_27404_p2       |      icmp|   0|  0|   12|           5|           1|
    |icmp_ln191_21_fu_27609_p2       |      icmp|   0|  0|   12|           4|           2|
    |icmp_ln191_22_fu_27625_p2       |      icmp|   0|  0|   12|           5|           2|
    |icmp_ln191_23_fu_27631_p2       |      icmp|   0|  0|   12|           5|           1|
    |icmp_ln191_24_fu_27836_p2       |      icmp|   0|  0|   12|           4|           2|
    |icmp_ln191_25_fu_27852_p2       |      icmp|   0|  0|   12|           5|           2|
    |icmp_ln191_26_fu_27858_p2       |      icmp|   0|  0|   12|           5|           1|
    |icmp_ln191_27_fu_28063_p2       |      icmp|   0|  0|   12|           4|           2|
    |icmp_ln191_28_fu_28079_p2       |      icmp|   0|  0|   12|           5|           2|
    |icmp_ln191_29_fu_28085_p2       |      icmp|   0|  0|   12|           5|           1|
    |icmp_ln191_2_fu_26001_p2        |      icmp|   0|  0|   12|           5|           1|
    |icmp_ln191_3_fu_26247_p2        |      icmp|   0|  0|   12|           4|           2|
    |icmp_ln191_4_fu_26263_p2        |      icmp|   0|  0|   12|           5|           2|
    |icmp_ln191_5_fu_26269_p2        |      icmp|   0|  0|   12|           5|           1|
    |icmp_ln191_6_fu_26474_p2        |      icmp|   0|  0|   12|           4|           2|
    |icmp_ln191_7_fu_26490_p2        |      icmp|   0|  0|   12|           5|           2|
    |icmp_ln191_8_fu_26496_p2        |      icmp|   0|  0|   12|           5|           1|
    |icmp_ln191_9_fu_26701_p2        |      icmp|   0|  0|   12|           4|           2|
    |icmp_ln191_fu_25979_p2          |      icmp|   0|  0|   12|           4|           2|
    |icmp_ln196_1_fu_28309_p2        |      icmp|   0|  0|   12|           4|           2|
    |icmp_ln196_2_fu_28315_p2        |      icmp|   0|  0|   12|           4|           1|
    |icmp_ln196_fu_28293_p2          |      icmp|   0|  0|   10|           3|           2|
    |icmp_ln198_fu_28419_p2          |      icmp|   0|  0|   47|          40|           1|
    |icmp_ln202_fu_28435_p2          |      icmp|   0|  0|   12|           4|           1|
    |empty_fu_28499_p2               |        or|   0|  0|    2|           1|           1|
    |or_ln105_10_fu_2614_p2          |        or|   0|  0|    2|           1|           1|
    |or_ln105_11_fu_2726_p2          |        or|   0|  0|    2|           1|           1|
    |or_ln105_12_fu_2838_p2          |        or|   0|  0|    2|           1|           1|
    |or_ln105_13_fu_2950_p2          |        or|   0|  0|    2|           1|           1|
    |or_ln105_14_fu_3062_p2          |        or|   0|  0|    2|           1|           1|
    |or_ln105_15_fu_3174_p2          |        or|   0|  0|    2|           1|           1|
    |or_ln105_1_fu_1606_p2           |        or|   0|  0|    2|           1|           1|
    |or_ln105_2_fu_1718_p2           |        or|   0|  0|    2|           1|           1|
    |or_ln105_3_fu_1830_p2           |        or|   0|  0|    2|           1|           1|
    |or_ln105_4_fu_1942_p2           |        or|   0|  0|    2|           1|           1|
    |or_ln105_5_fu_2054_p2           |        or|   0|  0|    2|           1|           1|
    |or_ln105_6_fu_2166_p2           |        or|   0|  0|    2|           1|           1|
    |or_ln105_7_fu_2278_p2           |        or|   0|  0|    2|           1|           1|
    |or_ln105_8_fu_2390_p2           |        or|   0|  0|    2|           1|           1|
    |or_ln105_9_fu_2502_p2           |        or|   0|  0|    2|           1|           1|
    |or_ln105_fu_1494_p2             |        or|   0|  0|    2|           1|           1|
    |or_ln114_100_fu_14278_p2        |        or|   0|  0|    2|           1|           1|
    |or_ln114_101_fu_14388_p2        |        or|   0|  0|    2|           1|           1|
    |or_ln114_102_fu_14498_p2        |        or|   0|  0|    2|           1|           1|
    |or_ln114_103_fu_14608_p2        |        or|   0|  0|    2|           1|           1|
    |or_ln114_104_fu_14718_p2        |        or|   0|  0|    2|           1|           1|
    |or_ln114_105_fu_14828_p2        |        or|   0|  0|    2|           1|           1|
    |or_ln114_106_fu_14938_p2        |        or|   0|  0|    2|           1|           1|
    |or_ln114_107_fu_15048_p2        |        or|   0|  0|    2|           1|           1|
    |or_ln114_108_fu_15158_p2        |        or|   0|  0|    2|           1|           1|
    |or_ln114_109_fu_15268_p2        |        or|   0|  0|    2|           1|           1|
    |or_ln114_10_fu_4378_p2          |        or|   0|  0|    2|           1|           1|
    |or_ln114_110_fu_15378_p2        |        or|   0|  0|    2|           1|           1|
    |or_ln114_111_fu_15488_p2        |        or|   0|  0|    2|           1|           1|
    |or_ln114_112_fu_20974_p2        |        or|   0|  0|    2|           1|           1|
    |or_ln114_113_fu_21082_p2        |        or|   0|  0|    2|           1|           1|
    |or_ln114_114_fu_21190_p2        |        or|   0|  0|    2|           1|           1|
    |or_ln114_115_fu_21298_p2        |        or|   0|  0|    2|           1|           1|
    |or_ln114_116_fu_21406_p2        |        or|   0|  0|    2|           1|           1|
    |or_ln114_117_fu_21514_p2        |        or|   0|  0|    2|           1|           1|
    |or_ln114_118_fu_21622_p2        |        or|   0|  0|    2|           1|           1|
    |or_ln114_119_fu_21730_p2        |        or|   0|  0|    2|           1|           1|
    |or_ln114_11_fu_4488_p2          |        or|   0|  0|    2|           1|           1|
    |or_ln114_12_fu_4598_p2          |        or|   0|  0|    2|           1|           1|
    |or_ln114_13_fu_4708_p2          |        or|   0|  0|    2|           1|           1|
    |or_ln114_14_fu_4818_p2          |        or|   0|  0|    2|           1|           1|
    |or_ln114_15_fu_4928_p2          |        or|   0|  0|    2|           1|           1|
    |or_ln114_16_fu_5038_p2          |        or|   0|  0|    2|           1|           1|
    |or_ln114_17_fu_5148_p2          |        or|   0|  0|    2|           1|           1|
    |or_ln114_18_fu_5258_p2          |        or|   0|  0|    2|           1|           1|
    |or_ln114_19_fu_5368_p2          |        or|   0|  0|    2|           1|           1|
    |or_ln114_1_fu_3388_p2           |        or|   0|  0|    2|           1|           1|
    |or_ln114_20_fu_5478_p2          |        or|   0|  0|    2|           1|           1|
    |or_ln114_21_fu_5588_p2          |        or|   0|  0|    2|           1|           1|
    |or_ln114_22_fu_5698_p2          |        or|   0|  0|    2|           1|           1|
    |or_ln114_23_fu_5808_p2          |        or|   0|  0|    2|           1|           1|
    |or_ln114_24_fu_5918_p2          |        or|   0|  0|    2|           1|           1|
    |or_ln114_25_fu_6028_p2          |        or|   0|  0|    2|           1|           1|
    |or_ln114_26_fu_6138_p2          |        or|   0|  0|    2|           1|           1|
    |or_ln114_27_fu_6248_p2          |        or|   0|  0|    2|           1|           1|
    |or_ln114_28_fu_6358_p2          |        or|   0|  0|    2|           1|           1|
    |or_ln114_29_fu_6468_p2          |        or|   0|  0|    2|           1|           1|
    |or_ln114_2_fu_3498_p2           |        or|   0|  0|    2|           1|           1|
    |or_ln114_30_fu_6578_p2          |        or|   0|  0|    2|           1|           1|
    |or_ln114_31_fu_6688_p2          |        or|   0|  0|    2|           1|           1|
    |or_ln114_32_fu_6798_p2          |        or|   0|  0|    2|           1|           1|
    |or_ln114_33_fu_6908_p2          |        or|   0|  0|    2|           1|           1|
    |or_ln114_34_fu_7018_p2          |        or|   0|  0|    2|           1|           1|
    |or_ln114_35_fu_7128_p2          |        or|   0|  0|    2|           1|           1|
    |or_ln114_36_fu_7238_p2          |        or|   0|  0|    2|           1|           1|
    |or_ln114_37_fu_7348_p2          |        or|   0|  0|    2|           1|           1|
    |or_ln114_38_fu_7458_p2          |        or|   0|  0|    2|           1|           1|
    |or_ln114_39_fu_7568_p2          |        or|   0|  0|    2|           1|           1|
    |or_ln114_3_fu_3608_p2           |        or|   0|  0|    2|           1|           1|
    |or_ln114_40_fu_7678_p2          |        or|   0|  0|    2|           1|           1|
    |or_ln114_41_fu_7788_p2          |        or|   0|  0|    2|           1|           1|
    |or_ln114_42_fu_7898_p2          |        or|   0|  0|    2|           1|           1|
    |or_ln114_43_fu_8008_p2          |        or|   0|  0|    2|           1|           1|
    |or_ln114_44_fu_8118_p2          |        or|   0|  0|    2|           1|           1|
    |or_ln114_45_fu_8228_p2          |        or|   0|  0|    2|           1|           1|
    |or_ln114_46_fu_8338_p2          |        or|   0|  0|    2|           1|           1|
    |or_ln114_47_fu_8448_p2          |        or|   0|  0|    2|           1|           1|
    |or_ln114_48_fu_8558_p2          |        or|   0|  0|    2|           1|           1|
    |or_ln114_49_fu_8668_p2          |        or|   0|  0|    2|           1|           1|
    |or_ln114_4_fu_3718_p2           |        or|   0|  0|    2|           1|           1|
    |or_ln114_50_fu_8778_p2          |        or|   0|  0|    2|           1|           1|
    |or_ln114_51_fu_8888_p2          |        or|   0|  0|    2|           1|           1|
    |or_ln114_52_fu_8998_p2          |        or|   0|  0|    2|           1|           1|
    |or_ln114_53_fu_9108_p2          |        or|   0|  0|    2|           1|           1|
    |or_ln114_54_fu_9218_p2          |        or|   0|  0|    2|           1|           1|
    |or_ln114_55_fu_9328_p2          |        or|   0|  0|    2|           1|           1|
    |or_ln114_56_fu_9438_p2          |        or|   0|  0|    2|           1|           1|
    |or_ln114_57_fu_9548_p2          |        or|   0|  0|    2|           1|           1|
    |or_ln114_58_fu_9658_p2          |        or|   0|  0|    2|           1|           1|
    |or_ln114_59_fu_9768_p2          |        or|   0|  0|    2|           1|           1|
    |or_ln114_5_fu_3828_p2           |        or|   0|  0|    2|           1|           1|
    |or_ln114_60_fu_9878_p2          |        or|   0|  0|    2|           1|           1|
    |or_ln114_61_fu_9988_p2          |        or|   0|  0|    2|           1|           1|
    |or_ln114_62_fu_10098_p2         |        or|   0|  0|    2|           1|           1|
    |or_ln114_63_fu_10208_p2         |        or|   0|  0|    2|           1|           1|
    |or_ln114_64_fu_10318_p2         |        or|   0|  0|    2|           1|           1|
    |or_ln114_65_fu_10428_p2         |        or|   0|  0|    2|           1|           1|
    |or_ln114_66_fu_10538_p2         |        or|   0|  0|    2|           1|           1|
    |or_ln114_67_fu_10648_p2         |        or|   0|  0|    2|           1|           1|
    |or_ln114_68_fu_10758_p2         |        or|   0|  0|    2|           1|           1|
    |or_ln114_69_fu_10868_p2         |        or|   0|  0|    2|           1|           1|
    |or_ln114_6_fu_3938_p2           |        or|   0|  0|    2|           1|           1|
    |or_ln114_70_fu_10978_p2         |        or|   0|  0|    2|           1|           1|
    |or_ln114_71_fu_11088_p2         |        or|   0|  0|    2|           1|           1|
    |or_ln114_72_fu_11198_p2         |        or|   0|  0|    2|           1|           1|
    |or_ln114_73_fu_11308_p2         |        or|   0|  0|    2|           1|           1|
    |or_ln114_74_fu_11418_p2         |        or|   0|  0|    2|           1|           1|
    |or_ln114_75_fu_11528_p2         |        or|   0|  0|    2|           1|           1|
    |or_ln114_76_fu_11638_p2         |        or|   0|  0|    2|           1|           1|
    |or_ln114_77_fu_11748_p2         |        or|   0|  0|    2|           1|           1|
    |or_ln114_78_fu_11858_p2         |        or|   0|  0|    2|           1|           1|
    |or_ln114_79_fu_11968_p2         |        or|   0|  0|    2|           1|           1|
    |or_ln114_7_fu_4048_p2           |        or|   0|  0|    2|           1|           1|
    |or_ln114_80_fu_12078_p2         |        or|   0|  0|    2|           1|           1|
    |or_ln114_81_fu_12188_p2         |        or|   0|  0|    2|           1|           1|
    |or_ln114_82_fu_12298_p2         |        or|   0|  0|    2|           1|           1|
    |or_ln114_83_fu_12408_p2         |        or|   0|  0|    2|           1|           1|
    |or_ln114_84_fu_12518_p2         |        or|   0|  0|    2|           1|           1|
    |or_ln114_85_fu_12628_p2         |        or|   0|  0|    2|           1|           1|
    |or_ln114_86_fu_12738_p2         |        or|   0|  0|    2|           1|           1|
    |or_ln114_87_fu_12848_p2         |        or|   0|  0|    2|           1|           1|
    |or_ln114_88_fu_12958_p2         |        or|   0|  0|    2|           1|           1|
    |or_ln114_89_fu_13068_p2         |        or|   0|  0|    2|           1|           1|
    |or_ln114_8_fu_4158_p2           |        or|   0|  0|    2|           1|           1|
    |or_ln114_90_fu_13178_p2         |        or|   0|  0|    2|           1|           1|
    |or_ln114_91_fu_13288_p2         |        or|   0|  0|    2|           1|           1|
    |or_ln114_92_fu_13398_p2         |        or|   0|  0|    2|           1|           1|
    |or_ln114_93_fu_13508_p2         |        or|   0|  0|    2|           1|           1|
    |or_ln114_94_fu_13618_p2         |        or|   0|  0|    2|           1|           1|
    |or_ln114_95_fu_13728_p2         |        or|   0|  0|    2|           1|           1|
    |or_ln114_96_fu_13838_p2         |        or|   0|  0|    2|           1|           1|
    |or_ln114_97_fu_13948_p2         |        or|   0|  0|    2|           1|           1|
    |or_ln114_98_fu_14058_p2         |        or|   0|  0|    2|           1|           1|
    |or_ln114_99_fu_14168_p2         |        or|   0|  0|    2|           1|           1|
    |or_ln114_9_fu_4268_p2           |        or|   0|  0|    2|           1|           1|
    |or_ln114_fu_3278_p2             |        or|   0|  0|    2|           1|           1|
    |or_ln183_1_fu_25587_p2          |        or|   0|  0|    2|           1|           1|
    |or_ln183_2_fu_25627_p2          |        or|   0|  0|    2|           1|           1|
    |or_ln183_fu_25502_p2            |        or|   0|  0|    2|           1|           1|
    |or_ln191_10_fu_26995_p2         |        or|   0|  0|    2|           1|           1|
    |or_ln191_11_fu_27041_p2         |        or|   0|  0|    2|           1|           1|
    |or_ln191_12_fu_27222_p2         |        or|   0|  0|    2|           1|           1|
    |or_ln191_13_fu_27268_p2         |        or|   0|  0|    2|           1|           1|
    |or_ln191_14_fu_27449_p2         |        or|   0|  0|    2|           1|           1|
    |or_ln191_15_fu_27495_p2         |        or|   0|  0|    2|           1|           1|
    |or_ln191_16_fu_27676_p2         |        or|   0|  0|    2|           1|           1|
    |or_ln191_17_fu_27722_p2         |        or|   0|  0|    2|           1|           1|
    |or_ln191_18_fu_27903_p2         |        or|   0|  0|    2|           1|           1|
    |or_ln191_19_fu_27949_p2         |        or|   0|  0|    2|           1|           1|
    |or_ln191_1_fu_25907_p2          |        or|   0|  0|    2|           1|           1|
    |or_ln191_20_fu_28130_p2         |        or|   0|  0|    2|           1|           1|
    |or_ln191_21_fu_28176_p2         |        or|   0|  0|    2|           1|           1|
    |or_ln191_22_fu_25842_p2         |        or|   0|  0|    2|           1|           1|
    |or_ln191_23_fu_25882_p2         |        or|   0|  0|    2|           1|           1|
    |or_ln191_24_fu_26107_p2         |        or|   0|  0|    2|           1|           1|
    |or_ln191_25_fu_26335_p2         |        or|   0|  0|    2|           1|           1|
    |or_ln191_26_fu_26562_p2         |        or|   0|  0|    2|           1|           1|
    |or_ln191_27_fu_26789_p2         |        or|   0|  0|    2|           1|           1|
    |or_ln191_28_fu_27016_p2         |        or|   0|  0|    2|           1|           1|
    |or_ln191_29_fu_27243_p2         |        or|   0|  0|    2|           1|           1|
    |or_ln191_2_fu_26084_p2          |        or|   0|  0|    2|           1|           1|
    |or_ln191_30_fu_27470_p2         |        or|   0|  0|    2|           1|           1|
    |or_ln191_31_fu_27697_p2         |        or|   0|  0|    2|           1|           1|
    |or_ln191_32_fu_27924_p2         |        or|   0|  0|    2|           1|           1|
    |or_ln191_33_fu_28151_p2         |        or|   0|  0|    2|           1|           1|
    |or_ln191_3_fu_26132_p2          |        or|   0|  0|    2|           1|           1|
    |or_ln191_4_fu_26314_p2          |        or|   0|  0|    2|           1|           1|
    |or_ln191_5_fu_26360_p2          |        or|   0|  0|    2|           1|           1|
    |or_ln191_6_fu_26541_p2          |        or|   0|  0|    2|           1|           1|
    |or_ln191_7_fu_26587_p2          |        or|   0|  0|    2|           1|           1|
    |or_ln191_8_fu_26768_p2          |        or|   0|  0|    2|           1|           1|
    |or_ln191_9_fu_26814_p2          |        or|   0|  0|    2|           1|           1|
    |or_ln191_fu_25864_p2            |        or|   0|  0|    2|           1|           1|
    |or_ln196_1_fu_28406_p2          |        or|   0|  0|    2|           1|           1|
    |or_ln196_2_fu_28381_p2          |        or|   0|  0|    2|           1|           1|
    |or_ln196_fu_28360_p2            |        or|   0|  0|    2|           1|           1|
    |or_ln198_fu_28545_p2            |        or|   0|  0|    2|           1|           1|
    |or_ln202_1_fu_28578_p2          |        or|   0|  0|    2|           1|           1|
    |or_ln202_2_fu_28582_p2          |        or|   0|  0|    2|           1|           1|
    |or_ln202_3_fu_28588_p2          |        or|   0|  0|    2|           1|           1|
    |or_ln202_fu_28562_p2            |        or|   0|  0|    2|           1|           1|
    |or_ln206_1_fu_28523_p2          |        or|   0|  0|    2|           1|           1|
    |or_ln206_fu_28505_p2            |        or|   0|  0|    2|           1|           1|
    |b0_33_fu_25913_p3               |    select|   0|  0|   40|           1|          40|
    |b0_34_fu_26138_p3               |    select|   0|  0|   40|           1|          40|
    |b0_35_fu_26366_p3               |    select|   0|  0|   40|           1|          40|
    |b0_36_fu_26593_p3               |    select|   0|  0|   40|           1|          40|
    |b0_37_fu_26820_p3               |    select|   0|  0|   40|           1|          40|
    |b0_38_fu_27047_p3               |    select|   0|  0|   40|           1|          40|
    |b0_39_fu_27274_p3               |    select|   0|  0|   40|           1|          40|
    |b0_40_fu_27501_p3               |    select|   0|  0|   40|           1|          40|
    |b0_41_fu_27728_p3               |    select|   0|  0|   40|           1|          40|
    |b0_42_fu_27955_p3               |    select|   0|  0|   40|           1|          40|
    |b0_43_fu_28182_p3               |    select|   0|  0|   40|           1|          40|
    |delta_over_alpha_1_fu_25402_p3  |    select|   0|  0|   29|           1|          29|
    |p_2_fu_28412_p3                 |    select|   0|  0|   40|           1|          40|
    |p_5_fu_28616_p6                 |    select|   0|  0|   32|           1|          32|
    |select_ln105_10_fu_1844_p3      |    select|   0|  0|   30|           1|          30|
    |select_ln105_11_fu_1852_p3      |    select|   0|  0|   29|           1|          29|
    |select_ln105_12_fu_1948_p3      |    select|   0|  0|   29|           1|          28|
    |select_ln105_13_fu_1956_p3      |    select|   0|  0|   30|           1|          30|
    |select_ln105_14_fu_1964_p3      |    select|   0|  0|   29|           1|          29|
    |select_ln105_15_fu_2060_p3      |    select|   0|  0|   29|           1|          28|
    |select_ln105_16_fu_2068_p3      |    select|   0|  0|   30|           1|          30|
    |select_ln105_17_fu_2076_p3      |    select|   0|  0|   29|           1|          29|
    |select_ln105_18_fu_2172_p3      |    select|   0|  0|   29|           1|          28|
    |select_ln105_19_fu_2180_p3      |    select|   0|  0|   30|           1|          30|
    |select_ln105_1_fu_1508_p3       |    select|   0|  0|   30|           1|          30|
    |select_ln105_20_fu_2188_p3      |    select|   0|  0|   29|           1|          29|
    |select_ln105_21_fu_2284_p3      |    select|   0|  0|   29|           1|          28|
    |select_ln105_22_fu_2292_p3      |    select|   0|  0|   30|           1|          30|
    |select_ln105_23_fu_2300_p3      |    select|   0|  0|   29|           1|          29|
    |select_ln105_24_fu_2396_p3      |    select|   0|  0|   29|           1|          28|
    |select_ln105_25_fu_2404_p3      |    select|   0|  0|   30|           1|          30|
    |select_ln105_26_fu_2412_p3      |    select|   0|  0|   29|           1|          29|
    |select_ln105_27_fu_2508_p3      |    select|   0|  0|   29|           1|          28|
    |select_ln105_28_fu_2516_p3      |    select|   0|  0|   30|           1|          30|
    |select_ln105_29_fu_2524_p3      |    select|   0|  0|   29|           1|          29|
    |select_ln105_2_fu_1516_p3       |    select|   0|  0|   29|           1|          29|
    |select_ln105_30_fu_2620_p3      |    select|   0|  0|   29|           1|          28|
    |select_ln105_31_fu_2628_p3      |    select|   0|  0|   30|           1|          30|
    |select_ln105_32_fu_2636_p3      |    select|   0|  0|   29|           1|          29|
    |select_ln105_33_fu_2732_p3      |    select|   0|  0|   29|           1|          28|
    |select_ln105_34_fu_2740_p3      |    select|   0|  0|   30|           1|          30|
    |select_ln105_35_fu_2748_p3      |    select|   0|  0|   29|           1|          29|
    |select_ln105_36_fu_2844_p3      |    select|   0|  0|   29|           1|          28|
    |select_ln105_37_fu_2852_p3      |    select|   0|  0|   30|           1|          30|
    |select_ln105_38_fu_2860_p3      |    select|   0|  0|   29|           1|          29|
    |select_ln105_39_fu_2956_p3      |    select|   0|  0|   29|           1|          28|
    |select_ln105_3_fu_1612_p3       |    select|   0|  0|   29|           1|          28|
    |select_ln105_40_fu_2964_p3      |    select|   0|  0|   30|           1|          30|
    |select_ln105_41_fu_2972_p3      |    select|   0|  0|   29|           1|          29|
    |select_ln105_42_fu_3068_p3      |    select|   0|  0|   29|           1|          28|
    |select_ln105_43_fu_3076_p3      |    select|   0|  0|   30|           1|          30|
    |select_ln105_44_fu_3084_p3      |    select|   0|  0|   29|           1|          29|
    |select_ln105_45_fu_3180_p3      |    select|   0|  0|   29|           1|          28|
    |select_ln105_46_fu_3188_p3      |    select|   0|  0|   30|           1|          30|
    |select_ln105_47_fu_3196_p3      |    select|   0|  0|   29|           1|          29|
    |select_ln105_4_fu_1620_p3       |    select|   0|  0|   30|           1|          30|
    |select_ln105_5_fu_1628_p3       |    select|   0|  0|   29|           1|          29|
    |select_ln105_6_fu_1724_p3       |    select|   0|  0|   29|           1|          28|
    |select_ln105_7_fu_1732_p3       |    select|   0|  0|   30|           1|          30|
    |select_ln105_8_fu_1740_p3       |    select|   0|  0|   29|           1|          29|
    |select_ln105_9_fu_1836_p3       |    select|   0|  0|   29|           1|          28|
    |select_ln105_fu_1500_p3         |    select|   0|  0|   29|           1|          28|
    |select_ln114_100_fu_6922_p3     |    select|   0|  0|   30|           1|          30|
    |select_ln114_101_fu_6930_p3     |    select|   0|  0|   29|           1|          29|
    |select_ln114_102_fu_7024_p3     |    select|   0|  0|   29|           1|          28|
    |select_ln114_103_fu_7032_p3     |    select|   0|  0|   30|           1|          30|
    |select_ln114_104_fu_7040_p3     |    select|   0|  0|   29|           1|          29|
    |select_ln114_105_fu_7134_p3     |    select|   0|  0|   29|           1|          28|
    |select_ln114_106_fu_7142_p3     |    select|   0|  0|   30|           1|          30|
    |select_ln114_107_fu_7150_p3     |    select|   0|  0|   29|           1|          29|
    |select_ln114_108_fu_7244_p3     |    select|   0|  0|   29|           1|          28|
    |select_ln114_109_fu_7252_p3     |    select|   0|  0|   30|           1|          30|
    |select_ln114_10_fu_3622_p3      |    select|   0|  0|   30|           1|          30|
    |select_ln114_110_fu_7260_p3     |    select|   0|  0|   29|           1|          29|
    |select_ln114_111_fu_7354_p3     |    select|   0|  0|   29|           1|          28|
    |select_ln114_112_fu_7362_p3     |    select|   0|  0|   30|           1|          30|
    |select_ln114_113_fu_7370_p3     |    select|   0|  0|   29|           1|          29|
    |select_ln114_114_fu_7464_p3     |    select|   0|  0|   29|           1|          28|
    |select_ln114_115_fu_7472_p3     |    select|   0|  0|   30|           1|          30|
    |select_ln114_116_fu_7480_p3     |    select|   0|  0|   29|           1|          29|
    |select_ln114_117_fu_7574_p3     |    select|   0|  0|   29|           1|          28|
    |select_ln114_118_fu_7582_p3     |    select|   0|  0|   30|           1|          30|
    |select_ln114_119_fu_7590_p3     |    select|   0|  0|   29|           1|          29|
    |select_ln114_11_fu_3630_p3      |    select|   0|  0|   29|           1|          29|
    |select_ln114_120_fu_7684_p3     |    select|   0|  0|   29|           1|          28|
    |select_ln114_121_fu_7692_p3     |    select|   0|  0|   30|           1|          30|
    |select_ln114_122_fu_7700_p3     |    select|   0|  0|   29|           1|          29|
    |select_ln114_123_fu_7794_p3     |    select|   0|  0|   29|           1|          28|
    |select_ln114_124_fu_7802_p3     |    select|   0|  0|   30|           1|          30|
    |select_ln114_125_fu_7810_p3     |    select|   0|  0|   29|           1|          29|
    |select_ln114_126_fu_7904_p3     |    select|   0|  0|   29|           1|          28|
    |select_ln114_127_fu_7912_p3     |    select|   0|  0|   30|           1|          30|
    |select_ln114_128_fu_7920_p3     |    select|   0|  0|   29|           1|          29|
    |select_ln114_129_fu_8014_p3     |    select|   0|  0|   29|           1|          28|
    |select_ln114_12_fu_3724_p3      |    select|   0|  0|   29|           1|          28|
    |select_ln114_130_fu_8022_p3     |    select|   0|  0|   30|           1|          30|
    |select_ln114_131_fu_8030_p3     |    select|   0|  0|   29|           1|          29|
    |select_ln114_132_fu_8124_p3     |    select|   0|  0|   29|           1|          28|
    |select_ln114_133_fu_8132_p3     |    select|   0|  0|   30|           1|          30|
    |select_ln114_134_fu_8140_p3     |    select|   0|  0|   29|           1|          29|
    |select_ln114_135_fu_8234_p3     |    select|   0|  0|   29|           1|          28|
    |select_ln114_136_fu_8242_p3     |    select|   0|  0|   30|           1|          30|
    |select_ln114_137_fu_8250_p3     |    select|   0|  0|   29|           1|          29|
    |select_ln114_138_fu_8344_p3     |    select|   0|  0|   29|           1|          28|
    |select_ln114_139_fu_8352_p3     |    select|   0|  0|   30|           1|          30|
    |select_ln114_13_fu_3732_p3      |    select|   0|  0|   30|           1|          30|
    |select_ln114_140_fu_8360_p3     |    select|   0|  0|   29|           1|          29|
    |select_ln114_141_fu_8454_p3     |    select|   0|  0|   29|           1|          28|
    |select_ln114_142_fu_8462_p3     |    select|   0|  0|   30|           1|          30|
    |select_ln114_143_fu_8470_p3     |    select|   0|  0|   29|           1|          29|
    |select_ln114_144_fu_8564_p3     |    select|   0|  0|   29|           1|          28|
    |select_ln114_145_fu_8572_p3     |    select|   0|  0|   30|           1|          30|
    |select_ln114_146_fu_8580_p3     |    select|   0|  0|   29|           1|          29|
    |select_ln114_147_fu_8674_p3     |    select|   0|  0|   29|           1|          28|
    |select_ln114_148_fu_8682_p3     |    select|   0|  0|   30|           1|          30|
    |select_ln114_149_fu_8690_p3     |    select|   0|  0|   29|           1|          29|
    |select_ln114_14_fu_3740_p3      |    select|   0|  0|   29|           1|          29|
    |select_ln114_150_fu_8784_p3     |    select|   0|  0|   29|           1|          28|
    |select_ln114_151_fu_8792_p3     |    select|   0|  0|   30|           1|          30|
    |select_ln114_152_fu_8800_p3     |    select|   0|  0|   29|           1|          29|
    |select_ln114_153_fu_8894_p3     |    select|   0|  0|   29|           1|          28|
    |select_ln114_154_fu_8902_p3     |    select|   0|  0|   30|           1|          30|
    |select_ln114_155_fu_8910_p3     |    select|   0|  0|   29|           1|          29|
    |select_ln114_156_fu_9004_p3     |    select|   0|  0|   29|           1|          28|
    |select_ln114_157_fu_9012_p3     |    select|   0|  0|   30|           1|          30|
    |select_ln114_158_fu_9020_p3     |    select|   0|  0|   29|           1|          29|
    |select_ln114_159_fu_9114_p3     |    select|   0|  0|   29|           1|          28|
    |select_ln114_15_fu_3834_p3      |    select|   0|  0|   29|           1|          28|
    |select_ln114_160_fu_9122_p3     |    select|   0|  0|   30|           1|          30|
    |select_ln114_161_fu_9130_p3     |    select|   0|  0|   29|           1|          29|
    |select_ln114_162_fu_9224_p3     |    select|   0|  0|   29|           1|          28|
    |select_ln114_163_fu_9232_p3     |    select|   0|  0|   30|           1|          30|
    |select_ln114_164_fu_9240_p3     |    select|   0|  0|   29|           1|          29|
    |select_ln114_165_fu_9334_p3     |    select|   0|  0|   29|           1|          28|
    |select_ln114_166_fu_9342_p3     |    select|   0|  0|   30|           1|          30|
    |select_ln114_167_fu_9350_p3     |    select|   0|  0|   29|           1|          29|
    |select_ln114_168_fu_9444_p3     |    select|   0|  0|   29|           1|          28|
    |select_ln114_169_fu_9452_p3     |    select|   0|  0|   30|           1|          30|
    |select_ln114_16_fu_3842_p3      |    select|   0|  0|   30|           1|          30|
    |select_ln114_170_fu_9460_p3     |    select|   0|  0|   29|           1|          29|
    |select_ln114_171_fu_9554_p3     |    select|   0|  0|   29|           1|          28|
    |select_ln114_172_fu_9562_p3     |    select|   0|  0|   30|           1|          30|
    |select_ln114_173_fu_9570_p3     |    select|   0|  0|   29|           1|          29|
    |select_ln114_174_fu_9664_p3     |    select|   0|  0|   29|           1|          28|
    |select_ln114_175_fu_9672_p3     |    select|   0|  0|   30|           1|          30|
    |select_ln114_176_fu_9680_p3     |    select|   0|  0|   29|           1|          29|
    |select_ln114_177_fu_9774_p3     |    select|   0|  0|   29|           1|          28|
    |select_ln114_178_fu_9782_p3     |    select|   0|  0|   30|           1|          30|
    |select_ln114_179_fu_9790_p3     |    select|   0|  0|   29|           1|          29|
    |select_ln114_17_fu_3850_p3      |    select|   0|  0|   29|           1|          29|
    |select_ln114_180_fu_9884_p3     |    select|   0|  0|   29|           1|          28|
    |select_ln114_181_fu_9892_p3     |    select|   0|  0|   30|           1|          30|
    |select_ln114_182_fu_9900_p3     |    select|   0|  0|   29|           1|          29|
    |select_ln114_183_fu_9994_p3     |    select|   0|  0|   29|           1|          28|
    |select_ln114_184_fu_10002_p3    |    select|   0|  0|   30|           1|          30|
    |select_ln114_185_fu_10010_p3    |    select|   0|  0|   29|           1|          29|
    |select_ln114_186_fu_10104_p3    |    select|   0|  0|   29|           1|          28|
    |select_ln114_187_fu_10112_p3    |    select|   0|  0|   30|           1|          30|
    |select_ln114_188_fu_10120_p3    |    select|   0|  0|   29|           1|          29|
    |select_ln114_189_fu_10214_p3    |    select|   0|  0|   29|           1|          28|
    |select_ln114_18_fu_3944_p3      |    select|   0|  0|   29|           1|          28|
    |select_ln114_190_fu_10222_p3    |    select|   0|  0|   30|           1|          30|
    |select_ln114_191_fu_10230_p3    |    select|   0|  0|   29|           1|          29|
    |select_ln114_192_fu_10324_p3    |    select|   0|  0|   29|           1|          28|
    |select_ln114_193_fu_10332_p3    |    select|   0|  0|   30|           1|          30|
    |select_ln114_194_fu_10340_p3    |    select|   0|  0|   29|           1|          29|
    |select_ln114_195_fu_10434_p3    |    select|   0|  0|   29|           1|          28|
    |select_ln114_196_fu_10442_p3    |    select|   0|  0|   30|           1|          30|
    |select_ln114_197_fu_10450_p3    |    select|   0|  0|   29|           1|          29|
    |select_ln114_198_fu_10544_p3    |    select|   0|  0|   29|           1|          28|
    |select_ln114_199_fu_10552_p3    |    select|   0|  0|   30|           1|          30|
    |select_ln114_19_fu_3952_p3      |    select|   0|  0|   30|           1|          30|
    |select_ln114_1_fu_3292_p3       |    select|   0|  0|   30|           1|          30|
    |select_ln114_200_fu_10560_p3    |    select|   0|  0|   29|           1|          29|
    |select_ln114_201_fu_10654_p3    |    select|   0|  0|   29|           1|          28|
    |select_ln114_202_fu_10662_p3    |    select|   0|  0|   30|           1|          30|
    |select_ln114_203_fu_10670_p3    |    select|   0|  0|   29|           1|          29|
    |select_ln114_204_fu_10764_p3    |    select|   0|  0|   29|           1|          28|
    |select_ln114_205_fu_10772_p3    |    select|   0|  0|   30|           1|          30|
    |select_ln114_206_fu_10780_p3    |    select|   0|  0|   29|           1|          29|
    |select_ln114_207_fu_10874_p3    |    select|   0|  0|   29|           1|          28|
    |select_ln114_208_fu_10882_p3    |    select|   0|  0|   30|           1|          30|
    |select_ln114_209_fu_10890_p3    |    select|   0|  0|   29|           1|          29|
    |select_ln114_20_fu_3960_p3      |    select|   0|  0|   29|           1|          29|
    |select_ln114_210_fu_10984_p3    |    select|   0|  0|   29|           1|          28|
    |select_ln114_211_fu_10992_p3    |    select|   0|  0|   30|           1|          30|
    |select_ln114_212_fu_11000_p3    |    select|   0|  0|   29|           1|          29|
    |select_ln114_213_fu_11094_p3    |    select|   0|  0|   29|           1|          28|
    |select_ln114_214_fu_11102_p3    |    select|   0|  0|   30|           1|          30|
    |select_ln114_215_fu_11110_p3    |    select|   0|  0|   29|           1|          29|
    |select_ln114_216_fu_11204_p3    |    select|   0|  0|   29|           1|          28|
    |select_ln114_217_fu_11212_p3    |    select|   0|  0|   30|           1|          30|
    |select_ln114_218_fu_11220_p3    |    select|   0|  0|   29|           1|          29|
    |select_ln114_219_fu_11314_p3    |    select|   0|  0|   29|           1|          28|
    |select_ln114_21_fu_4054_p3      |    select|   0|  0|   29|           1|          28|
    |select_ln114_220_fu_11322_p3    |    select|   0|  0|   30|           1|          30|
    |select_ln114_221_fu_11330_p3    |    select|   0|  0|   29|           1|          29|
    |select_ln114_222_fu_11424_p3    |    select|   0|  0|   29|           1|          28|
    |select_ln114_223_fu_11432_p3    |    select|   0|  0|   30|           1|          30|
    |select_ln114_224_fu_11440_p3    |    select|   0|  0|   29|           1|          29|
    |select_ln114_225_fu_11534_p3    |    select|   0|  0|   29|           1|          28|
    |select_ln114_226_fu_11542_p3    |    select|   0|  0|   30|           1|          30|
    |select_ln114_227_fu_11550_p3    |    select|   0|  0|   29|           1|          29|
    |select_ln114_228_fu_11644_p3    |    select|   0|  0|   29|           1|          28|
    |select_ln114_229_fu_11652_p3    |    select|   0|  0|   30|           1|          30|
    |select_ln114_22_fu_4062_p3      |    select|   0|  0|   30|           1|          30|
    |select_ln114_230_fu_11660_p3    |    select|   0|  0|   29|           1|          29|
    |select_ln114_231_fu_11754_p3    |    select|   0|  0|   29|           1|          28|
    |select_ln114_232_fu_11762_p3    |    select|   0|  0|   30|           1|          30|
    |select_ln114_233_fu_11770_p3    |    select|   0|  0|   29|           1|          29|
    |select_ln114_234_fu_11864_p3    |    select|   0|  0|   29|           1|          28|
    |select_ln114_235_fu_11872_p3    |    select|   0|  0|   30|           1|          30|
    |select_ln114_236_fu_11880_p3    |    select|   0|  0|   29|           1|          29|
    |select_ln114_237_fu_11974_p3    |    select|   0|  0|   29|           1|          28|
    |select_ln114_238_fu_11982_p3    |    select|   0|  0|   30|           1|          30|
    |select_ln114_239_fu_11990_p3    |    select|   0|  0|   29|           1|          29|
    |select_ln114_23_fu_4070_p3      |    select|   0|  0|   29|           1|          29|
    |select_ln114_240_fu_12084_p3    |    select|   0|  0|   29|           1|          28|
    |select_ln114_241_fu_12092_p3    |    select|   0|  0|   30|           1|          30|
    |select_ln114_242_fu_12100_p3    |    select|   0|  0|   29|           1|          29|
    |select_ln114_243_fu_12194_p3    |    select|   0|  0|   29|           1|          28|
    |select_ln114_244_fu_12202_p3    |    select|   0|  0|   30|           1|          30|
    |select_ln114_245_fu_12210_p3    |    select|   0|  0|   29|           1|          29|
    |select_ln114_246_fu_12304_p3    |    select|   0|  0|   29|           1|          28|
    |select_ln114_247_fu_12312_p3    |    select|   0|  0|   30|           1|          30|
    |select_ln114_248_fu_12320_p3    |    select|   0|  0|   29|           1|          29|
    |select_ln114_249_fu_12414_p3    |    select|   0|  0|   29|           1|          28|
    |select_ln114_24_fu_4164_p3      |    select|   0|  0|   29|           1|          28|
    |select_ln114_250_fu_12422_p3    |    select|   0|  0|   30|           1|          30|
    |select_ln114_251_fu_12430_p3    |    select|   0|  0|   29|           1|          29|
    |select_ln114_252_fu_12524_p3    |    select|   0|  0|   29|           1|          28|
    |select_ln114_253_fu_12532_p3    |    select|   0|  0|   30|           1|          30|
    |select_ln114_254_fu_12540_p3    |    select|   0|  0|   29|           1|          29|
    |select_ln114_255_fu_12634_p3    |    select|   0|  0|   29|           1|          28|
    |select_ln114_256_fu_12642_p3    |    select|   0|  0|   30|           1|          30|
    |select_ln114_257_fu_12650_p3    |    select|   0|  0|   29|           1|          29|
    |select_ln114_258_fu_12744_p3    |    select|   0|  0|   29|           1|          28|
    |select_ln114_259_fu_12752_p3    |    select|   0|  0|   30|           1|          30|
    |select_ln114_25_fu_4172_p3      |    select|   0|  0|   30|           1|          30|
    |select_ln114_260_fu_12760_p3    |    select|   0|  0|   29|           1|          29|
    |select_ln114_261_fu_12854_p3    |    select|   0|  0|   29|           1|          28|
    |select_ln114_262_fu_12862_p3    |    select|   0|  0|   30|           1|          30|
    |select_ln114_263_fu_12870_p3    |    select|   0|  0|   29|           1|          29|
    |select_ln114_264_fu_12964_p3    |    select|   0|  0|   29|           1|          28|
    |select_ln114_265_fu_12972_p3    |    select|   0|  0|   30|           1|          30|
    |select_ln114_266_fu_12980_p3    |    select|   0|  0|   29|           1|          29|
    |select_ln114_267_fu_13074_p3    |    select|   0|  0|   29|           1|          28|
    |select_ln114_268_fu_13082_p3    |    select|   0|  0|   30|           1|          30|
    |select_ln114_269_fu_13090_p3    |    select|   0|  0|   29|           1|          29|
    |select_ln114_26_fu_4180_p3      |    select|   0|  0|   29|           1|          29|
    |select_ln114_270_fu_13184_p3    |    select|   0|  0|   29|           1|          28|
    |select_ln114_271_fu_13192_p3    |    select|   0|  0|   30|           1|          30|
    |select_ln114_272_fu_13200_p3    |    select|   0|  0|   29|           1|          29|
    |select_ln114_273_fu_13294_p3    |    select|   0|  0|   29|           1|          28|
    |select_ln114_274_fu_13302_p3    |    select|   0|  0|   30|           1|          30|
    |select_ln114_275_fu_13310_p3    |    select|   0|  0|   29|           1|          29|
    |select_ln114_276_fu_13404_p3    |    select|   0|  0|   29|           1|          28|
    |select_ln114_277_fu_13412_p3    |    select|   0|  0|   30|           1|          30|
    |select_ln114_278_fu_13420_p3    |    select|   0|  0|   29|           1|          29|
    |select_ln114_279_fu_13514_p3    |    select|   0|  0|   29|           1|          28|
    |select_ln114_27_fu_4274_p3      |    select|   0|  0|   29|           1|          28|
    |select_ln114_280_fu_13522_p3    |    select|   0|  0|   30|           1|          30|
    |select_ln114_281_fu_13530_p3    |    select|   0|  0|   29|           1|          29|
    |select_ln114_282_fu_13624_p3    |    select|   0|  0|   29|           1|          28|
    |select_ln114_283_fu_13632_p3    |    select|   0|  0|   30|           1|          30|
    |select_ln114_284_fu_13640_p3    |    select|   0|  0|   29|           1|          29|
    |select_ln114_285_fu_13734_p3    |    select|   0|  0|   29|           1|          28|
    |select_ln114_286_fu_13742_p3    |    select|   0|  0|   30|           1|          30|
    |select_ln114_287_fu_13750_p3    |    select|   0|  0|   29|           1|          29|
    |select_ln114_288_fu_13844_p3    |    select|   0|  0|   29|           1|          28|
    |select_ln114_289_fu_13852_p3    |    select|   0|  0|   30|           1|          30|
    |select_ln114_28_fu_4282_p3      |    select|   0|  0|   30|           1|          30|
    |select_ln114_290_fu_13860_p3    |    select|   0|  0|   29|           1|          29|
    |select_ln114_291_fu_13954_p3    |    select|   0|  0|   29|           1|          28|
    |select_ln114_292_fu_13962_p3    |    select|   0|  0|   30|           1|          30|
    |select_ln114_293_fu_13970_p3    |    select|   0|  0|   29|           1|          29|
    |select_ln114_294_fu_14064_p3    |    select|   0|  0|   29|           1|          28|
    |select_ln114_295_fu_14072_p3    |    select|   0|  0|   30|           1|          30|
    |select_ln114_296_fu_14080_p3    |    select|   0|  0|   29|           1|          29|
    |select_ln114_297_fu_14174_p3    |    select|   0|  0|   29|           1|          28|
    |select_ln114_298_fu_14182_p3    |    select|   0|  0|   30|           1|          30|
    |select_ln114_299_fu_14190_p3    |    select|   0|  0|   29|           1|          29|
    |select_ln114_29_fu_4290_p3      |    select|   0|  0|   29|           1|          29|
    |select_ln114_2_fu_3300_p3       |    select|   0|  0|   29|           1|          29|
    |select_ln114_300_fu_14284_p3    |    select|   0|  0|   29|           1|          28|
    |select_ln114_301_fu_14292_p3    |    select|   0|  0|   30|           1|          30|
    |select_ln114_302_fu_14300_p3    |    select|   0|  0|   29|           1|          29|
    |select_ln114_303_fu_14394_p3    |    select|   0|  0|   29|           1|          28|
    |select_ln114_304_fu_14402_p3    |    select|   0|  0|   30|           1|          30|
    |select_ln114_305_fu_14410_p3    |    select|   0|  0|   29|           1|          29|
    |select_ln114_306_fu_14504_p3    |    select|   0|  0|   29|           1|          28|
    |select_ln114_307_fu_14512_p3    |    select|   0|  0|   30|           1|          30|
    |select_ln114_308_fu_14520_p3    |    select|   0|  0|   29|           1|          29|
    |select_ln114_309_fu_14614_p3    |    select|   0|  0|   29|           1|          28|
    |select_ln114_30_fu_4384_p3      |    select|   0|  0|   29|           1|          28|
    |select_ln114_310_fu_14622_p3    |    select|   0|  0|   30|           1|          30|
    |select_ln114_311_fu_14630_p3    |    select|   0|  0|   29|           1|          29|
    |select_ln114_312_fu_14724_p3    |    select|   0|  0|   29|           1|          28|
    |select_ln114_313_fu_14732_p3    |    select|   0|  0|   30|           1|          30|
    |select_ln114_314_fu_14740_p3    |    select|   0|  0|   29|           1|          29|
    |select_ln114_315_fu_14834_p3    |    select|   0|  0|   29|           1|          28|
    |select_ln114_316_fu_14842_p3    |    select|   0|  0|   30|           1|          30|
    |select_ln114_317_fu_14850_p3    |    select|   0|  0|   29|           1|          29|
    |select_ln114_318_fu_14944_p3    |    select|   0|  0|   29|           1|          28|
    |select_ln114_319_fu_14952_p3    |    select|   0|  0|   30|           1|          30|
    |select_ln114_31_fu_4392_p3      |    select|   0|  0|   30|           1|          30|
    |select_ln114_320_fu_14960_p3    |    select|   0|  0|   29|           1|          29|
    |select_ln114_321_fu_15054_p3    |    select|   0|  0|   29|           1|          28|
    |select_ln114_322_fu_15062_p3    |    select|   0|  0|   30|           1|          30|
    |select_ln114_323_fu_15070_p3    |    select|   0|  0|   29|           1|          29|
    |select_ln114_324_fu_15164_p3    |    select|   0|  0|   29|           1|          28|
    |select_ln114_325_fu_15172_p3    |    select|   0|  0|   30|           1|          30|
    |select_ln114_326_fu_15180_p3    |    select|   0|  0|   29|           1|          29|
    |select_ln114_327_fu_15274_p3    |    select|   0|  0|   29|           1|          28|
    |select_ln114_328_fu_15282_p3    |    select|   0|  0|   30|           1|          30|
    |select_ln114_329_fu_15290_p3    |    select|   0|  0|   29|           1|          29|
    |select_ln114_32_fu_4400_p3      |    select|   0|  0|   29|           1|          29|
    |select_ln114_330_fu_15384_p3    |    select|   0|  0|   29|           1|          28|
    |select_ln114_331_fu_15392_p3    |    select|   0|  0|   30|           1|          30|
    |select_ln114_332_fu_15400_p3    |    select|   0|  0|   29|           1|          29|
    |select_ln114_333_fu_15494_p3    |    select|   0|  0|   29|           1|          28|
    |select_ln114_334_fu_15502_p3    |    select|   0|  0|   30|           1|          30|
    |select_ln114_335_fu_15510_p3    |    select|   0|  0|   29|           1|          29|
    |select_ln114_336_fu_20980_p3    |    select|   0|  0|   29|           1|          28|
    |select_ln114_337_fu_20988_p3    |    select|   0|  0|   30|           1|          30|
    |select_ln114_338_fu_20996_p3    |    select|   0|  0|   29|           1|          29|
    |select_ln114_339_fu_21088_p3    |    select|   0|  0|   29|           1|          28|
    |select_ln114_33_fu_4494_p3      |    select|   0|  0|   29|           1|          28|
    |select_ln114_340_fu_21096_p3    |    select|   0|  0|   30|           1|          30|
    |select_ln114_341_fu_21104_p3    |    select|   0|  0|   29|           1|          29|
    |select_ln114_342_fu_21196_p3    |    select|   0|  0|   29|           1|          28|
    |select_ln114_343_fu_21204_p3    |    select|   0|  0|   30|           1|          30|
    |select_ln114_344_fu_21212_p3    |    select|   0|  0|   29|           1|          29|
    |select_ln114_345_fu_21304_p3    |    select|   0|  0|   29|           1|          28|
    |select_ln114_346_fu_21312_p3    |    select|   0|  0|   30|           1|          30|
    |select_ln114_347_fu_21320_p3    |    select|   0|  0|   29|           1|          29|
    |select_ln114_348_fu_21412_p3    |    select|   0|  0|   29|           1|          28|
    |select_ln114_349_fu_21420_p3    |    select|   0|  0|   30|           1|          30|
    |select_ln114_34_fu_4502_p3      |    select|   0|  0|   30|           1|          30|
    |select_ln114_350_fu_21428_p3    |    select|   0|  0|   29|           1|          29|
    |select_ln114_351_fu_21520_p3    |    select|   0|  0|   29|           1|          28|
    |select_ln114_352_fu_21528_p3    |    select|   0|  0|   30|           1|          30|
    |select_ln114_353_fu_21536_p3    |    select|   0|  0|   29|           1|          29|
    |select_ln114_354_fu_21628_p3    |    select|   0|  0|   29|           1|          28|
    |select_ln114_355_fu_21636_p3    |    select|   0|  0|   30|           1|          30|
    |select_ln114_356_fu_21644_p3    |    select|   0|  0|   29|           1|          29|
    |select_ln114_357_fu_21736_p3    |    select|   0|  0|   29|           1|          28|
    |select_ln114_358_fu_21744_p3    |    select|   0|  0|   30|           1|          30|
    |select_ln114_359_fu_21752_p3    |    select|   0|  0|   29|           1|          29|
    |select_ln114_35_fu_4510_p3      |    select|   0|  0|   29|           1|          29|
    |select_ln114_36_fu_4604_p3      |    select|   0|  0|   29|           1|          28|
    |select_ln114_37_fu_4612_p3      |    select|   0|  0|   30|           1|          30|
    |select_ln114_38_fu_4620_p3      |    select|   0|  0|   29|           1|          29|
    |select_ln114_39_fu_4714_p3      |    select|   0|  0|   29|           1|          28|
    |select_ln114_3_fu_3394_p3       |    select|   0|  0|   29|           1|          28|
    |select_ln114_40_fu_4722_p3      |    select|   0|  0|   30|           1|          30|
    |select_ln114_41_fu_4730_p3      |    select|   0|  0|   29|           1|          29|
    |select_ln114_42_fu_4824_p3      |    select|   0|  0|   29|           1|          28|
    |select_ln114_43_fu_4832_p3      |    select|   0|  0|   30|           1|          30|
    |select_ln114_44_fu_4840_p3      |    select|   0|  0|   29|           1|          29|
    |select_ln114_45_fu_4934_p3      |    select|   0|  0|   29|           1|          28|
    |select_ln114_46_fu_4942_p3      |    select|   0|  0|   30|           1|          30|
    |select_ln114_47_fu_4950_p3      |    select|   0|  0|   29|           1|          29|
    |select_ln114_48_fu_5044_p3      |    select|   0|  0|   29|           1|          28|
    |select_ln114_49_fu_5052_p3      |    select|   0|  0|   30|           1|          30|
    |select_ln114_4_fu_3402_p3       |    select|   0|  0|   30|           1|          30|
    |select_ln114_50_fu_5060_p3      |    select|   0|  0|   29|           1|          29|
    |select_ln114_51_fu_5154_p3      |    select|   0|  0|   29|           1|          28|
    |select_ln114_52_fu_5162_p3      |    select|   0|  0|   30|           1|          30|
    |select_ln114_53_fu_5170_p3      |    select|   0|  0|   29|           1|          29|
    |select_ln114_54_fu_5264_p3      |    select|   0|  0|   29|           1|          28|
    |select_ln114_55_fu_5272_p3      |    select|   0|  0|   30|           1|          30|
    |select_ln114_56_fu_5280_p3      |    select|   0|  0|   29|           1|          29|
    |select_ln114_57_fu_5374_p3      |    select|   0|  0|   29|           1|          28|
    |select_ln114_58_fu_5382_p3      |    select|   0|  0|   30|           1|          30|
    |select_ln114_59_fu_5390_p3      |    select|   0|  0|   29|           1|          29|
    |select_ln114_5_fu_3410_p3       |    select|   0|  0|   29|           1|          29|
    |select_ln114_60_fu_5484_p3      |    select|   0|  0|   29|           1|          28|
    |select_ln114_61_fu_5492_p3      |    select|   0|  0|   30|           1|          30|
    |select_ln114_62_fu_5500_p3      |    select|   0|  0|   29|           1|          29|
    |select_ln114_63_fu_5594_p3      |    select|   0|  0|   29|           1|          28|
    |select_ln114_64_fu_5602_p3      |    select|   0|  0|   30|           1|          30|
    |select_ln114_65_fu_5610_p3      |    select|   0|  0|   29|           1|          29|
    |select_ln114_66_fu_5704_p3      |    select|   0|  0|   29|           1|          28|
    |select_ln114_67_fu_5712_p3      |    select|   0|  0|   30|           1|          30|
    |select_ln114_68_fu_5720_p3      |    select|   0|  0|   29|           1|          29|
    |select_ln114_69_fu_5814_p3      |    select|   0|  0|   29|           1|          28|
    |select_ln114_6_fu_3504_p3       |    select|   0|  0|   29|           1|          28|
    |select_ln114_70_fu_5822_p3      |    select|   0|  0|   30|           1|          30|
    |select_ln114_71_fu_5830_p3      |    select|   0|  0|   29|           1|          29|
    |select_ln114_72_fu_5924_p3      |    select|   0|  0|   29|           1|          28|
    |select_ln114_73_fu_5932_p3      |    select|   0|  0|   30|           1|          30|
    |select_ln114_74_fu_5940_p3      |    select|   0|  0|   29|           1|          29|
    |select_ln114_75_fu_6034_p3      |    select|   0|  0|   29|           1|          28|
    |select_ln114_76_fu_6042_p3      |    select|   0|  0|   30|           1|          30|
    |select_ln114_77_fu_6050_p3      |    select|   0|  0|   29|           1|          29|
    |select_ln114_78_fu_6144_p3      |    select|   0|  0|   29|           1|          28|
    |select_ln114_79_fu_6152_p3      |    select|   0|  0|   30|           1|          30|
    |select_ln114_7_fu_3512_p3       |    select|   0|  0|   30|           1|          30|
    |select_ln114_80_fu_6160_p3      |    select|   0|  0|   29|           1|          29|
    |select_ln114_81_fu_6254_p3      |    select|   0|  0|   29|           1|          28|
    |select_ln114_82_fu_6262_p3      |    select|   0|  0|   30|           1|          30|
    |select_ln114_83_fu_6270_p3      |    select|   0|  0|   29|           1|          29|
    |select_ln114_84_fu_6364_p3      |    select|   0|  0|   29|           1|          28|
    |select_ln114_85_fu_6372_p3      |    select|   0|  0|   30|           1|          30|
    |select_ln114_86_fu_6380_p3      |    select|   0|  0|   29|           1|          29|
    |select_ln114_87_fu_6474_p3      |    select|   0|  0|   29|           1|          28|
    |select_ln114_88_fu_6482_p3      |    select|   0|  0|   30|           1|          30|
    |select_ln114_89_fu_6490_p3      |    select|   0|  0|   29|           1|          29|
    |select_ln114_8_fu_3520_p3       |    select|   0|  0|   29|           1|          29|
    |select_ln114_90_fu_6584_p3      |    select|   0|  0|   29|           1|          28|
    |select_ln114_91_fu_6592_p3      |    select|   0|  0|   30|           1|          30|
    |select_ln114_92_fu_6600_p3      |    select|   0|  0|   29|           1|          29|
    |select_ln114_93_fu_6694_p3      |    select|   0|  0|   29|           1|          28|
    |select_ln114_94_fu_6702_p3      |    select|   0|  0|   30|           1|          30|
    |select_ln114_95_fu_6710_p3      |    select|   0|  0|   29|           1|          29|
    |select_ln114_96_fu_6804_p3      |    select|   0|  0|   29|           1|          28|
    |select_ln114_97_fu_6812_p3      |    select|   0|  0|   30|           1|          30|
    |select_ln114_98_fu_6820_p3      |    select|   0|  0|   29|           1|          29|
    |select_ln114_99_fu_6914_p3      |    select|   0|  0|   29|           1|          28|
    |select_ln114_9_fu_3614_p3       |    select|   0|  0|   29|           1|          28|
    |select_ln114_fu_3284_p3         |    select|   0|  0|   29|           1|          28|
    |select_ln183_1_fu_25619_p3      |    select|   0|  0|   41|           1|          39|
    |select_ln183_fu_25508_p3        |    select|   0|  0|   40|           1|          39|
    |select_ln191_10_fu_26509_p3     |    select|   0|  0|    2|           1|           1|
    |select_ln191_11_fu_26525_p3     |    select|   0|  0|    2|           1|           1|
    |select_ln191_12_fu_26579_p3     |    select|   0|  0|   41|           1|          39|
    |select_ln191_14_fu_26736_p3     |    select|   0|  0|    2|           1|           1|
    |select_ln191_15_fu_26752_p3     |    select|   0|  0|    2|           1|           1|
    |select_ln191_16_fu_26806_p3     |    select|   0|  0|   41|           1|          39|
    |select_ln191_18_fu_26963_p3     |    select|   0|  0|    2|           1|           1|
    |select_ln191_19_fu_26979_p3     |    select|   0|  0|    2|           1|           1|
    |select_ln191_20_fu_27033_p3     |    select|   0|  0|   41|           1|          39|
    |select_ln191_22_fu_27190_p3     |    select|   0|  0|    2|           1|           1|
    |select_ln191_23_fu_27206_p3     |    select|   0|  0|    2|           1|           1|
    |select_ln191_24_fu_27260_p3     |    select|   0|  0|   41|           1|          39|
    |select_ln191_26_fu_27417_p3     |    select|   0|  0|    2|           1|           1|
    |select_ln191_27_fu_27433_p3     |    select|   0|  0|    2|           1|           1|
    |select_ln191_28_fu_27487_p3     |    select|   0|  0|   41|           1|          39|
    |select_ln191_2_fu_26049_p3      |    select|   0|  0|    2|           1|           1|
    |select_ln191_30_fu_27644_p3     |    select|   0|  0|    2|           1|           1|
    |select_ln191_31_fu_27660_p3     |    select|   0|  0|    2|           1|           1|
    |select_ln191_32_fu_27714_p3     |    select|   0|  0|   41|           1|          39|
    |select_ln191_34_fu_27871_p3     |    select|   0|  0|    2|           1|           1|
    |select_ln191_35_fu_27887_p3     |    select|   0|  0|    2|           1|           1|
    |select_ln191_36_fu_27941_p3     |    select|   0|  0|   41|           1|          39|
    |select_ln191_38_fu_28098_p3     |    select|   0|  0|    2|           1|           1|
    |select_ln191_39_fu_28114_p3     |    select|   0|  0|    2|           1|           1|
    |select_ln191_3_fu_26066_p3      |    select|   0|  0|    2|           1|           1|
    |select_ln191_40_fu_28168_p3     |    select|   0|  0|   41|           1|          39|
    |select_ln191_4_fu_26124_p3      |    select|   0|  0|   41|           1|          39|
    |select_ln191_6_fu_26282_p3      |    select|   0|  0|    2|           1|           1|
    |select_ln191_7_fu_26298_p3      |    select|   0|  0|    2|           1|           1|
    |select_ln191_8_fu_26352_p3      |    select|   0|  0|   41|           1|          39|
    |select_ln191_fu_25899_p3        |    select|   0|  0|   41|           1|          39|
    |select_ln196_1_fu_28344_p3      |    select|   0|  0|    2|           1|           1|
    |select_ln196_2_fu_28398_p3      |    select|   0|  0|   41|           1|          39|
    |select_ln196_fu_28328_p3        |    select|   0|  0|    2|           1|           1|
    |select_ln206_fu_28529_p3        |    select|   0|  0|   32|           1|           1|
    |select_ln257_fu_25394_p3        |    select|   0|  0|   30|           1|          28|
    |select_ln90_100_fu_18882_p3     |    select|   0|  0|   30|           1|          28|
    |select_ln90_102_fu_18948_p3     |    select|   0|  0|   30|           1|          28|
    |select_ln90_104_fu_19014_p3     |    select|   0|  0|   30|           1|          28|
    |select_ln90_106_fu_19080_p3     |    select|   0|  0|   30|           1|          28|
    |select_ln90_108_fu_19146_p3     |    select|   0|  0|   30|           1|          28|
    |select_ln90_10_fu_15912_p3      |    select|   0|  0|   30|           1|          28|
    |select_ln90_110_fu_19212_p3     |    select|   0|  0|   30|           1|          28|
    |select_ln90_112_fu_19278_p3     |    select|   0|  0|   30|           1|          28|
    |select_ln90_114_fu_19344_p3     |    select|   0|  0|   30|           1|          28|
    |select_ln90_116_fu_19410_p3     |    select|   0|  0|   30|           1|          28|
    |select_ln90_118_fu_19476_p3     |    select|   0|  0|   30|           1|          28|
    |select_ln90_120_fu_19542_p3     |    select|   0|  0|   30|           1|          28|
    |select_ln90_122_fu_19608_p3     |    select|   0|  0|   30|           1|          28|
    |select_ln90_124_fu_19674_p3     |    select|   0|  0|   30|           1|          28|
    |select_ln90_126_fu_19740_p3     |    select|   0|  0|   30|           1|          28|
    |select_ln90_128_fu_23870_p3     |    select|   0|  0|   30|           1|          28|
    |select_ln90_12_fu_15978_p3      |    select|   0|  0|   30|           1|          28|
    |select_ln90_130_fu_23936_p3     |    select|   0|  0|   30|           1|          28|
    |select_ln90_132_fu_24002_p3     |    select|   0|  0|   30|           1|          28|
    |select_ln90_134_fu_24068_p3     |    select|   0|  0|   30|           1|          28|
    |select_ln90_136_fu_21786_p3     |    select|   0|  0|   30|           1|          28|
    |select_ln90_137_fu_21794_p3     |    select|   0|  0|   29|           1|          29|
    |select_ln90_138_fu_21815_p3     |    select|   0|  0|   30|           1|          28|
    |select_ln90_139_fu_21823_p3     |    select|   0|  0|   29|           1|          29|
    |select_ln90_140_fu_21844_p3     |    select|   0|  0|   30|           1|          28|
    |select_ln90_141_fu_21852_p3     |    select|   0|  0|   29|           1|          29|
    |select_ln90_142_fu_21873_p3     |    select|   0|  0|   30|           1|          28|
    |select_ln90_143_fu_21881_p3     |    select|   0|  0|   29|           1|          29|
    |select_ln90_144_fu_21902_p3     |    select|   0|  0|   30|           1|          28|
    |select_ln90_145_fu_21910_p3     |    select|   0|  0|   29|           1|          29|
    |select_ln90_146_fu_21931_p3     |    select|   0|  0|   30|           1|          28|
    |select_ln90_147_fu_21939_p3     |    select|   0|  0|   29|           1|          29|
    |select_ln90_148_fu_21960_p3     |    select|   0|  0|   30|           1|          28|
    |select_ln90_149_fu_21968_p3     |    select|   0|  0|   29|           1|          29|
    |select_ln90_14_fu_16044_p3      |    select|   0|  0|   30|           1|          28|
    |select_ln90_150_fu_21989_p3     |    select|   0|  0|   30|           1|          28|
    |select_ln90_151_fu_21997_p3     |    select|   0|  0|   29|           1|          29|
    |select_ln90_152_fu_22018_p3     |    select|   0|  0|   30|           1|          28|
    |select_ln90_153_fu_22026_p3     |    select|   0|  0|   29|           1|          29|
    |select_ln90_154_fu_22047_p3     |    select|   0|  0|   30|           1|          28|
    |select_ln90_155_fu_22055_p3     |    select|   0|  0|   29|           1|          29|
    |select_ln90_156_fu_22076_p3     |    select|   0|  0|   30|           1|          28|
    |select_ln90_157_fu_22084_p3     |    select|   0|  0|   29|           1|          29|
    |select_ln90_158_fu_22105_p3     |    select|   0|  0|   30|           1|          28|
    |select_ln90_159_fu_22113_p3     |    select|   0|  0|   29|           1|          29|
    |select_ln90_160_fu_22134_p3     |    select|   0|  0|   30|           1|          28|
    |select_ln90_161_fu_22142_p3     |    select|   0|  0|   29|           1|          29|
    |select_ln90_162_fu_22163_p3     |    select|   0|  0|   30|           1|          28|
    |select_ln90_163_fu_22171_p3     |    select|   0|  0|   29|           1|          29|
    |select_ln90_164_fu_22192_p3     |    select|   0|  0|   30|           1|          28|
    |select_ln90_165_fu_22200_p3     |    select|   0|  0|   29|           1|          29|
    |select_ln90_166_fu_22221_p3     |    select|   0|  0|   30|           1|          28|
    |select_ln90_167_fu_22229_p3     |    select|   0|  0|   29|           1|          29|
    |select_ln90_168_fu_22250_p3     |    select|   0|  0|   30|           1|          28|
    |select_ln90_169_fu_22258_p3     |    select|   0|  0|   29|           1|          29|
    |select_ln90_16_fu_16110_p3      |    select|   0|  0|   30|           1|          28|
    |select_ln90_170_fu_22279_p3     |    select|   0|  0|   30|           1|          28|
    |select_ln90_171_fu_22287_p3     |    select|   0|  0|   29|           1|          29|
    |select_ln90_172_fu_22308_p3     |    select|   0|  0|   30|           1|          28|
    |select_ln90_173_fu_22316_p3     |    select|   0|  0|   29|           1|          29|
    |select_ln90_174_fu_22337_p3     |    select|   0|  0|   30|           1|          28|
    |select_ln90_175_fu_22345_p3     |    select|   0|  0|   29|           1|          29|
    |select_ln90_176_fu_22366_p3     |    select|   0|  0|   30|           1|          28|
    |select_ln90_177_fu_22374_p3     |    select|   0|  0|   29|           1|          29|
    |select_ln90_178_fu_22395_p3     |    select|   0|  0|   30|           1|          28|
    |select_ln90_179_fu_22403_p3     |    select|   0|  0|   29|           1|          29|
    |select_ln90_180_fu_22424_p3     |    select|   0|  0|   30|           1|          28|
    |select_ln90_181_fu_22432_p3     |    select|   0|  0|   29|           1|          29|
    |select_ln90_182_fu_22453_p3     |    select|   0|  0|   30|           1|          28|
    |select_ln90_183_fu_22461_p3     |    select|   0|  0|   29|           1|          29|
    |select_ln90_184_fu_22482_p3     |    select|   0|  0|   30|           1|          28|
    |select_ln90_185_fu_22490_p3     |    select|   0|  0|   29|           1|          29|
    |select_ln90_186_fu_22511_p3     |    select|   0|  0|   30|           1|          28|
    |select_ln90_187_fu_22519_p3     |    select|   0|  0|   29|           1|          29|
    |select_ln90_188_fu_22540_p3     |    select|   0|  0|   30|           1|          28|
    |select_ln90_189_fu_22548_p3     |    select|   0|  0|   29|           1|          29|
    |select_ln90_18_fu_16176_p3      |    select|   0|  0|   30|           1|          28|
    |select_ln90_190_fu_22569_p3     |    select|   0|  0|   30|           1|          28|
    |select_ln90_191_fu_22577_p3     |    select|   0|  0|   29|           1|          29|
    |select_ln90_192_fu_22598_p3     |    select|   0|  0|   30|           1|          28|
    |select_ln90_193_fu_22606_p3     |    select|   0|  0|   29|           1|          29|
    |select_ln90_194_fu_22627_p3     |    select|   0|  0|   30|           1|          28|
    |select_ln90_195_fu_22635_p3     |    select|   0|  0|   29|           1|          29|
    |select_ln90_196_fu_22656_p3     |    select|   0|  0|   30|           1|          28|
    |select_ln90_197_fu_22664_p3     |    select|   0|  0|   29|           1|          29|
    |select_ln90_198_fu_22685_p3     |    select|   0|  0|   30|           1|          28|
    |select_ln90_199_fu_22693_p3     |    select|   0|  0|   29|           1|          29|
    |select_ln90_200_fu_24842_p3     |    select|   0|  0|   30|           1|          28|
    |select_ln90_201_fu_24850_p3     |    select|   0|  0|   29|           1|          29|
    |select_ln90_202_fu_24871_p3     |    select|   0|  0|   30|           1|          28|
    |select_ln90_203_fu_24879_p3     |    select|   0|  0|   29|           1|          29|
    |select_ln90_204_fu_22754_p3     |    select|   0|  0|   30|           1|          28|
    |select_ln90_205_fu_22762_p3     |    select|   0|  0|   29|           1|          29|
    |select_ln90_206_fu_22824_p3     |    select|   0|  0|   30|           1|          28|
    |select_ln90_207_fu_22832_p3     |    select|   0|  0|   29|           1|          29|
    |select_ln90_208_fu_22894_p3     |    select|   0|  0|   30|           1|          28|
    |select_ln90_209_fu_22902_p3     |    select|   0|  0|   29|           1|          29|
    |select_ln90_20_fu_16242_p3      |    select|   0|  0|   30|           1|          28|
    |select_ln90_210_fu_22964_p3     |    select|   0|  0|   30|           1|          28|
    |select_ln90_211_fu_22972_p3     |    select|   0|  0|   29|           1|          29|
    |select_ln90_212_fu_23034_p3     |    select|   0|  0|   30|           1|          28|
    |select_ln90_213_fu_23042_p3     |    select|   0|  0|   29|           1|          29|
    |select_ln90_214_fu_23104_p3     |    select|   0|  0|   30|           1|          28|
    |select_ln90_215_fu_23112_p3     |    select|   0|  0|   29|           1|          29|
    |select_ln90_216_fu_23174_p3     |    select|   0|  0|   30|           1|          28|
    |select_ln90_217_fu_23182_p3     |    select|   0|  0|   29|           1|          29|
    |select_ln90_218_fu_23244_p3     |    select|   0|  0|   30|           1|          28|
    |select_ln90_219_fu_23252_p3     |    select|   0|  0|   29|           1|          29|
    |select_ln90_220_fu_23314_p3     |    select|   0|  0|   30|           1|          28|
    |select_ln90_221_fu_23322_p3     |    select|   0|  0|   29|           1|          29|
    |select_ln90_222_fu_23384_p3     |    select|   0|  0|   30|           1|          28|
    |select_ln90_223_fu_23392_p3     |    select|   0|  0|   29|           1|          29|
    |select_ln90_224_fu_23454_p3     |    select|   0|  0|   30|           1|          28|
    |select_ln90_225_fu_23462_p3     |    select|   0|  0|   29|           1|          29|
    |select_ln90_226_fu_23524_p3     |    select|   0|  0|   30|           1|          28|
    |select_ln90_227_fu_23532_p3     |    select|   0|  0|   29|           1|          29|
    |select_ln90_228_fu_23594_p3     |    select|   0|  0|   30|           1|          28|
    |select_ln90_229_fu_23602_p3     |    select|   0|  0|   29|           1|          29|
    |select_ln90_22_fu_16308_p3      |    select|   0|  0|   30|           1|          28|
    |select_ln90_230_fu_23664_p3     |    select|   0|  0|   30|           1|          28|
    |select_ln90_231_fu_23672_p3     |    select|   0|  0|   29|           1|          29|
    |select_ln90_232_fu_23734_p3     |    select|   0|  0|   30|           1|          28|
    |select_ln90_233_fu_23742_p3     |    select|   0|  0|   29|           1|          29|
    |select_ln90_234_fu_23804_p3     |    select|   0|  0|   30|           1|          28|
    |select_ln90_235_fu_23812_p3     |    select|   0|  0|   29|           1|          29|
    |select_ln90_236_fu_24940_p3     |    select|   0|  0|   30|           1|          28|
    |select_ln90_237_fu_24948_p3     |    select|   0|  0|   29|           1|          29|
    |select_ln90_238_fu_24206_p3     |    select|   0|  0|   30|           1|          28|
    |select_ln90_239_fu_24214_p3     |    select|   0|  0|   29|           1|          29|
    |select_ln90_240_fu_24272_p3     |    select|   0|  0|   30|           1|          28|
    |select_ln90_241_fu_24280_p3     |    select|   0|  0|   29|           1|          29|
    |select_ln90_242_fu_24338_p3     |    select|   0|  0|   30|           1|          28|
    |select_ln90_243_fu_24346_p3     |    select|   0|  0|   29|           1|          29|
    |select_ln90_244_fu_24404_p3     |    select|   0|  0|   30|           1|          28|
    |select_ln90_245_fu_24412_p3     |    select|   0|  0|   29|           1|          29|
    |select_ln90_246_fu_24470_p3     |    select|   0|  0|   30|           1|          28|
    |select_ln90_247_fu_24478_p3     |    select|   0|  0|   29|           1|          29|
    |select_ln90_248_fu_24536_p3     |    select|   0|  0|   30|           1|          28|
    |select_ln90_249_fu_24544_p3     |    select|   0|  0|   29|           1|          29|
    |select_ln90_24_fu_16374_p3      |    select|   0|  0|   30|           1|          28|
    |select_ln90_250_fu_24602_p3     |    select|   0|  0|   30|           1|          28|
    |select_ln90_251_fu_24610_p3     |    select|   0|  0|   29|           1|          29|
    |select_ln90_252_fu_24668_p3     |    select|   0|  0|   30|           1|          28|
    |select_ln90_253_fu_24676_p3     |    select|   0|  0|   29|           1|          29|
    |select_ln90_254_fu_24970_p3     |    select|   0|  0|   30|           1|          28|
    |select_ln90_255_fu_24978_p3     |    select|   0|  0|   29|           1|          29|
    |select_ln90_256_fu_24999_p3     |    select|   0|  0|   30|           1|          28|
    |select_ln90_257_fu_25007_p3     |    select|   0|  0|   29|           1|          29|
    |select_ln90_258_fu_25028_p3     |    select|   0|  0|   30|           1|          28|
    |select_ln90_259_fu_25036_p3     |    select|   0|  0|   29|           1|          29|
    |select_ln90_260_fu_25057_p3     |    select|   0|  0|   30|           1|          28|
    |select_ln90_261_fu_25065_p3     |    select|   0|  0|   29|           1|          29|
    |select_ln90_262_fu_25126_p3     |    select|   0|  0|   30|           1|          28|
    |select_ln90_263_fu_25134_p3     |    select|   0|  0|   29|           1|          29|
    |select_ln90_264_fu_25196_p3     |    select|   0|  0|   30|           1|          28|
    |select_ln90_265_fu_25204_p3     |    select|   0|  0|   29|           1|          29|
    |select_ln90_266_fu_25262_p3     |    select|   0|  0|   30|           1|          28|
    |select_ln90_267_fu_25270_p3     |    select|   0|  0|   29|           1|          29|
    |select_ln90_268_fu_25326_p3     |    select|   0|  0|   30|           1|          28|
    |select_ln90_269_fu_25334_p3     |    select|   0|  0|   29|           1|          29|
    |select_ln90_26_fu_16440_p3      |    select|   0|  0|   30|           1|          28|
    |select_ln90_28_fu_16506_p3      |    select|   0|  0|   30|           1|          28|
    |select_ln90_2_fu_15648_p3       |    select|   0|  0|   30|           1|          28|
    |select_ln90_30_fu_16572_p3      |    select|   0|  0|   30|           1|          28|
    |select_ln90_32_fu_16638_p3      |    select|   0|  0|   30|           1|          28|
    |select_ln90_34_fu_16704_p3      |    select|   0|  0|   30|           1|          28|
    |select_ln90_36_fu_16770_p3      |    select|   0|  0|   30|           1|          28|
    |select_ln90_38_fu_16836_p3      |    select|   0|  0|   30|           1|          28|
    |select_ln90_40_fu_16902_p3      |    select|   0|  0|   30|           1|          28|
    |select_ln90_42_fu_16968_p3      |    select|   0|  0|   30|           1|          28|
    |select_ln90_44_fu_17034_p3      |    select|   0|  0|   30|           1|          28|
    |select_ln90_46_fu_17100_p3      |    select|   0|  0|   30|           1|          28|
    |select_ln90_48_fu_17166_p3      |    select|   0|  0|   30|           1|          28|
    |select_ln90_4_fu_15714_p3       |    select|   0|  0|   30|           1|          28|
    |select_ln90_50_fu_17232_p3      |    select|   0|  0|   30|           1|          28|
    |select_ln90_52_fu_17298_p3      |    select|   0|  0|   30|           1|          28|
    |select_ln90_54_fu_17364_p3      |    select|   0|  0|   30|           1|          28|
    |select_ln90_56_fu_17430_p3      |    select|   0|  0|   30|           1|          28|
    |select_ln90_58_fu_17496_p3      |    select|   0|  0|   30|           1|          28|
    |select_ln90_60_fu_17562_p3      |    select|   0|  0|   30|           1|          28|
    |select_ln90_62_fu_17628_p3      |    select|   0|  0|   30|           1|          28|
    |select_ln90_64_fu_17694_p3      |    select|   0|  0|   30|           1|          28|
    |select_ln90_66_fu_17760_p3      |    select|   0|  0|   30|           1|          28|
    |select_ln90_68_fu_17826_p3      |    select|   0|  0|   30|           1|          28|
    |select_ln90_6_fu_15780_p3       |    select|   0|  0|   30|           1|          28|
    |select_ln90_70_fu_17892_p3      |    select|   0|  0|   30|           1|          28|
    |select_ln90_72_fu_17958_p3      |    select|   0|  0|   30|           1|          28|
    |select_ln90_74_fu_18024_p3      |    select|   0|  0|   30|           1|          28|
    |select_ln90_76_fu_18090_p3      |    select|   0|  0|   30|           1|          28|
    |select_ln90_78_fu_18156_p3      |    select|   0|  0|   30|           1|          28|
    |select_ln90_80_fu_18222_p3      |    select|   0|  0|   30|           1|          28|
    |select_ln90_82_fu_18288_p3      |    select|   0|  0|   30|           1|          28|
    |select_ln90_84_fu_18354_p3      |    select|   0|  0|   30|           1|          28|
    |select_ln90_86_fu_18420_p3      |    select|   0|  0|   30|           1|          28|
    |select_ln90_88_fu_18486_p3      |    select|   0|  0|   30|           1|          28|
    |select_ln90_8_fu_15846_p3       |    select|   0|  0|   30|           1|          28|
    |select_ln90_90_fu_18552_p3      |    select|   0|  0|   30|           1|          28|
    |select_ln90_92_fu_18618_p3      |    select|   0|  0|   30|           1|          28|
    |select_ln90_94_fu_18684_p3      |    select|   0|  0|   30|           1|          28|
    |select_ln90_96_fu_18750_p3      |    select|   0|  0|   30|           1|          28|
    |select_ln90_98_fu_18816_p3      |    select|   0|  0|   30|           1|          28|
    |select_ln90_fu_15582_p3         |    select|   0|  0|   30|           1|          28|
    |terms_100_fu_12554_p3           |    select|   0|  0|   29|           1|          29|
    |terms_101_fu_12664_p3           |    select|   0|  0|   29|           1|          29|
    |terms_102_fu_12774_p3           |    select|   0|  0|   29|           1|          29|
    |terms_103_fu_12884_p3           |    select|   0|  0|   29|           1|          29|
    |terms_104_fu_12994_p3           |    select|   0|  0|   29|           1|          29|
    |terms_105_fu_13104_p3           |    select|   0|  0|   29|           1|          29|
    |terms_106_fu_13214_p3           |    select|   0|  0|   29|           1|          29|
    |terms_107_fu_13324_p3           |    select|   0|  0|   29|           1|          29|
    |terms_108_fu_13434_p3           |    select|   0|  0|   29|           1|          29|
    |terms_109_fu_13544_p3           |    select|   0|  0|   29|           1|          29|
    |terms_10_fu_2644_p3             |    select|   0|  0|   29|           1|          29|
    |terms_110_fu_13654_p3           |    select|   0|  0|   29|           1|          29|
    |terms_111_fu_13764_p3           |    select|   0|  0|   29|           1|          29|
    |terms_112_fu_13874_p3           |    select|   0|  0|   29|           1|          29|
    |terms_113_fu_13984_p3           |    select|   0|  0|   29|           1|          29|
    |terms_114_fu_14094_p3           |    select|   0|  0|   29|           1|          29|
    |terms_115_fu_14204_p3           |    select|   0|  0|   29|           1|          29|
    |terms_116_fu_14314_p3           |    select|   0|  0|   29|           1|          29|
    |terms_117_fu_14424_p3           |    select|   0|  0|   29|           1|          29|
    |terms_118_fu_14534_p3           |    select|   0|  0|   29|           1|          29|
    |terms_119_fu_14644_p3           |    select|   0|  0|   29|           1|          29|
    |terms_11_fu_2756_p3             |    select|   0|  0|   29|           1|          29|
    |terms_120_fu_14754_p3           |    select|   0|  0|   29|           1|          29|
    |terms_121_fu_14864_p3           |    select|   0|  0|   29|           1|          29|
    |terms_122_fu_14974_p3           |    select|   0|  0|   29|           1|          29|
    |terms_123_fu_15084_p3           |    select|   0|  0|   29|           1|          29|
    |terms_124_fu_15194_p3           |    select|   0|  0|   29|           1|          29|
    |terms_125_fu_15304_p3           |    select|   0|  0|   29|           1|          29|
    |terms_126_fu_15414_p3           |    select|   0|  0|   29|           1|          29|
    |terms_127_fu_15524_p3           |    select|   0|  0|   29|           1|          29|
    |terms_128_fu_21008_p3           |    select|   0|  0|   29|           1|          29|
    |terms_129_fu_21116_p3           |    select|   0|  0|   29|           1|          29|
    |terms_12_fu_2868_p3             |    select|   0|  0|   29|           1|          29|
    |terms_130_fu_21224_p3           |    select|   0|  0|   29|           1|          29|
    |terms_131_fu_21332_p3           |    select|   0|  0|   29|           1|          29|
    |terms_132_fu_21440_p3           |    select|   0|  0|   29|           1|          29|
    |terms_133_fu_21548_p3           |    select|   0|  0|   29|           1|          29|
    |terms_134_fu_21656_p3           |    select|   0|  0|   29|           1|          29|
    |terms_135_fu_21764_p3           |    select|   0|  0|   29|           1|          29|
    |terms_13_fu_2980_p3             |    select|   0|  0|   29|           1|          29|
    |terms_14_fu_3092_p3             |    select|   0|  0|   29|           1|          29|
    |terms_15_fu_3204_p3             |    select|   0|  0|   29|           1|          29|
    |terms_16_fu_3314_p3             |    select|   0|  0|   29|           1|          29|
    |terms_17_fu_3424_p3             |    select|   0|  0|   29|           1|          29|
    |terms_18_fu_3534_p3             |    select|   0|  0|   29|           1|          29|
    |terms_19_fu_3644_p3             |    select|   0|  0|   29|           1|          29|
    |terms_1_fu_1636_p3              |    select|   0|  0|   29|           1|          29|
    |terms_20_fu_3754_p3             |    select|   0|  0|   29|           1|          29|
    |terms_21_fu_3864_p3             |    select|   0|  0|   29|           1|          29|
    |terms_22_fu_3974_p3             |    select|   0|  0|   29|           1|          29|
    |terms_23_fu_4084_p3             |    select|   0|  0|   29|           1|          29|
    |terms_24_fu_4194_p3             |    select|   0|  0|   29|           1|          29|
    |terms_25_fu_4304_p3             |    select|   0|  0|   29|           1|          29|
    |terms_26_fu_4414_p3             |    select|   0|  0|   29|           1|          29|
    |terms_27_fu_4524_p3             |    select|   0|  0|   29|           1|          29|
    |terms_28_fu_4634_p3             |    select|   0|  0|   29|           1|          29|
    |terms_29_fu_4744_p3             |    select|   0|  0|   29|           1|          29|
    |terms_2_fu_1748_p3              |    select|   0|  0|   29|           1|          29|
    |terms_30_fu_4854_p3             |    select|   0|  0|   29|           1|          29|
    |terms_31_fu_4964_p3             |    select|   0|  0|   29|           1|          29|
    |terms_32_fu_5074_p3             |    select|   0|  0|   29|           1|          29|
    |terms_33_fu_5184_p3             |    select|   0|  0|   29|           1|          29|
    |terms_34_fu_5294_p3             |    select|   0|  0|   29|           1|          29|
    |terms_35_fu_5404_p3             |    select|   0|  0|   29|           1|          29|
    |terms_36_fu_5514_p3             |    select|   0|  0|   29|           1|          29|
    |terms_37_fu_5624_p3             |    select|   0|  0|   29|           1|          29|
    |terms_38_fu_5734_p3             |    select|   0|  0|   29|           1|          29|
    |terms_39_fu_5844_p3             |    select|   0|  0|   29|           1|          29|
    |terms_3_fu_1860_p3              |    select|   0|  0|   29|           1|          29|
    |terms_40_fu_5954_p3             |    select|   0|  0|   29|           1|          29|
    |terms_41_fu_6064_p3             |    select|   0|  0|   29|           1|          29|
    |terms_42_fu_6174_p3             |    select|   0|  0|   29|           1|          29|
    |terms_43_fu_6284_p3             |    select|   0|  0|   29|           1|          29|
    |terms_44_fu_6394_p3             |    select|   0|  0|   29|           1|          29|
    |terms_45_fu_6504_p3             |    select|   0|  0|   29|           1|          29|
    |terms_46_fu_6614_p3             |    select|   0|  0|   29|           1|          29|
    |terms_47_fu_6724_p3             |    select|   0|  0|   29|           1|          29|
    |terms_48_fu_6834_p3             |    select|   0|  0|   29|           1|          29|
    |terms_49_fu_6944_p3             |    select|   0|  0|   29|           1|          29|
    |terms_4_fu_1972_p3              |    select|   0|  0|   29|           1|          29|
    |terms_50_fu_7054_p3             |    select|   0|  0|   29|           1|          29|
    |terms_51_fu_7164_p3             |    select|   0|  0|   29|           1|          29|
    |terms_52_fu_7274_p3             |    select|   0|  0|   29|           1|          29|
    |terms_53_fu_7384_p3             |    select|   0|  0|   29|           1|          29|
    |terms_54_fu_7494_p3             |    select|   0|  0|   29|           1|          29|
    |terms_55_fu_7604_p3             |    select|   0|  0|   29|           1|          29|
    |terms_56_fu_7714_p3             |    select|   0|  0|   29|           1|          29|
    |terms_57_fu_7824_p3             |    select|   0|  0|   29|           1|          29|
    |terms_58_fu_7934_p3             |    select|   0|  0|   29|           1|          29|
    |terms_59_fu_8044_p3             |    select|   0|  0|   29|           1|          29|
    |terms_5_fu_2084_p3              |    select|   0|  0|   29|           1|          29|
    |terms_60_fu_8154_p3             |    select|   0|  0|   29|           1|          29|
    |terms_61_fu_8264_p3             |    select|   0|  0|   29|           1|          29|
    |terms_62_fu_8374_p3             |    select|   0|  0|   29|           1|          29|
    |terms_63_fu_8484_p3             |    select|   0|  0|   29|           1|          29|
    |terms_64_fu_8594_p3             |    select|   0|  0|   29|           1|          29|
    |terms_65_fu_8704_p3             |    select|   0|  0|   29|           1|          29|
    |terms_66_fu_8814_p3             |    select|   0|  0|   29|           1|          29|
    |terms_67_fu_8924_p3             |    select|   0|  0|   29|           1|          29|
    |terms_68_fu_9034_p3             |    select|   0|  0|   29|           1|          29|
    |terms_69_fu_9144_p3             |    select|   0|  0|   29|           1|          29|
    |terms_6_fu_2196_p3              |    select|   0|  0|   29|           1|          29|
    |terms_70_fu_9254_p3             |    select|   0|  0|   29|           1|          29|
    |terms_71_fu_9364_p3             |    select|   0|  0|   29|           1|          29|
    |terms_72_fu_9474_p3             |    select|   0|  0|   29|           1|          29|
    |terms_73_fu_9584_p3             |    select|   0|  0|   29|           1|          29|
    |terms_74_fu_9694_p3             |    select|   0|  0|   29|           1|          29|
    |terms_75_fu_9804_p3             |    select|   0|  0|   29|           1|          29|
    |terms_76_fu_9914_p3             |    select|   0|  0|   29|           1|          29|
    |terms_77_fu_10024_p3            |    select|   0|  0|   29|           1|          29|
    |terms_78_fu_10134_p3            |    select|   0|  0|   29|           1|          29|
    |terms_79_fu_10244_p3            |    select|   0|  0|   29|           1|          29|
    |terms_7_fu_2308_p3              |    select|   0|  0|   29|           1|          29|
    |terms_80_fu_10354_p3            |    select|   0|  0|   29|           1|          29|
    |terms_81_fu_10464_p3            |    select|   0|  0|   29|           1|          29|
    |terms_82_fu_10574_p3            |    select|   0|  0|   29|           1|          29|
    |terms_83_fu_10684_p3            |    select|   0|  0|   29|           1|          29|
    |terms_84_fu_10794_p3            |    select|   0|  0|   29|           1|          29|
    |terms_85_fu_10904_p3            |    select|   0|  0|   29|           1|          29|
    |terms_86_fu_11014_p3            |    select|   0|  0|   29|           1|          29|
    |terms_87_fu_11124_p3            |    select|   0|  0|   29|           1|          29|
    |terms_88_fu_11234_p3            |    select|   0|  0|   29|           1|          29|
    |terms_89_fu_11344_p3            |    select|   0|  0|   29|           1|          29|
    |terms_8_fu_2420_p3              |    select|   0|  0|   29|           1|          29|
    |terms_90_fu_11454_p3            |    select|   0|  0|   29|           1|          29|
    |terms_91_fu_11564_p3            |    select|   0|  0|   29|           1|          29|
    |terms_92_fu_11674_p3            |    select|   0|  0|   29|           1|          29|
    |terms_93_fu_11784_p3            |    select|   0|  0|   29|           1|          29|
    |terms_94_fu_11894_p3            |    select|   0|  0|   29|           1|          29|
    |terms_95_fu_12004_p3            |    select|   0|  0|   29|           1|          29|
    |terms_96_fu_12114_p3            |    select|   0|  0|   29|           1|          29|
    |terms_97_fu_12224_p3            |    select|   0|  0|   29|           1|          29|
    |terms_98_fu_12334_p3            |    select|   0|  0|   29|           1|          29|
    |terms_99_fu_12444_p3            |    select|   0|  0|   29|           1|          29|
    |terms_9_fu_2532_p3              |    select|   0|  0|   29|           1|          29|
    |terms_fu_1524_p3                |    select|   0|  0|   29|           1|          29|
    |x_136_fu_25419_p3               |    select|   0|  0|   28|           1|           1|
    |y_10_fu_16250_p3                |    select|   0|  0|   29|           1|          29|
    |y_11_fu_16316_p3                |    select|   0|  0|   29|           1|          29|
    |y_12_fu_16382_p3                |    select|   0|  0|   29|           1|          29|
    |y_13_fu_16448_p3                |    select|   0|  0|   29|           1|          29|
    |y_14_fu_16514_p3                |    select|   0|  0|   29|           1|          29|
    |y_15_fu_16580_p3                |    select|   0|  0|   29|           1|          29|
    |y_16_fu_16646_p3                |    select|   0|  0|   29|           1|          29|
    |y_17_fu_16712_p3                |    select|   0|  0|   29|           1|          29|
    |y_18_fu_16778_p3                |    select|   0|  0|   29|           1|          29|
    |y_19_fu_16844_p3                |    select|   0|  0|   29|           1|          29|
    |y_1_fu_15656_p3                 |    select|   0|  0|   29|           1|          29|
    |y_20_fu_16910_p3                |    select|   0|  0|   29|           1|          29|
    |y_21_fu_16976_p3                |    select|   0|  0|   29|           1|          29|
    |y_22_fu_17042_p3                |    select|   0|  0|   29|           1|          29|
    |y_23_fu_17108_p3                |    select|   0|  0|   29|           1|          29|
    |y_24_fu_17174_p3                |    select|   0|  0|   29|           1|          29|
    |y_25_fu_17240_p3                |    select|   0|  0|   29|           1|          29|
    |y_26_fu_17306_p3                |    select|   0|  0|   29|           1|          29|
    |y_27_fu_17372_p3                |    select|   0|  0|   29|           1|          29|
    |y_28_fu_17438_p3                |    select|   0|  0|   29|           1|          29|
    |y_29_fu_17504_p3                |    select|   0|  0|   29|           1|          29|
    |y_2_fu_15722_p3                 |    select|   0|  0|   29|           1|          29|
    |y_30_fu_17570_p3                |    select|   0|  0|   29|           1|          29|
    |y_31_fu_17636_p3                |    select|   0|  0|   29|           1|          29|
    |y_32_fu_17702_p3                |    select|   0|  0|   29|           1|          29|
    |y_33_fu_17768_p3                |    select|   0|  0|   29|           1|          29|
    |y_34_fu_17834_p3                |    select|   0|  0|   29|           1|          29|
    |y_35_fu_17900_p3                |    select|   0|  0|   29|           1|          29|
    |y_36_fu_17966_p3                |    select|   0|  0|   29|           1|          29|
    |y_37_fu_18032_p3                |    select|   0|  0|   29|           1|          29|
    |y_38_fu_18098_p3                |    select|   0|  0|   29|           1|          29|
    |y_39_fu_18164_p3                |    select|   0|  0|   29|           1|          29|
    |y_3_fu_15788_p3                 |    select|   0|  0|   29|           1|          29|
    |y_40_fu_18230_p3                |    select|   0|  0|   29|           1|          29|
    |y_41_fu_18296_p3                |    select|   0|  0|   29|           1|          29|
    |y_42_fu_18362_p3                |    select|   0|  0|   29|           1|          29|
    |y_43_fu_18428_p3                |    select|   0|  0|   29|           1|          29|
    |y_44_fu_18494_p3                |    select|   0|  0|   29|           1|          29|
    |y_45_fu_18560_p3                |    select|   0|  0|   29|           1|          29|
    |y_46_fu_18626_p3                |    select|   0|  0|   29|           1|          29|
    |y_47_fu_18692_p3                |    select|   0|  0|   29|           1|          29|
    |y_48_fu_18758_p3                |    select|   0|  0|   29|           1|          29|
    |y_49_fu_18824_p3                |    select|   0|  0|   29|           1|          29|
    |y_4_fu_15854_p3                 |    select|   0|  0|   29|           1|          29|
    |y_50_fu_18890_p3                |    select|   0|  0|   29|           1|          29|
    |y_51_fu_18956_p3                |    select|   0|  0|   29|           1|          29|
    |y_52_fu_19022_p3                |    select|   0|  0|   29|           1|          29|
    |y_53_fu_19088_p3                |    select|   0|  0|   29|           1|          29|
    |y_54_fu_19154_p3                |    select|   0|  0|   29|           1|          29|
    |y_55_fu_19220_p3                |    select|   0|  0|   29|           1|          29|
    |y_56_fu_19286_p3                |    select|   0|  0|   29|           1|          29|
    |y_57_fu_19352_p3                |    select|   0|  0|   29|           1|          29|
    |y_58_fu_19418_p3                |    select|   0|  0|   29|           1|          29|
    |y_59_fu_19484_p3                |    select|   0|  0|   29|           1|          29|
    |y_5_fu_15920_p3                 |    select|   0|  0|   29|           1|          29|
    |y_60_fu_19550_p3                |    select|   0|  0|   29|           1|          29|
    |y_61_fu_19616_p3                |    select|   0|  0|   29|           1|          29|
    |y_62_fu_19682_p3                |    select|   0|  0|   29|           1|          29|
    |y_63_fu_19748_p3                |    select|   0|  0|   29|           1|          29|
    |y_64_fu_23878_p3                |    select|   0|  0|   29|           1|          29|
    |y_65_fu_23944_p3                |    select|   0|  0|   29|           1|          29|
    |y_66_fu_24010_p3                |    select|   0|  0|   29|           1|          29|
    |y_67_fu_24076_p3                |    select|   0|  0|   29|           1|          29|
    |y_69_fu_25633_p3                |    select|   0|  0|   40|           1|          40|
    |y_6_fu_15986_p3                 |    select|   0|  0|   29|           1|          29|
    |y_7_fu_16052_p3                 |    select|   0|  0|   29|           1|          29|
    |y_8_fu_16118_p3                 |    select|   0|  0|   29|           1|          29|
    |y_9_fu_16184_p3                 |    select|   0|  0|   29|           1|          29|
    |y_fu_15590_p3                   |    select|   0|  0|   29|           1|          29|
    |not_tmp_638_fu_28493_p2         |       xor|   0|  0|    2|           1|           2|
    |xor_ln105_10_fu_1706_p2         |       xor|   0|  0|    2|           1|           1|
    |xor_ln105_11_fu_1712_p2         |       xor|   0|  0|    2|           1|           2|
    |xor_ln105_12_fu_1794_p2         |       xor|   0|  0|    2|           1|           2|
    |xor_ln105_13_fu_1806_p2         |       xor|   0|  0|    2|           1|           2|
    |xor_ln105_14_fu_1818_p2         |       xor|   0|  0|    2|           1|           1|
    |xor_ln105_15_fu_1824_p2         |       xor|   0|  0|    2|           1|           2|
    |xor_ln105_16_fu_1906_p2         |       xor|   0|  0|    2|           1|           2|
    |xor_ln105_17_fu_1918_p2         |       xor|   0|  0|    2|           1|           2|
    |xor_ln105_18_fu_1930_p2         |       xor|   0|  0|    2|           1|           1|
    |xor_ln105_19_fu_1936_p2         |       xor|   0|  0|    2|           1|           2|
    |xor_ln105_1_fu_1470_p2          |       xor|   0|  0|    2|           1|           2|
    |xor_ln105_20_fu_2018_p2         |       xor|   0|  0|    2|           1|           2|
    |xor_ln105_21_fu_2030_p2         |       xor|   0|  0|    2|           1|           2|
    |xor_ln105_22_fu_2042_p2         |       xor|   0|  0|    2|           1|           1|
    |xor_ln105_23_fu_2048_p2         |       xor|   0|  0|    2|           1|           2|
    |xor_ln105_24_fu_2130_p2         |       xor|   0|  0|    2|           1|           2|
    |xor_ln105_25_fu_2142_p2         |       xor|   0|  0|    2|           1|           2|
    |xor_ln105_26_fu_2154_p2         |       xor|   0|  0|    2|           1|           1|
    |xor_ln105_27_fu_2160_p2         |       xor|   0|  0|    2|           1|           2|
    |xor_ln105_28_fu_2242_p2         |       xor|   0|  0|    2|           1|           2|
    |xor_ln105_29_fu_2254_p2         |       xor|   0|  0|    2|           1|           2|
    |xor_ln105_2_fu_1482_p2          |       xor|   0|  0|    2|           1|           1|
    |xor_ln105_30_fu_2266_p2         |       xor|   0|  0|    2|           1|           1|
    |xor_ln105_31_fu_2272_p2         |       xor|   0|  0|    2|           1|           2|
    |xor_ln105_32_fu_2354_p2         |       xor|   0|  0|    2|           1|           2|
    |xor_ln105_33_fu_2366_p2         |       xor|   0|  0|    2|           1|           2|
    |xor_ln105_34_fu_2378_p2         |       xor|   0|  0|    2|           1|           1|
    |xor_ln105_35_fu_2384_p2         |       xor|   0|  0|    2|           1|           2|
    |xor_ln105_36_fu_2466_p2         |       xor|   0|  0|    2|           1|           2|
    |xor_ln105_37_fu_2478_p2         |       xor|   0|  0|    2|           1|           2|
    |xor_ln105_38_fu_2490_p2         |       xor|   0|  0|    2|           1|           1|
    |xor_ln105_39_fu_2496_p2         |       xor|   0|  0|    2|           1|           2|
    |xor_ln105_3_fu_1488_p2          |       xor|   0|  0|    2|           1|           2|
    |xor_ln105_40_fu_2578_p2         |       xor|   0|  0|    2|           1|           2|
    |xor_ln105_41_fu_2590_p2         |       xor|   0|  0|    2|           1|           2|
    |xor_ln105_42_fu_2602_p2         |       xor|   0|  0|    2|           1|           1|
    |xor_ln105_43_fu_2608_p2         |       xor|   0|  0|    2|           1|           2|
    |xor_ln105_44_fu_2690_p2         |       xor|   0|  0|    2|           1|           2|
    |xor_ln105_45_fu_2702_p2         |       xor|   0|  0|    2|           1|           2|
    |xor_ln105_46_fu_2714_p2         |       xor|   0|  0|    2|           1|           1|
    |xor_ln105_47_fu_2720_p2         |       xor|   0|  0|    2|           1|           2|
    |xor_ln105_48_fu_2802_p2         |       xor|   0|  0|    2|           1|           2|
    |xor_ln105_49_fu_2814_p2         |       xor|   0|  0|    2|           1|           2|
    |xor_ln105_4_fu_1570_p2          |       xor|   0|  0|    2|           1|           2|
    |xor_ln105_50_fu_2826_p2         |       xor|   0|  0|    2|           1|           1|
    |xor_ln105_51_fu_2832_p2         |       xor|   0|  0|    2|           1|           2|
    |xor_ln105_52_fu_2914_p2         |       xor|   0|  0|    2|           1|           2|
    |xor_ln105_53_fu_2926_p2         |       xor|   0|  0|    2|           1|           2|
    |xor_ln105_54_fu_2938_p2         |       xor|   0|  0|    2|           1|           1|
    |xor_ln105_55_fu_2944_p2         |       xor|   0|  0|    2|           1|           2|
    |xor_ln105_56_fu_3026_p2         |       xor|   0|  0|    2|           1|           2|
    |xor_ln105_57_fu_3038_p2         |       xor|   0|  0|    2|           1|           2|
    |xor_ln105_58_fu_3050_p2         |       xor|   0|  0|    2|           1|           1|
    |xor_ln105_59_fu_3056_p2         |       xor|   0|  0|    2|           1|           2|
    |xor_ln105_5_fu_1582_p2          |       xor|   0|  0|    2|           1|           2|
    |xor_ln105_60_fu_3138_p2         |       xor|   0|  0|    2|           1|           2|
    |xor_ln105_61_fu_3150_p2         |       xor|   0|  0|    2|           1|           2|
    |xor_ln105_62_fu_3162_p2         |       xor|   0|  0|    2|           1|           1|
    |xor_ln105_63_fu_3168_p2         |       xor|   0|  0|    2|           1|           2|
    |xor_ln105_6_fu_1594_p2          |       xor|   0|  0|    2|           1|           1|
    |xor_ln105_7_fu_1600_p2          |       xor|   0|  0|    2|           1|           2|
    |xor_ln105_8_fu_1682_p2          |       xor|   0|  0|    2|           1|           2|
    |xor_ln105_9_fu_1694_p2          |       xor|   0|  0|    2|           1|           2|
    |xor_ln105_fu_1458_p2            |       xor|   0|  0|    2|           1|           2|
    |xor_ln114_100_fu_5992_p2        |       xor|   0|  0|    2|           1|           2|
    |xor_ln114_101_fu_6004_p2        |       xor|   0|  0|    2|           1|           2|
    |xor_ln114_102_fu_6016_p2        |       xor|   0|  0|    2|           1|           1|
    |xor_ln114_103_fu_6022_p2        |       xor|   0|  0|    2|           1|           2|
    |xor_ln114_104_fu_6102_p2        |       xor|   0|  0|    2|           1|           2|
    |xor_ln114_105_fu_6114_p2        |       xor|   0|  0|    2|           1|           2|
    |xor_ln114_106_fu_6126_p2        |       xor|   0|  0|    2|           1|           1|
    |xor_ln114_107_fu_6132_p2        |       xor|   0|  0|    2|           1|           2|
    |xor_ln114_108_fu_6212_p2        |       xor|   0|  0|    2|           1|           2|
    |xor_ln114_109_fu_6224_p2        |       xor|   0|  0|    2|           1|           2|
    |xor_ln114_10_fu_3486_p2         |       xor|   0|  0|    2|           1|           1|
    |xor_ln114_110_fu_6236_p2        |       xor|   0|  0|    2|           1|           1|
    |xor_ln114_111_fu_6242_p2        |       xor|   0|  0|    2|           1|           2|
    |xor_ln114_112_fu_6322_p2        |       xor|   0|  0|    2|           1|           2|
    |xor_ln114_113_fu_6334_p2        |       xor|   0|  0|    2|           1|           2|
    |xor_ln114_114_fu_6346_p2        |       xor|   0|  0|    2|           1|           1|
    |xor_ln114_115_fu_6352_p2        |       xor|   0|  0|    2|           1|           2|
    |xor_ln114_116_fu_6432_p2        |       xor|   0|  0|    2|           1|           2|
    |xor_ln114_117_fu_6444_p2        |       xor|   0|  0|    2|           1|           2|
    |xor_ln114_118_fu_6456_p2        |       xor|   0|  0|    2|           1|           1|
    |xor_ln114_119_fu_6462_p2        |       xor|   0|  0|    2|           1|           2|
    |xor_ln114_11_fu_3492_p2         |       xor|   0|  0|    2|           1|           2|
    |xor_ln114_120_fu_6542_p2        |       xor|   0|  0|    2|           1|           2|
    |xor_ln114_121_fu_6554_p2        |       xor|   0|  0|    2|           1|           2|
    |xor_ln114_122_fu_6566_p2        |       xor|   0|  0|    2|           1|           1|
    |xor_ln114_123_fu_6572_p2        |       xor|   0|  0|    2|           1|           2|
    |xor_ln114_124_fu_6652_p2        |       xor|   0|  0|    2|           1|           2|
    |xor_ln114_125_fu_6664_p2        |       xor|   0|  0|    2|           1|           2|
    |xor_ln114_126_fu_6676_p2        |       xor|   0|  0|    2|           1|           1|
    |xor_ln114_127_fu_6682_p2        |       xor|   0|  0|    2|           1|           2|
    |xor_ln114_128_fu_6762_p2        |       xor|   0|  0|    2|           1|           2|
    |xor_ln114_129_fu_6774_p2        |       xor|   0|  0|    2|           1|           2|
    |xor_ln114_12_fu_3572_p2         |       xor|   0|  0|    2|           1|           2|
    |xor_ln114_130_fu_6786_p2        |       xor|   0|  0|    2|           1|           1|
    |xor_ln114_131_fu_6792_p2        |       xor|   0|  0|    2|           1|           2|
    |xor_ln114_132_fu_6872_p2        |       xor|   0|  0|    2|           1|           2|
    |xor_ln114_133_fu_6884_p2        |       xor|   0|  0|    2|           1|           2|
    |xor_ln114_134_fu_6896_p2        |       xor|   0|  0|    2|           1|           1|
    |xor_ln114_135_fu_6902_p2        |       xor|   0|  0|    2|           1|           2|
    |xor_ln114_136_fu_6982_p2        |       xor|   0|  0|    2|           1|           2|
    |xor_ln114_137_fu_6994_p2        |       xor|   0|  0|    2|           1|           2|
    |xor_ln114_138_fu_7006_p2        |       xor|   0|  0|    2|           1|           1|
    |xor_ln114_139_fu_7012_p2        |       xor|   0|  0|    2|           1|           2|
    |xor_ln114_13_fu_3584_p2         |       xor|   0|  0|    2|           1|           2|
    |xor_ln114_140_fu_7092_p2        |       xor|   0|  0|    2|           1|           2|
    |xor_ln114_141_fu_7104_p2        |       xor|   0|  0|    2|           1|           2|
    |xor_ln114_142_fu_7116_p2        |       xor|   0|  0|    2|           1|           1|
    |xor_ln114_143_fu_7122_p2        |       xor|   0|  0|    2|           1|           2|
    |xor_ln114_144_fu_7202_p2        |       xor|   0|  0|    2|           1|           2|
    |xor_ln114_145_fu_7214_p2        |       xor|   0|  0|    2|           1|           2|
    |xor_ln114_146_fu_7226_p2        |       xor|   0|  0|    2|           1|           1|
    |xor_ln114_147_fu_7232_p2        |       xor|   0|  0|    2|           1|           2|
    |xor_ln114_148_fu_7312_p2        |       xor|   0|  0|    2|           1|           2|
    |xor_ln114_149_fu_7324_p2        |       xor|   0|  0|    2|           1|           2|
    |xor_ln114_14_fu_3596_p2         |       xor|   0|  0|    2|           1|           1|
    |xor_ln114_150_fu_7336_p2        |       xor|   0|  0|    2|           1|           1|
    |xor_ln114_151_fu_7342_p2        |       xor|   0|  0|    2|           1|           2|
    |xor_ln114_152_fu_7422_p2        |       xor|   0|  0|    2|           1|           2|
    |xor_ln114_153_fu_7434_p2        |       xor|   0|  0|    2|           1|           2|
    |xor_ln114_154_fu_7446_p2        |       xor|   0|  0|    2|           1|           1|
    |xor_ln114_155_fu_7452_p2        |       xor|   0|  0|    2|           1|           2|
    |xor_ln114_156_fu_7532_p2        |       xor|   0|  0|    2|           1|           2|
    |xor_ln114_157_fu_7544_p2        |       xor|   0|  0|    2|           1|           2|
    |xor_ln114_158_fu_7556_p2        |       xor|   0|  0|    2|           1|           1|
    |xor_ln114_159_fu_7562_p2        |       xor|   0|  0|    2|           1|           2|
    |xor_ln114_15_fu_3602_p2         |       xor|   0|  0|    2|           1|           2|
    |xor_ln114_160_fu_7642_p2        |       xor|   0|  0|    2|           1|           2|
    |xor_ln114_161_fu_7654_p2        |       xor|   0|  0|    2|           1|           2|
    |xor_ln114_162_fu_7666_p2        |       xor|   0|  0|    2|           1|           1|
    |xor_ln114_163_fu_7672_p2        |       xor|   0|  0|    2|           1|           2|
    |xor_ln114_164_fu_7752_p2        |       xor|   0|  0|    2|           1|           2|
    |xor_ln114_165_fu_7764_p2        |       xor|   0|  0|    2|           1|           2|
    |xor_ln114_166_fu_7776_p2        |       xor|   0|  0|    2|           1|           1|
    |xor_ln114_167_fu_7782_p2        |       xor|   0|  0|    2|           1|           2|
    |xor_ln114_168_fu_7862_p2        |       xor|   0|  0|    2|           1|           2|
    |xor_ln114_169_fu_7874_p2        |       xor|   0|  0|    2|           1|           2|
    |xor_ln114_16_fu_3682_p2         |       xor|   0|  0|    2|           1|           2|
    |xor_ln114_170_fu_7886_p2        |       xor|   0|  0|    2|           1|           1|
    |xor_ln114_171_fu_7892_p2        |       xor|   0|  0|    2|           1|           2|
    |xor_ln114_172_fu_7972_p2        |       xor|   0|  0|    2|           1|           2|
    |xor_ln114_173_fu_7984_p2        |       xor|   0|  0|    2|           1|           2|
    |xor_ln114_174_fu_7996_p2        |       xor|   0|  0|    2|           1|           1|
    |xor_ln114_175_fu_8002_p2        |       xor|   0|  0|    2|           1|           2|
    |xor_ln114_176_fu_8082_p2        |       xor|   0|  0|    2|           1|           2|
    |xor_ln114_177_fu_8094_p2        |       xor|   0|  0|    2|           1|           2|
    |xor_ln114_178_fu_8106_p2        |       xor|   0|  0|    2|           1|           1|
    |xor_ln114_179_fu_8112_p2        |       xor|   0|  0|    2|           1|           2|
    |xor_ln114_17_fu_3694_p2         |       xor|   0|  0|    2|           1|           2|
    |xor_ln114_180_fu_8192_p2        |       xor|   0|  0|    2|           1|           2|
    |xor_ln114_181_fu_8204_p2        |       xor|   0|  0|    2|           1|           2|
    |xor_ln114_182_fu_8216_p2        |       xor|   0|  0|    2|           1|           1|
    |xor_ln114_183_fu_8222_p2        |       xor|   0|  0|    2|           1|           2|
    |xor_ln114_184_fu_8302_p2        |       xor|   0|  0|    2|           1|           2|
    |xor_ln114_185_fu_8314_p2        |       xor|   0|  0|    2|           1|           2|
    |xor_ln114_186_fu_8326_p2        |       xor|   0|  0|    2|           1|           1|
    |xor_ln114_187_fu_8332_p2        |       xor|   0|  0|    2|           1|           2|
    |xor_ln114_188_fu_8412_p2        |       xor|   0|  0|    2|           1|           2|
    |xor_ln114_189_fu_8424_p2        |       xor|   0|  0|    2|           1|           2|
    |xor_ln114_18_fu_3706_p2         |       xor|   0|  0|    2|           1|           1|
    |xor_ln114_190_fu_8436_p2        |       xor|   0|  0|    2|           1|           1|
    |xor_ln114_191_fu_8442_p2        |       xor|   0|  0|    2|           1|           2|
    |xor_ln114_192_fu_8522_p2        |       xor|   0|  0|    2|           1|           2|
    |xor_ln114_193_fu_8534_p2        |       xor|   0|  0|    2|           1|           2|
    |xor_ln114_194_fu_8546_p2        |       xor|   0|  0|    2|           1|           1|
    |xor_ln114_195_fu_8552_p2        |       xor|   0|  0|    2|           1|           2|
    |xor_ln114_196_fu_8632_p2        |       xor|   0|  0|    2|           1|           2|
    |xor_ln114_197_fu_8644_p2        |       xor|   0|  0|    2|           1|           2|
    |xor_ln114_198_fu_8656_p2        |       xor|   0|  0|    2|           1|           1|
    |xor_ln114_199_fu_8662_p2        |       xor|   0|  0|    2|           1|           2|
    |xor_ln114_19_fu_3712_p2         |       xor|   0|  0|    2|           1|           2|
    |xor_ln114_1_fu_3254_p2          |       xor|   0|  0|    2|           1|           2|
    |xor_ln114_200_fu_8742_p2        |       xor|   0|  0|    2|           1|           2|
    |xor_ln114_201_fu_8754_p2        |       xor|   0|  0|    2|           1|           2|
    |xor_ln114_202_fu_8766_p2        |       xor|   0|  0|    2|           1|           1|
    |xor_ln114_203_fu_8772_p2        |       xor|   0|  0|    2|           1|           2|
    |xor_ln114_204_fu_8852_p2        |       xor|   0|  0|    2|           1|           2|
    |xor_ln114_205_fu_8864_p2        |       xor|   0|  0|    2|           1|           2|
    |xor_ln114_206_fu_8876_p2        |       xor|   0|  0|    2|           1|           1|
    |xor_ln114_207_fu_8882_p2        |       xor|   0|  0|    2|           1|           2|
    |xor_ln114_208_fu_8962_p2        |       xor|   0|  0|    2|           1|           2|
    |xor_ln114_209_fu_8974_p2        |       xor|   0|  0|    2|           1|           2|
    |xor_ln114_20_fu_3792_p2         |       xor|   0|  0|    2|           1|           2|
    |xor_ln114_210_fu_8986_p2        |       xor|   0|  0|    2|           1|           1|
    |xor_ln114_211_fu_8992_p2        |       xor|   0|  0|    2|           1|           2|
    |xor_ln114_212_fu_9072_p2        |       xor|   0|  0|    2|           1|           2|
    |xor_ln114_213_fu_9084_p2        |       xor|   0|  0|    2|           1|           2|
    |xor_ln114_214_fu_9096_p2        |       xor|   0|  0|    2|           1|           1|
    |xor_ln114_215_fu_9102_p2        |       xor|   0|  0|    2|           1|           2|
    |xor_ln114_216_fu_9182_p2        |       xor|   0|  0|    2|           1|           2|
    |xor_ln114_217_fu_9194_p2        |       xor|   0|  0|    2|           1|           2|
    |xor_ln114_218_fu_9206_p2        |       xor|   0|  0|    2|           1|           1|
    |xor_ln114_219_fu_9212_p2        |       xor|   0|  0|    2|           1|           2|
    |xor_ln114_21_fu_3804_p2         |       xor|   0|  0|    2|           1|           2|
    |xor_ln114_220_fu_9292_p2        |       xor|   0|  0|    2|           1|           2|
    |xor_ln114_221_fu_9304_p2        |       xor|   0|  0|    2|           1|           2|
    |xor_ln114_222_fu_9316_p2        |       xor|   0|  0|    2|           1|           1|
    |xor_ln114_223_fu_9322_p2        |       xor|   0|  0|    2|           1|           2|
    |xor_ln114_224_fu_9402_p2        |       xor|   0|  0|    2|           1|           2|
    |xor_ln114_225_fu_9414_p2        |       xor|   0|  0|    2|           1|           2|
    |xor_ln114_226_fu_9426_p2        |       xor|   0|  0|    2|           1|           1|
    |xor_ln114_227_fu_9432_p2        |       xor|   0|  0|    2|           1|           2|
    |xor_ln114_228_fu_9512_p2        |       xor|   0|  0|    2|           1|           2|
    |xor_ln114_229_fu_9524_p2        |       xor|   0|  0|    2|           1|           2|
    |xor_ln114_22_fu_3816_p2         |       xor|   0|  0|    2|           1|           1|
    |xor_ln114_230_fu_9536_p2        |       xor|   0|  0|    2|           1|           1|
    |xor_ln114_231_fu_9542_p2        |       xor|   0|  0|    2|           1|           2|
    |xor_ln114_232_fu_9622_p2        |       xor|   0|  0|    2|           1|           2|
    |xor_ln114_233_fu_9634_p2        |       xor|   0|  0|    2|           1|           2|
    |xor_ln114_234_fu_9646_p2        |       xor|   0|  0|    2|           1|           1|
    |xor_ln114_235_fu_9652_p2        |       xor|   0|  0|    2|           1|           2|
    |xor_ln114_236_fu_9732_p2        |       xor|   0|  0|    2|           1|           2|
    |xor_ln114_237_fu_9744_p2        |       xor|   0|  0|    2|           1|           2|
    |xor_ln114_238_fu_9756_p2        |       xor|   0|  0|    2|           1|           1|
    |xor_ln114_239_fu_9762_p2        |       xor|   0|  0|    2|           1|           2|
    |xor_ln114_23_fu_3822_p2         |       xor|   0|  0|    2|           1|           2|
    |xor_ln114_240_fu_9842_p2        |       xor|   0|  0|    2|           1|           2|
    |xor_ln114_241_fu_9854_p2        |       xor|   0|  0|    2|           1|           2|
    |xor_ln114_242_fu_9866_p2        |       xor|   0|  0|    2|           1|           1|
    |xor_ln114_243_fu_9872_p2        |       xor|   0|  0|    2|           1|           2|
    |xor_ln114_244_fu_9952_p2        |       xor|   0|  0|    2|           1|           2|
    |xor_ln114_245_fu_9964_p2        |       xor|   0|  0|    2|           1|           2|
    |xor_ln114_246_fu_9976_p2        |       xor|   0|  0|    2|           1|           1|
    |xor_ln114_247_fu_9982_p2        |       xor|   0|  0|    2|           1|           2|
    |xor_ln114_248_fu_10062_p2       |       xor|   0|  0|    2|           1|           2|
    |xor_ln114_249_fu_10074_p2       |       xor|   0|  0|    2|           1|           2|
    |xor_ln114_24_fu_3902_p2         |       xor|   0|  0|    2|           1|           2|
    |xor_ln114_250_fu_10086_p2       |       xor|   0|  0|    2|           1|           1|
    |xor_ln114_251_fu_10092_p2       |       xor|   0|  0|    2|           1|           2|
    |xor_ln114_252_fu_10172_p2       |       xor|   0|  0|    2|           1|           2|
    |xor_ln114_253_fu_10184_p2       |       xor|   0|  0|    2|           1|           2|
    |xor_ln114_254_fu_10196_p2       |       xor|   0|  0|    2|           1|           1|
    |xor_ln114_255_fu_10202_p2       |       xor|   0|  0|    2|           1|           2|
    |xor_ln114_256_fu_10282_p2       |       xor|   0|  0|    2|           1|           2|
    |xor_ln114_257_fu_10294_p2       |       xor|   0|  0|    2|           1|           2|
    |xor_ln114_258_fu_10306_p2       |       xor|   0|  0|    2|           1|           1|
    |xor_ln114_259_fu_10312_p2       |       xor|   0|  0|    2|           1|           2|
    |xor_ln114_25_fu_3914_p2         |       xor|   0|  0|    2|           1|           2|
    |xor_ln114_260_fu_10392_p2       |       xor|   0|  0|    2|           1|           2|
    |xor_ln114_261_fu_10404_p2       |       xor|   0|  0|    2|           1|           2|
    |xor_ln114_262_fu_10416_p2       |       xor|   0|  0|    2|           1|           1|
    |xor_ln114_263_fu_10422_p2       |       xor|   0|  0|    2|           1|           2|
    |xor_ln114_264_fu_10502_p2       |       xor|   0|  0|    2|           1|           2|
    |xor_ln114_265_fu_10514_p2       |       xor|   0|  0|    2|           1|           2|
    |xor_ln114_266_fu_10526_p2       |       xor|   0|  0|    2|           1|           1|
    |xor_ln114_267_fu_10532_p2       |       xor|   0|  0|    2|           1|           2|
    |xor_ln114_268_fu_10612_p2       |       xor|   0|  0|    2|           1|           2|
    |xor_ln114_269_fu_10624_p2       |       xor|   0|  0|    2|           1|           2|
    |xor_ln114_26_fu_3926_p2         |       xor|   0|  0|    2|           1|           1|
    |xor_ln114_270_fu_10636_p2       |       xor|   0|  0|    2|           1|           1|
    |xor_ln114_271_fu_10642_p2       |       xor|   0|  0|    2|           1|           2|
    |xor_ln114_272_fu_10722_p2       |       xor|   0|  0|    2|           1|           2|
    |xor_ln114_273_fu_10734_p2       |       xor|   0|  0|    2|           1|           2|
    |xor_ln114_274_fu_10746_p2       |       xor|   0|  0|    2|           1|           1|
    |xor_ln114_275_fu_10752_p2       |       xor|   0|  0|    2|           1|           2|
    |xor_ln114_276_fu_10832_p2       |       xor|   0|  0|    2|           1|           2|
    |xor_ln114_277_fu_10844_p2       |       xor|   0|  0|    2|           1|           2|
    |xor_ln114_278_fu_10856_p2       |       xor|   0|  0|    2|           1|           1|
    |xor_ln114_279_fu_10862_p2       |       xor|   0|  0|    2|           1|           2|
    |xor_ln114_27_fu_3932_p2         |       xor|   0|  0|    2|           1|           2|
    |xor_ln114_280_fu_10942_p2       |       xor|   0|  0|    2|           1|           2|
    |xor_ln114_281_fu_10954_p2       |       xor|   0|  0|    2|           1|           2|
    |xor_ln114_282_fu_10966_p2       |       xor|   0|  0|    2|           1|           1|
    |xor_ln114_283_fu_10972_p2       |       xor|   0|  0|    2|           1|           2|
    |xor_ln114_284_fu_11052_p2       |       xor|   0|  0|    2|           1|           2|
    |xor_ln114_285_fu_11064_p2       |       xor|   0|  0|    2|           1|           2|
    |xor_ln114_286_fu_11076_p2       |       xor|   0|  0|    2|           1|           1|
    |xor_ln114_287_fu_11082_p2       |       xor|   0|  0|    2|           1|           2|
    |xor_ln114_288_fu_11162_p2       |       xor|   0|  0|    2|           1|           2|
    |xor_ln114_289_fu_11174_p2       |       xor|   0|  0|    2|           1|           2|
    |xor_ln114_28_fu_4012_p2         |       xor|   0|  0|    2|           1|           2|
    |xor_ln114_290_fu_11186_p2       |       xor|   0|  0|    2|           1|           1|
    |xor_ln114_291_fu_11192_p2       |       xor|   0|  0|    2|           1|           2|
    |xor_ln114_292_fu_11272_p2       |       xor|   0|  0|    2|           1|           2|
    |xor_ln114_293_fu_11284_p2       |       xor|   0|  0|    2|           1|           2|
    |xor_ln114_294_fu_11296_p2       |       xor|   0|  0|    2|           1|           1|
    |xor_ln114_295_fu_11302_p2       |       xor|   0|  0|    2|           1|           2|
    |xor_ln114_296_fu_11382_p2       |       xor|   0|  0|    2|           1|           2|
    |xor_ln114_297_fu_11394_p2       |       xor|   0|  0|    2|           1|           2|
    |xor_ln114_298_fu_11406_p2       |       xor|   0|  0|    2|           1|           1|
    |xor_ln114_299_fu_11412_p2       |       xor|   0|  0|    2|           1|           2|
    |xor_ln114_29_fu_4024_p2         |       xor|   0|  0|    2|           1|           2|
    |xor_ln114_2_fu_3266_p2          |       xor|   0|  0|    2|           1|           1|
    |xor_ln114_300_fu_11492_p2       |       xor|   0|  0|    2|           1|           2|
    |xor_ln114_301_fu_11504_p2       |       xor|   0|  0|    2|           1|           2|
    |xor_ln114_302_fu_11516_p2       |       xor|   0|  0|    2|           1|           1|
    |xor_ln114_303_fu_11522_p2       |       xor|   0|  0|    2|           1|           2|
    |xor_ln114_304_fu_11602_p2       |       xor|   0|  0|    2|           1|           2|
    |xor_ln114_305_fu_11614_p2       |       xor|   0|  0|    2|           1|           2|
    |xor_ln114_306_fu_11626_p2       |       xor|   0|  0|    2|           1|           1|
    |xor_ln114_307_fu_11632_p2       |       xor|   0|  0|    2|           1|           2|
    |xor_ln114_308_fu_11712_p2       |       xor|   0|  0|    2|           1|           2|
    |xor_ln114_309_fu_11724_p2       |       xor|   0|  0|    2|           1|           2|
    |xor_ln114_30_fu_4036_p2         |       xor|   0|  0|    2|           1|           1|
    |xor_ln114_310_fu_11736_p2       |       xor|   0|  0|    2|           1|           1|
    |xor_ln114_311_fu_11742_p2       |       xor|   0|  0|    2|           1|           2|
    |xor_ln114_312_fu_11822_p2       |       xor|   0|  0|    2|           1|           2|
    |xor_ln114_313_fu_11834_p2       |       xor|   0|  0|    2|           1|           2|
    |xor_ln114_314_fu_11846_p2       |       xor|   0|  0|    2|           1|           1|
    |xor_ln114_315_fu_11852_p2       |       xor|   0|  0|    2|           1|           2|
    |xor_ln114_316_fu_11932_p2       |       xor|   0|  0|    2|           1|           2|
    |xor_ln114_317_fu_11944_p2       |       xor|   0|  0|    2|           1|           2|
    |xor_ln114_318_fu_11956_p2       |       xor|   0|  0|    2|           1|           1|
    |xor_ln114_319_fu_11962_p2       |       xor|   0|  0|    2|           1|           2|
    |xor_ln114_31_fu_4042_p2         |       xor|   0|  0|    2|           1|           2|
    |xor_ln114_320_fu_12042_p2       |       xor|   0|  0|    2|           1|           2|
    |xor_ln114_321_fu_12054_p2       |       xor|   0|  0|    2|           1|           2|
    |xor_ln114_322_fu_12066_p2       |       xor|   0|  0|    2|           1|           1|
    |xor_ln114_323_fu_12072_p2       |       xor|   0|  0|    2|           1|           2|
    |xor_ln114_324_fu_12152_p2       |       xor|   0|  0|    2|           1|           2|
    |xor_ln114_325_fu_12164_p2       |       xor|   0|  0|    2|           1|           2|
    |xor_ln114_326_fu_12176_p2       |       xor|   0|  0|    2|           1|           1|
    |xor_ln114_327_fu_12182_p2       |       xor|   0|  0|    2|           1|           2|
    |xor_ln114_328_fu_12262_p2       |       xor|   0|  0|    2|           1|           2|
    |xor_ln114_329_fu_12274_p2       |       xor|   0|  0|    2|           1|           2|
    |xor_ln114_32_fu_4122_p2         |       xor|   0|  0|    2|           1|           2|
    |xor_ln114_330_fu_12286_p2       |       xor|   0|  0|    2|           1|           1|
    |xor_ln114_331_fu_12292_p2       |       xor|   0|  0|    2|           1|           2|
    |xor_ln114_332_fu_12372_p2       |       xor|   0|  0|    2|           1|           2|
    |xor_ln114_333_fu_12384_p2       |       xor|   0|  0|    2|           1|           2|
    |xor_ln114_334_fu_12396_p2       |       xor|   0|  0|    2|           1|           1|
    |xor_ln114_335_fu_12402_p2       |       xor|   0|  0|    2|           1|           2|
    |xor_ln114_336_fu_12482_p2       |       xor|   0|  0|    2|           1|           2|
    |xor_ln114_337_fu_12494_p2       |       xor|   0|  0|    2|           1|           2|
    |xor_ln114_338_fu_12506_p2       |       xor|   0|  0|    2|           1|           1|
    |xor_ln114_339_fu_12512_p2       |       xor|   0|  0|    2|           1|           2|
    |xor_ln114_33_fu_4134_p2         |       xor|   0|  0|    2|           1|           2|
    |xor_ln114_340_fu_12592_p2       |       xor|   0|  0|    2|           1|           2|
    |xor_ln114_341_fu_12604_p2       |       xor|   0|  0|    2|           1|           2|
    |xor_ln114_342_fu_12616_p2       |       xor|   0|  0|    2|           1|           1|
    |xor_ln114_343_fu_12622_p2       |       xor|   0|  0|    2|           1|           2|
    |xor_ln114_344_fu_12702_p2       |       xor|   0|  0|    2|           1|           2|
    |xor_ln114_345_fu_12714_p2       |       xor|   0|  0|    2|           1|           2|
    |xor_ln114_346_fu_12726_p2       |       xor|   0|  0|    2|           1|           1|
    |xor_ln114_347_fu_12732_p2       |       xor|   0|  0|    2|           1|           2|
    |xor_ln114_348_fu_12812_p2       |       xor|   0|  0|    2|           1|           2|
    |xor_ln114_349_fu_12824_p2       |       xor|   0|  0|    2|           1|           2|
    |xor_ln114_34_fu_4146_p2         |       xor|   0|  0|    2|           1|           1|
    |xor_ln114_350_fu_12836_p2       |       xor|   0|  0|    2|           1|           1|
    |xor_ln114_351_fu_12842_p2       |       xor|   0|  0|    2|           1|           2|
    |xor_ln114_352_fu_12922_p2       |       xor|   0|  0|    2|           1|           2|
    |xor_ln114_353_fu_12934_p2       |       xor|   0|  0|    2|           1|           2|
    |xor_ln114_354_fu_12946_p2       |       xor|   0|  0|    2|           1|           1|
    |xor_ln114_355_fu_12952_p2       |       xor|   0|  0|    2|           1|           2|
    |xor_ln114_356_fu_13032_p2       |       xor|   0|  0|    2|           1|           2|
    |xor_ln114_357_fu_13044_p2       |       xor|   0|  0|    2|           1|           2|
    |xor_ln114_358_fu_13056_p2       |       xor|   0|  0|    2|           1|           1|
    |xor_ln114_359_fu_13062_p2       |       xor|   0|  0|    2|           1|           2|
    |xor_ln114_35_fu_4152_p2         |       xor|   0|  0|    2|           1|           2|
    |xor_ln114_360_fu_13142_p2       |       xor|   0|  0|    2|           1|           2|
    |xor_ln114_361_fu_13154_p2       |       xor|   0|  0|    2|           1|           2|
    |xor_ln114_362_fu_13166_p2       |       xor|   0|  0|    2|           1|           1|
    |xor_ln114_363_fu_13172_p2       |       xor|   0|  0|    2|           1|           2|
    |xor_ln114_364_fu_13252_p2       |       xor|   0|  0|    2|           1|           2|
    |xor_ln114_365_fu_13264_p2       |       xor|   0|  0|    2|           1|           2|
    |xor_ln114_366_fu_13276_p2       |       xor|   0|  0|    2|           1|           1|
    |xor_ln114_367_fu_13282_p2       |       xor|   0|  0|    2|           1|           2|
    |xor_ln114_368_fu_13362_p2       |       xor|   0|  0|    2|           1|           2|
    |xor_ln114_369_fu_13374_p2       |       xor|   0|  0|    2|           1|           2|
    |xor_ln114_36_fu_4232_p2         |       xor|   0|  0|    2|           1|           2|
    |xor_ln114_370_fu_13386_p2       |       xor|   0|  0|    2|           1|           1|
    |xor_ln114_371_fu_13392_p2       |       xor|   0|  0|    2|           1|           2|
    |xor_ln114_372_fu_13472_p2       |       xor|   0|  0|    2|           1|           2|
    |xor_ln114_373_fu_13484_p2       |       xor|   0|  0|    2|           1|           2|
    |xor_ln114_374_fu_13496_p2       |       xor|   0|  0|    2|           1|           1|
    |xor_ln114_375_fu_13502_p2       |       xor|   0|  0|    2|           1|           2|
    |xor_ln114_376_fu_13582_p2       |       xor|   0|  0|    2|           1|           2|
    |xor_ln114_377_fu_13594_p2       |       xor|   0|  0|    2|           1|           2|
    |xor_ln114_378_fu_13606_p2       |       xor|   0|  0|    2|           1|           1|
    |xor_ln114_379_fu_13612_p2       |       xor|   0|  0|    2|           1|           2|
    |xor_ln114_37_fu_4244_p2         |       xor|   0|  0|    2|           1|           2|
    |xor_ln114_380_fu_13692_p2       |       xor|   0|  0|    2|           1|           2|
    |xor_ln114_381_fu_13704_p2       |       xor|   0|  0|    2|           1|           2|
    |xor_ln114_382_fu_13716_p2       |       xor|   0|  0|    2|           1|           1|
    |xor_ln114_383_fu_13722_p2       |       xor|   0|  0|    2|           1|           2|
    |xor_ln114_384_fu_13802_p2       |       xor|   0|  0|    2|           1|           2|
    |xor_ln114_385_fu_13814_p2       |       xor|   0|  0|    2|           1|           2|
    |xor_ln114_386_fu_13826_p2       |       xor|   0|  0|    2|           1|           1|
    |xor_ln114_387_fu_13832_p2       |       xor|   0|  0|    2|           1|           2|
    |xor_ln114_388_fu_13912_p2       |       xor|   0|  0|    2|           1|           2|
    |xor_ln114_389_fu_13924_p2       |       xor|   0|  0|    2|           1|           2|
    |xor_ln114_38_fu_4256_p2         |       xor|   0|  0|    2|           1|           1|
    |xor_ln114_390_fu_13936_p2       |       xor|   0|  0|    2|           1|           1|
    |xor_ln114_391_fu_13942_p2       |       xor|   0|  0|    2|           1|           2|
    |xor_ln114_392_fu_14022_p2       |       xor|   0|  0|    2|           1|           2|
    |xor_ln114_393_fu_14034_p2       |       xor|   0|  0|    2|           1|           2|
    |xor_ln114_394_fu_14046_p2       |       xor|   0|  0|    2|           1|           1|
    |xor_ln114_395_fu_14052_p2       |       xor|   0|  0|    2|           1|           2|
    |xor_ln114_396_fu_14132_p2       |       xor|   0|  0|    2|           1|           2|
    |xor_ln114_397_fu_14144_p2       |       xor|   0|  0|    2|           1|           2|
    |xor_ln114_398_fu_14156_p2       |       xor|   0|  0|    2|           1|           1|
    |xor_ln114_399_fu_14162_p2       |       xor|   0|  0|    2|           1|           2|
    |xor_ln114_39_fu_4262_p2         |       xor|   0|  0|    2|           1|           2|
    |xor_ln114_3_fu_3272_p2          |       xor|   0|  0|    2|           1|           2|
    |xor_ln114_400_fu_14242_p2       |       xor|   0|  0|    2|           1|           2|
    |xor_ln114_401_fu_14254_p2       |       xor|   0|  0|    2|           1|           2|
    |xor_ln114_402_fu_14266_p2       |       xor|   0|  0|    2|           1|           1|
    |xor_ln114_403_fu_14272_p2       |       xor|   0|  0|    2|           1|           2|
    |xor_ln114_404_fu_14352_p2       |       xor|   0|  0|    2|           1|           2|
    |xor_ln114_405_fu_14364_p2       |       xor|   0|  0|    2|           1|           2|
    |xor_ln114_406_fu_14376_p2       |       xor|   0|  0|    2|           1|           1|
    |xor_ln114_407_fu_14382_p2       |       xor|   0|  0|    2|           1|           2|
    |xor_ln114_408_fu_14462_p2       |       xor|   0|  0|    2|           1|           2|
    |xor_ln114_409_fu_14474_p2       |       xor|   0|  0|    2|           1|           2|
    |xor_ln114_40_fu_4342_p2         |       xor|   0|  0|    2|           1|           2|
    |xor_ln114_410_fu_14486_p2       |       xor|   0|  0|    2|           1|           1|
    |xor_ln114_411_fu_14492_p2       |       xor|   0|  0|    2|           1|           2|
    |xor_ln114_412_fu_14572_p2       |       xor|   0|  0|    2|           1|           2|
    |xor_ln114_413_fu_14584_p2       |       xor|   0|  0|    2|           1|           2|
    |xor_ln114_414_fu_14596_p2       |       xor|   0|  0|    2|           1|           1|
    |xor_ln114_415_fu_14602_p2       |       xor|   0|  0|    2|           1|           2|
    |xor_ln114_416_fu_14682_p2       |       xor|   0|  0|    2|           1|           2|
    |xor_ln114_417_fu_14694_p2       |       xor|   0|  0|    2|           1|           2|
    |xor_ln114_418_fu_14706_p2       |       xor|   0|  0|    2|           1|           1|
    |xor_ln114_419_fu_14712_p2       |       xor|   0|  0|    2|           1|           2|
    |xor_ln114_41_fu_4354_p2         |       xor|   0|  0|    2|           1|           2|
    |xor_ln114_420_fu_14792_p2       |       xor|   0|  0|    2|           1|           2|
    |xor_ln114_421_fu_14804_p2       |       xor|   0|  0|    2|           1|           2|
    |xor_ln114_422_fu_14816_p2       |       xor|   0|  0|    2|           1|           1|
    |xor_ln114_423_fu_14822_p2       |       xor|   0|  0|    2|           1|           2|
    |xor_ln114_424_fu_14902_p2       |       xor|   0|  0|    2|           1|           2|
    |xor_ln114_425_fu_14914_p2       |       xor|   0|  0|    2|           1|           2|
    |xor_ln114_426_fu_14926_p2       |       xor|   0|  0|    2|           1|           1|
    |xor_ln114_427_fu_14932_p2       |       xor|   0|  0|    2|           1|           2|
    |xor_ln114_428_fu_15012_p2       |       xor|   0|  0|    2|           1|           2|
    |xor_ln114_429_fu_15024_p2       |       xor|   0|  0|    2|           1|           2|
    |xor_ln114_42_fu_4366_p2         |       xor|   0|  0|    2|           1|           1|
    |xor_ln114_430_fu_15036_p2       |       xor|   0|  0|    2|           1|           1|
    |xor_ln114_431_fu_15042_p2       |       xor|   0|  0|    2|           1|           2|
    |xor_ln114_432_fu_15122_p2       |       xor|   0|  0|    2|           1|           2|
    |xor_ln114_433_fu_15134_p2       |       xor|   0|  0|    2|           1|           2|
    |xor_ln114_434_fu_15146_p2       |       xor|   0|  0|    2|           1|           1|
    |xor_ln114_435_fu_15152_p2       |       xor|   0|  0|    2|           1|           2|
    |xor_ln114_436_fu_15232_p2       |       xor|   0|  0|    2|           1|           2|
    |xor_ln114_437_fu_15244_p2       |       xor|   0|  0|    2|           1|           2|
    |xor_ln114_438_fu_15256_p2       |       xor|   0|  0|    2|           1|           1|
    |xor_ln114_439_fu_15262_p2       |       xor|   0|  0|    2|           1|           2|
    |xor_ln114_43_fu_4372_p2         |       xor|   0|  0|    2|           1|           2|
    |xor_ln114_440_fu_15342_p2       |       xor|   0|  0|    2|           1|           2|
    |xor_ln114_441_fu_15354_p2       |       xor|   0|  0|    2|           1|           2|
    |xor_ln114_442_fu_15366_p2       |       xor|   0|  0|    2|           1|           1|
    |xor_ln114_443_fu_15372_p2       |       xor|   0|  0|    2|           1|           2|
    |xor_ln114_444_fu_15452_p2       |       xor|   0|  0|    2|           1|           2|
    |xor_ln114_445_fu_15464_p2       |       xor|   0|  0|    2|           1|           2|
    |xor_ln114_446_fu_15476_p2       |       xor|   0|  0|    2|           1|           1|
    |xor_ln114_447_fu_15482_p2       |       xor|   0|  0|    2|           1|           2|
    |xor_ln114_448_fu_20938_p2       |       xor|   0|  0|    2|           1|           2|
    |xor_ln114_449_fu_20950_p2       |       xor|   0|  0|    2|           1|           2|
    |xor_ln114_44_fu_4452_p2         |       xor|   0|  0|    2|           1|           2|
    |xor_ln114_450_fu_20962_p2       |       xor|   0|  0|    2|           1|           1|
    |xor_ln114_451_fu_20968_p2       |       xor|   0|  0|    2|           1|           2|
    |xor_ln114_452_fu_21046_p2       |       xor|   0|  0|    2|           1|           2|
    |xor_ln114_453_fu_21058_p2       |       xor|   0|  0|    2|           1|           2|
    |xor_ln114_454_fu_21070_p2       |       xor|   0|  0|    2|           1|           1|
    |xor_ln114_455_fu_21076_p2       |       xor|   0|  0|    2|           1|           2|
    |xor_ln114_456_fu_21154_p2       |       xor|   0|  0|    2|           1|           2|
    |xor_ln114_457_fu_21166_p2       |       xor|   0|  0|    2|           1|           2|
    |xor_ln114_458_fu_21178_p2       |       xor|   0|  0|    2|           1|           1|
    |xor_ln114_459_fu_21184_p2       |       xor|   0|  0|    2|           1|           2|
    |xor_ln114_45_fu_4464_p2         |       xor|   0|  0|    2|           1|           2|
    |xor_ln114_460_fu_21262_p2       |       xor|   0|  0|    2|           1|           2|
    |xor_ln114_461_fu_21274_p2       |       xor|   0|  0|    2|           1|           2|
    |xor_ln114_462_fu_21286_p2       |       xor|   0|  0|    2|           1|           1|
    |xor_ln114_463_fu_21292_p2       |       xor|   0|  0|    2|           1|           2|
    |xor_ln114_464_fu_21370_p2       |       xor|   0|  0|    2|           1|           2|
    |xor_ln114_465_fu_21382_p2       |       xor|   0|  0|    2|           1|           2|
    |xor_ln114_466_fu_21394_p2       |       xor|   0|  0|    2|           1|           1|
    |xor_ln114_467_fu_21400_p2       |       xor|   0|  0|    2|           1|           2|
    |xor_ln114_468_fu_21478_p2       |       xor|   0|  0|    2|           1|           2|
    |xor_ln114_469_fu_21490_p2       |       xor|   0|  0|    2|           1|           2|
    |xor_ln114_46_fu_4476_p2         |       xor|   0|  0|    2|           1|           1|
    |xor_ln114_470_fu_21502_p2       |       xor|   0|  0|    2|           1|           1|
    |xor_ln114_471_fu_21508_p2       |       xor|   0|  0|    2|           1|           2|
    |xor_ln114_472_fu_21586_p2       |       xor|   0|  0|    2|           1|           2|
    |xor_ln114_473_fu_21598_p2       |       xor|   0|  0|    2|           1|           2|
    |xor_ln114_474_fu_21610_p2       |       xor|   0|  0|    2|           1|           1|
    |xor_ln114_475_fu_21616_p2       |       xor|   0|  0|    2|           1|           2|
    |xor_ln114_476_fu_21694_p2       |       xor|   0|  0|    2|           1|           2|
    |xor_ln114_477_fu_21706_p2       |       xor|   0|  0|    2|           1|           2|
    |xor_ln114_478_fu_21718_p2       |       xor|   0|  0|    2|           1|           1|
    |xor_ln114_479_fu_21724_p2       |       xor|   0|  0|    2|           1|           2|
    |xor_ln114_47_fu_4482_p2         |       xor|   0|  0|    2|           1|           2|
    |xor_ln114_48_fu_4562_p2         |       xor|   0|  0|    2|           1|           2|
    |xor_ln114_49_fu_4574_p2         |       xor|   0|  0|    2|           1|           2|
    |xor_ln114_4_fu_3352_p2          |       xor|   0|  0|    2|           1|           2|
    |xor_ln114_50_fu_4586_p2         |       xor|   0|  0|    2|           1|           1|
    |xor_ln114_51_fu_4592_p2         |       xor|   0|  0|    2|           1|           2|
    |xor_ln114_52_fu_4672_p2         |       xor|   0|  0|    2|           1|           2|
    |xor_ln114_53_fu_4684_p2         |       xor|   0|  0|    2|           1|           2|
    |xor_ln114_54_fu_4696_p2         |       xor|   0|  0|    2|           1|           1|
    |xor_ln114_55_fu_4702_p2         |       xor|   0|  0|    2|           1|           2|
    |xor_ln114_56_fu_4782_p2         |       xor|   0|  0|    2|           1|           2|
    |xor_ln114_57_fu_4794_p2         |       xor|   0|  0|    2|           1|           2|
    |xor_ln114_58_fu_4806_p2         |       xor|   0|  0|    2|           1|           1|
    |xor_ln114_59_fu_4812_p2         |       xor|   0|  0|    2|           1|           2|
    |xor_ln114_5_fu_3364_p2          |       xor|   0|  0|    2|           1|           2|
    |xor_ln114_60_fu_4892_p2         |       xor|   0|  0|    2|           1|           2|
    |xor_ln114_61_fu_4904_p2         |       xor|   0|  0|    2|           1|           2|
    |xor_ln114_62_fu_4916_p2         |       xor|   0|  0|    2|           1|           1|
    |xor_ln114_63_fu_4922_p2         |       xor|   0|  0|    2|           1|           2|
    |xor_ln114_64_fu_5002_p2         |       xor|   0|  0|    2|           1|           2|
    |xor_ln114_65_fu_5014_p2         |       xor|   0|  0|    2|           1|           2|
    |xor_ln114_66_fu_5026_p2         |       xor|   0|  0|    2|           1|           1|
    |xor_ln114_67_fu_5032_p2         |       xor|   0|  0|    2|           1|           2|
    |xor_ln114_68_fu_5112_p2         |       xor|   0|  0|    2|           1|           2|
    |xor_ln114_69_fu_5124_p2         |       xor|   0|  0|    2|           1|           2|
    |xor_ln114_6_fu_3376_p2          |       xor|   0|  0|    2|           1|           1|
    |xor_ln114_70_fu_5136_p2         |       xor|   0|  0|    2|           1|           1|
    |xor_ln114_71_fu_5142_p2         |       xor|   0|  0|    2|           1|           2|
    |xor_ln114_72_fu_5222_p2         |       xor|   0|  0|    2|           1|           2|
    |xor_ln114_73_fu_5234_p2         |       xor|   0|  0|    2|           1|           2|
    |xor_ln114_74_fu_5246_p2         |       xor|   0|  0|    2|           1|           1|
    |xor_ln114_75_fu_5252_p2         |       xor|   0|  0|    2|           1|           2|
    |xor_ln114_76_fu_5332_p2         |       xor|   0|  0|    2|           1|           2|
    |xor_ln114_77_fu_5344_p2         |       xor|   0|  0|    2|           1|           2|
    |xor_ln114_78_fu_5356_p2         |       xor|   0|  0|    2|           1|           1|
    |xor_ln114_79_fu_5362_p2         |       xor|   0|  0|    2|           1|           2|
    |xor_ln114_7_fu_3382_p2          |       xor|   0|  0|    2|           1|           2|
    |xor_ln114_80_fu_5442_p2         |       xor|   0|  0|    2|           1|           2|
    |xor_ln114_81_fu_5454_p2         |       xor|   0|  0|    2|           1|           2|
    |xor_ln114_82_fu_5466_p2         |       xor|   0|  0|    2|           1|           1|
    |xor_ln114_83_fu_5472_p2         |       xor|   0|  0|    2|           1|           2|
    |xor_ln114_84_fu_5552_p2         |       xor|   0|  0|    2|           1|           2|
    |xor_ln114_85_fu_5564_p2         |       xor|   0|  0|    2|           1|           2|
    |xor_ln114_86_fu_5576_p2         |       xor|   0|  0|    2|           1|           1|
    |xor_ln114_87_fu_5582_p2         |       xor|   0|  0|    2|           1|           2|
    |xor_ln114_88_fu_5662_p2         |       xor|   0|  0|    2|           1|           2|
    |xor_ln114_89_fu_5674_p2         |       xor|   0|  0|    2|           1|           2|
    |xor_ln114_8_fu_3462_p2          |       xor|   0|  0|    2|           1|           2|
    |xor_ln114_90_fu_5686_p2         |       xor|   0|  0|    2|           1|           1|
    |xor_ln114_91_fu_5692_p2         |       xor|   0|  0|    2|           1|           2|
    |xor_ln114_92_fu_5772_p2         |       xor|   0|  0|    2|           1|           2|
    |xor_ln114_93_fu_5784_p2         |       xor|   0|  0|    2|           1|           2|
    |xor_ln114_94_fu_5796_p2         |       xor|   0|  0|    2|           1|           1|
    |xor_ln114_95_fu_5802_p2         |       xor|   0|  0|    2|           1|           2|
    |xor_ln114_96_fu_5882_p2         |       xor|   0|  0|    2|           1|           2|
    |xor_ln114_97_fu_5894_p2         |       xor|   0|  0|    2|           1|           2|
    |xor_ln114_98_fu_5906_p2         |       xor|   0|  0|    2|           1|           1|
    |xor_ln114_99_fu_5912_p2         |       xor|   0|  0|    2|           1|           2|
    |xor_ln114_9_fu_3474_p2          |       xor|   0|  0|    2|           1|           2|
    |xor_ln114_fu_3242_p2            |       xor|   0|  0|    2|           1|           2|
    |xor_ln115_100_fu_14308_p2       |       xor|   0|  0|    2|           1|           1|
    |xor_ln115_101_fu_14418_p2       |       xor|   0|  0|    2|           1|           1|
    |xor_ln115_102_fu_14528_p2       |       xor|   0|  0|    2|           1|           1|
    |xor_ln115_103_fu_14638_p2       |       xor|   0|  0|    2|           1|           1|
    |xor_ln115_104_fu_14748_p2       |       xor|   0|  0|    2|           1|           1|
    |xor_ln115_105_fu_14858_p2       |       xor|   0|  0|    2|           1|           1|
    |xor_ln115_106_fu_14968_p2       |       xor|   0|  0|    2|           1|           1|
    |xor_ln115_107_fu_15078_p2       |       xor|   0|  0|    2|           1|           1|
    |xor_ln115_108_fu_15188_p2       |       xor|   0|  0|    2|           1|           1|
    |xor_ln115_109_fu_15298_p2       |       xor|   0|  0|    2|           1|           1|
    |xor_ln115_10_fu_4408_p2         |       xor|   0|  0|    2|           1|           1|
    |xor_ln115_110_fu_15408_p2       |       xor|   0|  0|    2|           1|           1|
    |xor_ln115_111_fu_15518_p2       |       xor|   0|  0|    2|           1|           1|
    |xor_ln115_112_fu_21004_p2       |       xor|   0|  0|    2|           1|           1|
    |xor_ln115_113_fu_21112_p2       |       xor|   0|  0|    2|           1|           1|
    |xor_ln115_114_fu_21220_p2       |       xor|   0|  0|    2|           1|           1|
    |xor_ln115_115_fu_21328_p2       |       xor|   0|  0|    2|           1|           1|
    |xor_ln115_116_fu_21436_p2       |       xor|   0|  0|    2|           1|           1|
    |xor_ln115_117_fu_21544_p2       |       xor|   0|  0|    2|           1|           1|
    |xor_ln115_118_fu_21652_p2       |       xor|   0|  0|    2|           1|           1|
    |xor_ln115_119_fu_21760_p2       |       xor|   0|  0|    2|           1|           1|
    |xor_ln115_11_fu_4518_p2         |       xor|   0|  0|    2|           1|           1|
    |xor_ln115_12_fu_4628_p2         |       xor|   0|  0|    2|           1|           1|
    |xor_ln115_13_fu_4738_p2         |       xor|   0|  0|    2|           1|           1|
    |xor_ln115_14_fu_4848_p2         |       xor|   0|  0|    2|           1|           1|
    |xor_ln115_15_fu_4958_p2         |       xor|   0|  0|    2|           1|           1|
    |xor_ln115_16_fu_5068_p2         |       xor|   0|  0|    2|           1|           1|
    |xor_ln115_17_fu_5178_p2         |       xor|   0|  0|    2|           1|           1|
    |xor_ln115_18_fu_5288_p2         |       xor|   0|  0|    2|           1|           1|
    |xor_ln115_19_fu_5398_p2         |       xor|   0|  0|    2|           1|           1|
    |xor_ln115_1_fu_3418_p2          |       xor|   0|  0|    2|           1|           1|
    |xor_ln115_20_fu_5508_p2         |       xor|   0|  0|    2|           1|           1|
    |xor_ln115_21_fu_5618_p2         |       xor|   0|  0|    2|           1|           1|
    |xor_ln115_22_fu_5728_p2         |       xor|   0|  0|    2|           1|           1|
    |xor_ln115_23_fu_5838_p2         |       xor|   0|  0|    2|           1|           1|
    |xor_ln115_24_fu_5948_p2         |       xor|   0|  0|    2|           1|           1|
    |xor_ln115_25_fu_6058_p2         |       xor|   0|  0|    2|           1|           1|
    |xor_ln115_26_fu_6168_p2         |       xor|   0|  0|    2|           1|           1|
    |xor_ln115_27_fu_6278_p2         |       xor|   0|  0|    2|           1|           1|
    |xor_ln115_28_fu_6388_p2         |       xor|   0|  0|    2|           1|           1|
    |xor_ln115_29_fu_6498_p2         |       xor|   0|  0|    2|           1|           1|
    |xor_ln115_2_fu_3528_p2          |       xor|   0|  0|    2|           1|           1|
    |xor_ln115_30_fu_6608_p2         |       xor|   0|  0|    2|           1|           1|
    |xor_ln115_31_fu_6718_p2         |       xor|   0|  0|    2|           1|           1|
    |xor_ln115_32_fu_6828_p2         |       xor|   0|  0|    2|           1|           1|
    |xor_ln115_33_fu_6938_p2         |       xor|   0|  0|    2|           1|           1|
    |xor_ln115_34_fu_7048_p2         |       xor|   0|  0|    2|           1|           1|
    |xor_ln115_35_fu_7158_p2         |       xor|   0|  0|    2|           1|           1|
    |xor_ln115_36_fu_7268_p2         |       xor|   0|  0|    2|           1|           1|
    |xor_ln115_37_fu_7378_p2         |       xor|   0|  0|    2|           1|           1|
    |xor_ln115_38_fu_7488_p2         |       xor|   0|  0|    2|           1|           1|
    |xor_ln115_39_fu_7598_p2         |       xor|   0|  0|    2|           1|           1|
    |xor_ln115_3_fu_3638_p2          |       xor|   0|  0|    2|           1|           1|
    |xor_ln115_40_fu_7708_p2         |       xor|   0|  0|    2|           1|           1|
    |xor_ln115_41_fu_7818_p2         |       xor|   0|  0|    2|           1|           1|
    |xor_ln115_42_fu_7928_p2         |       xor|   0|  0|    2|           1|           1|
    |xor_ln115_43_fu_8038_p2         |       xor|   0|  0|    2|           1|           1|
    |xor_ln115_44_fu_8148_p2         |       xor|   0|  0|    2|           1|           1|
    |xor_ln115_45_fu_8258_p2         |       xor|   0|  0|    2|           1|           1|
    |xor_ln115_46_fu_8368_p2         |       xor|   0|  0|    2|           1|           1|
    |xor_ln115_47_fu_8478_p2         |       xor|   0|  0|    2|           1|           1|
    |xor_ln115_48_fu_8588_p2         |       xor|   0|  0|    2|           1|           1|
    |xor_ln115_49_fu_8698_p2         |       xor|   0|  0|    2|           1|           1|
    |xor_ln115_4_fu_3748_p2          |       xor|   0|  0|    2|           1|           1|
    |xor_ln115_50_fu_8808_p2         |       xor|   0|  0|    2|           1|           1|
    |xor_ln115_51_fu_8918_p2         |       xor|   0|  0|    2|           1|           1|
    |xor_ln115_52_fu_9028_p2         |       xor|   0|  0|    2|           1|           1|
    |xor_ln115_53_fu_9138_p2         |       xor|   0|  0|    2|           1|           1|
    |xor_ln115_54_fu_9248_p2         |       xor|   0|  0|    2|           1|           1|
    |xor_ln115_55_fu_9358_p2         |       xor|   0|  0|    2|           1|           1|
    |xor_ln115_56_fu_9468_p2         |       xor|   0|  0|    2|           1|           1|
    |xor_ln115_57_fu_9578_p2         |       xor|   0|  0|    2|           1|           1|
    |xor_ln115_58_fu_9688_p2         |       xor|   0|  0|    2|           1|           1|
    |xor_ln115_59_fu_9798_p2         |       xor|   0|  0|    2|           1|           1|
    |xor_ln115_5_fu_3858_p2          |       xor|   0|  0|    2|           1|           1|
    |xor_ln115_60_fu_9908_p2         |       xor|   0|  0|    2|           1|           1|
    |xor_ln115_61_fu_10018_p2        |       xor|   0|  0|    2|           1|           1|
    |xor_ln115_62_fu_10128_p2        |       xor|   0|  0|    2|           1|           1|
    |xor_ln115_63_fu_10238_p2        |       xor|   0|  0|    2|           1|           1|
    |xor_ln115_64_fu_10348_p2        |       xor|   0|  0|    2|           1|           1|
    |xor_ln115_65_fu_10458_p2        |       xor|   0|  0|    2|           1|           1|
    |xor_ln115_66_fu_10568_p2        |       xor|   0|  0|    2|           1|           1|
    |xor_ln115_67_fu_10678_p2        |       xor|   0|  0|    2|           1|           1|
    |xor_ln115_68_fu_10788_p2        |       xor|   0|  0|    2|           1|           1|
    |xor_ln115_69_fu_10898_p2        |       xor|   0|  0|    2|           1|           1|
    |xor_ln115_6_fu_3968_p2          |       xor|   0|  0|    2|           1|           1|
    |xor_ln115_70_fu_11008_p2        |       xor|   0|  0|    2|           1|           1|
    |xor_ln115_71_fu_11118_p2        |       xor|   0|  0|    2|           1|           1|
    |xor_ln115_72_fu_11228_p2        |       xor|   0|  0|    2|           1|           1|
    |xor_ln115_73_fu_11338_p2        |       xor|   0|  0|    2|           1|           1|
    |xor_ln115_74_fu_11448_p2        |       xor|   0|  0|    2|           1|           1|
    |xor_ln115_75_fu_11558_p2        |       xor|   0|  0|    2|           1|           1|
    |xor_ln115_76_fu_11668_p2        |       xor|   0|  0|    2|           1|           1|
    |xor_ln115_77_fu_11778_p2        |       xor|   0|  0|    2|           1|           1|
    |xor_ln115_78_fu_11888_p2        |       xor|   0|  0|    2|           1|           1|
    |xor_ln115_79_fu_11998_p2        |       xor|   0|  0|    2|           1|           1|
    |xor_ln115_7_fu_4078_p2          |       xor|   0|  0|    2|           1|           1|
    |xor_ln115_80_fu_12108_p2        |       xor|   0|  0|    2|           1|           1|
    |xor_ln115_81_fu_12218_p2        |       xor|   0|  0|    2|           1|           1|
    |xor_ln115_82_fu_12328_p2        |       xor|   0|  0|    2|           1|           1|
    |xor_ln115_83_fu_12438_p2        |       xor|   0|  0|    2|           1|           1|
    |xor_ln115_84_fu_12548_p2        |       xor|   0|  0|    2|           1|           1|
    |xor_ln115_85_fu_12658_p2        |       xor|   0|  0|    2|           1|           1|
    |xor_ln115_86_fu_12768_p2        |       xor|   0|  0|    2|           1|           1|
    |xor_ln115_87_fu_12878_p2        |       xor|   0|  0|    2|           1|           1|
    |xor_ln115_88_fu_12988_p2        |       xor|   0|  0|    2|           1|           1|
    |xor_ln115_89_fu_13098_p2        |       xor|   0|  0|    2|           1|           1|
    |xor_ln115_8_fu_4188_p2          |       xor|   0|  0|    2|           1|           1|
    |xor_ln115_90_fu_13208_p2        |       xor|   0|  0|    2|           1|           1|
    |xor_ln115_91_fu_13318_p2        |       xor|   0|  0|    2|           1|           1|
    |xor_ln115_92_fu_13428_p2        |       xor|   0|  0|    2|           1|           1|
    |xor_ln115_93_fu_13538_p2        |       xor|   0|  0|    2|           1|           1|
    |xor_ln115_94_fu_13648_p2        |       xor|   0|  0|    2|           1|           1|
    |xor_ln115_95_fu_13758_p2        |       xor|   0|  0|    2|           1|           1|
    |xor_ln115_96_fu_13868_p2        |       xor|   0|  0|    2|           1|           1|
    |xor_ln115_97_fu_13978_p2        |       xor|   0|  0|    2|           1|           1|
    |xor_ln115_98_fu_14088_p2        |       xor|   0|  0|    2|           1|           1|
    |xor_ln115_99_fu_14198_p2        |       xor|   0|  0|    2|           1|           1|
    |xor_ln115_9_fu_4298_p2          |       xor|   0|  0|    2|           1|           1|
    |xor_ln115_fu_3308_p2            |       xor|   0|  0|    2|           1|           1|
    |xor_ln159_fu_28567_p2           |       xor|   0|  0|    2|           1|           2|
    |xor_ln183_1_fu_25608_p2         |       xor|   0|  0|    2|           2|           1|
    |xor_ln183_fu_25592_p2           |       xor|   0|  0|    2|           1|           2|
    |xor_ln191_10_fu_26113_p2        |       xor|   0|  0|    2|           1|           2|
    |xor_ln191_11_fu_26225_p2        |       xor|   0|  0|    2|           1|           2|
    |xor_ln191_12_fu_26287_p2        |       xor|   0|  0|    2|           1|           2|
    |xor_ln191_13_fu_26308_p2        |       xor|   0|  0|    2|           1|           2|
    |xor_ln191_14_fu_26319_p2        |       xor|   0|  0|    2|           1|           2|
    |xor_ln191_15_fu_26341_p2        |       xor|   0|  0|    2|           1|           2|
    |xor_ln191_16_fu_26452_p2        |       xor|   0|  0|    2|           1|           2|
    |xor_ln191_17_fu_26514_p2        |       xor|   0|  0|    2|           1|           2|
    |xor_ln191_18_fu_26535_p2        |       xor|   0|  0|    2|           1|           2|
    |xor_ln191_19_fu_26546_p2        |       xor|   0|  0|    2|           1|           2|
    |xor_ln191_1_fu_25837_p2         |       xor|   0|  0|    2|           1|           2|
    |xor_ln191_20_fu_26568_p2        |       xor|   0|  0|    2|           1|           2|
    |xor_ln191_21_fu_26679_p2        |       xor|   0|  0|    2|           1|           2|
    |xor_ln191_22_fu_26741_p2        |       xor|   0|  0|    2|           1|           2|
    |xor_ln191_23_fu_26762_p2        |       xor|   0|  0|    2|           1|           2|
    |xor_ln191_24_fu_26773_p2        |       xor|   0|  0|    2|           1|           2|
    |xor_ln191_25_fu_26795_p2        |       xor|   0|  0|    2|           1|           2|
    |xor_ln191_26_fu_26906_p2        |       xor|   0|  0|    2|           1|           2|
    |xor_ln191_27_fu_26968_p2        |       xor|   0|  0|    2|           1|           2|
    |xor_ln191_28_fu_26989_p2        |       xor|   0|  0|    2|           1|           2|
    |xor_ln191_29_fu_27000_p2        |       xor|   0|  0|    2|           1|           2|
    |xor_ln191_2_fu_25848_p2         |       xor|   0|  0|    2|           1|           1|
    |xor_ln191_30_fu_27022_p2        |       xor|   0|  0|    2|           1|           2|
    |xor_ln191_31_fu_27133_p2        |       xor|   0|  0|    2|           1|           2|
    |xor_ln191_32_fu_27195_p2        |       xor|   0|  0|    2|           1|           2|
    |xor_ln191_33_fu_27216_p2        |       xor|   0|  0|    2|           1|           2|
    |xor_ln191_34_fu_27227_p2        |       xor|   0|  0|    2|           1|           2|
    |xor_ln191_35_fu_27249_p2        |       xor|   0|  0|    2|           1|           2|
    |xor_ln191_36_fu_27360_p2        |       xor|   0|  0|    2|           1|           2|
    |xor_ln191_37_fu_27422_p2        |       xor|   0|  0|    2|           1|           2|
    |xor_ln191_38_fu_27443_p2        |       xor|   0|  0|    2|           1|           2|
    |xor_ln191_39_fu_27454_p2        |       xor|   0|  0|    2|           1|           2|
    |xor_ln191_3_fu_25858_p2         |       xor|   0|  0|    2|           1|           2|
    |xor_ln191_40_fu_27476_p2        |       xor|   0|  0|    2|           1|           2|
    |xor_ln191_41_fu_27587_p2        |       xor|   0|  0|    2|           1|           2|
    |xor_ln191_42_fu_27649_p2        |       xor|   0|  0|    2|           1|           2|
    |xor_ln191_43_fu_27670_p2        |       xor|   0|  0|    2|           1|           2|
    |xor_ln191_44_fu_27681_p2        |       xor|   0|  0|    2|           1|           2|
    |xor_ln191_45_fu_27703_p2        |       xor|   0|  0|    2|           1|           2|
    |xor_ln191_46_fu_27814_p2        |       xor|   0|  0|    2|           1|           2|
    |xor_ln191_47_fu_27876_p2        |       xor|   0|  0|    2|           1|           2|
    |xor_ln191_48_fu_27897_p2        |       xor|   0|  0|    2|           1|           2|
    |xor_ln191_49_fu_27908_p2        |       xor|   0|  0|    2|           1|           2|
    |xor_ln191_4_fu_25853_p2         |       xor|   0|  0|    2|           1|           1|
    |xor_ln191_50_fu_27930_p2        |       xor|   0|  0|    2|           1|           2|
    |xor_ln191_51_fu_28041_p2        |       xor|   0|  0|    2|           1|           2|
    |xor_ln191_52_fu_28103_p2        |       xor|   0|  0|    2|           1|           2|
    |xor_ln191_53_fu_28124_p2        |       xor|   0|  0|    2|           1|           2|
    |xor_ln191_54_fu_28135_p2        |       xor|   0|  0|    2|           1|           2|
    |xor_ln191_55_fu_28157_p2        |       xor|   0|  0|    2|           1|           2|
    |xor_ln191_5_fu_25888_p2         |       xor|   0|  0|    2|           1|           2|
    |xor_ln191_6_fu_26030_p2         |       xor|   0|  0|    2|           1|           2|
    |xor_ln191_7_fu_26055_p2         |       xor|   0|  0|    2|           1|           2|
    |xor_ln191_8_fu_26078_p2         |       xor|   0|  0|    2|           1|           2|
    |xor_ln191_9_fu_26090_p2         |       xor|   0|  0|    2|           1|           2|
    |xor_ln191_fu_25826_p2           |       xor|   0|  0|    2|           1|           2|
    |xor_ln196_1_fu_28333_p2         |       xor|   0|  0|    2|           1|           2|
    |xor_ln196_2_fu_28354_p2         |       xor|   0|  0|    2|           1|           2|
    |xor_ln196_3_fu_28365_p2         |       xor|   0|  0|    2|           1|           2|
    |xor_ln196_4_fu_28387_p2         |       xor|   0|  0|    2|           1|           2|
    |xor_ln196_fu_28271_p2           |       xor|   0|  0|    2|           1|           2|
    |xor_ln198_fu_28550_p2           |       xor|   0|  0|    2|           1|           2|
    |xor_ln202_fu_28594_p2           |       xor|   0|  0|    2|           1|           2|
    |xor_ln206_fu_28511_p2           |       xor|   0|  0|    2|           1|           2|
    |xor_ln257_1_fu_25388_p2         |       xor|   0|  0|    2|           1|           1|
    |xor_ln257_fu_25376_p2           |       xor|   0|  0|    2|           1|           2|
    |xor_ln90_100_fu_18864_p2        |       xor|   0|  0|    2|           1|           2|
    |xor_ln90_101_fu_18876_p2        |       xor|   0|  0|    2|           1|           1|
    |xor_ln90_102_fu_18930_p2        |       xor|   0|  0|    2|           1|           2|
    |xor_ln90_103_fu_18942_p2        |       xor|   0|  0|    2|           1|           1|
    |xor_ln90_104_fu_18996_p2        |       xor|   0|  0|    2|           1|           2|
    |xor_ln90_105_fu_19008_p2        |       xor|   0|  0|    2|           1|           1|
    |xor_ln90_106_fu_19062_p2        |       xor|   0|  0|    2|           1|           2|
    |xor_ln90_107_fu_19074_p2        |       xor|   0|  0|    2|           1|           1|
    |xor_ln90_108_fu_19128_p2        |       xor|   0|  0|    2|           1|           2|
    |xor_ln90_109_fu_19140_p2        |       xor|   0|  0|    2|           1|           1|
    |xor_ln90_10_fu_15894_p2         |       xor|   0|  0|    2|           1|           2|
    |xor_ln90_110_fu_19194_p2        |       xor|   0|  0|    2|           1|           2|
    |xor_ln90_111_fu_19206_p2        |       xor|   0|  0|    2|           1|           1|
    |xor_ln90_112_fu_19260_p2        |       xor|   0|  0|    2|           1|           2|
    |xor_ln90_113_fu_19272_p2        |       xor|   0|  0|    2|           1|           1|
    |xor_ln90_114_fu_19326_p2        |       xor|   0|  0|    2|           1|           2|
    |xor_ln90_115_fu_19338_p2        |       xor|   0|  0|    2|           1|           1|
    |xor_ln90_116_fu_19392_p2        |       xor|   0|  0|    2|           1|           2|
    |xor_ln90_117_fu_19404_p2        |       xor|   0|  0|    2|           1|           1|
    |xor_ln90_118_fu_19458_p2        |       xor|   0|  0|    2|           1|           2|
    |xor_ln90_119_fu_19470_p2        |       xor|   0|  0|    2|           1|           1|
    |xor_ln90_11_fu_15906_p2         |       xor|   0|  0|    2|           1|           1|
    |xor_ln90_120_fu_19524_p2        |       xor|   0|  0|    2|           1|           2|
    |xor_ln90_121_fu_19536_p2        |       xor|   0|  0|    2|           1|           1|
    |xor_ln90_122_fu_19590_p2        |       xor|   0|  0|    2|           1|           2|
    |xor_ln90_123_fu_19602_p2        |       xor|   0|  0|    2|           1|           1|
    |xor_ln90_124_fu_19656_p2        |       xor|   0|  0|    2|           1|           2|
    |xor_ln90_125_fu_19668_p2        |       xor|   0|  0|    2|           1|           1|
    |xor_ln90_126_fu_19722_p2        |       xor|   0|  0|    2|           1|           2|
    |xor_ln90_127_fu_19734_p2        |       xor|   0|  0|    2|           1|           1|
    |xor_ln90_128_fu_23852_p2        |       xor|   0|  0|    2|           1|           2|
    |xor_ln90_129_fu_23864_p2        |       xor|   0|  0|    2|           1|           1|
    |xor_ln90_12_fu_15960_p2         |       xor|   0|  0|    2|           1|           2|
    |xor_ln90_130_fu_23918_p2        |       xor|   0|  0|    2|           1|           2|
    |xor_ln90_131_fu_23930_p2        |       xor|   0|  0|    2|           1|           1|
    |xor_ln90_132_fu_23984_p2        |       xor|   0|  0|    2|           1|           2|
    |xor_ln90_133_fu_23996_p2        |       xor|   0|  0|    2|           1|           1|
    |xor_ln90_134_fu_24050_p2        |       xor|   0|  0|    2|           1|           2|
    |xor_ln90_135_fu_24062_p2        |       xor|   0|  0|    2|           1|           1|
    |xor_ln90_136_fu_21772_p2        |       xor|   0|  0|    2|           1|           2|
    |xor_ln90_137_fu_21782_p2        |       xor|   0|  0|    2|           1|           1|
    |xor_ln90_138_fu_21801_p2        |       xor|   0|  0|    2|           1|           2|
    |xor_ln90_139_fu_21811_p2        |       xor|   0|  0|    2|           1|           1|
    |xor_ln90_13_fu_15972_p2         |       xor|   0|  0|    2|           1|           1|
    |xor_ln90_140_fu_21830_p2        |       xor|   0|  0|    2|           1|           2|
    |xor_ln90_141_fu_21840_p2        |       xor|   0|  0|    2|           1|           1|
    |xor_ln90_142_fu_21859_p2        |       xor|   0|  0|    2|           1|           2|
    |xor_ln90_143_fu_21869_p2        |       xor|   0|  0|    2|           1|           1|
    |xor_ln90_144_fu_21888_p2        |       xor|   0|  0|    2|           1|           2|
    |xor_ln90_145_fu_21898_p2        |       xor|   0|  0|    2|           1|           1|
    |xor_ln90_146_fu_21917_p2        |       xor|   0|  0|    2|           1|           2|
    |xor_ln90_147_fu_21927_p2        |       xor|   0|  0|    2|           1|           1|
    |xor_ln90_148_fu_21946_p2        |       xor|   0|  0|    2|           1|           2|
    |xor_ln90_149_fu_21956_p2        |       xor|   0|  0|    2|           1|           1|
    |xor_ln90_14_fu_16026_p2         |       xor|   0|  0|    2|           1|           2|
    |xor_ln90_150_fu_21975_p2        |       xor|   0|  0|    2|           1|           2|
    |xor_ln90_151_fu_21985_p2        |       xor|   0|  0|    2|           1|           1|
    |xor_ln90_152_fu_22004_p2        |       xor|   0|  0|    2|           1|           2|
    |xor_ln90_153_fu_22014_p2        |       xor|   0|  0|    2|           1|           1|
    |xor_ln90_154_fu_22033_p2        |       xor|   0|  0|    2|           1|           2|
    |xor_ln90_155_fu_22043_p2        |       xor|   0|  0|    2|           1|           1|
    |xor_ln90_156_fu_22062_p2        |       xor|   0|  0|    2|           1|           2|
    |xor_ln90_157_fu_22072_p2        |       xor|   0|  0|    2|           1|           1|
    |xor_ln90_158_fu_22091_p2        |       xor|   0|  0|    2|           1|           2|
    |xor_ln90_159_fu_22101_p2        |       xor|   0|  0|    2|           1|           1|
    |xor_ln90_15_fu_16038_p2         |       xor|   0|  0|    2|           1|           1|
    |xor_ln90_160_fu_22120_p2        |       xor|   0|  0|    2|           1|           2|
    |xor_ln90_161_fu_22130_p2        |       xor|   0|  0|    2|           1|           1|
    |xor_ln90_162_fu_22149_p2        |       xor|   0|  0|    2|           1|           2|
    |xor_ln90_163_fu_22159_p2        |       xor|   0|  0|    2|           1|           1|
    |xor_ln90_164_fu_22178_p2        |       xor|   0|  0|    2|           1|           2|
    |xor_ln90_165_fu_22188_p2        |       xor|   0|  0|    2|           1|           1|
    |xor_ln90_166_fu_22207_p2        |       xor|   0|  0|    2|           1|           2|
    |xor_ln90_167_fu_22217_p2        |       xor|   0|  0|    2|           1|           1|
    |xor_ln90_168_fu_22236_p2        |       xor|   0|  0|    2|           1|           2|
    |xor_ln90_169_fu_22246_p2        |       xor|   0|  0|    2|           1|           1|
    |xor_ln90_16_fu_16092_p2         |       xor|   0|  0|    2|           1|           2|
    |xor_ln90_170_fu_22265_p2        |       xor|   0|  0|    2|           1|           2|
    |xor_ln90_171_fu_22275_p2        |       xor|   0|  0|    2|           1|           1|
    |xor_ln90_172_fu_22294_p2        |       xor|   0|  0|    2|           1|           2|
    |xor_ln90_173_fu_22304_p2        |       xor|   0|  0|    2|           1|           1|
    |xor_ln90_174_fu_22323_p2        |       xor|   0|  0|    2|           1|           2|
    |xor_ln90_175_fu_22333_p2        |       xor|   0|  0|    2|           1|           1|
    |xor_ln90_176_fu_22352_p2        |       xor|   0|  0|    2|           1|           2|
    |xor_ln90_177_fu_22362_p2        |       xor|   0|  0|    2|           1|           1|
    |xor_ln90_178_fu_22381_p2        |       xor|   0|  0|    2|           1|           2|
    |xor_ln90_179_fu_22391_p2        |       xor|   0|  0|    2|           1|           1|
    |xor_ln90_17_fu_16104_p2         |       xor|   0|  0|    2|           1|           1|
    |xor_ln90_180_fu_22410_p2        |       xor|   0|  0|    2|           1|           2|
    |xor_ln90_181_fu_22420_p2        |       xor|   0|  0|    2|           1|           1|
    |xor_ln90_182_fu_22439_p2        |       xor|   0|  0|    2|           1|           2|
    |xor_ln90_183_fu_22449_p2        |       xor|   0|  0|    2|           1|           1|
    |xor_ln90_184_fu_22468_p2        |       xor|   0|  0|    2|           1|           2|
    |xor_ln90_185_fu_22478_p2        |       xor|   0|  0|    2|           1|           1|
    |xor_ln90_186_fu_22497_p2        |       xor|   0|  0|    2|           1|           2|
    |xor_ln90_187_fu_22507_p2        |       xor|   0|  0|    2|           1|           1|
    |xor_ln90_188_fu_22526_p2        |       xor|   0|  0|    2|           1|           2|
    |xor_ln90_189_fu_22536_p2        |       xor|   0|  0|    2|           1|           1|
    |xor_ln90_18_fu_16158_p2         |       xor|   0|  0|    2|           1|           2|
    |xor_ln90_190_fu_22555_p2        |       xor|   0|  0|    2|           1|           2|
    |xor_ln90_191_fu_22565_p2        |       xor|   0|  0|    2|           1|           1|
    |xor_ln90_192_fu_22584_p2        |       xor|   0|  0|    2|           1|           2|
    |xor_ln90_193_fu_22594_p2        |       xor|   0|  0|    2|           1|           1|
    |xor_ln90_194_fu_22613_p2        |       xor|   0|  0|    2|           1|           2|
    |xor_ln90_195_fu_22623_p2        |       xor|   0|  0|    2|           1|           1|
    |xor_ln90_196_fu_22642_p2        |       xor|   0|  0|    2|           1|           2|
    |xor_ln90_197_fu_22652_p2        |       xor|   0|  0|    2|           1|           1|
    |xor_ln90_198_fu_22671_p2        |       xor|   0|  0|    2|           1|           2|
    |xor_ln90_199_fu_22681_p2        |       xor|   0|  0|    2|           1|           1|
    |xor_ln90_19_fu_16170_p2         |       xor|   0|  0|    2|           1|           1|
    |xor_ln90_1_fu_15576_p2          |       xor|   0|  0|    2|           1|           1|
    |xor_ln90_200_fu_24828_p2        |       xor|   0|  0|    2|           1|           2|
    |xor_ln90_201_fu_24838_p2        |       xor|   0|  0|    2|           1|           1|
    |xor_ln90_202_fu_24857_p2        |       xor|   0|  0|    2|           1|           2|
    |xor_ln90_203_fu_24867_p2        |       xor|   0|  0|    2|           1|           1|
    |xor_ln90_204_fu_22736_p2        |       xor|   0|  0|    2|           1|           2|
    |xor_ln90_205_fu_22748_p2        |       xor|   0|  0|    2|           1|           1|
    |xor_ln90_206_fu_22806_p2        |       xor|   0|  0|    2|           1|           2|
    |xor_ln90_207_fu_22818_p2        |       xor|   0|  0|    2|           1|           1|
    |xor_ln90_208_fu_22876_p2        |       xor|   0|  0|    2|           1|           2|
    |xor_ln90_209_fu_22888_p2        |       xor|   0|  0|    2|           1|           1|
    |xor_ln90_20_fu_16224_p2         |       xor|   0|  0|    2|           1|           2|
    |xor_ln90_210_fu_22946_p2        |       xor|   0|  0|    2|           1|           2|
    |xor_ln90_211_fu_22958_p2        |       xor|   0|  0|    2|           1|           1|
    |xor_ln90_212_fu_23016_p2        |       xor|   0|  0|    2|           1|           2|
    |xor_ln90_213_fu_23028_p2        |       xor|   0|  0|    2|           1|           1|
    |xor_ln90_214_fu_23086_p2        |       xor|   0|  0|    2|           1|           2|
    |xor_ln90_215_fu_23098_p2        |       xor|   0|  0|    2|           1|           1|
    |xor_ln90_216_fu_23156_p2        |       xor|   0|  0|    2|           1|           2|
    |xor_ln90_217_fu_23168_p2        |       xor|   0|  0|    2|           1|           1|
    |xor_ln90_218_fu_23226_p2        |       xor|   0|  0|    2|           1|           2|
    |xor_ln90_219_fu_23238_p2        |       xor|   0|  0|    2|           1|           1|
    |xor_ln90_21_fu_16236_p2         |       xor|   0|  0|    2|           1|           1|
    |xor_ln90_220_fu_23296_p2        |       xor|   0|  0|    2|           1|           2|
    |xor_ln90_221_fu_23308_p2        |       xor|   0|  0|    2|           1|           1|
    |xor_ln90_222_fu_23366_p2        |       xor|   0|  0|    2|           1|           2|
    |xor_ln90_223_fu_23378_p2        |       xor|   0|  0|    2|           1|           1|
    |xor_ln90_224_fu_23436_p2        |       xor|   0|  0|    2|           1|           2|
    |xor_ln90_225_fu_23448_p2        |       xor|   0|  0|    2|           1|           1|
    |xor_ln90_226_fu_23506_p2        |       xor|   0|  0|    2|           1|           2|
    |xor_ln90_227_fu_23518_p2        |       xor|   0|  0|    2|           1|           1|
    |xor_ln90_228_fu_23576_p2        |       xor|   0|  0|    2|           1|           2|
    |xor_ln90_229_fu_23588_p2        |       xor|   0|  0|    2|           1|           1|
    |xor_ln90_22_fu_16290_p2         |       xor|   0|  0|    2|           1|           2|
    |xor_ln90_230_fu_23646_p2        |       xor|   0|  0|    2|           1|           2|
    |xor_ln90_231_fu_23658_p2        |       xor|   0|  0|    2|           1|           1|
    |xor_ln90_232_fu_23716_p2        |       xor|   0|  0|    2|           1|           2|
    |xor_ln90_233_fu_23728_p2        |       xor|   0|  0|    2|           1|           1|
    |xor_ln90_234_fu_23786_p2        |       xor|   0|  0|    2|           1|           2|
    |xor_ln90_235_fu_23798_p2        |       xor|   0|  0|    2|           1|           1|
    |xor_ln90_236_fu_24922_p2        |       xor|   0|  0|    2|           1|           2|
    |xor_ln90_237_fu_24934_p2        |       xor|   0|  0|    2|           1|           1|
    |xor_ln90_238_fu_24188_p2        |       xor|   0|  0|    2|           1|           2|
    |xor_ln90_239_fu_24200_p2        |       xor|   0|  0|    2|           1|           1|
    |xor_ln90_23_fu_16302_p2         |       xor|   0|  0|    2|           1|           1|
    |xor_ln90_240_fu_24254_p2        |       xor|   0|  0|    2|           1|           2|
    |xor_ln90_241_fu_24266_p2        |       xor|   0|  0|    2|           1|           1|
    |xor_ln90_242_fu_24320_p2        |       xor|   0|  0|    2|           1|           2|
    |xor_ln90_243_fu_24332_p2        |       xor|   0|  0|    2|           1|           1|
    |xor_ln90_244_fu_24386_p2        |       xor|   0|  0|    2|           1|           2|
    |xor_ln90_245_fu_24398_p2        |       xor|   0|  0|    2|           1|           1|
    |xor_ln90_246_fu_24452_p2        |       xor|   0|  0|    2|           1|           2|
    |xor_ln90_247_fu_24464_p2        |       xor|   0|  0|    2|           1|           1|
    |xor_ln90_248_fu_24518_p2        |       xor|   0|  0|    2|           1|           2|
    |xor_ln90_249_fu_24530_p2        |       xor|   0|  0|    2|           1|           1|
    |xor_ln90_24_fu_16356_p2         |       xor|   0|  0|    2|           1|           2|
    |xor_ln90_250_fu_24584_p2        |       xor|   0|  0|    2|           1|           2|
    |xor_ln90_251_fu_24596_p2        |       xor|   0|  0|    2|           1|           1|
    |xor_ln90_252_fu_24650_p2        |       xor|   0|  0|    2|           1|           2|
    |xor_ln90_253_fu_24662_p2        |       xor|   0|  0|    2|           1|           1|
    |xor_ln90_254_fu_24956_p2        |       xor|   0|  0|    2|           1|           2|
    |xor_ln90_255_fu_24966_p2        |       xor|   0|  0|    2|           1|           1|
    |xor_ln90_256_fu_24985_p2        |       xor|   0|  0|    2|           1|           2|
    |xor_ln90_257_fu_24995_p2        |       xor|   0|  0|    2|           1|           1|
    |xor_ln90_258_fu_25014_p2        |       xor|   0|  0|    2|           1|           2|
    |xor_ln90_259_fu_25024_p2        |       xor|   0|  0|    2|           1|           1|
    |xor_ln90_25_fu_16368_p2         |       xor|   0|  0|    2|           1|           1|
    |xor_ln90_260_fu_25043_p2        |       xor|   0|  0|    2|           1|           2|
    |xor_ln90_261_fu_25053_p2        |       xor|   0|  0|    2|           1|           1|
    |xor_ln90_262_fu_25108_p2        |       xor|   0|  0|    2|           1|           2|
    |xor_ln90_263_fu_25120_p2        |       xor|   0|  0|    2|           1|           1|
    |xor_ln90_264_fu_25178_p2        |       xor|   0|  0|    2|           1|           2|
    |xor_ln90_265_fu_25190_p2        |       xor|   0|  0|    2|           1|           1|
    |xor_ln90_266_fu_25244_p2        |       xor|   0|  0|    2|           1|           2|
    |xor_ln90_267_fu_25256_p2        |       xor|   0|  0|    2|           1|           1|
    |xor_ln90_268_fu_25312_p2        |       xor|   0|  0|    2|           1|           2|
    |xor_ln90_269_fu_25322_p2        |       xor|   0|  0|    2|           1|           1|
    |xor_ln90_26_fu_16422_p2         |       xor|   0|  0|    2|           1|           2|
    |xor_ln90_27_fu_16434_p2         |       xor|   0|  0|    2|           1|           1|
    |xor_ln90_28_fu_16488_p2         |       xor|   0|  0|    2|           1|           2|
    |xor_ln90_29_fu_16500_p2         |       xor|   0|  0|    2|           1|           1|
    |xor_ln90_2_fu_15630_p2          |       xor|   0|  0|    2|           1|           2|
    |xor_ln90_30_fu_16554_p2         |       xor|   0|  0|    2|           1|           2|
    |xor_ln90_31_fu_16566_p2         |       xor|   0|  0|    2|           1|           1|
    |xor_ln90_32_fu_16620_p2         |       xor|   0|  0|    2|           1|           2|
    |xor_ln90_33_fu_16632_p2         |       xor|   0|  0|    2|           1|           1|
    |xor_ln90_34_fu_16686_p2         |       xor|   0|  0|    2|           1|           2|
    |xor_ln90_35_fu_16698_p2         |       xor|   0|  0|    2|           1|           1|
    |xor_ln90_36_fu_16752_p2         |       xor|   0|  0|    2|           1|           2|
    |xor_ln90_37_fu_16764_p2         |       xor|   0|  0|    2|           1|           1|
    |xor_ln90_38_fu_16818_p2         |       xor|   0|  0|    2|           1|           2|
    |xor_ln90_39_fu_16830_p2         |       xor|   0|  0|    2|           1|           1|
    |xor_ln90_3_fu_15642_p2          |       xor|   0|  0|    2|           1|           1|
    |xor_ln90_40_fu_16884_p2         |       xor|   0|  0|    2|           1|           2|
    |xor_ln90_41_fu_16896_p2         |       xor|   0|  0|    2|           1|           1|
    |xor_ln90_42_fu_16950_p2         |       xor|   0|  0|    2|           1|           2|
    |xor_ln90_43_fu_16962_p2         |       xor|   0|  0|    2|           1|           1|
    |xor_ln90_44_fu_17016_p2         |       xor|   0|  0|    2|           1|           2|
    |xor_ln90_45_fu_17028_p2         |       xor|   0|  0|    2|           1|           1|
    |xor_ln90_46_fu_17082_p2         |       xor|   0|  0|    2|           1|           2|
    |xor_ln90_47_fu_17094_p2         |       xor|   0|  0|    2|           1|           1|
    |xor_ln90_48_fu_17148_p2         |       xor|   0|  0|    2|           1|           2|
    |xor_ln90_49_fu_17160_p2         |       xor|   0|  0|    2|           1|           1|
    |xor_ln90_4_fu_15696_p2          |       xor|   0|  0|    2|           1|           2|
    |xor_ln90_50_fu_17214_p2         |       xor|   0|  0|    2|           1|           2|
    |xor_ln90_51_fu_17226_p2         |       xor|   0|  0|    2|           1|           1|
    |xor_ln90_52_fu_17280_p2         |       xor|   0|  0|    2|           1|           2|
    |xor_ln90_53_fu_17292_p2         |       xor|   0|  0|    2|           1|           1|
    |xor_ln90_54_fu_17346_p2         |       xor|   0|  0|    2|           1|           2|
    |xor_ln90_55_fu_17358_p2         |       xor|   0|  0|    2|           1|           1|
    |xor_ln90_56_fu_17412_p2         |       xor|   0|  0|    2|           1|           2|
    |xor_ln90_57_fu_17424_p2         |       xor|   0|  0|    2|           1|           1|
    |xor_ln90_58_fu_17478_p2         |       xor|   0|  0|    2|           1|           2|
    |xor_ln90_59_fu_17490_p2         |       xor|   0|  0|    2|           1|           1|
    |xor_ln90_5_fu_15708_p2          |       xor|   0|  0|    2|           1|           1|
    |xor_ln90_60_fu_17544_p2         |       xor|   0|  0|    2|           1|           2|
    |xor_ln90_61_fu_17556_p2         |       xor|   0|  0|    2|           1|           1|
    |xor_ln90_62_fu_17610_p2         |       xor|   0|  0|    2|           1|           2|
    |xor_ln90_63_fu_17622_p2         |       xor|   0|  0|    2|           1|           1|
    |xor_ln90_64_fu_17676_p2         |       xor|   0|  0|    2|           1|           2|
    |xor_ln90_65_fu_17688_p2         |       xor|   0|  0|    2|           1|           1|
    |xor_ln90_66_fu_17742_p2         |       xor|   0|  0|    2|           1|           2|
    |xor_ln90_67_fu_17754_p2         |       xor|   0|  0|    2|           1|           1|
    |xor_ln90_68_fu_17808_p2         |       xor|   0|  0|    2|           1|           2|
    |xor_ln90_69_fu_17820_p2         |       xor|   0|  0|    2|           1|           1|
    |xor_ln90_6_fu_15762_p2          |       xor|   0|  0|    2|           1|           2|
    |xor_ln90_70_fu_17874_p2         |       xor|   0|  0|    2|           1|           2|
    |xor_ln90_71_fu_17886_p2         |       xor|   0|  0|    2|           1|           1|
    |xor_ln90_72_fu_17940_p2         |       xor|   0|  0|    2|           1|           2|
    |xor_ln90_73_fu_17952_p2         |       xor|   0|  0|    2|           1|           1|
    |xor_ln90_74_fu_18006_p2         |       xor|   0|  0|    2|           1|           2|
    |xor_ln90_75_fu_18018_p2         |       xor|   0|  0|    2|           1|           1|
    |xor_ln90_76_fu_18072_p2         |       xor|   0|  0|    2|           1|           2|
    |xor_ln90_77_fu_18084_p2         |       xor|   0|  0|    2|           1|           1|
    |xor_ln90_78_fu_18138_p2         |       xor|   0|  0|    2|           1|           2|
    |xor_ln90_79_fu_18150_p2         |       xor|   0|  0|    2|           1|           1|
    |xor_ln90_7_fu_15774_p2          |       xor|   0|  0|    2|           1|           1|
    |xor_ln90_80_fu_18204_p2         |       xor|   0|  0|    2|           1|           2|
    |xor_ln90_81_fu_18216_p2         |       xor|   0|  0|    2|           1|           1|
    |xor_ln90_82_fu_18270_p2         |       xor|   0|  0|    2|           1|           2|
    |xor_ln90_83_fu_18282_p2         |       xor|   0|  0|    2|           1|           1|
    |xor_ln90_84_fu_18336_p2         |       xor|   0|  0|    2|           1|           2|
    |xor_ln90_85_fu_18348_p2         |       xor|   0|  0|    2|           1|           1|
    |xor_ln90_86_fu_18402_p2         |       xor|   0|  0|    2|           1|           2|
    |xor_ln90_87_fu_18414_p2         |       xor|   0|  0|    2|           1|           1|
    |xor_ln90_88_fu_18468_p2         |       xor|   0|  0|    2|           1|           2|
    |xor_ln90_89_fu_18480_p2         |       xor|   0|  0|    2|           1|           1|
    |xor_ln90_8_fu_15828_p2          |       xor|   0|  0|    2|           1|           2|
    |xor_ln90_90_fu_18534_p2         |       xor|   0|  0|    2|           1|           2|
    |xor_ln90_91_fu_18546_p2         |       xor|   0|  0|    2|           1|           1|
    |xor_ln90_92_fu_18600_p2         |       xor|   0|  0|    2|           1|           2|
    |xor_ln90_93_fu_18612_p2         |       xor|   0|  0|    2|           1|           1|
    |xor_ln90_94_fu_18666_p2         |       xor|   0|  0|    2|           1|           2|
    |xor_ln90_95_fu_18678_p2         |       xor|   0|  0|    2|           1|           1|
    |xor_ln90_96_fu_18732_p2         |       xor|   0|  0|    2|           1|           2|
    |xor_ln90_97_fu_18744_p2         |       xor|   0|  0|    2|           1|           1|
    |xor_ln90_98_fu_18798_p2         |       xor|   0|  0|    2|           1|           2|
    |xor_ln90_99_fu_18810_p2         |       xor|   0|  0|    2|           1|           1|
    |xor_ln90_9_fu_15840_p2          |       xor|   0|  0|    2|           1|           1|
    |xor_ln90_fu_15564_p2            |       xor|   0|  0|    2|           1|           2|
    +--------------------------------+----------+----+---+-----+------------+------------+
    |Total                           |          |   0|  0|47859|       14683|       42683|
    +--------------------------------+----------+----+---+-----+------------+------------+

    * Multiplexer: 
    +----------------+-----+-----------+-----+-----------+
    |      Name      | LUT | Input Size| Bits| Total Bits|
    +----------------+-----+-----------+-----+-----------+
    |ap_NS_fsm       |  455|         92|    1|         92|
    |grp_fu_1416_p0  |   14|          3|   77|        231|
    |grp_fu_1416_p1  |   59|         11|   40|        440|
    +----------------+-----+-----------+-----+-----------+
    |Total           |  528|        106|  118|        763|
    +----------------+-----+-----------+-----+-----------+

    * Register: 
    +------------------------------+-----+----+-----+-----------+
    |             Name             |  FF | LUT| Bits| Const Bits|
    +------------------------------+-----+----+-----+-----------+
    |add_ln183_reg_30314           |   41|   0|   78|         37|
    |add_ln191_10_reg_30612        |  117|   0|  117|          0|
    |add_ln191_12_reg_30669        |  117|   0|  117|          0|
    |add_ln191_14_reg_30726        |  117|   0|  117|          0|
    |add_ln191_16_reg_30783        |  117|   0|  117|          0|
    |add_ln191_18_reg_30840        |  117|   0|  117|          0|
    |add_ln191_20_reg_30897        |  117|   0|  117|          0|
    |add_ln191_2_reg_30391         |  117|   0|  117|          0|
    |add_ln191_4_reg_30441         |  117|   0|  117|          0|
    |add_ln191_5_reg_30351         |   50|   0|   95|         45|
    |add_ln191_6_reg_30498         |  117|   0|  117|          0|
    |add_ln191_8_reg_30555         |  117|   0|  117|          0|
    |add_ln90_136_reg_29445        |   29|   0|   29|          0|
    |add_ln90_138_reg_29462        |   29|   0|   29|          0|
    |add_ln90_140_reg_29479        |   29|   0|   29|          0|
    |add_ln90_142_reg_29496        |   29|   0|   29|          0|
    |add_ln90_144_reg_29513        |   29|   0|   29|          0|
    |add_ln90_146_reg_29530        |   29|   0|   29|          0|
    |add_ln90_148_reg_29547        |   29|   0|   29|          0|
    |add_ln90_150_reg_29564        |   29|   0|   29|          0|
    |add_ln90_152_reg_29581        |   29|   0|   29|          0|
    |add_ln90_154_reg_29598        |   29|   0|   29|          0|
    |add_ln90_156_reg_29615        |   29|   0|   29|          0|
    |add_ln90_158_reg_29632        |   29|   0|   29|          0|
    |add_ln90_160_reg_29649        |   29|   0|   29|          0|
    |add_ln90_162_reg_29666        |   29|   0|   29|          0|
    |add_ln90_164_reg_29683        |   29|   0|   29|          0|
    |add_ln90_166_reg_29700        |   29|   0|   29|          0|
    |add_ln90_168_reg_29717        |   29|   0|   29|          0|
    |add_ln90_170_reg_29734        |   29|   0|   29|          0|
    |add_ln90_172_reg_29751        |   29|   0|   29|          0|
    |add_ln90_174_reg_29768        |   29|   0|   29|          0|
    |add_ln90_176_reg_29785        |   29|   0|   29|          0|
    |add_ln90_178_reg_29802        |   29|   0|   29|          0|
    |add_ln90_180_reg_29819        |   29|   0|   29|          0|
    |add_ln90_182_reg_29836        |   29|   0|   29|          0|
    |add_ln90_184_reg_29853        |   29|   0|   29|          0|
    |add_ln90_186_reg_29870        |   29|   0|   29|          0|
    |add_ln90_188_reg_29887        |   29|   0|   29|          0|
    |add_ln90_190_reg_29904        |   29|   0|   29|          0|
    |add_ln90_192_reg_29921        |   29|   0|   29|          0|
    |add_ln90_194_reg_29938        |   29|   0|   29|          0|
    |add_ln90_196_reg_29955        |   29|   0|   29|          0|
    |add_ln90_198_reg_29972        |   29|   0|   29|          0|
    |add_ln90_200_reg_30133        |   29|   0|   29|          0|
    |add_ln90_202_reg_30150        |   29|   0|   29|          0|
    |add_ln90_254_reg_30167        |   29|   0|   29|          0|
    |add_ln90_256_reg_30184        |   29|   0|   29|          0|
    |add_ln90_258_reg_30201        |   29|   0|   29|          0|
    |add_ln90_260_reg_30218        |   29|   0|   29|          0|
    |add_ln90_268_reg_30253        |   29|   0|   29|          0|
    |and_ln191_10_reg_30463        |    1|   0|    1|          0|
    |and_ln191_16_reg_30520        |    1|   0|    1|          0|
    |and_ln191_22_reg_30577        |    1|   0|    1|          0|
    |and_ln191_28_reg_30634        |    1|   0|    1|          0|
    |and_ln191_34_reg_30691        |    1|   0|    1|          0|
    |and_ln191_40_reg_30748        |    1|   0|    1|          0|
    |and_ln191_46_reg_30805        |    1|   0|    1|          0|
    |and_ln191_52_reg_30862        |    1|   0|    1|          0|
    |and_ln191_58_reg_30919        |    1|   0|    1|          0|
    |and_ln196_reg_30985           |    1|   0|    1|          0|
    |ap_CS_fsm                     |   91|   0|   91|          0|
    |b0_10_reg_30509               |   40|   0|   40|          0|
    |b0_13_reg_30566               |   40|   0|   40|          0|
    |b0_16_reg_30623               |   40|   0|   40|          0|
    |b0_19_reg_30680               |   40|   0|   40|          0|
    |b0_22_reg_30737               |   40|   0|   40|          0|
    |b0_25_reg_30794               |   40|   0|   40|          0|
    |b0_28_reg_30851               |   40|   0|   40|          0|
    |b0_31_reg_30908               |   40|   0|   40|          0|
    |b0_33_reg_30375               |   40|   0|   40|          0|
    |b0_34_reg_30430               |   40|   0|   40|          0|
    |b0_35_reg_30487               |   40|   0|   40|          0|
    |b0_36_reg_30544               |   40|   0|   40|          0|
    |b0_37_reg_30601               |   40|   0|   40|          0|
    |b0_38_reg_30658               |   40|   0|   40|          0|
    |b0_39_reg_30715               |   40|   0|   40|          0|
    |b0_3_reg_30403                |   40|   0|   40|          0|
    |b0_40_reg_30772               |   40|   0|   40|          0|
    |b0_41_reg_30829               |   40|   0|   40|          0|
    |b0_42_reg_30886               |   40|   0|   40|          0|
    |b0_43_reg_30943               |   40|   0|   40|          0|
    |b0_7_reg_30452                |   40|   0|   40|          0|
    |b0_reg_30365                  |   23|   0|   23|          0|
    |delta_over_alpha_1_reg_30270  |   29|   0|   29|          0|
    |icmp_ln159_reg_30280          |    1|   0|    1|          0|
    |icmp_ln177_reg_30293          |    1|   0|    1|          0|
    |icmp_ln191_10_reg_30589       |    1|   0|    1|          0|
    |icmp_ln191_11_reg_30596       |    1|   0|    1|          0|
    |icmp_ln191_12_reg_30641       |    1|   0|    1|          0|
    |icmp_ln191_13_reg_30646       |    1|   0|    1|          0|
    |icmp_ln191_14_reg_30653       |    1|   0|    1|          0|
    |icmp_ln191_15_reg_30698       |    1|   0|    1|          0|
    |icmp_ln191_16_reg_30703       |    1|   0|    1|          0|
    |icmp_ln191_17_reg_30710       |    1|   0|    1|          0|
    |icmp_ln191_18_reg_30755       |    1|   0|    1|          0|
    |icmp_ln191_19_reg_30760       |    1|   0|    1|          0|
    |icmp_ln191_1_reg_30418        |    1|   0|    1|          0|
    |icmp_ln191_20_reg_30767       |    1|   0|    1|          0|
    |icmp_ln191_21_reg_30812       |    1|   0|    1|          0|
    |icmp_ln191_22_reg_30817       |    1|   0|    1|          0|
    |icmp_ln191_23_reg_30824       |    1|   0|    1|          0|
    |icmp_ln191_24_reg_30869       |    1|   0|    1|          0|
    |icmp_ln191_25_reg_30874       |    1|   0|    1|          0|
    |icmp_ln191_26_reg_30881       |    1|   0|    1|          0|
    |icmp_ln191_27_reg_30926       |    1|   0|    1|          0|
    |icmp_ln191_28_reg_30931       |    1|   0|    1|          0|
    |icmp_ln191_29_reg_30938       |    1|   0|    1|          0|
    |icmp_ln191_2_reg_30425        |    1|   0|    1|          0|
    |icmp_ln191_3_reg_30470        |    1|   0|    1|          0|
    |icmp_ln191_4_reg_30475        |    1|   0|    1|          0|
    |icmp_ln191_5_reg_30482        |    1|   0|    1|          0|
    |icmp_ln191_6_reg_30527        |    1|   0|    1|          0|
    |icmp_ln191_7_reg_30532        |    1|   0|    1|          0|
    |icmp_ln191_8_reg_30539        |    1|   0|    1|          0|
    |icmp_ln191_9_reg_30584        |    1|   0|    1|          0|
    |icmp_ln191_reg_30413          |    1|   0|    1|          0|
    |icmp_ln196_1_reg_30997        |    1|   0|    1|          0|
    |icmp_ln196_2_reg_31004        |    1|   0|    1|          0|
    |icmp_ln196_reg_30992          |    1|   0|    1|          0|
    |mul_ln196_reg_30958           |   80|   0|   80|          0|
    |p_1_reg_30974                 |   40|   0|   40|          0|
    |reg_1420                      |  117|   0|  117|          0|
    |select_ln90_205_reg_30037     |   29|   0|   29|          0|
    |select_ln90_207_reg_30043     |   29|   0|   29|          0|
    |select_ln90_209_reg_30049     |   29|   0|   29|          0|
    |select_ln90_211_reg_30055     |   29|   0|   29|          0|
    |select_ln90_213_reg_30061     |   29|   0|   29|          0|
    |select_ln90_215_reg_30067     |   29|   0|   29|          0|
    |select_ln90_217_reg_30073     |   29|   0|   29|          0|
    |select_ln90_219_reg_30079     |   29|   0|   29|          0|
    |select_ln90_221_reg_30085     |   29|   0|   29|          0|
    |select_ln90_223_reg_30091     |   29|   0|   29|          0|
    |select_ln90_225_reg_30097     |   29|   0|   29|          0|
    |select_ln90_227_reg_30103     |   29|   0|   29|          0|
    |select_ln90_229_reg_30109     |   29|   0|   29|          0|
    |select_ln90_231_reg_30115     |   29|   0|   29|          0|
    |select_ln90_233_reg_30121     |   29|   0|   29|          0|
    |select_ln90_235_reg_30127     |   29|   0|   29|          0|
    |select_ln90_237_reg_30235     |   29|   0|   29|          0|
    |select_ln90_263_reg_30241     |   29|   0|   29|          0|
    |select_ln90_265_reg_30247     |   29|   0|   29|          0|
    |sext_ln191_1_reg_30381        |   80|   0|  117|         37|
    |sub_ln196_reg_30963           |   80|   0|   80|          0|
    |terms_100_reg_29277           |   29|   0|   29|          0|
    |terms_101_reg_29283           |   29|   0|   29|          0|
    |terms_102_reg_29289           |   29|   0|   29|          0|
    |terms_103_reg_29295           |   29|   0|   29|          0|
    |terms_104_reg_29301           |   29|   0|   29|          0|
    |terms_105_reg_29307           |   29|   0|   29|          0|
    |terms_106_reg_29313           |   29|   0|   29|          0|
    |terms_107_reg_29319           |   29|   0|   29|          0|
    |terms_108_reg_29325           |   29|   0|   29|          0|
    |terms_109_reg_29331           |   29|   0|   29|          0|
    |terms_10_reg_28701            |   29|   0|   29|          0|
    |terms_110_reg_29337           |   29|   0|   29|          0|
    |terms_111_reg_29343           |   29|   0|   29|          0|
    |terms_112_reg_29349           |   29|   0|   29|          0|
    |terms_113_reg_29355           |   29|   0|   29|          0|
    |terms_114_reg_29361           |   29|   0|   29|          0|
    |terms_115_reg_29367           |   29|   0|   29|          0|
    |terms_116_reg_29373           |   29|   0|   29|          0|
    |terms_117_reg_29379           |   29|   0|   29|          0|
    |terms_118_reg_29385           |   29|   0|   29|          0|
    |terms_119_reg_29391           |   29|   0|   29|          0|
    |terms_11_reg_28713            |   29|   0|   29|          0|
    |terms_120_reg_29397           |   29|   0|   29|          0|
    |terms_121_reg_29403           |   29|   0|   29|          0|
    |terms_122_reg_29409           |   29|   0|   29|          0|
    |terms_123_reg_29415           |   29|   0|   29|          0|
    |terms_124_reg_29421           |   29|   0|   29|          0|
    |terms_125_reg_29427           |   29|   0|   29|          0|
    |terms_126_reg_29433           |   29|   0|   29|          0|
    |terms_127_reg_29439           |   29|   0|   29|          0|
    |terms_128_reg_29989           |   29|   0|   29|          0|
    |terms_129_reg_29995           |   29|   0|   29|          0|
    |terms_12_reg_28726            |   29|   0|   29|          0|
    |terms_130_reg_30001           |   29|   0|   29|          0|
    |terms_131_reg_30007           |   29|   0|   29|          0|
    |terms_132_reg_30013           |   29|   0|   29|          0|
    |terms_133_reg_30019           |   29|   0|   29|          0|
    |terms_134_reg_30025           |   29|   0|   29|          0|
    |terms_135_reg_30031           |   29|   0|   29|          0|
    |terms_13_reg_28739            |   29|   0|   29|          0|
    |terms_14_reg_28753            |   29|   0|   29|          0|
    |terms_15_reg_28767            |   29|   0|   29|          0|
    |terms_16_reg_28773            |   29|   0|   29|          0|
    |terms_17_reg_28779            |   29|   0|   29|          0|
    |terms_18_reg_28785            |   29|   0|   29|          0|
    |terms_19_reg_28791            |   29|   0|   29|          0|
    |terms_1_reg_28647             |   29|   0|   29|          0|
    |terms_20_reg_28797            |   29|   0|   29|          0|
    |terms_21_reg_28803            |   29|   0|   29|          0|
    |terms_22_reg_28809            |   29|   0|   29|          0|
    |terms_23_reg_28815            |   29|   0|   29|          0|
    |terms_24_reg_28821            |   29|   0|   29|          0|
    |terms_25_reg_28827            |   29|   0|   29|          0|
    |terms_26_reg_28833            |   29|   0|   29|          0|
    |terms_27_reg_28839            |   29|   0|   29|          0|
    |terms_28_reg_28845            |   29|   0|   29|          0|
    |terms_29_reg_28851            |   29|   0|   29|          0|
    |terms_2_reg_28653             |   29|   0|   29|          0|
    |terms_30_reg_28857            |   29|   0|   29|          0|
    |terms_31_reg_28863            |   29|   0|   29|          0|
    |terms_32_reg_28869            |   29|   0|   29|          0|
    |terms_33_reg_28875            |   29|   0|   29|          0|
    |terms_34_reg_28881            |   29|   0|   29|          0|
    |terms_35_reg_28887            |   29|   0|   29|          0|
    |terms_36_reg_28893            |   29|   0|   29|          0|
    |terms_37_reg_28899            |   29|   0|   29|          0|
    |terms_38_reg_28905            |   29|   0|   29|          0|
    |terms_39_reg_28911            |   29|   0|   29|          0|
    |terms_3_reg_28659             |   29|   0|   29|          0|
    |terms_40_reg_28917            |   29|   0|   29|          0|
    |terms_41_reg_28923            |   29|   0|   29|          0|
    |terms_42_reg_28929            |   29|   0|   29|          0|
    |terms_43_reg_28935            |   29|   0|   29|          0|
    |terms_44_reg_28941            |   29|   0|   29|          0|
    |terms_45_reg_28947            |   29|   0|   29|          0|
    |terms_46_reg_28953            |   29|   0|   29|          0|
    |terms_47_reg_28959            |   29|   0|   29|          0|
    |terms_48_reg_28965            |   29|   0|   29|          0|
    |terms_49_reg_28971            |   29|   0|   29|          0|
    |terms_4_reg_28665             |   29|   0|   29|          0|
    |terms_50_reg_28977            |   29|   0|   29|          0|
    |terms_51_reg_28983            |   29|   0|   29|          0|
    |terms_52_reg_28989            |   29|   0|   29|          0|
    |terms_53_reg_28995            |   29|   0|   29|          0|
    |terms_54_reg_29001            |   29|   0|   29|          0|
    |terms_55_reg_29007            |   29|   0|   29|          0|
    |terms_56_reg_29013            |   29|   0|   29|          0|
    |terms_57_reg_29019            |   29|   0|   29|          0|
    |terms_58_reg_29025            |   29|   0|   29|          0|
    |terms_59_reg_29031            |   29|   0|   29|          0|
    |terms_5_reg_28671             |   29|   0|   29|          0|
    |terms_60_reg_29037            |   29|   0|   29|          0|
    |terms_61_reg_29043            |   29|   0|   29|          0|
    |terms_62_reg_29049            |   29|   0|   29|          0|
    |terms_63_reg_29055            |   29|   0|   29|          0|
    |terms_64_reg_29061            |   29|   0|   29|          0|
    |terms_65_reg_29067            |   29|   0|   29|          0|
    |terms_66_reg_29073            |   29|   0|   29|          0|
    |terms_67_reg_29079            |   29|   0|   29|          0|
    |terms_68_reg_29085            |   29|   0|   29|          0|
    |terms_69_reg_29091            |   29|   0|   29|          0|
    |terms_6_reg_28677             |   29|   0|   29|          0|
    |terms_70_reg_29097            |   29|   0|   29|          0|
    |terms_71_reg_29103            |   29|   0|   29|          0|
    |terms_72_reg_29109            |   29|   0|   29|          0|
    |terms_73_reg_29115            |   29|   0|   29|          0|
    |terms_74_reg_29121            |   29|   0|   29|          0|
    |terms_75_reg_29127            |   29|   0|   29|          0|
    |terms_76_reg_29133            |   29|   0|   29|          0|
    |terms_77_reg_29139            |   29|   0|   29|          0|
    |terms_78_reg_29145            |   29|   0|   29|          0|
    |terms_79_reg_29151            |   29|   0|   29|          0|
    |terms_7_reg_28683             |   29|   0|   29|          0|
    |terms_80_reg_29157            |   29|   0|   29|          0|
    |terms_81_reg_29163            |   29|   0|   29|          0|
    |terms_82_reg_29169            |   29|   0|   29|          0|
    |terms_83_reg_29175            |   29|   0|   29|          0|
    |terms_84_reg_29181            |   29|   0|   29|          0|
    |terms_85_reg_29187            |   29|   0|   29|          0|
    |terms_86_reg_29193            |   29|   0|   29|          0|
    |terms_87_reg_29199            |   29|   0|   29|          0|
    |terms_88_reg_29205            |   29|   0|   29|          0|
    |terms_89_reg_29211            |   29|   0|   29|          0|
    |terms_8_reg_28689             |   29|   0|   29|          0|
    |terms_90_reg_29217            |   29|   0|   29|          0|
    |terms_91_reg_29223            |   29|   0|   29|          0|
    |terms_92_reg_29229            |   29|   0|   29|          0|
    |terms_93_reg_29235            |   29|   0|   29|          0|
    |terms_94_reg_29241            |   29|   0|   29|          0|
    |terms_95_reg_29247            |   29|   0|   29|          0|
    |terms_96_reg_29253            |   29|   0|   29|          0|
    |terms_97_reg_29259            |   29|   0|   29|          0|
    |terms_98_reg_29265            |   29|   0|   29|          0|
    |terms_99_reg_29271            |   29|   0|   29|          0|
    |terms_9_reg_28695             |   29|   0|   29|          0|
    |terms_reg_28641               |   29|   0|   29|          0|
    |tmp_32_reg_28707              |    1|   0|    1|          0|
    |tmp_35_reg_28719              |    1|   0|    1|          0|
    |tmp_38_reg_28732              |    1|   0|    1|          0|
    |tmp_41_reg_28745              |    1|   0|    1|          0|
    |tmp_423_reg_29450             |    1|   0|    1|          0|
    |tmp_424_reg_29456             |    1|   0|    1|          0|
    |tmp_425_reg_29467             |    1|   0|    1|          0|
    |tmp_426_reg_29473             |    1|   0|    1|          0|
    |tmp_427_reg_29484             |    1|   0|    1|          0|
    |tmp_428_reg_29490             |    1|   0|    1|          0|
    |tmp_429_reg_29501             |    1|   0|    1|          0|
    |tmp_430_reg_29507             |    1|   0|    1|          0|
    |tmp_431_reg_29518             |    1|   0|    1|          0|
    |tmp_432_reg_29524             |    1|   0|    1|          0|
    |tmp_433_reg_29535             |    1|   0|    1|          0|
    |tmp_434_reg_29541             |    1|   0|    1|          0|
    |tmp_435_reg_29552             |    1|   0|    1|          0|
    |tmp_436_reg_29558             |    1|   0|    1|          0|
    |tmp_437_reg_29569             |    1|   0|    1|          0|
    |tmp_438_reg_29575             |    1|   0|    1|          0|
    |tmp_439_reg_29586             |    1|   0|    1|          0|
    |tmp_440_reg_29592             |    1|   0|    1|          0|
    |tmp_441_reg_29603             |    1|   0|    1|          0|
    |tmp_442_reg_29609             |    1|   0|    1|          0|
    |tmp_443_reg_29620             |    1|   0|    1|          0|
    |tmp_444_reg_29626             |    1|   0|    1|          0|
    |tmp_445_reg_29637             |    1|   0|    1|          0|
    |tmp_446_reg_29643             |    1|   0|    1|          0|
    |tmp_447_reg_29654             |    1|   0|    1|          0|
    |tmp_448_reg_29660             |    1|   0|    1|          0|
    |tmp_449_reg_29671             |    1|   0|    1|          0|
    |tmp_44_reg_28759              |    1|   0|    1|          0|
    |tmp_450_reg_29677             |    1|   0|    1|          0|
    |tmp_451_reg_29688             |    1|   0|    1|          0|
    |tmp_452_reg_29694             |    1|   0|    1|          0|
    |tmp_453_reg_29705             |    1|   0|    1|          0|
    |tmp_454_reg_29711             |    1|   0|    1|          0|
    |tmp_455_reg_29722             |    1|   0|    1|          0|
    |tmp_456_reg_29728             |    1|   0|    1|          0|
    |tmp_457_reg_29739             |    1|   0|    1|          0|
    |tmp_458_reg_29745             |    1|   0|    1|          0|
    |tmp_459_reg_29756             |    1|   0|    1|          0|
    |tmp_460_reg_29762             |    1|   0|    1|          0|
    |tmp_461_reg_29773             |    1|   0|    1|          0|
    |tmp_462_reg_29779             |    1|   0|    1|          0|
    |tmp_463_reg_29790             |    1|   0|    1|          0|
    |tmp_464_reg_29796             |    1|   0|    1|          0|
    |tmp_465_reg_29807             |    1|   0|    1|          0|
    |tmp_466_reg_29813             |    1|   0|    1|          0|
    |tmp_467_reg_29824             |    1|   0|    1|          0|
    |tmp_468_reg_29830             |    1|   0|    1|          0|
    |tmp_469_reg_29841             |    1|   0|    1|          0|
    |tmp_470_reg_29847             |    1|   0|    1|          0|
    |tmp_471_reg_29858             |    1|   0|    1|          0|
    |tmp_472_reg_29864             |    1|   0|    1|          0|
    |tmp_473_reg_29875             |    1|   0|    1|          0|
    |tmp_474_reg_29881             |    1|   0|    1|          0|
    |tmp_475_reg_29892             |    1|   0|    1|          0|
    |tmp_476_reg_29898             |    1|   0|    1|          0|
    |tmp_477_reg_29909             |    1|   0|    1|          0|
    |tmp_478_reg_29915             |    1|   0|    1|          0|
    |tmp_479_reg_29926             |    1|   0|    1|          0|
    |tmp_480_reg_29932             |    1|   0|    1|          0|
    |tmp_481_reg_29943             |    1|   0|    1|          0|
    |tmp_482_reg_29949             |    1|   0|    1|          0|
    |tmp_483_reg_29960             |    1|   0|    1|          0|
    |tmp_484_reg_29966             |    1|   0|    1|          0|
    |tmp_485_reg_29977             |    1|   0|    1|          0|
    |tmp_486_reg_29983             |    1|   0|    1|          0|
    |tmp_487_reg_30138             |    1|   0|    1|          0|
    |tmp_488_reg_30144             |    1|   0|    1|          0|
    |tmp_489_reg_30155             |    1|   0|    1|          0|
    |tmp_490_reg_30161             |    1|   0|    1|          0|
    |tmp_541_reg_30172             |    1|   0|    1|          0|
    |tmp_542_reg_30178             |    1|   0|    1|          0|
    |tmp_543_reg_30189             |    1|   0|    1|          0|
    |tmp_544_reg_30195             |    1|   0|    1|          0|
    |tmp_545_reg_30206             |    1|   0|    1|          0|
    |tmp_546_reg_30212             |    1|   0|    1|          0|
    |tmp_547_reg_30223             |    1|   0|    1|          0|
    |tmp_548_reg_30331             |    2|   0|    2|          0|
    |tmp_550_reg_30229             |    1|   0|    1|          0|
    |tmp_557_reg_30258             |    1|   0|    1|          0|
    |tmp_558_reg_30264             |    1|   0|    1|          0|
    |tmp_563_reg_30309             |    1|   0|    1|          0|
    |tmp_568_reg_30319             |    1|   0|    1|          0|
    |tmp_569_reg_30325             |    1|   0|    1|          0|
    |tmp_582_reg_30356             |    1|   0|    1|          0|
    |tmp_583_reg_30370             |    1|   0|    1|          0|
    |tmp_585_reg_30397             |    1|   0|    1|          0|
    |tmp_586_reg_30408             |    1|   0|    1|          0|
    |tmp_592_reg_30446             |    1|   0|    1|          0|
    |tmp_597_reg_30457             |    1|   0|    1|          0|
    |tmp_599_reg_30503             |    1|   0|    1|          0|
    |tmp_604_reg_30514             |    1|   0|    1|          0|
    |tmp_606_reg_30560             |    1|   0|    1|          0|
    |tmp_611_reg_30571             |    1|   0|    1|          0|
    |tmp_613_reg_30617             |    1|   0|    1|          0|
    |tmp_618_reg_30628             |    1|   0|    1|          0|
    |tmp_620_reg_30674             |    1|   0|    1|          0|
    |tmp_625_reg_30685             |    1|   0|    1|          0|
    |tmp_627_reg_30731             |    1|   0|    1|          0|
    |tmp_632_reg_30742             |    1|   0|    1|          0|
    |tmp_634_reg_30788             |    1|   0|    1|          0|
    |tmp_637_reg_30799             |    1|   0|    1|          0|
    |tmp_639_reg_30845             |    1|   0|    1|          0|
    |tmp_642_reg_30856             |    1|   0|    1|          0|
    |tmp_644_reg_30902             |    1|   0|    1|          0|
    |tmp_647_reg_30913             |    1|   0|    1|          0|
    |tmp_649_reg_30968             |    1|   0|    1|          0|
    |tmp_652_reg_30979             |    1|   0|    1|          0|
    |trunc_ln1_reg_30304           |   37|   0|   37|          0|
    |trunc_ln257_reg_30275         |   28|   0|   28|          0|
    |x_136_reg_30287               |   28|   0|   28|          0|
    |y_69_reg_30337                |   40|   0|   40|          0|
    +------------------------------+-----+----+-----+-----------+
    |Total                         | 8557|   0| 8676|        119|
    +------------------------------+-----+----+-----+-----------+



================================================================
== Interface
================================================================
* Summary: 
+-------------+-----+-----+--------------+------------------------+--------------+
|  RTL Ports  | Dir | Bits|   Protocol   |      Source Object     |    C Type    |
+-------------+-----+-----+--------------+------------------------+--------------+
|ap_clk       |   in|    1|  ap_ctrl_none|  uniform_move_operation|  return value|
|ap_rst       |   in|    1|  ap_ctrl_none|  uniform_move_operation|  return value|
|h_0          |   in|   29|       ap_none|                     h_0|       pointer|
|h_1          |   in|   29|       ap_none|                     h_1|       pointer|
|h_2          |   in|   29|       ap_none|                     h_2|       pointer|
|h_3          |   in|   29|       ap_none|                     h_3|       pointer|
|h_4          |   in|   29|       ap_none|                     h_4|       pointer|
|h_5          |   in|   29|       ap_none|                     h_5|       pointer|
|h_6          |   in|   29|       ap_none|                     h_6|       pointer|
|h_7          |   in|   29|       ap_none|                     h_7|       pointer|
|h_8          |   in|   29|       ap_none|                     h_8|       pointer|
|h_9          |   in|   29|       ap_none|                     h_9|       pointer|
|h_10         |   in|   29|       ap_none|                    h_10|       pointer|
|h_11         |   in|   29|       ap_none|                    h_11|       pointer|
|h_12         |   in|   29|       ap_none|                    h_12|       pointer|
|h_13         |   in|   29|       ap_none|                    h_13|       pointer|
|h_14         |   in|   29|       ap_none|                    h_14|       pointer|
|h_15         |   in|   29|       ap_none|                    h_15|       pointer|
|J_edges_0    |   in|   29|       ap_none|               J_edges_0|       pointer|
|J_edges_1    |   in|   29|       ap_none|               J_edges_1|       pointer|
|J_edges_2    |   in|   29|       ap_none|               J_edges_2|       pointer|
|J_edges_3    |   in|   29|       ap_none|               J_edges_3|       pointer|
|J_edges_4    |   in|   29|       ap_none|               J_edges_4|       pointer|
|J_edges_5    |   in|   29|       ap_none|               J_edges_5|       pointer|
|J_edges_6    |   in|   29|       ap_none|               J_edges_6|       pointer|
|J_edges_7    |   in|   29|       ap_none|               J_edges_7|       pointer|
|J_edges_8    |   in|   29|       ap_none|               J_edges_8|       pointer|
|J_edges_9    |   in|   29|       ap_none|               J_edges_9|       pointer|
|J_edges_10   |   in|   29|       ap_none|              J_edges_10|       pointer|
|J_edges_11   |   in|   29|       ap_none|              J_edges_11|       pointer|
|J_edges_12   |   in|   29|       ap_none|              J_edges_12|       pointer|
|J_edges_13   |   in|   29|       ap_none|              J_edges_13|       pointer|
|J_edges_14   |   in|   29|       ap_none|              J_edges_14|       pointer|
|J_edges_15   |   in|   29|       ap_none|              J_edges_15|       pointer|
|J_edges_16   |   in|   29|       ap_none|              J_edges_16|       pointer|
|J_edges_17   |   in|   29|       ap_none|              J_edges_17|       pointer|
|J_edges_18   |   in|   29|       ap_none|              J_edges_18|       pointer|
|J_edges_19   |   in|   29|       ap_none|              J_edges_19|       pointer|
|J_edges_20   |   in|   29|       ap_none|              J_edges_20|       pointer|
|J_edges_21   |   in|   29|       ap_none|              J_edges_21|       pointer|
|J_edges_22   |   in|   29|       ap_none|              J_edges_22|       pointer|
|J_edges_23   |   in|   29|       ap_none|              J_edges_23|       pointer|
|J_edges_24   |   in|   29|       ap_none|              J_edges_24|       pointer|
|J_edges_25   |   in|   29|       ap_none|              J_edges_25|       pointer|
|J_edges_26   |   in|   29|       ap_none|              J_edges_26|       pointer|
|J_edges_27   |   in|   29|       ap_none|              J_edges_27|       pointer|
|J_edges_28   |   in|   29|       ap_none|              J_edges_28|       pointer|
|J_edges_29   |   in|   29|       ap_none|              J_edges_29|       pointer|
|J_edges_30   |   in|   29|       ap_none|              J_edges_30|       pointer|
|J_edges_31   |   in|   29|       ap_none|              J_edges_31|       pointer|
|J_edges_32   |   in|   29|       ap_none|              J_edges_32|       pointer|
|J_edges_33   |   in|   29|       ap_none|              J_edges_33|       pointer|
|J_edges_34   |   in|   29|       ap_none|              J_edges_34|       pointer|
|J_edges_35   |   in|   29|       ap_none|              J_edges_35|       pointer|
|J_edges_36   |   in|   29|       ap_none|              J_edges_36|       pointer|
|J_edges_37   |   in|   29|       ap_none|              J_edges_37|       pointer|
|J_edges_38   |   in|   29|       ap_none|              J_edges_38|       pointer|
|J_edges_39   |   in|   29|       ap_none|              J_edges_39|       pointer|
|J_edges_40   |   in|   29|       ap_none|              J_edges_40|       pointer|
|J_edges_41   |   in|   29|       ap_none|              J_edges_41|       pointer|
|J_edges_42   |   in|   29|       ap_none|              J_edges_42|       pointer|
|J_edges_43   |   in|   29|       ap_none|              J_edges_43|       pointer|
|J_edges_44   |   in|   29|       ap_none|              J_edges_44|       pointer|
|J_edges_45   |   in|   29|       ap_none|              J_edges_45|       pointer|
|J_edges_46   |   in|   29|       ap_none|              J_edges_46|       pointer|
|J_edges_47   |   in|   29|       ap_none|              J_edges_47|       pointer|
|J_edges_48   |   in|   29|       ap_none|              J_edges_48|       pointer|
|J_edges_49   |   in|   29|       ap_none|              J_edges_49|       pointer|
|J_edges_50   |   in|   29|       ap_none|              J_edges_50|       pointer|
|J_edges_51   |   in|   29|       ap_none|              J_edges_51|       pointer|
|J_edges_52   |   in|   29|       ap_none|              J_edges_52|       pointer|
|J_edges_53   |   in|   29|       ap_none|              J_edges_53|       pointer|
|J_edges_54   |   in|   29|       ap_none|              J_edges_54|       pointer|
|J_edges_55   |   in|   29|       ap_none|              J_edges_55|       pointer|
|J_edges_56   |   in|   29|       ap_none|              J_edges_56|       pointer|
|J_edges_57   |   in|   29|       ap_none|              J_edges_57|       pointer|
|J_edges_58   |   in|   29|       ap_none|              J_edges_58|       pointer|
|J_edges_59   |   in|   29|       ap_none|              J_edges_59|       pointer|
|J_edges_60   |   in|   29|       ap_none|              J_edges_60|       pointer|
|J_edges_61   |   in|   29|       ap_none|              J_edges_61|       pointer|
|J_edges_62   |   in|   29|       ap_none|              J_edges_62|       pointer|
|J_edges_63   |   in|   29|       ap_none|              J_edges_63|       pointer|
|J_edges_64   |   in|   29|       ap_none|              J_edges_64|       pointer|
|J_edges_65   |   in|   29|       ap_none|              J_edges_65|       pointer|
|J_edges_66   |   in|   29|       ap_none|              J_edges_66|       pointer|
|J_edges_67   |   in|   29|       ap_none|              J_edges_67|       pointer|
|J_edges_68   |   in|   29|       ap_none|              J_edges_68|       pointer|
|J_edges_69   |   in|   29|       ap_none|              J_edges_69|       pointer|
|J_edges_70   |   in|   29|       ap_none|              J_edges_70|       pointer|
|J_edges_71   |   in|   29|       ap_none|              J_edges_71|       pointer|
|J_edges_72   |   in|   29|       ap_none|              J_edges_72|       pointer|
|J_edges_73   |   in|   29|       ap_none|              J_edges_73|       pointer|
|J_edges_74   |   in|   29|       ap_none|              J_edges_74|       pointer|
|J_edges_75   |   in|   29|       ap_none|              J_edges_75|       pointer|
|J_edges_76   |   in|   29|       ap_none|              J_edges_76|       pointer|
|J_edges_77   |   in|   29|       ap_none|              J_edges_77|       pointer|
|J_edges_78   |   in|   29|       ap_none|              J_edges_78|       pointer|
|J_edges_79   |   in|   29|       ap_none|              J_edges_79|       pointer|
|J_edges_80   |   in|   29|       ap_none|              J_edges_80|       pointer|
|J_edges_81   |   in|   29|       ap_none|              J_edges_81|       pointer|
|J_edges_82   |   in|   29|       ap_none|              J_edges_82|       pointer|
|J_edges_83   |   in|   29|       ap_none|              J_edges_83|       pointer|
|J_edges_84   |   in|   29|       ap_none|              J_edges_84|       pointer|
|J_edges_85   |   in|   29|       ap_none|              J_edges_85|       pointer|
|J_edges_86   |   in|   29|       ap_none|              J_edges_86|       pointer|
|J_edges_87   |   in|   29|       ap_none|              J_edges_87|       pointer|
|J_edges_88   |   in|   29|       ap_none|              J_edges_88|       pointer|
|J_edges_89   |   in|   29|       ap_none|              J_edges_89|       pointer|
|J_edges_90   |   in|   29|       ap_none|              J_edges_90|       pointer|
|J_edges_91   |   in|   29|       ap_none|              J_edges_91|       pointer|
|J_edges_92   |   in|   29|       ap_none|              J_edges_92|       pointer|
|J_edges_93   |   in|   29|       ap_none|              J_edges_93|       pointer|
|J_edges_94   |   in|   29|       ap_none|              J_edges_94|       pointer|
|J_edges_95   |   in|   29|       ap_none|              J_edges_95|       pointer|
|J_edges_96   |   in|   29|       ap_none|              J_edges_96|       pointer|
|J_edges_97   |   in|   29|       ap_none|              J_edges_97|       pointer|
|J_edges_98   |   in|   29|       ap_none|              J_edges_98|       pointer|
|J_edges_99   |   in|   29|       ap_none|              J_edges_99|       pointer|
|J_edges_100  |   in|   29|       ap_none|             J_edges_100|       pointer|
|J_edges_101  |   in|   29|       ap_none|             J_edges_101|       pointer|
|J_edges_102  |   in|   29|       ap_none|             J_edges_102|       pointer|
|J_edges_103  |   in|   29|       ap_none|             J_edges_103|       pointer|
|J_edges_104  |   in|   29|       ap_none|             J_edges_104|       pointer|
|J_edges_105  |   in|   29|       ap_none|             J_edges_105|       pointer|
|J_edges_106  |   in|   29|       ap_none|             J_edges_106|       pointer|
|J_edges_107  |   in|   29|       ap_none|             J_edges_107|       pointer|
|J_edges_108  |   in|   29|       ap_none|             J_edges_108|       pointer|
|J_edges_109  |   in|   29|       ap_none|             J_edges_109|       pointer|
|J_edges_110  |   in|   29|       ap_none|             J_edges_110|       pointer|
|J_edges_111  |   in|   29|       ap_none|             J_edges_111|       pointer|
|J_edges_112  |   in|   29|       ap_none|             J_edges_112|       pointer|
|J_edges_113  |   in|   29|       ap_none|             J_edges_113|       pointer|
|J_edges_114  |   in|   29|       ap_none|             J_edges_114|       pointer|
|J_edges_115  |   in|   29|       ap_none|             J_edges_115|       pointer|
|J_edges_116  |   in|   29|       ap_none|             J_edges_116|       pointer|
|J_edges_117  |   in|   29|       ap_none|             J_edges_117|       pointer|
|J_edges_118  |   in|   29|       ap_none|             J_edges_118|       pointer|
|J_edges_119  |   in|   29|       ap_none|             J_edges_119|       pointer|
|new_spins    |   in|   16|       ap_none|               new_spins|        scalar|
|old_energy   |   in|   29|       ap_none|              old_energy|        scalar|
|new_energy   |  out|   29|       ap_none|              new_energy|       pointer|
|delta_x      |  out|   29|       ap_none|                 delta_x|       pointer|
|accept_prob  |  out|   32|       ap_none|             accept_prob|       pointer|
+-------------+-----+-----+--------------+------------------------+--------------+

