

================================================================
== Synthesis Summary Report of 'uniform_metropolis_step'
================================================================
+ General Information: 
    * Date:           Tue May 19 20:45:36 2026
    * Version:        2025.2 (Build 6295257 on Nov 14 2025)
    * Project:        hls_uniform_metropolis_step_N26
    * Solution:       hls (Vivado IP Flow Target)
    * Product family: virtexuplus
    * Target device:  xcvu19p-fsva3824-2-e
    

* Performance & Resource Estimates: 
+---------------------------+------+---------------+----------+---------+------+----------+---------+---------+------+------+---------+-------------+------------+-----+
|          Modules          | Issue|               | Iteration|         | Trip |          |      Latency      |      |      |         |             |            |     |
|          & Loops          | Type | Violation Type|  Latency | Interval| Count| Pipelined| (cycles)|   (ns)  | Slack| BRAM |   DSP   |      FF     |     LUT    | URAM|
+---------------------------+------+---------------+----------+---------+------+----------+---------+---------+------+------+---------+-------------+------------+-----+
|+ uniform_metropolis_step  |     -|              -|         -|      178|     -|        no|      177|  589.941|  0.04|     -|  7 (~0%)|  22223 (~0%)|  49437 (1%)|    -|
| + uniform_delta_energy    |     -|              -|         -|      165|     -|        no|      165|  549.945|  0.04|     -|        -|   7246 (~0%)|  48468 (1%)|    -|
+---------------------------+------+---------------+----------+---------+------+----------+---------+---------+------+------+---------+-------------+------------+-----+
    Name Prefix: '+' for module, 'o' for loop, '*' for dataflow


================================================================
== HW Interfaces
================================================================
* Other Ports
+--------------+---------+-----------+----------+
| Port         | Mode    | Direction | Bitwidth |
+--------------+---------+-----------+----------+
| J_0_0        | ap_none | in        | 40       |
| J_0_1        | ap_none | in        | 40       |
| J_0_10       | ap_none | in        | 40       |
| J_0_11       | ap_none | in        | 40       |
| J_0_12       | ap_none | in        | 40       |
| J_0_13       | ap_none | in        | 40       |
| J_0_14       | ap_none | in        | 40       |
| J_0_15       | ap_none | in        | 40       |
| J_0_16       | ap_none | in        | 40       |
| J_0_17       | ap_none | in        | 40       |
| J_0_18       | ap_none | in        | 40       |
| J_0_19       | ap_none | in        | 40       |
| J_0_2        | ap_none | in        | 40       |
| J_0_20       | ap_none | in        | 40       |
| J_0_21       | ap_none | in        | 40       |
| J_0_22       | ap_none | in        | 40       |
| J_0_23       | ap_none | in        | 40       |
| J_0_24       | ap_none | in        | 40       |
| J_0_25       | ap_none | in        | 40       |
| J_0_3        | ap_none | in        | 40       |
| J_0_4        | ap_none | in        | 40       |
| J_0_5        | ap_none | in        | 40       |
| J_0_6        | ap_none | in        | 40       |
| J_0_7        | ap_none | in        | 40       |
| J_0_8        | ap_none | in        | 40       |
| J_0_9        | ap_none | in        | 40       |
| J_10_0       | ap_none | in        | 40       |
| J_10_1       | ap_none | in        | 40       |
| J_10_10      | ap_none | in        | 40       |
| J_10_11      | ap_none | in        | 40       |
| J_10_12      | ap_none | in        | 40       |
| J_10_13      | ap_none | in        | 40       |
| J_10_14      | ap_none | in        | 40       |
| J_10_15      | ap_none | in        | 40       |
| J_10_16      | ap_none | in        | 40       |
| J_10_17      | ap_none | in        | 40       |
| J_10_18      | ap_none | in        | 40       |
| J_10_19      | ap_none | in        | 40       |
| J_10_2       | ap_none | in        | 40       |
| J_10_20      | ap_none | in        | 40       |
| J_10_21      | ap_none | in        | 40       |
| J_10_22      | ap_none | in        | 40       |
| J_10_23      | ap_none | in        | 40       |
| J_10_24      | ap_none | in        | 40       |
| J_10_25      | ap_none | in        | 40       |
| J_10_3       | ap_none | in        | 40       |
| J_10_4       | ap_none | in        | 40       |
| J_10_5       | ap_none | in        | 40       |
| J_10_6       | ap_none | in        | 40       |
| J_10_7       | ap_none | in        | 40       |
| J_10_8       | ap_none | in        | 40       |
| J_10_9       | ap_none | in        | 40       |
| J_11_0       | ap_none | in        | 40       |
| J_11_1       | ap_none | in        | 40       |
| J_11_10      | ap_none | in        | 40       |
| J_11_11      | ap_none | in        | 40       |
| J_11_12      | ap_none | in        | 40       |
| J_11_13      | ap_none | in        | 40       |
| J_11_14      | ap_none | in        | 40       |
| J_11_15      | ap_none | in        | 40       |
| J_11_16      | ap_none | in        | 40       |
| J_11_17      | ap_none | in        | 40       |
| J_11_18      | ap_none | in        | 40       |
| J_11_19      | ap_none | in        | 40       |
| J_11_2       | ap_none | in        | 40       |
| J_11_20      | ap_none | in        | 40       |
| J_11_21      | ap_none | in        | 40       |
| J_11_22      | ap_none | in        | 40       |
| J_11_23      | ap_none | in        | 40       |
| J_11_24      | ap_none | in        | 40       |
| J_11_25      | ap_none | in        | 40       |
| J_11_3       | ap_none | in        | 40       |
| J_11_4       | ap_none | in        | 40       |
| J_11_5       | ap_none | in        | 40       |
| J_11_6       | ap_none | in        | 40       |
| J_11_7       | ap_none | in        | 40       |
| J_11_8       | ap_none | in        | 40       |
| J_11_9       | ap_none | in        | 40       |
| J_12_0       | ap_none | in        | 40       |
| J_12_1       | ap_none | in        | 40       |
| J_12_10      | ap_none | in        | 40       |
| J_12_11      | ap_none | in        | 40       |
| J_12_12      | ap_none | in        | 40       |
| J_12_13      | ap_none | in        | 40       |
| J_12_14      | ap_none | in        | 40       |
| J_12_15      | ap_none | in        | 40       |
| J_12_16      | ap_none | in        | 40       |
| J_12_17      | ap_none | in        | 40       |
| J_12_18      | ap_none | in        | 40       |
| J_12_19      | ap_none | in        | 40       |
| J_12_2       | ap_none | in        | 40       |
| J_12_20      | ap_none | in        | 40       |
| J_12_21      | ap_none | in        | 40       |
| J_12_22      | ap_none | in        | 40       |
| J_12_23      | ap_none | in        | 40       |
| J_12_24      | ap_none | in        | 40       |
| J_12_25      | ap_none | in        | 40       |
| J_12_3       | ap_none | in        | 40       |
| J_12_4       | ap_none | in        | 40       |
| J_12_5       | ap_none | in        | 40       |
| J_12_6       | ap_none | in        | 40       |
| J_12_7       | ap_none | in        | 40       |
| J_12_8       | ap_none | in        | 40       |
| J_12_9       | ap_none | in        | 40       |
| J_13_0       | ap_none | in        | 40       |
| J_13_1       | ap_none | in        | 40       |
| J_13_10      | ap_none | in        | 40       |
| J_13_11      | ap_none | in        | 40       |
| J_13_12      | ap_none | in        | 40       |
| J_13_13      | ap_none | in        | 40       |
| J_13_14      | ap_none | in        | 40       |
| J_13_15      | ap_none | in        | 40       |
| J_13_16      | ap_none | in        | 40       |
| J_13_17      | ap_none | in        | 40       |
| J_13_18      | ap_none | in        | 40       |
| J_13_19      | ap_none | in        | 40       |
| J_13_2       | ap_none | in        | 40       |
| J_13_20      | ap_none | in        | 40       |
| J_13_21      | ap_none | in        | 40       |
| J_13_22      | ap_none | in        | 40       |
| J_13_23      | ap_none | in        | 40       |
| J_13_24      | ap_none | in        | 40       |
| J_13_25      | ap_none | in        | 40       |
| J_13_3       | ap_none | in        | 40       |
| J_13_4       | ap_none | in        | 40       |
| J_13_5       | ap_none | in        | 40       |
| J_13_6       | ap_none | in        | 40       |
| J_13_7       | ap_none | in        | 40       |
| J_13_8       | ap_none | in        | 40       |
| J_13_9       | ap_none | in        | 40       |
| J_14_0       | ap_none | in        | 40       |
| J_14_1       | ap_none | in        | 40       |
| J_14_10      | ap_none | in        | 40       |
| J_14_11      | ap_none | in        | 40       |
| J_14_12      | ap_none | in        | 40       |
| J_14_13      | ap_none | in        | 40       |
| J_14_14      | ap_none | in        | 40       |
| J_14_15      | ap_none | in        | 40       |
| J_14_16      | ap_none | in        | 40       |
| J_14_17      | ap_none | in        | 40       |
| J_14_18      | ap_none | in        | 40       |
| J_14_19      | ap_none | in        | 40       |
| J_14_2       | ap_none | in        | 40       |
| J_14_20      | ap_none | in        | 40       |
| J_14_21      | ap_none | in        | 40       |
| J_14_22      | ap_none | in        | 40       |
| J_14_23      | ap_none | in        | 40       |
| J_14_24      | ap_none | in        | 40       |
| J_14_25      | ap_none | in        | 40       |
| J_14_3       | ap_none | in        | 40       |
| J_14_4       | ap_none | in        | 40       |
| J_14_5       | ap_none | in        | 40       |
| J_14_6       | ap_none | in        | 40       |
| J_14_7       | ap_none | in        | 40       |
| J_14_8       | ap_none | in        | 40       |
| J_14_9       | ap_none | in        | 40       |
| J_15_0       | ap_none | in        | 40       |
| J_15_1       | ap_none | in        | 40       |
| J_15_10      | ap_none | in        | 40       |
| J_15_11      | ap_none | in        | 40       |
| J_15_12      | ap_none | in        | 40       |
| J_15_13      | ap_none | in        | 40       |
| J_15_14      | ap_none | in        | 40       |
| J_15_15      | ap_none | in        | 40       |
| J_15_16      | ap_none | in        | 40       |
| J_15_17      | ap_none | in        | 40       |
| J_15_18      | ap_none | in        | 40       |
| J_15_19      | ap_none | in        | 40       |
| J_15_2       | ap_none | in        | 40       |
| J_15_20      | ap_none | in        | 40       |
| J_15_21      | ap_none | in        | 40       |
| J_15_22      | ap_none | in        | 40       |
| J_15_23      | ap_none | in        | 40       |
| J_15_24      | ap_none | in        | 40       |
| J_15_25      | ap_none | in        | 40       |
| J_15_3       | ap_none | in        | 40       |
| J_15_4       | ap_none | in        | 40       |
| J_15_5       | ap_none | in        | 40       |
| J_15_6       | ap_none | in        | 40       |
| J_15_7       | ap_none | in        | 40       |
| J_15_8       | ap_none | in        | 40       |
| J_15_9       | ap_none | in        | 40       |
| J_16_0       | ap_none | in        | 40       |
| J_16_1       | ap_none | in        | 40       |
| J_16_10      | ap_none | in        | 40       |
| J_16_11      | ap_none | in        | 40       |
| J_16_12      | ap_none | in        | 40       |
| J_16_13      | ap_none | in        | 40       |
| J_16_14      | ap_none | in        | 40       |
| J_16_15      | ap_none | in        | 40       |
| J_16_16      | ap_none | in        | 40       |
| J_16_17      | ap_none | in        | 40       |
| J_16_18      | ap_none | in        | 40       |
| J_16_19      | ap_none | in        | 40       |
| J_16_2       | ap_none | in        | 40       |
| J_16_20      | ap_none | in        | 40       |
| J_16_21      | ap_none | in        | 40       |
| J_16_22      | ap_none | in        | 40       |
| J_16_23      | ap_none | in        | 40       |
| J_16_24      | ap_none | in        | 40       |
| J_16_25      | ap_none | in        | 40       |
| J_16_3       | ap_none | in        | 40       |
| J_16_4       | ap_none | in        | 40       |
| J_16_5       | ap_none | in        | 40       |
| J_16_6       | ap_none | in        | 40       |
| J_16_7       | ap_none | in        | 40       |
| J_16_8       | ap_none | in        | 40       |
| J_16_9       | ap_none | in        | 40       |
| J_17_0       | ap_none | in        | 40       |
| J_17_1       | ap_none | in        | 40       |
| J_17_10      | ap_none | in        | 40       |
| J_17_11      | ap_none | in        | 40       |
| J_17_12      | ap_none | in        | 40       |
| J_17_13      | ap_none | in        | 40       |
| J_17_14      | ap_none | in        | 40       |
| J_17_15      | ap_none | in        | 40       |
| J_17_16      | ap_none | in        | 40       |
| J_17_17      | ap_none | in        | 40       |
| J_17_18      | ap_none | in        | 40       |
| J_17_19      | ap_none | in        | 40       |
| J_17_2       | ap_none | in        | 40       |
| J_17_20      | ap_none | in        | 40       |
| J_17_21      | ap_none | in        | 40       |
| J_17_22      | ap_none | in        | 40       |
| J_17_23      | ap_none | in        | 40       |
| J_17_24      | ap_none | in        | 40       |
| J_17_25      | ap_none | in        | 40       |
| J_17_3       | ap_none | in        | 40       |
| J_17_4       | ap_none | in        | 40       |
| J_17_5       | ap_none | in        | 40       |
| J_17_6       | ap_none | in        | 40       |
| J_17_7       | ap_none | in        | 40       |
| J_17_8       | ap_none | in        | 40       |
| J_17_9       | ap_none | in        | 40       |
| J_18_0       | ap_none | in        | 40       |
| J_18_1       | ap_none | in        | 40       |
| J_18_10      | ap_none | in        | 40       |
| J_18_11      | ap_none | in        | 40       |
| J_18_12      | ap_none | in        | 40       |
| J_18_13      | ap_none | in        | 40       |
| J_18_14      | ap_none | in        | 40       |
| J_18_15      | ap_none | in        | 40       |
| J_18_16      | ap_none | in        | 40       |
| J_18_17      | ap_none | in        | 40       |
| J_18_18      | ap_none | in        | 40       |
| J_18_19      | ap_none | in        | 40       |
| J_18_2       | ap_none | in        | 40       |
| J_18_20      | ap_none | in        | 40       |
| J_18_21      | ap_none | in        | 40       |
| J_18_22      | ap_none | in        | 40       |
| J_18_23      | ap_none | in        | 40       |
| J_18_24      | ap_none | in        | 40       |
| J_18_25      | ap_none | in        | 40       |
| J_18_3       | ap_none | in        | 40       |
| J_18_4       | ap_none | in        | 40       |
| J_18_5       | ap_none | in        | 40       |
| J_18_6       | ap_none | in        | 40       |
| J_18_7       | ap_none | in        | 40       |
| J_18_8       | ap_none | in        | 40       |
| J_18_9       | ap_none | in        | 40       |
| J_19_0       | ap_none | in        | 40       |
| J_19_1       | ap_none | in        | 40       |
| J_19_10      | ap_none | in        | 40       |
| J_19_11      | ap_none | in        | 40       |
| J_19_12      | ap_none | in        | 40       |
| J_19_13      | ap_none | in        | 40       |
| J_19_14      | ap_none | in        | 40       |
| J_19_15      | ap_none | in        | 40       |
| J_19_16      | ap_none | in        | 40       |
| J_19_17      | ap_none | in        | 40       |
| J_19_18      | ap_none | in        | 40       |
| J_19_19      | ap_none | in        | 40       |
| J_19_2       | ap_none | in        | 40       |
| J_19_20      | ap_none | in        | 40       |
| J_19_21      | ap_none | in        | 40       |
| J_19_22      | ap_none | in        | 40       |
| J_19_23      | ap_none | in        | 40       |
| J_19_24      | ap_none | in        | 40       |
| J_19_25      | ap_none | in        | 40       |
| J_19_3       | ap_none | in        | 40       |
| J_19_4       | ap_none | in        | 40       |
| J_19_5       | ap_none | in        | 40       |
| J_19_6       | ap_none | in        | 40       |
| J_19_7       | ap_none | in        | 40       |
| J_19_8       | ap_none | in        | 40       |
| J_19_9       | ap_none | in        | 40       |
| J_1_0        | ap_none | in        | 40       |
| J_1_1        | ap_none | in        | 40       |
| J_1_10       | ap_none | in        | 40       |
| J_1_11       | ap_none | in        | 40       |
| J_1_12       | ap_none | in        | 40       |
| J_1_13       | ap_none | in        | 40       |
| J_1_14       | ap_none | in        | 40       |
| J_1_15       | ap_none | in        | 40       |
| J_1_16       | ap_none | in        | 40       |
| J_1_17       | ap_none | in        | 40       |
| J_1_18       | ap_none | in        | 40       |
| J_1_19       | ap_none | in        | 40       |
| J_1_2        | ap_none | in        | 40       |
| J_1_20       | ap_none | in        | 40       |
| J_1_21       | ap_none | in        | 40       |
| J_1_22       | ap_none | in        | 40       |
| J_1_23       | ap_none | in        | 40       |
| J_1_24       | ap_none | in        | 40       |
| J_1_25       | ap_none | in        | 40       |
| J_1_3        | ap_none | in        | 40       |
| J_1_4        | ap_none | in        | 40       |
| J_1_5        | ap_none | in        | 40       |
| J_1_6        | ap_none | in        | 40       |
| J_1_7        | ap_none | in        | 40       |
| J_1_8        | ap_none | in        | 40       |
| J_1_9        | ap_none | in        | 40       |
| J_20_0       | ap_none | in        | 40       |
| J_20_1       | ap_none | in        | 40       |
| J_20_10      | ap_none | in        | 40       |
| J_20_11      | ap_none | in        | 40       |
| J_20_12      | ap_none | in        | 40       |
| J_20_13      | ap_none | in        | 40       |
| J_20_14      | ap_none | in        | 40       |
| J_20_15      | ap_none | in        | 40       |
| J_20_16      | ap_none | in        | 40       |
| J_20_17      | ap_none | in        | 40       |
| J_20_18      | ap_none | in        | 40       |
| J_20_19      | ap_none | in        | 40       |
| J_20_2       | ap_none | in        | 40       |
| J_20_20      | ap_none | in        | 40       |
| J_20_21      | ap_none | in        | 40       |
| J_20_22      | ap_none | in        | 40       |
| J_20_23      | ap_none | in        | 40       |
| J_20_24      | ap_none | in        | 40       |
| J_20_25      | ap_none | in        | 40       |
| J_20_3       | ap_none | in        | 40       |
| J_20_4       | ap_none | in        | 40       |
| J_20_5       | ap_none | in        | 40       |
| J_20_6       | ap_none | in        | 40       |
| J_20_7       | ap_none | in        | 40       |
| J_20_8       | ap_none | in        | 40       |
| J_20_9       | ap_none | in        | 40       |
| J_21_0       | ap_none | in        | 40       |
| J_21_1       | ap_none | in        | 40       |
| J_21_10      | ap_none | in        | 40       |
| J_21_11      | ap_none | in        | 40       |
| J_21_12      | ap_none | in        | 40       |
| J_21_13      | ap_none | in        | 40       |
| J_21_14      | ap_none | in        | 40       |
| J_21_15      | ap_none | in        | 40       |
| J_21_16      | ap_none | in        | 40       |
| J_21_17      | ap_none | in        | 40       |
| J_21_18      | ap_none | in        | 40       |
| J_21_19      | ap_none | in        | 40       |
| J_21_2       | ap_none | in        | 40       |
| J_21_20      | ap_none | in        | 40       |
| J_21_21      | ap_none | in        | 40       |
| J_21_22      | ap_none | in        | 40       |
| J_21_23      | ap_none | in        | 40       |
| J_21_24      | ap_none | in        | 40       |
| J_21_25      | ap_none | in        | 40       |
| J_21_3       | ap_none | in        | 40       |
| J_21_4       | ap_none | in        | 40       |
| J_21_5       | ap_none | in        | 40       |
| J_21_6       | ap_none | in        | 40       |
| J_21_7       | ap_none | in        | 40       |
| J_21_8       | ap_none | in        | 40       |
| J_21_9       | ap_none | in        | 40       |
| J_22_0       | ap_none | in        | 40       |
| J_22_1       | ap_none | in        | 40       |
| J_22_10      | ap_none | in        | 40       |
| J_22_11      | ap_none | in        | 40       |
| J_22_12      | ap_none | in        | 40       |
| J_22_13      | ap_none | in        | 40       |
| J_22_14      | ap_none | in        | 40       |
| J_22_15      | ap_none | in        | 40       |
| J_22_16      | ap_none | in        | 40       |
| J_22_17      | ap_none | in        | 40       |
| J_22_18      | ap_none | in        | 40       |
| J_22_19      | ap_none | in        | 40       |
| J_22_2       | ap_none | in        | 40       |
| J_22_20      | ap_none | in        | 40       |
| J_22_21      | ap_none | in        | 40       |
| J_22_22      | ap_none | in        | 40       |
| J_22_23      | ap_none | in        | 40       |
| J_22_24      | ap_none | in        | 40       |
| J_22_25      | ap_none | in        | 40       |
| J_22_3       | ap_none | in        | 40       |
| J_22_4       | ap_none | in        | 40       |
| J_22_5       | ap_none | in        | 40       |
| J_22_6       | ap_none | in        | 40       |
| J_22_7       | ap_none | in        | 40       |
| J_22_8       | ap_none | in        | 40       |
| J_22_9       | ap_none | in        | 40       |
| J_23_0       | ap_none | in        | 40       |
| J_23_1       | ap_none | in        | 40       |
| J_23_10      | ap_none | in        | 40       |
| J_23_11      | ap_none | in        | 40       |
| J_23_12      | ap_none | in        | 40       |
| J_23_13      | ap_none | in        | 40       |
| J_23_14      | ap_none | in        | 40       |
| J_23_15      | ap_none | in        | 40       |
| J_23_16      | ap_none | in        | 40       |
| J_23_17      | ap_none | in        | 40       |
| J_23_18      | ap_none | in        | 40       |
| J_23_19      | ap_none | in        | 40       |
| J_23_2       | ap_none | in        | 40       |
| J_23_20      | ap_none | in        | 40       |
| J_23_21      | ap_none | in        | 40       |
| J_23_22      | ap_none | in        | 40       |
| J_23_23      | ap_none | in        | 40       |
| J_23_24      | ap_none | in        | 40       |
| J_23_25      | ap_none | in        | 40       |
| J_23_3       | ap_none | in        | 40       |
| J_23_4       | ap_none | in        | 40       |
| J_23_5       | ap_none | in        | 40       |
| J_23_6       | ap_none | in        | 40       |
| J_23_7       | ap_none | in        | 40       |
| J_23_8       | ap_none | in        | 40       |
| J_23_9       | ap_none | in        | 40       |
| J_24_0       | ap_none | in        | 40       |
| J_24_1       | ap_none | in        | 40       |
| J_24_10      | ap_none | in        | 40       |
| J_24_11      | ap_none | in        | 40       |
| J_24_12      | ap_none | in        | 40       |
| J_24_13      | ap_none | in        | 40       |
| J_24_14      | ap_none | in        | 40       |
| J_24_15      | ap_none | in        | 40       |
| J_24_16      | ap_none | in        | 40       |
| J_24_17      | ap_none | in        | 40       |
| J_24_18      | ap_none | in        | 40       |
| J_24_19      | ap_none | in        | 40       |
| J_24_2       | ap_none | in        | 40       |
| J_24_20      | ap_none | in        | 40       |
| J_24_21      | ap_none | in        | 40       |
| J_24_22      | ap_none | in        | 40       |
| J_24_23      | ap_none | in        | 40       |
| J_24_24      | ap_none | in        | 40       |
| J_24_25      | ap_none | in        | 40       |
| J_24_3       | ap_none | in        | 40       |
| J_24_4       | ap_none | in        | 40       |
| J_24_5       | ap_none | in        | 40       |
| J_24_6       | ap_none | in        | 40       |
| J_24_7       | ap_none | in        | 40       |
| J_24_8       | ap_none | in        | 40       |
| J_24_9       | ap_none | in        | 40       |
| J_25_0       | ap_none | in        | 40       |
| J_25_1       | ap_none | in        | 40       |
| J_25_10      | ap_none | in        | 40       |
| J_25_11      | ap_none | in        | 40       |
| J_25_12      | ap_none | in        | 40       |
| J_25_13      | ap_none | in        | 40       |
| J_25_14      | ap_none | in        | 40       |
| J_25_15      | ap_none | in        | 40       |
| J_25_16      | ap_none | in        | 40       |
| J_25_17      | ap_none | in        | 40       |
| J_25_18      | ap_none | in        | 40       |
| J_25_19      | ap_none | in        | 40       |
| J_25_2       | ap_none | in        | 40       |
| J_25_20      | ap_none | in        | 40       |
| J_25_21      | ap_none | in        | 40       |
| J_25_22      | ap_none | in        | 40       |
| J_25_23      | ap_none | in        | 40       |
| J_25_24      | ap_none | in        | 40       |
| J_25_25      | ap_none | in        | 40       |
| J_25_3       | ap_none | in        | 40       |
| J_25_4       | ap_none | in        | 40       |
| J_25_5       | ap_none | in        | 40       |
| J_25_6       | ap_none | in        | 40       |
| J_25_7       | ap_none | in        | 40       |
| J_25_8       | ap_none | in        | 40       |
| J_25_9       | ap_none | in        | 40       |
| J_2_0        | ap_none | in        | 40       |
| J_2_1        | ap_none | in        | 40       |
| J_2_10       | ap_none | in        | 40       |
| J_2_11       | ap_none | in        | 40       |
| J_2_12       | ap_none | in        | 40       |
| J_2_13       | ap_none | in        | 40       |
| J_2_14       | ap_none | in        | 40       |
| J_2_15       | ap_none | in        | 40       |
| J_2_16       | ap_none | in        | 40       |
| J_2_17       | ap_none | in        | 40       |
| J_2_18       | ap_none | in        | 40       |
| J_2_19       | ap_none | in        | 40       |
| J_2_2        | ap_none | in        | 40       |
| J_2_20       | ap_none | in        | 40       |
| J_2_21       | ap_none | in        | 40       |
| J_2_22       | ap_none | in        | 40       |
| J_2_23       | ap_none | in        | 40       |
| J_2_24       | ap_none | in        | 40       |
| J_2_25       | ap_none | in        | 40       |
| J_2_3        | ap_none | in        | 40       |
| J_2_4        | ap_none | in        | 40       |
| J_2_5        | ap_none | in        | 40       |
| J_2_6        | ap_none | in        | 40       |
| J_2_7        | ap_none | in        | 40       |
| J_2_8        | ap_none | in        | 40       |
| J_2_9        | ap_none | in        | 40       |
| J_3_0        | ap_none | in        | 40       |
| J_3_1        | ap_none | in        | 40       |
| J_3_10       | ap_none | in        | 40       |
| J_3_11       | ap_none | in        | 40       |
| J_3_12       | ap_none | in        | 40       |
| J_3_13       | ap_none | in        | 40       |
| J_3_14       | ap_none | in        | 40       |
| J_3_15       | ap_none | in        | 40       |
| J_3_16       | ap_none | in        | 40       |
| J_3_17       | ap_none | in        | 40       |
| J_3_18       | ap_none | in        | 40       |
| J_3_19       | ap_none | in        | 40       |
| J_3_2        | ap_none | in        | 40       |
| J_3_20       | ap_none | in        | 40       |
| J_3_21       | ap_none | in        | 40       |
| J_3_22       | ap_none | in        | 40       |
| J_3_23       | ap_none | in        | 40       |
| J_3_24       | ap_none | in        | 40       |
| J_3_25       | ap_none | in        | 40       |
| J_3_3        | ap_none | in        | 40       |
| J_3_4        | ap_none | in        | 40       |
| J_3_5        | ap_none | in        | 40       |
| J_3_6        | ap_none | in        | 40       |
| J_3_7        | ap_none | in        | 40       |
| J_3_8        | ap_none | in        | 40       |
| J_3_9        | ap_none | in        | 40       |
| J_4_0        | ap_none | in        | 40       |
| J_4_1        | ap_none | in        | 40       |
| J_4_10       | ap_none | in        | 40       |
| J_4_11       | ap_none | in        | 40       |
| J_4_12       | ap_none | in        | 40       |
| J_4_13       | ap_none | in        | 40       |
| J_4_14       | ap_none | in        | 40       |
| J_4_15       | ap_none | in        | 40       |
| J_4_16       | ap_none | in        | 40       |
| J_4_17       | ap_none | in        | 40       |
| J_4_18       | ap_none | in        | 40       |
| J_4_19       | ap_none | in        | 40       |
| J_4_2        | ap_none | in        | 40       |
| J_4_20       | ap_none | in        | 40       |
| J_4_21       | ap_none | in        | 40       |
| J_4_22       | ap_none | in        | 40       |
| J_4_23       | ap_none | in        | 40       |
| J_4_24       | ap_none | in        | 40       |
| J_4_25       | ap_none | in        | 40       |
| J_4_3        | ap_none | in        | 40       |
| J_4_4        | ap_none | in        | 40       |
| J_4_5        | ap_none | in        | 40       |
| J_4_6        | ap_none | in        | 40       |
| J_4_7        | ap_none | in        | 40       |
| J_4_8        | ap_none | in        | 40       |
| J_4_9        | ap_none | in        | 40       |
| J_5_0        | ap_none | in        | 40       |
| J_5_1        | ap_none | in        | 40       |
| J_5_10       | ap_none | in        | 40       |
| J_5_11       | ap_none | in        | 40       |
| J_5_12       | ap_none | in        | 40       |
| J_5_13       | ap_none | in        | 40       |
| J_5_14       | ap_none | in        | 40       |
| J_5_15       | ap_none | in        | 40       |
| J_5_16       | ap_none | in        | 40       |
| J_5_17       | ap_none | in        | 40       |
| J_5_18       | ap_none | in        | 40       |
| J_5_19       | ap_none | in        | 40       |
| J_5_2        | ap_none | in        | 40       |
| J_5_20       | ap_none | in        | 40       |
| J_5_21       | ap_none | in        | 40       |
| J_5_22       | ap_none | in        | 40       |
| J_5_23       | ap_none | in        | 40       |
| J_5_24       | ap_none | in        | 40       |
| J_5_25       | ap_none | in        | 40       |
| J_5_3        | ap_none | in        | 40       |
| J_5_4        | ap_none | in        | 40       |
| J_5_5        | ap_none | in        | 40       |
| J_5_6        | ap_none | in        | 40       |
| J_5_7        | ap_none | in        | 40       |
| J_5_8        | ap_none | in        | 40       |
| J_5_9        | ap_none | in        | 40       |
| J_6_0        | ap_none | in        | 40       |
| J_6_1        | ap_none | in        | 40       |
| J_6_10       | ap_none | in        | 40       |
| J_6_11       | ap_none | in        | 40       |
| J_6_12       | ap_none | in        | 40       |
| J_6_13       | ap_none | in        | 40       |
| J_6_14       | ap_none | in        | 40       |
| J_6_15       | ap_none | in        | 40       |
| J_6_16       | ap_none | in        | 40       |
| J_6_17       | ap_none | in        | 40       |
| J_6_18       | ap_none | in        | 40       |
| J_6_19       | ap_none | in        | 40       |
| J_6_2        | ap_none | in        | 40       |
| J_6_20       | ap_none | in        | 40       |
| J_6_21       | ap_none | in        | 40       |
| J_6_22       | ap_none | in        | 40       |
| J_6_23       | ap_none | in        | 40       |
| J_6_24       | ap_none | in        | 40       |
| J_6_25       | ap_none | in        | 40       |
| J_6_3        | ap_none | in        | 40       |
| J_6_4        | ap_none | in        | 40       |
| J_6_5        | ap_none | in        | 40       |
| J_6_6        | ap_none | in        | 40       |
| J_6_7        | ap_none | in        | 40       |
| J_6_8        | ap_none | in        | 40       |
| J_6_9        | ap_none | in        | 40       |
| J_7_0        | ap_none | in        | 40       |
| J_7_1        | ap_none | in        | 40       |
| J_7_10       | ap_none | in        | 40       |
| J_7_11       | ap_none | in        | 40       |
| J_7_12       | ap_none | in        | 40       |
| J_7_13       | ap_none | in        | 40       |
| J_7_14       | ap_none | in        | 40       |
| J_7_15       | ap_none | in        | 40       |
| J_7_16       | ap_none | in        | 40       |
| J_7_17       | ap_none | in        | 40       |
| J_7_18       | ap_none | in        | 40       |
| J_7_19       | ap_none | in        | 40       |
| J_7_2        | ap_none | in        | 40       |
| J_7_20       | ap_none | in        | 40       |
| J_7_21       | ap_none | in        | 40       |
| J_7_22       | ap_none | in        | 40       |
| J_7_23       | ap_none | in        | 40       |
| J_7_24       | ap_none | in        | 40       |
| J_7_25       | ap_none | in        | 40       |
| J_7_3        | ap_none | in        | 40       |
| J_7_4        | ap_none | in        | 40       |
| J_7_5        | ap_none | in        | 40       |
| J_7_6        | ap_none | in        | 40       |
| J_7_7        | ap_none | in        | 40       |
| J_7_8        | ap_none | in        | 40       |
| J_7_9        | ap_none | in        | 40       |
| J_8_0        | ap_none | in        | 40       |
| J_8_1        | ap_none | in        | 40       |
| J_8_10       | ap_none | in        | 40       |
| J_8_11       | ap_none | in        | 40       |
| J_8_12       | ap_none | in        | 40       |
| J_8_13       | ap_none | in        | 40       |
| J_8_14       | ap_none | in        | 40       |
| J_8_15       | ap_none | in        | 40       |
| J_8_16       | ap_none | in        | 40       |
| J_8_17       | ap_none | in        | 40       |
| J_8_18       | ap_none | in        | 40       |
| J_8_19       | ap_none | in        | 40       |
| J_8_2        | ap_none | in        | 40       |
| J_8_20       | ap_none | in        | 40       |
| J_8_21       | ap_none | in        | 40       |
| J_8_22       | ap_none | in        | 40       |
| J_8_23       | ap_none | in        | 40       |
| J_8_24       | ap_none | in        | 40       |
| J_8_25       | ap_none | in        | 40       |
| J_8_3        | ap_none | in        | 40       |
| J_8_4        | ap_none | in        | 40       |
| J_8_5        | ap_none | in        | 40       |
| J_8_6        | ap_none | in        | 40       |
| J_8_7        | ap_none | in        | 40       |
| J_8_8        | ap_none | in        | 40       |
| J_8_9        | ap_none | in        | 40       |
| J_9_0        | ap_none | in        | 40       |
| J_9_1        | ap_none | in        | 40       |
| J_9_10       | ap_none | in        | 40       |
| J_9_11       | ap_none | in        | 40       |
| J_9_12       | ap_none | in        | 40       |
| J_9_13       | ap_none | in        | 40       |
| J_9_14       | ap_none | in        | 40       |
| J_9_15       | ap_none | in        | 40       |
| J_9_16       | ap_none | in        | 40       |
| J_9_17       | ap_none | in        | 40       |
| J_9_18       | ap_none | in        | 40       |
| J_9_19       | ap_none | in        | 40       |
| J_9_2        | ap_none | in        | 40       |
| J_9_20       | ap_none | in        | 40       |
| J_9_21       | ap_none | in        | 40       |
| J_9_22       | ap_none | in        | 40       |
| J_9_23       | ap_none | in        | 40       |
| J_9_24       | ap_none | in        | 40       |
| J_9_25       | ap_none | in        | 40       |
| J_9_3        | ap_none | in        | 40       |
| J_9_4        | ap_none | in        | 40       |
| J_9_5        | ap_none | in        | 40       |
| J_9_6        | ap_none | in        | 40       |
| J_9_7        | ap_none | in        | 40       |
| J_9_8        | ap_none | in        | 40       |
| J_9_9        | ap_none | in        | 40       |
| accepted     | ap_vld  | out       | 1        |
| beta         | ap_none | in        | 40       |
| delta_energy | ap_vld  | out       | 40       |
| h_0          | ap_none | in        | 40       |
| h_1          | ap_none | in        | 40       |
| h_10         | ap_none | in        | 40       |
| h_11         | ap_none | in        | 40       |
| h_12         | ap_none | in        | 40       |
| h_13         | ap_none | in        | 40       |
| h_14         | ap_none | in        | 40       |
| h_15         | ap_none | in        | 40       |
| h_16         | ap_none | in        | 40       |
| h_17         | ap_none | in        | 40       |
| h_18         | ap_none | in        | 40       |
| h_19         | ap_none | in        | 40       |
| h_2          | ap_none | in        | 40       |
| h_20         | ap_none | in        | 40       |
| h_21         | ap_none | in        | 40       |
| h_22         | ap_none | in        | 40       |
| h_23         | ap_none | in        | 40       |
| h_24         | ap_none | in        | 40       |
| h_25         | ap_none | in        | 40       |
| h_3          | ap_none | in        | 40       |
| h_4          | ap_none | in        | 40       |
| h_5          | ap_none | in        | 40       |
| h_6          | ap_none | in        | 40       |
| h_7          | ap_none | in        | 40       |
| h_8          | ap_none | in        | 40       |
| h_9          | ap_none | in        | 40       |
| new_energy   | ap_vld  | out       | 40       |
| old_energy   | ap_none | in        | 40       |
| u            | ap_none | in        | 40       |
| y_0          | ap_none | in        | 1        |
| y_1          | ap_none | in        | 1        |
| y_10         | ap_none | in        | 1        |
| y_11         | ap_none | in        | 1        |
| y_12         | ap_none | in        | 1        |
| y_13         | ap_none | in        | 1        |
| y_14         | ap_none | in        | 1        |
| y_15         | ap_none | in        | 1        |
| y_16         | ap_none | in        | 1        |
| y_17         | ap_none | in        | 1        |
| y_18         | ap_none | in        | 1        |
| y_19         | ap_none | in        | 1        |
| y_2          | ap_none | in        | 1        |
| y_20         | ap_none | in        | 1        |
| y_21         | ap_none | in        | 1        |
| y_22         | ap_none | in        | 1        |
| y_23         | ap_none | in        | 1        |
| y_24         | ap_none | in        | 1        |
| y_25         | ap_none | in        | 1        |
| y_3          | ap_none | in        | 1        |
| y_4          | ap_none | in        | 1        |
| y_5          | ap_none | in        | 1        |
| y_6          | ap_none | in        | 1        |
| y_7          | ap_none | in        | 1        |
| y_8          | ap_none | in        | 1        |
| y_9          | ap_none | in        | 1        |
+--------------+---------+-----------+----------+

* TOP LEVEL CONTROL
+-----------+------------+-----------------------------------+
| Interface | Type       | Ports                             |
+-----------+------------+-----------------------------------+
| ap_clk    | clock      | ap_clk                            |
| ap_rst    | reset      | ap_rst                            |
| ap_ctrl   | ap_ctrl_hs | ap_done ap_idle ap_ready ap_start |
+-----------+------------+-----------------------------------+


================================================================
== SW I/O Information
================================================================
* Top Function Arguments
+--------------+-----------+---------------------------------------------------------+
| Argument     | Direction | Datatype                                                |
+--------------+-----------+---------------------------------------------------------+
| J            | in        | ap_fixed<40, 16, (ap_q_mode)5, (ap_o_mode)3, 0> const * |
| h            | in        | ap_fixed<40, 16, (ap_q_mode)5, (ap_o_mode)3, 0> const * |
| y            | in        | bool const *                                            |
| old_energy   | in        | ap_fixed<40, 16, (ap_q_mode)5, (ap_o_mode)3, 0>         |
| beta         | in        | ap_fixed<40, 16, (ap_q_mode)5, (ap_o_mode)3, 0>         |
| u            | in        | ap_ufixed<40, 1, (ap_q_mode)5, (ap_o_mode)3, 0>         |
| accepted     | out       | bool*                                                   |
| delta_energy | out       | ap_fixed<40, 16, (ap_q_mode)5, (ap_o_mode)3, 0>*        |
| new_energy   | out       | ap_fixed<40, 16, (ap_q_mode)5, (ap_o_mode)3, 0>*        |
+--------------+-----------+---------------------------------------------------------+

* SW-to-HW Mapping
+--------------+---------------------+---------+
| Argument     | HW Interface        | HW Type |
+--------------+---------------------+---------+
| J            | J_0_0               | port    |
| J            | J_0_1               | port    |
| J            | J_0_2               | port    |
| J            | J_0_3               | port    |
| J            | J_0_4               | port    |
| J            | J_0_5               | port    |
| J            | J_0_6               | port    |
| J            | J_0_7               | port    |
| J            | J_0_8               | port    |
| J            | J_0_9               | port    |
| J            | J_0_10              | port    |
| J            | J_0_11              | port    |
| J            | J_0_12              | port    |
| J            | J_0_13              | port    |
| J            | J_0_14              | port    |
| J            | J_0_15              | port    |
| J            | J_0_16              | port    |
| J            | J_0_17              | port    |
| J            | J_0_18              | port    |
| J            | J_0_19              | port    |
| J            | J_0_20              | port    |
| J            | J_0_21              | port    |
| J            | J_0_22              | port    |
| J            | J_0_23              | port    |
| J            | J_0_24              | port    |
| J            | J_0_25              | port    |
| J            | J_1_0               | port    |
| J            | J_1_1               | port    |
| J            | J_1_2               | port    |
| J            | J_1_3               | port    |
| J            | J_1_4               | port    |
| J            | J_1_5               | port    |
| J            | J_1_6               | port    |
| J            | J_1_7               | port    |
| J            | J_1_8               | port    |
| J            | J_1_9               | port    |
| J            | J_1_10              | port    |
| J            | J_1_11              | port    |
| J            | J_1_12              | port    |
| J            | J_1_13              | port    |
| J            | J_1_14              | port    |
| J            | J_1_15              | port    |
| J            | J_1_16              | port    |
| J            | J_1_17              | port    |
| J            | J_1_18              | port    |
| J            | J_1_19              | port    |
| J            | J_1_20              | port    |
| J            | J_1_21              | port    |
| J            | J_1_22              | port    |
| J            | J_1_23              | port    |
| J            | J_1_24              | port    |
| J            | J_1_25              | port    |
| J            | J_2_0               | port    |
| J            | J_2_1               | port    |
| J            | J_2_2               | port    |
| J            | J_2_3               | port    |
| J            | J_2_4               | port    |
| J            | J_2_5               | port    |
| J            | J_2_6               | port    |
| J            | J_2_7               | port    |
| J            | J_2_8               | port    |
| J            | J_2_9               | port    |
| J            | J_2_10              | port    |
| J            | J_2_11              | port    |
| J            | J_2_12              | port    |
| J            | J_2_13              | port    |
| J            | J_2_14              | port    |
| J            | J_2_15              | port    |
| J            | J_2_16              | port    |
| J            | J_2_17              | port    |
| J            | J_2_18              | port    |
| J            | J_2_19              | port    |
| J            | J_2_20              | port    |
| J            | J_2_21              | port    |
| J            | J_2_22              | port    |
| J            | J_2_23              | port    |
| J            | J_2_24              | port    |
| J            | J_2_25              | port    |
| J            | J_3_0               | port    |
| J            | J_3_1               | port    |
| J            | J_3_2               | port    |
| J            | J_3_3               | port    |
| J            | J_3_4               | port    |
| J            | J_3_5               | port    |
| J            | J_3_6               | port    |
| J            | J_3_7               | port    |
| J            | J_3_8               | port    |
| J            | J_3_9               | port    |
| J            | J_3_10              | port    |
| J            | J_3_11              | port    |
| J            | J_3_12              | port    |
| J            | J_3_13              | port    |
| J            | J_3_14              | port    |
| J            | J_3_15              | port    |
| J            | J_3_16              | port    |
| J            | J_3_17              | port    |
| J            | J_3_18              | port    |
| J            | J_3_19              | port    |
| J            | J_3_20              | port    |
| J            | J_3_21              | port    |
| J            | J_3_22              | port    |
| J            | J_3_23              | port    |
| J            | J_3_24              | port    |
| J            | J_3_25              | port    |
| J            | J_4_0               | port    |
| J            | J_4_1               | port    |
| J            | J_4_2               | port    |
| J            | J_4_3               | port    |
| J            | J_4_4               | port    |
| J            | J_4_5               | port    |
| J            | J_4_6               | port    |
| J            | J_4_7               | port    |
| J            | J_4_8               | port    |
| J            | J_4_9               | port    |
| J            | J_4_10              | port    |
| J            | J_4_11              | port    |
| J            | J_4_12              | port    |
| J            | J_4_13              | port    |
| J            | J_4_14              | port    |
| J            | J_4_15              | port    |
| J            | J_4_16              | port    |
| J            | J_4_17              | port    |
| J            | J_4_18              | port    |
| J            | J_4_19              | port    |
| J            | J_4_20              | port    |
| J            | J_4_21              | port    |
| J            | J_4_22              | port    |
| J            | J_4_23              | port    |
| J            | J_4_24              | port    |
| J            | J_4_25              | port    |
| J            | J_5_0               | port    |
| J            | J_5_1               | port    |
| J            | J_5_2               | port    |
| J            | J_5_3               | port    |
| J            | J_5_4               | port    |
| J            | J_5_5               | port    |
| J            | J_5_6               | port    |
| J            | J_5_7               | port    |
| J            | J_5_8               | port    |
| J            | J_5_9               | port    |
| J            | J_5_10              | port    |
| J            | J_5_11              | port    |
| J            | J_5_12              | port    |
| J            | J_5_13              | port    |
| J            | J_5_14              | port    |
| J            | J_5_15              | port    |
| J            | J_5_16              | port    |
| J            | J_5_17              | port    |
| J            | J_5_18              | port    |
| J            | J_5_19              | port    |
| J            | J_5_20              | port    |
| J            | J_5_21              | port    |
| J            | J_5_22              | port    |
| J            | J_5_23              | port    |
| J            | J_5_24              | port    |
| J            | J_5_25              | port    |
| J            | J_6_0               | port    |
| J            | J_6_1               | port    |
| J            | J_6_2               | port    |
| J            | J_6_3               | port    |
| J            | J_6_4               | port    |
| J            | J_6_5               | port    |
| J            | J_6_6               | port    |
| J            | J_6_7               | port    |
| J            | J_6_8               | port    |
| J            | J_6_9               | port    |
| J            | J_6_10              | port    |
| J            | J_6_11              | port    |
| J            | J_6_12              | port    |
| J            | J_6_13              | port    |
| J            | J_6_14              | port    |
| J            | J_6_15              | port    |
| J            | J_6_16              | port    |
| J            | J_6_17              | port    |
| J            | J_6_18              | port    |
| J            | J_6_19              | port    |
| J            | J_6_20              | port    |
| J            | J_6_21              | port    |
| J            | J_6_22              | port    |
| J            | J_6_23              | port    |
| J            | J_6_24              | port    |
| J            | J_6_25              | port    |
| J            | J_7_0               | port    |
| J            | J_7_1               | port    |
| J            | J_7_2               | port    |
| J            | J_7_3               | port    |
| J            | J_7_4               | port    |
| J            | J_7_5               | port    |
| J            | J_7_6               | port    |
| J            | J_7_7               | port    |
| J            | J_7_8               | port    |
| J            | J_7_9               | port    |
| J            | J_7_10              | port    |
| J            | J_7_11              | port    |
| J            | J_7_12              | port    |
| J            | J_7_13              | port    |
| J            | J_7_14              | port    |
| J            | J_7_15              | port    |
| J            | J_7_16              | port    |
| J            | J_7_17              | port    |
| J            | J_7_18              | port    |
| J            | J_7_19              | port    |
| J            | J_7_20              | port    |
| J            | J_7_21              | port    |
| J            | J_7_22              | port    |
| J            | J_7_23              | port    |
| J            | J_7_24              | port    |
| J            | J_7_25              | port    |
| J            | J_8_0               | port    |
| J            | J_8_1               | port    |
| J            | J_8_2               | port    |
| J            | J_8_3               | port    |
| J            | J_8_4               | port    |
| J            | J_8_5               | port    |
| J            | J_8_6               | port    |
| J            | J_8_7               | port    |
| J            | J_8_8               | port    |
| J            | J_8_9               | port    |
| J            | J_8_10              | port    |
| J            | J_8_11              | port    |
| J            | J_8_12              | port    |
| J            | J_8_13              | port    |
| J            | J_8_14              | port    |
| J            | J_8_15              | port    |
| J            | J_8_16              | port    |
| J            | J_8_17              | port    |
| J            | J_8_18              | port    |
| J            | J_8_19              | port    |
| J            | J_8_20              | port    |
| J            | J_8_21              | port    |
| J            | J_8_22              | port    |
| J            | J_8_23              | port    |
| J            | J_8_24              | port    |
| J            | J_8_25              | port    |
| J            | J_9_0               | port    |
| J            | J_9_1               | port    |
| J            | J_9_2               | port    |
| J            | J_9_3               | port    |
| J            | J_9_4               | port    |
| J            | J_9_5               | port    |
| J            | J_9_6               | port    |
| J            | J_9_7               | port    |
| J            | J_9_8               | port    |
| J            | J_9_9               | port    |
| J            | J_9_10              | port    |
| J            | J_9_11              | port    |
| J            | J_9_12              | port    |
| J            | J_9_13              | port    |
| J            | J_9_14              | port    |
| J            | J_9_15              | port    |
| J            | J_9_16              | port    |
| J            | J_9_17              | port    |
| J            | J_9_18              | port    |
| J            | J_9_19              | port    |
| J            | J_9_20              | port    |
| J            | J_9_21              | port    |
| J            | J_9_22              | port    |
| J            | J_9_23              | port    |
| J            | J_9_24              | port    |
| J            | J_9_25              | port    |
| J            | J_10_0              | port    |
| J            | J_10_1              | port    |
| J            | J_10_2              | port    |
| J            | J_10_3              | port    |
| J            | J_10_4              | port    |
| J            | J_10_5              | port    |
| J            | J_10_6              | port    |
| J            | J_10_7              | port    |
| J            | J_10_8              | port    |
| J            | J_10_9              | port    |
| J            | J_10_10             | port    |
| J            | J_10_11             | port    |
| J            | J_10_12             | port    |
| J            | J_10_13             | port    |
| J            | J_10_14             | port    |
| J            | J_10_15             | port    |
| J            | J_10_16             | port    |
| J            | J_10_17             | port    |
| J            | J_10_18             | port    |
| J            | J_10_19             | port    |
| J            | J_10_20             | port    |
| J            | J_10_21             | port    |
| J            | J_10_22             | port    |
| J            | J_10_23             | port    |
| J            | J_10_24             | port    |
| J            | J_10_25             | port    |
| J            | J_11_0              | port    |
| J            | J_11_1              | port    |
| J            | J_11_2              | port    |
| J            | J_11_3              | port    |
| J            | J_11_4              | port    |
| J            | J_11_5              | port    |
| J            | J_11_6              | port    |
| J            | J_11_7              | port    |
| J            | J_11_8              | port    |
| J            | J_11_9              | port    |
| J            | J_11_10             | port    |
| J            | J_11_11             | port    |
| J            | J_11_12             | port    |
| J            | J_11_13             | port    |
| J            | J_11_14             | port    |
| J            | J_11_15             | port    |
| J            | J_11_16             | port    |
| J            | J_11_17             | port    |
| J            | J_11_18             | port    |
| J            | J_11_19             | port    |
| J            | J_11_20             | port    |
| J            | J_11_21             | port    |
| J            | J_11_22             | port    |
| J            | J_11_23             | port    |
| J            | J_11_24             | port    |
| J            | J_11_25             | port    |
| J            | J_12_0              | port    |
| J            | J_12_1              | port    |
| J            | J_12_2              | port    |
| J            | J_12_3              | port    |
| J            | J_12_4              | port    |
| J            | J_12_5              | port    |
| J            | J_12_6              | port    |
| J            | J_12_7              | port    |
| J            | J_12_8              | port    |
| J            | J_12_9              | port    |
| J            | J_12_10             | port    |
| J            | J_12_11             | port    |
| J            | J_12_12             | port    |
| J            | J_12_13             | port    |
| J            | J_12_14             | port    |
| J            | J_12_15             | port    |
| J            | J_12_16             | port    |
| J            | J_12_17             | port    |
| J            | J_12_18             | port    |
| J            | J_12_19             | port    |
| J            | J_12_20             | port    |
| J            | J_12_21             | port    |
| J            | J_12_22             | port    |
| J            | J_12_23             | port    |
| J            | J_12_24             | port    |
| J            | J_12_25             | port    |
| J            | J_13_0              | port    |
| J            | J_13_1              | port    |
| J            | J_13_2              | port    |
| J            | J_13_3              | port    |
| J            | J_13_4              | port    |
| J            | J_13_5              | port    |
| J            | J_13_6              | port    |
| J            | J_13_7              | port    |
| J            | J_13_8              | port    |
| J            | J_13_9              | port    |
| J            | J_13_10             | port    |
| J            | J_13_11             | port    |
| J            | J_13_12             | port    |
| J            | J_13_13             | port    |
| J            | J_13_14             | port    |
| J            | J_13_15             | port    |
| J            | J_13_16             | port    |
| J            | J_13_17             | port    |
| J            | J_13_18             | port    |
| J            | J_13_19             | port    |
| J            | J_13_20             | port    |
| J            | J_13_21             | port    |
| J            | J_13_22             | port    |
| J            | J_13_23             | port    |
| J            | J_13_24             | port    |
| J            | J_13_25             | port    |
| J            | J_14_0              | port    |
| J            | J_14_1              | port    |
| J            | J_14_2              | port    |
| J            | J_14_3              | port    |
| J            | J_14_4              | port    |
| J            | J_14_5              | port    |
| J            | J_14_6              | port    |
| J            | J_14_7              | port    |
| J            | J_14_8              | port    |
| J            | J_14_9              | port    |
| J            | J_14_10             | port    |
| J            | J_14_11             | port    |
| J            | J_14_12             | port    |
| J            | J_14_13             | port    |
| J            | J_14_14             | port    |
| J            | J_14_15             | port    |
| J            | J_14_16             | port    |
| J            | J_14_17             | port    |
| J            | J_14_18             | port    |
| J            | J_14_19             | port    |
| J            | J_14_20             | port    |
| J            | J_14_21             | port    |
| J            | J_14_22             | port    |
| J            | J_14_23             | port    |
| J            | J_14_24             | port    |
| J            | J_14_25             | port    |
| J            | J_15_0              | port    |
| J            | J_15_1              | port    |
| J            | J_15_2              | port    |
| J            | J_15_3              | port    |
| J            | J_15_4              | port    |
| J            | J_15_5              | port    |
| J            | J_15_6              | port    |
| J            | J_15_7              | port    |
| J            | J_15_8              | port    |
| J            | J_15_9              | port    |
| J            | J_15_10             | port    |
| J            | J_15_11             | port    |
| J            | J_15_12             | port    |
| J            | J_15_13             | port    |
| J            | J_15_14             | port    |
| J            | J_15_15             | port    |
| J            | J_15_16             | port    |
| J            | J_15_17             | port    |
| J            | J_15_18             | port    |
| J            | J_15_19             | port    |
| J            | J_15_20             | port    |
| J            | J_15_21             | port    |
| J            | J_15_22             | port    |
| J            | J_15_23             | port    |
| J            | J_15_24             | port    |
| J            | J_15_25             | port    |
| J            | J_16_0              | port    |
| J            | J_16_1              | port    |
| J            | J_16_2              | port    |
| J            | J_16_3              | port    |
| J            | J_16_4              | port    |
| J            | J_16_5              | port    |
| J            | J_16_6              | port    |
| J            | J_16_7              | port    |
| J            | J_16_8              | port    |
| J            | J_16_9              | port    |
| J            | J_16_10             | port    |
| J            | J_16_11             | port    |
| J            | J_16_12             | port    |
| J            | J_16_13             | port    |
| J            | J_16_14             | port    |
| J            | J_16_15             | port    |
| J            | J_16_16             | port    |
| J            | J_16_17             | port    |
| J            | J_16_18             | port    |
| J            | J_16_19             | port    |
| J            | J_16_20             | port    |
| J            | J_16_21             | port    |
| J            | J_16_22             | port    |
| J            | J_16_23             | port    |
| J            | J_16_24             | port    |
| J            | J_16_25             | port    |
| J            | J_17_0              | port    |
| J            | J_17_1              | port    |
| J            | J_17_2              | port    |
| J            | J_17_3              | port    |
| J            | J_17_4              | port    |
| J            | J_17_5              | port    |
| J            | J_17_6              | port    |
| J            | J_17_7              | port    |
| J            | J_17_8              | port    |
| J            | J_17_9              | port    |
| J            | J_17_10             | port    |
| J            | J_17_11             | port    |
| J            | J_17_12             | port    |
| J            | J_17_13             | port    |
| J            | J_17_14             | port    |
| J            | J_17_15             | port    |
| J            | J_17_16             | port    |
| J            | J_17_17             | port    |
| J            | J_17_18             | port    |
| J            | J_17_19             | port    |
| J            | J_17_20             | port    |
| J            | J_17_21             | port    |
| J            | J_17_22             | port    |
| J            | J_17_23             | port    |
| J            | J_17_24             | port    |
| J            | J_17_25             | port    |
| J            | J_18_0              | port    |
| J            | J_18_1              | port    |
| J            | J_18_2              | port    |
| J            | J_18_3              | port    |
| J            | J_18_4              | port    |
| J            | J_18_5              | port    |
| J            | J_18_6              | port    |
| J            | J_18_7              | port    |
| J            | J_18_8              | port    |
| J            | J_18_9              | port    |
| J            | J_18_10             | port    |
| J            | J_18_11             | port    |
| J            | J_18_12             | port    |
| J            | J_18_13             | port    |
| J            | J_18_14             | port    |
| J            | J_18_15             | port    |
| J            | J_18_16             | port    |
| J            | J_18_17             | port    |
| J            | J_18_18             | port    |
| J            | J_18_19             | port    |
| J            | J_18_20             | port    |
| J            | J_18_21             | port    |
| J            | J_18_22             | port    |
| J            | J_18_23             | port    |
| J            | J_18_24             | port    |
| J            | J_18_25             | port    |
| J            | J_19_0              | port    |
| J            | J_19_1              | port    |
| J            | J_19_2              | port    |
| J            | J_19_3              | port    |
| J            | J_19_4              | port    |
| J            | J_19_5              | port    |
| J            | J_19_6              | port    |
| J            | J_19_7              | port    |
| J            | J_19_8              | port    |
| J            | J_19_9              | port    |
| J            | J_19_10             | port    |
| J            | J_19_11             | port    |
| J            | J_19_12             | port    |
| J            | J_19_13             | port    |
| J            | J_19_14             | port    |
| J            | J_19_15             | port    |
| J            | J_19_16             | port    |
| J            | J_19_17             | port    |
| J            | J_19_18             | port    |
| J            | J_19_19             | port    |
| J            | J_19_20             | port    |
| J            | J_19_21             | port    |
| J            | J_19_22             | port    |
| J            | J_19_23             | port    |
| J            | J_19_24             | port    |
| J            | J_19_25             | port    |
| J            | J_20_0              | port    |
| J            | J_20_1              | port    |
| J            | J_20_2              | port    |
| J            | J_20_3              | port    |
| J            | J_20_4              | port    |
| J            | J_20_5              | port    |
| J            | J_20_6              | port    |
| J            | J_20_7              | port    |
| J            | J_20_8              | port    |
| J            | J_20_9              | port    |
| J            | J_20_10             | port    |
| J            | J_20_11             | port    |
| J            | J_20_12             | port    |
| J            | J_20_13             | port    |
| J            | J_20_14             | port    |
| J            | J_20_15             | port    |
| J            | J_20_16             | port    |
| J            | J_20_17             | port    |
| J            | J_20_18             | port    |
| J            | J_20_19             | port    |
| J            | J_20_20             | port    |
| J            | J_20_21             | port    |
| J            | J_20_22             | port    |
| J            | J_20_23             | port    |
| J            | J_20_24             | port    |
| J            | J_20_25             | port    |
| J            | J_21_0              | port    |
| J            | J_21_1              | port    |
| J            | J_21_2              | port    |
| J            | J_21_3              | port    |
| J            | J_21_4              | port    |
| J            | J_21_5              | port    |
| J            | J_21_6              | port    |
| J            | J_21_7              | port    |
| J            | J_21_8              | port    |
| J            | J_21_9              | port    |
| J            | J_21_10             | port    |
| J            | J_21_11             | port    |
| J            | J_21_12             | port    |
| J            | J_21_13             | port    |
| J            | J_21_14             | port    |
| J            | J_21_15             | port    |
| J            | J_21_16             | port    |
| J            | J_21_17             | port    |
| J            | J_21_18             | port    |
| J            | J_21_19             | port    |
| J            | J_21_20             | port    |
| J            | J_21_21             | port    |
| J            | J_21_22             | port    |
| J            | J_21_23             | port    |
| J            | J_21_24             | port    |
| J            | J_21_25             | port    |
| J            | J_22_0              | port    |
| J            | J_22_1              | port    |
| J            | J_22_2              | port    |
| J            | J_22_3              | port    |
| J            | J_22_4              | port    |
| J            | J_22_5              | port    |
| J            | J_22_6              | port    |
| J            | J_22_7              | port    |
| J            | J_22_8              | port    |
| J            | J_22_9              | port    |
| J            | J_22_10             | port    |
| J            | J_22_11             | port    |
| J            | J_22_12             | port    |
| J            | J_22_13             | port    |
| J            | J_22_14             | port    |
| J            | J_22_15             | port    |
| J            | J_22_16             | port    |
| J            | J_22_17             | port    |
| J            | J_22_18             | port    |
| J            | J_22_19             | port    |
| J            | J_22_20             | port    |
| J            | J_22_21             | port    |
| J            | J_22_22             | port    |
| J            | J_22_23             | port    |
| J            | J_22_24             | port    |
| J            | J_22_25             | port    |
| J            | J_23_0              | port    |
| J            | J_23_1              | port    |
| J            | J_23_2              | port    |
| J            | J_23_3              | port    |
| J            | J_23_4              | port    |
| J            | J_23_5              | port    |
| J            | J_23_6              | port    |
| J            | J_23_7              | port    |
| J            | J_23_8              | port    |
| J            | J_23_9              | port    |
| J            | J_23_10             | port    |
| J            | J_23_11             | port    |
| J            | J_23_12             | port    |
| J            | J_23_13             | port    |
| J            | J_23_14             | port    |
| J            | J_23_15             | port    |
| J            | J_23_16             | port    |
| J            | J_23_17             | port    |
| J            | J_23_18             | port    |
| J            | J_23_19             | port    |
| J            | J_23_20             | port    |
| J            | J_23_21             | port    |
| J            | J_23_22             | port    |
| J            | J_23_23             | port    |
| J            | J_23_24             | port    |
| J            | J_23_25             | port    |
| J            | J_24_0              | port    |
| J            | J_24_1              | port    |
| J            | J_24_2              | port    |
| J            | J_24_3              | port    |
| J            | J_24_4              | port    |
| J            | J_24_5              | port    |
| J            | J_24_6              | port    |
| J            | J_24_7              | port    |
| J            | J_24_8              | port    |
| J            | J_24_9              | port    |
| J            | J_24_10             | port    |
| J            | J_24_11             | port    |
| J            | J_24_12             | port    |
| J            | J_24_13             | port    |
| J            | J_24_14             | port    |
| J            | J_24_15             | port    |
| J            | J_24_16             | port    |
| J            | J_24_17             | port    |
| J            | J_24_18             | port    |
| J            | J_24_19             | port    |
| J            | J_24_20             | port    |
| J            | J_24_21             | port    |
| J            | J_24_22             | port    |
| J            | J_24_23             | port    |
| J            | J_24_24             | port    |
| J            | J_24_25             | port    |
| J            | J_25_0              | port    |
| J            | J_25_1              | port    |
| J            | J_25_2              | port    |
| J            | J_25_3              | port    |
| J            | J_25_4              | port    |
| J            | J_25_5              | port    |
| J            | J_25_6              | port    |
| J            | J_25_7              | port    |
| J            | J_25_8              | port    |
| J            | J_25_9              | port    |
| J            | J_25_10             | port    |
| J            | J_25_11             | port    |
| J            | J_25_12             | port    |
| J            | J_25_13             | port    |
| J            | J_25_14             | port    |
| J            | J_25_15             | port    |
| J            | J_25_16             | port    |
| J            | J_25_17             | port    |
| J            | J_25_18             | port    |
| J            | J_25_19             | port    |
| J            | J_25_20             | port    |
| J            | J_25_21             | port    |
| J            | J_25_22             | port    |
| J            | J_25_23             | port    |
| J            | J_25_24             | port    |
| J            | J_25_25             | port    |
| h            | h_0                 | port    |
| h            | h_1                 | port    |
| h            | h_2                 | port    |
| h            | h_3                 | port    |
| h            | h_4                 | port    |
| h            | h_5                 | port    |
| h            | h_6                 | port    |
| h            | h_7                 | port    |
| h            | h_8                 | port    |
| h            | h_9                 | port    |
| h            | h_10                | port    |
| h            | h_11                | port    |
| h            | h_12                | port    |
| h            | h_13                | port    |
| h            | h_14                | port    |
| h            | h_15                | port    |
| h            | h_16                | port    |
| h            | h_17                | port    |
| h            | h_18                | port    |
| h            | h_19                | port    |
| h            | h_20                | port    |
| h            | h_21                | port    |
| h            | h_22                | port    |
| h            | h_23                | port    |
| h            | h_24                | port    |
| h            | h_25                | port    |
| y            | y_0                 | port    |
| y            | y_1                 | port    |
| y            | y_2                 | port    |
| y            | y_3                 | port    |
| y            | y_4                 | port    |
| y            | y_5                 | port    |
| y            | y_6                 | port    |
| y            | y_7                 | port    |
| y            | y_8                 | port    |
| y            | y_9                 | port    |
| y            | y_10                | port    |
| y            | y_11                | port    |
| y            | y_12                | port    |
| y            | y_13                | port    |
| y            | y_14                | port    |
| y            | y_15                | port    |
| y            | y_16                | port    |
| y            | y_17                | port    |
| y            | y_18                | port    |
| y            | y_19                | port    |
| y            | y_20                | port    |
| y            | y_21                | port    |
| y            | y_22                | port    |
| y            | y_23                | port    |
| y            | y_24                | port    |
| y            | y_25                | port    |
| old_energy   | old_energy          | port    |
| beta         | beta                | port    |
| u            | u                   | port    |
| accepted     | accepted            | port    |
| accepted     | accepted_ap_vld     | port    |
| delta_energy | delta_energy        | port    |
| delta_energy | delta_energy_ap_vld | port    |
| new_energy   | new_energy          | port    |
| new_energy   | new_energy_ap_vld   | port    |
+--------------+---------------------+---------+


================================================================
== Bind Op Report
================================================================
+------------------------------+-----+--------+---------------+-----------+------------------------+---------+
| Name                         | DSP | Pragma | Variable      | Op        | Impl                   | Latency |
+------------------------------+-----+--------+---------------+-----------+------------------------+---------+
| + uniform_metropolis_step    | 7   |        |               |           |                        |         |
|   icmp_ln116_fu_4701_p2      |     |        | icmp_ln116    | setlt     | auto                   | 0       |
|   mul_40ns_40s_64_2_1_U380   | 5   |        | mul_ln120     | mul       | auto                   | 1       |
|   icmp_ln59_fu_4753_p2       |     |        | icmp_ln59     | setlt     | auto                   | 0       |
|   sub_ln75_fu_4765_p2        |     |        | sub_ln75      | sub       | fabric                 | 0       |
|   sub_ln75_1_fu_4786_p2      |     |        | sub_ln75_1    | sub       | fabric                 | 0       |
|   select_ln75_fu_4798_p3     |     |        | select_ln75   | select    | auto_sel               | 0       |
|   sub_ln84_fu_4839_p2        |     |        | sub_ln84      | sub       | fabric                 | 0       |
|   add_ln87_fu_4849_p2        |     |        | add_ln87      | add       | fabric                 | 0       |
|   sub_ln89_fu_4885_p2        |     |        | sub_ln89      | sub       | fabric                 | 0       |
|   mul_26s_36s_60_2_1_U379    | 2   |        | mul_ln89      | mul       | auto                   | 1       |
|   add_ln89_fu_4921_p2        |     |        | add_ln89      | add       | fabric                 | 0       |
|   icmp_ln95_fu_4947_p2       |     |        | icmp_ln95     | setgt     | auto                   | 0       |
|   p_fu_5005_p4               |     |        | select_ln95   | select    | auto_sel               | 0       |
|   xor_ln59_fu_4983_p2        |     |        | xor_ln59      | xor       | auto                   | 0       |
|   icmp_ln63_fu_4781_p2       |     |        | icmp_ln63     | setlt     | auto                   | 0       |
|   icmp_ln91_fu_4953_p2       |     |        | icmp_ln91     | setgt     | auto                   | 0       |
|   and_ln91_fu_4988_p2        |     |        | and_ln91      | and       | auto                   | 0       |
|   and_ln91_1_fu_4993_p2      |     |        | and_ln91_1    | and       | auto                   | 0       |
|   sparsemux_7_2_40_1_1_U381  |     |        | p             | sparsemux | onehotencoding_realdef | 0       |
|   icmp_ln123_fu_5025_p2      |     |        | icmp_ln123    | setlt     | auto                   | 0       |
|   xor_ln123_fu_5030_p2       |     |        | xor_ln123     | xor       | auto                   | 0       |
|   add_ln280_fu_5037_p2       |     |        | add_ln280     | add       | fabric                 | 0       |
|  + uniform_delta_energy      | 0   |        |               |           |                        |         |
|    sub_ln42_fu_3098_p2       |     |        | sub_ln42      | sub       | fabric                 | 0       |
|    term_fu_3104_p3           |     |        | term          | select    | auto_sel               | 0       |
|    sub_ln42_1_fu_3112_p2     |     |        | sub_ln42_1    | sub       | fabric                 | 0       |
|    term_1_fu_3118_p3         |     |        | term_1        | select    | auto_sel               | 0       |
|    sub_ln42_2_fu_3126_p2     |     |        | sub_ln42_2    | sub       | fabric                 | 0       |
|    term_2_fu_3132_p3         |     |        | term_2        | select    | auto_sel               | 0       |
|    sub_ln42_3_fu_3140_p2     |     |        | sub_ln42_3    | sub       | fabric                 | 0       |
|    term_3_fu_3146_p3         |     |        | term_3        | select    | auto_sel               | 0       |
|    sub_ln42_4_fu_3154_p2     |     |        | sub_ln42_4    | sub       | fabric                 | 0       |
|    term_4_fu_3160_p3         |     |        | term_4        | select    | auto_sel               | 0       |
|    sub_ln42_5_fu_3168_p2     |     |        | sub_ln42_5    | sub       | fabric                 | 0       |
|    term_5_fu_3174_p3         |     |        | term_5        | select    | auto_sel               | 0       |
|    sub_ln42_6_fu_3182_p2     |     |        | sub_ln42_6    | sub       | fabric                 | 0       |
|    term_6_fu_3188_p3         |     |        | term_6        | select    | auto_sel               | 0       |
|    sub_ln42_7_fu_3196_p2     |     |        | sub_ln42_7    | sub       | fabric                 | 0       |
|    term_7_fu_3202_p3         |     |        | term_7        | select    | auto_sel               | 0       |
|    sub_ln42_8_fu_3210_p2     |     |        | sub_ln42_8    | sub       | fabric                 | 0       |
|    term_8_fu_3216_p3         |     |        | term_8        | select    | auto_sel               | 0       |
|    sub_ln42_9_fu_3224_p2     |     |        | sub_ln42_9    | sub       | fabric                 | 0       |
|    term_9_fu_3230_p3         |     |        | term_9        | select    | auto_sel               | 0       |
|    sub_ln42_10_fu_3030_p2    |     |        | sub_ln42_10   | sub       | fabric                 | 0       |
|    term_10_fu_3036_p3        |     |        | term_10       | select    | auto_sel               | 0       |
|    sub_ln42_11_fu_3238_p2    |     |        | sub_ln42_11   | sub       | fabric                 | 0       |
|    term_11_fu_3244_p3        |     |        | term_11       | select    | auto_sel               | 0       |
|    sub_ln42_12_fu_3252_p2    |     |        | sub_ln42_12   | sub       | fabric                 | 0       |
|    term_12_fu_3258_p3        |     |        | term_12       | select    | auto_sel               | 0       |
|    sub_ln42_13_fu_3266_p2    |     |        | sub_ln42_13   | sub       | fabric                 | 0       |
|    term_13_fu_3272_p3        |     |        | term_13       | select    | auto_sel               | 0       |
|    sub_ln42_14_fu_3280_p2    |     |        | sub_ln42_14   | sub       | fabric                 | 0       |
|    term_14_fu_3286_p3        |     |        | term_14       | select    | auto_sel               | 0       |
|    sub_ln42_15_fu_3294_p2    |     |        | sub_ln42_15   | sub       | fabric                 | 0       |
|    term_15_fu_3300_p3        |     |        | term_15       | select    | auto_sel               | 0       |
|    sub_ln42_16_fu_3044_p2    |     |        | sub_ln42_16   | sub       | fabric                 | 0       |
|    term_16_fu_3050_p3        |     |        | term_16       | select    | auto_sel               | 0       |
|    sub_ln42_17_fu_3058_p2    |     |        | sub_ln42_17   | sub       | fabric                 | 0       |
|    term_17_fu_3064_p3        |     |        | term_17       | select    | auto_sel               | 0       |
|    sub_ln42_18_fu_3308_p2    |     |        | sub_ln42_18   | sub       | fabric                 | 0       |
|    term_18_fu_3314_p3        |     |        | term_18       | select    | auto_sel               | 0       |
|    sub_ln42_19_fu_3322_p2    |     |        | sub_ln42_19   | sub       | fabric                 | 0       |
|    term_19_fu_3328_p3        |     |        | term_19       | select    | auto_sel               | 0       |
|    sub_ln42_20_fu_3336_p2    |     |        | sub_ln42_20   | sub       | fabric                 | 0       |
|    term_20_fu_3342_p3        |     |        | term_20       | select    | auto_sel               | 0       |
|    sub_ln42_21_fu_3350_p2    |     |        | sub_ln42_21   | sub       | fabric                 | 0       |
|    term_21_fu_3356_p3        |     |        | term_21       | select    | auto_sel               | 0       |
|    sub_ln42_22_fu_3364_p2    |     |        | sub_ln42_22   | sub       | fabric                 | 0       |
|    term_22_fu_3370_p3        |     |        | term_22       | select    | auto_sel               | 0       |
|    sub_ln42_23_fu_3378_p2    |     |        | sub_ln42_23   | sub       | fabric                 | 0       |
|    term_23_fu_3384_p3        |     |        | term_23       | select    | auto_sel               | 0       |
|    sub_ln42_24_fu_3392_p2    |     |        | sub_ln42_24   | sub       | fabric                 | 0       |
|    term_24_fu_3398_p3        |     |        | term_24       | select    | auto_sel               | 0       |
|    sub_ln42_25_fu_3072_p2    |     |        | sub_ln42_25   | sub       | fabric                 | 0       |
|    term_25_fu_3078_p3        |     |        | term_25       | select    | auto_sel               | 0       |
|    add_ln183_fu_3406_p2      |     |        | add_ln183     | add       | fabric                 | 0       |
|    add_ln183_5_fu_3424_p2    |     |        | add_ln183_5   | add       | fabric                 | 0       |
|    add_ln183_8_fu_3086_p2    |     |        | add_ln183_8   | add       | fabric                 | 0       |
|    add_ln183_17_fu_3465_p2   |     |        | add_ln183_17  | add       | fabric                 | 0       |
|    add_ln183_20_fu_3092_p2   |     |        | add_ln183_20  | add       | fabric                 | 0       |
|    xor_ln194_fu_3531_p2      |     |        | xor_ln194     | xor       | auto                   | 0       |
|    e_1_fu_3546_p2            |     |        | e_1           | sub       | fabric                 | 0       |
|    e_2_fu_3551_p3            |     |        | e_2           | select    | auto_sel               | 0       |
|    xor_ln194_1_fu_3559_p2    |     |        | xor_ln194_1   | xor       | auto                   | 0       |
|    e_3_fu_3563_p2            |     |        | e_3           | sub       | fabric                 | 0       |
|    e_4_fu_3569_p2            |     |        | e_4           | add       | fabric                 | 0       |
|    e_5_fu_3575_p3            |     |        | e_5           | select    | auto_sel               | 0       |
|    xor_ln194_2_fu_3583_p2    |     |        | xor_ln194_2   | xor       | auto                   | 0       |
|    e_6_fu_3587_p2            |     |        | e_6           | sub       | fabric                 | 0       |
|    e_7_fu_3592_p2            |     |        | e_7           | add       | fabric                 | 0       |
|    e_8_fu_3597_p3            |     |        | e_8           | select    | auto_sel               | 0       |
|    xor_ln194_3_fu_3605_p2    |     |        | xor_ln194_3   | xor       | auto                   | 0       |
|    e_9_fu_3609_p2            |     |        | e_9           | sub       | fabric                 | 0       |
|    e_10_fu_3615_p2           |     |        | e_10          | add       | fabric                 | 0       |
|    e_11_fu_3621_p3           |     |        | e_11          | select    | auto_sel               | 0       |
|    xor_ln194_4_fu_3629_p2    |     |        | xor_ln194_4   | xor       | auto                   | 0       |
|    e_12_fu_3633_p2           |     |        | e_12          | sub       | fabric                 | 0       |
|    e_13_fu_3638_p2           |     |        | e_13          | add       | fabric                 | 0       |
|    e_14_fu_3643_p3           |     |        | e_14          | select    | auto_sel               | 0       |
|    xor_ln194_5_fu_3651_p2    |     |        | xor_ln194_5   | xor       | auto                   | 0       |
|    e_15_fu_3655_p2           |     |        | e_15          | sub       | fabric                 | 0       |
|    e_16_fu_3661_p2           |     |        | e_16          | add       | fabric                 | 0       |
|    e_17_fu_3667_p3           |     |        | e_17          | select    | auto_sel               | 0       |
|    xor_ln194_6_fu_3675_p2    |     |        | xor_ln194_6   | xor       | auto                   | 0       |
|    e_18_fu_3679_p2           |     |        | e_18          | sub       | fabric                 | 0       |
|    e_19_fu_3684_p2           |     |        | e_19          | add       | fabric                 | 0       |
|    e_20_fu_3689_p3           |     |        | e_20          | select    | auto_sel               | 0       |
|    xor_ln194_7_fu_3697_p2    |     |        | xor_ln194_7   | xor       | auto                   | 0       |
|    e_21_fu_3701_p2           |     |        | e_21          | sub       | fabric                 | 0       |
|    e_22_fu_3707_p2           |     |        | e_22          | add       | fabric                 | 0       |
|    e_23_fu_3713_p3           |     |        | e_23          | select    | auto_sel               | 0       |
|    xor_ln194_8_fu_3721_p2    |     |        | xor_ln194_8   | xor       | auto                   | 0       |
|    e_24_fu_3725_p2           |     |        | e_24          | sub       | fabric                 | 0       |
|    e_25_fu_3730_p2           |     |        | e_25          | add       | fabric                 | 0       |
|    e_26_fu_3735_p3           |     |        | e_26          | select    | auto_sel               | 0       |
|    xor_ln194_9_fu_3743_p2    |     |        | xor_ln194_9   | xor       | auto                   | 0       |
|    e_27_fu_3747_p2           |     |        | e_27          | sub       | fabric                 | 0       |
|    e_28_fu_3753_p2           |     |        | e_28          | add       | fabric                 | 0       |
|    e_29_fu_3759_p3           |     |        | e_29          | select    | auto_sel               | 0       |
|    xor_ln194_10_fu_3767_p2   |     |        | xor_ln194_10  | xor       | auto                   | 0       |
|    e_30_fu_3771_p2           |     |        | e_30          | sub       | fabric                 | 0       |
|    e_31_fu_3776_p2           |     |        | e_31          | add       | fabric                 | 0       |
|    e_32_fu_3781_p3           |     |        | e_32          | select    | auto_sel               | 0       |
|    xor_ln194_11_fu_3789_p2   |     |        | xor_ln194_11  | xor       | auto                   | 0       |
|    e_33_fu_3793_p2           |     |        | e_33          | sub       | fabric                 | 0       |
|    e_34_fu_3799_p2           |     |        | e_34          | add       | fabric                 | 0       |
|    e_35_fu_3805_p3           |     |        | e_35          | select    | auto_sel               | 0       |
|    xor_ln194_12_fu_3813_p2   |     |        | xor_ln194_12  | xor       | auto                   | 0       |
|    e_36_fu_3817_p2           |     |        | e_36          | sub       | fabric                 | 0       |
|    e_37_fu_3822_p2           |     |        | e_37          | add       | fabric                 | 0       |
|    e_38_fu_3827_p3           |     |        | e_38          | select    | auto_sel               | 0       |
|    xor_ln194_13_fu_3835_p2   |     |        | xor_ln194_13  | xor       | auto                   | 0       |
|    e_39_fu_3839_p2           |     |        | e_39          | sub       | fabric                 | 0       |
|    e_40_fu_3845_p2           |     |        | e_40          | add       | fabric                 | 0       |
|    e_41_fu_3851_p3           |     |        | e_41          | select    | auto_sel               | 0       |
|    xor_ln194_14_fu_3859_p2   |     |        | xor_ln194_14  | xor       | auto                   | 0       |
|    e_42_fu_3863_p2           |     |        | e_42          | sub       | fabric                 | 0       |
|    e_43_fu_3868_p2           |     |        | e_43          | add       | fabric                 | 0       |
|    e_44_fu_3873_p3           |     |        | e_44          | select    | auto_sel               | 0       |
|    xor_ln194_15_fu_3881_p2   |     |        | xor_ln194_15  | xor       | auto                   | 0       |
|    e_45_fu_3885_p2           |     |        | e_45          | sub       | fabric                 | 0       |
|    e_46_fu_3891_p2           |     |        | e_46          | add       | fabric                 | 0       |
|    e_47_fu_3897_p3           |     |        | e_47          | select    | auto_sel               | 0       |
|    xor_ln194_16_fu_3905_p2   |     |        | xor_ln194_16  | xor       | auto                   | 0       |
|    e_48_fu_3909_p2           |     |        | e_48          | sub       | fabric                 | 0       |
|    e_49_fu_3914_p2           |     |        | e_49          | add       | fabric                 | 0       |
|    e_50_fu_3919_p3           |     |        | e_50          | select    | auto_sel               | 0       |
|    xor_ln194_17_fu_3927_p2   |     |        | xor_ln194_17  | xor       | auto                   | 0       |
|    e_51_fu_3931_p2           |     |        | e_51          | sub       | fabric                 | 0       |
|    e_52_fu_3937_p2           |     |        | e_52          | add       | fabric                 | 0       |
|    e_53_fu_3943_p3           |     |        | e_53          | select    | auto_sel               | 0       |
|    xor_ln194_18_fu_3951_p2   |     |        | xor_ln194_18  | xor       | auto                   | 0       |
|    e_54_fu_3955_p2           |     |        | e_54          | sub       | fabric                 | 0       |
|    e_55_fu_3960_p2           |     |        | e_55          | add       | fabric                 | 0       |
|    e_56_fu_3965_p3           |     |        | e_56          | select    | auto_sel               | 0       |
|    xor_ln194_19_fu_3973_p2   |     |        | xor_ln194_19  | xor       | auto                   | 0       |
|    e_57_fu_3977_p2           |     |        | e_57          | sub       | fabric                 | 0       |
|    e_58_fu_3983_p2           |     |        | e_58          | add       | fabric                 | 0       |
|    e_59_fu_3989_p3           |     |        | e_59          | select    | auto_sel               | 0       |
|    xor_ln194_20_fu_3997_p2   |     |        | xor_ln194_20  | xor       | auto                   | 0       |
|    e_60_fu_4001_p2           |     |        | e_60          | sub       | fabric                 | 0       |
|    e_61_fu_4006_p2           |     |        | e_61          | add       | fabric                 | 0       |
|    e_62_fu_4011_p3           |     |        | e_62          | select    | auto_sel               | 0       |
|    xor_ln194_21_fu_4019_p2   |     |        | xor_ln194_21  | xor       | auto                   | 0       |
|    e_63_fu_4023_p2           |     |        | e_63          | sub       | fabric                 | 0       |
|    e_64_fu_4029_p2           |     |        | e_64          | add       | fabric                 | 0       |
|    e_65_fu_4035_p3           |     |        | e_65          | select    | auto_sel               | 0       |
|    xor_ln194_22_fu_4043_p2   |     |        | xor_ln194_22  | xor       | auto                   | 0       |
|    e_66_fu_4047_p2           |     |        | e_66          | sub       | fabric                 | 0       |
|    e_67_fu_4052_p2           |     |        | e_67          | add       | fabric                 | 0       |
|    e_68_fu_4057_p3           |     |        | e_68          | select    | auto_sel               | 0       |
|    xor_ln194_23_fu_4065_p2   |     |        | xor_ln194_23  | xor       | auto                   | 0       |
|    e_69_fu_4069_p2           |     |        | e_69          | sub       | fabric                 | 0       |
|    e_70_fu_4075_p2           |     |        | e_70          | add       | fabric                 | 0       |
|    e_71_fu_4081_p3           |     |        | e_71          | select    | auto_sel               | 0       |
|    xor_ln194_24_fu_4089_p2   |     |        | xor_ln194_24  | xor       | auto                   | 0       |
|    e_72_fu_4093_p2           |     |        | e_72          | sub       | fabric                 | 0       |
|    e_73_fu_4098_p2           |     |        | e_73          | add       | fabric                 | 0       |
|    e_74_fu_4103_p3           |     |        | e_74          | select    | auto_sel               | 0       |
|    xor_ln194_25_fu_4111_p2   |     |        | xor_ln194_25  | xor       | auto                   | 0       |
|    e_75_fu_4115_p2           |     |        | e_75          | sub       | fabric                 | 0       |
|    e_76_fu_4121_p2           |     |        | e_76          | add       | fabric                 | 0       |
|    e_77_fu_4127_p3           |     |        | e_77          | select    | auto_sel               | 0       |
|    xor_ln194_26_fu_4135_p2   |     |        | xor_ln194_26  | xor       | auto                   | 0       |
|    e_78_fu_4139_p2           |     |        | e_78          | sub       | fabric                 | 0       |
|    e_79_fu_4144_p2           |     |        | e_79          | add       | fabric                 | 0       |
|    e_80_fu_4149_p3           |     |        | e_80          | select    | auto_sel               | 0       |
|    xor_ln194_27_fu_4157_p2   |     |        | xor_ln194_27  | xor       | auto                   | 0       |
|    e_81_fu_4161_p2           |     |        | e_81          | sub       | fabric                 | 0       |
|    e_82_fu_4167_p2           |     |        | e_82          | add       | fabric                 | 0       |
|    e_83_fu_4173_p3           |     |        | e_83          | select    | auto_sel               | 0       |
|    xor_ln194_28_fu_4181_p2   |     |        | xor_ln194_28  | xor       | auto                   | 0       |
|    e_84_fu_4185_p2           |     |        | e_84          | sub       | fabric                 | 0       |
|    e_85_fu_4190_p2           |     |        | e_85          | add       | fabric                 | 0       |
|    e_86_fu_4195_p3           |     |        | e_86          | select    | auto_sel               | 0       |
|    xor_ln194_29_fu_4203_p2   |     |        | xor_ln194_29  | xor       | auto                   | 0       |
|    e_87_fu_4207_p2           |     |        | e_87          | sub       | fabric                 | 0       |
|    e_88_fu_4213_p2           |     |        | e_88          | add       | fabric                 | 0       |
|    e_89_fu_4219_p3           |     |        | e_89          | select    | auto_sel               | 0       |
|    xor_ln194_30_fu_4227_p2   |     |        | xor_ln194_30  | xor       | auto                   | 0       |
|    e_90_fu_4231_p2           |     |        | e_90          | sub       | fabric                 | 0       |
|    e_91_fu_4236_p2           |     |        | e_91          | add       | fabric                 | 0       |
|    e_92_fu_4241_p3           |     |        | e_92          | select    | auto_sel               | 0       |
|    xor_ln194_31_fu_4249_p2   |     |        | xor_ln194_31  | xor       | auto                   | 0       |
|    e_93_fu_4253_p2           |     |        | e_93          | sub       | fabric                 | 0       |
|    e_94_fu_4259_p2           |     |        | e_94          | add       | fabric                 | 0       |
|    e_95_fu_4265_p3           |     |        | e_95          | select    | auto_sel               | 0       |
|    xor_ln194_32_fu_4273_p2   |     |        | xor_ln194_32  | xor       | auto                   | 0       |
|    e_96_fu_4277_p2           |     |        | e_96          | sub       | fabric                 | 0       |
|    e_97_fu_4282_p2           |     |        | e_97          | add       | fabric                 | 0       |
|    e_98_fu_4287_p3           |     |        | e_98          | select    | auto_sel               | 0       |
|    xor_ln194_33_fu_4295_p2   |     |        | xor_ln194_33  | xor       | auto                   | 0       |
|    e_99_fu_4299_p2           |     |        | e_99          | sub       | fabric                 | 0       |
|    e_100_fu_4305_p2          |     |        | e_100         | add       | fabric                 | 0       |
|    e_101_fu_4311_p3          |     |        | e_101         | select    | auto_sel               | 0       |
|    xor_ln194_34_fu_4319_p2   |     |        | xor_ln194_34  | xor       | auto                   | 0       |
|    e_102_fu_4323_p2          |     |        | e_102         | sub       | fabric                 | 0       |
|    e_103_fu_4328_p2          |     |        | e_103         | add       | fabric                 | 0       |
|    e_104_fu_4333_p3          |     |        | e_104         | select    | auto_sel               | 0       |
|    xor_ln194_35_fu_4341_p2   |     |        | xor_ln194_35  | xor       | auto                   | 0       |
|    e_105_fu_4345_p2          |     |        | e_105         | sub       | fabric                 | 0       |
|    e_106_fu_4351_p2          |     |        | e_106         | add       | fabric                 | 0       |
|    e_107_fu_4357_p3          |     |        | e_107         | select    | auto_sel               | 0       |
|    xor_ln194_36_fu_4365_p2   |     |        | xor_ln194_36  | xor       | auto                   | 0       |
|    e_108_fu_4369_p2          |     |        | e_108         | sub       | fabric                 | 0       |
|    e_109_fu_4374_p2          |     |        | e_109         | add       | fabric                 | 0       |
|    e_110_fu_4379_p3          |     |        | e_110         | select    | auto_sel               | 0       |
|    xor_ln194_37_fu_4387_p2   |     |        | xor_ln194_37  | xor       | auto                   | 0       |
|    e_111_fu_4391_p2          |     |        | e_111         | sub       | fabric                 | 0       |
|    e_112_fu_4397_p2          |     |        | e_112         | add       | fabric                 | 0       |
|    e_113_fu_4403_p3          |     |        | e_113         | select    | auto_sel               | 0       |
|    xor_ln194_38_fu_4411_p2   |     |        | xor_ln194_38  | xor       | auto                   | 0       |
|    e_114_fu_4415_p2          |     |        | e_114         | sub       | fabric                 | 0       |
|    e_115_fu_4420_p2          |     |        | e_115         | add       | fabric                 | 0       |
|    e_116_fu_4425_p3          |     |        | e_116         | select    | auto_sel               | 0       |
|    xor_ln194_39_fu_4433_p2   |     |        | xor_ln194_39  | xor       | auto                   | 0       |
|    e_117_fu_4437_p2          |     |        | e_117         | sub       | fabric                 | 0       |
|    e_118_fu_4443_p2          |     |        | e_118         | add       | fabric                 | 0       |
|    e_119_fu_4449_p3          |     |        | e_119         | select    | auto_sel               | 0       |
|    xor_ln194_40_fu_4457_p2   |     |        | xor_ln194_40  | xor       | auto                   | 0       |
|    e_120_fu_4461_p2          |     |        | e_120         | sub       | fabric                 | 0       |
|    e_121_fu_4466_p2          |     |        | e_121         | add       | fabric                 | 0       |
|    e_122_fu_4471_p3          |     |        | e_122         | select    | auto_sel               | 0       |
|    xor_ln194_41_fu_4479_p2   |     |        | xor_ln194_41  | xor       | auto                   | 0       |
|    e_123_fu_4483_p2          |     |        | e_123         | sub       | fabric                 | 0       |
|    e_124_fu_4489_p2          |     |        | e_124         | add       | fabric                 | 0       |
|    e_125_fu_4495_p3          |     |        | e_125         | select    | auto_sel               | 0       |
|    xor_ln194_42_fu_4503_p2   |     |        | xor_ln194_42  | xor       | auto                   | 0       |
|    e_126_fu_4507_p2          |     |        | e_126         | sub       | fabric                 | 0       |
|    e_127_fu_4512_p2          |     |        | e_127         | add       | fabric                 | 0       |
|    e_128_fu_4517_p3          |     |        | e_128         | select    | auto_sel               | 0       |
|    xor_ln194_43_fu_4525_p2   |     |        | xor_ln194_43  | xor       | auto                   | 0       |
|    e_129_fu_4529_p2          |     |        | e_129         | sub       | fabric                 | 0       |
|    e_130_fu_4535_p2          |     |        | e_130         | add       | fabric                 | 0       |
|    e_131_fu_4541_p3          |     |        | e_131         | select    | auto_sel               | 0       |
|    xor_ln194_44_fu_4549_p2   |     |        | xor_ln194_44  | xor       | auto                   | 0       |
|    e_132_fu_4553_p2          |     |        | e_132         | sub       | fabric                 | 0       |
|    e_133_fu_4558_p2          |     |        | e_133         | add       | fabric                 | 0       |
|    e_134_fu_4563_p3          |     |        | e_134         | select    | auto_sel               | 0       |
|    xor_ln194_45_fu_4571_p2   |     |        | xor_ln194_45  | xor       | auto                   | 0       |
|    e_135_fu_4575_p2          |     |        | e_135         | sub       | fabric                 | 0       |
|    e_136_fu_4581_p2          |     |        | e_136         | add       | fabric                 | 0       |
|    e_137_fu_4587_p3          |     |        | e_137         | select    | auto_sel               | 0       |
|    xor_ln194_46_fu_4595_p2   |     |        | xor_ln194_46  | xor       | auto                   | 0       |
|    e_138_fu_4599_p2          |     |        | e_138         | sub       | fabric                 | 0       |
|    e_139_fu_4604_p2          |     |        | e_139         | add       | fabric                 | 0       |
|    e_140_fu_4609_p3          |     |        | e_140         | select    | auto_sel               | 0       |
|    xor_ln194_47_fu_4617_p2   |     |        | xor_ln194_47  | xor       | auto                   | 0       |
|    e_141_fu_4621_p2          |     |        | e_141         | sub       | fabric                 | 0       |
|    e_142_fu_4627_p2          |     |        | e_142         | add       | fabric                 | 0       |
|    e_143_fu_4633_p3          |     |        | e_143         | select    | auto_sel               | 0       |
|    xor_ln194_48_fu_4641_p2   |     |        | xor_ln194_48  | xor       | auto                   | 0       |
|    e_144_fu_4645_p2          |     |        | e_144         | sub       | fabric                 | 0       |
|    e_145_fu_4650_p2          |     |        | e_145         | add       | fabric                 | 0       |
|    e_146_fu_4655_p3          |     |        | e_146         | select    | auto_sel               | 0       |
|    xor_ln194_49_fu_4663_p2   |     |        | xor_ln194_49  | xor       | auto                   | 0       |
|    e_147_fu_4667_p2          |     |        | e_147         | sub       | fabric                 | 0       |
|    e_148_fu_4673_p2          |     |        | e_148         | add       | fabric                 | 0       |
|    e_149_fu_4679_p3          |     |        | e_149         | select    | auto_sel               | 0       |
|    xor_ln194_50_fu_4687_p2   |     |        | xor_ln194_50  | xor       | auto                   | 0       |
|    e_150_fu_4691_p2          |     |        | e_150         | sub       | fabric                 | 0       |
|    e_151_fu_4696_p2          |     |        | e_151         | add       | fabric                 | 0       |
|    e_152_fu_4701_p3          |     |        | e_152         | select    | auto_sel               | 0       |
|    xor_ln194_51_fu_4709_p2   |     |        | xor_ln194_51  | xor       | auto                   | 0       |
|    e_153_fu_4713_p2          |     |        | e_153         | sub       | fabric                 | 0       |
|    e_154_fu_4719_p2          |     |        | e_154         | add       | fabric                 | 0       |
|    e_155_fu_4725_p3          |     |        | e_155         | select    | auto_sel               | 0       |
|    xor_ln194_52_fu_4733_p2   |     |        | xor_ln194_52  | xor       | auto                   | 0       |
|    e_156_fu_4737_p2          |     |        | e_156         | sub       | fabric                 | 0       |
|    e_157_fu_4742_p2          |     |        | e_157         | add       | fabric                 | 0       |
|    e_158_fu_4747_p3          |     |        | e_158         | select    | auto_sel               | 0       |
|    xor_ln194_53_fu_4755_p2   |     |        | xor_ln194_53  | xor       | auto                   | 0       |
|    e_159_fu_4759_p2          |     |        | e_159         | sub       | fabric                 | 0       |
|    e_160_fu_4765_p2          |     |        | e_160         | add       | fabric                 | 0       |
|    e_161_fu_4771_p3          |     |        | e_161         | select    | auto_sel               | 0       |
|    xor_ln194_54_fu_4779_p2   |     |        | xor_ln194_54  | xor       | auto                   | 0       |
|    e_162_fu_4783_p2          |     |        | e_162         | sub       | fabric                 | 0       |
|    e_163_fu_4788_p2          |     |        | e_163         | add       | fabric                 | 0       |
|    e_164_fu_4793_p3          |     |        | e_164         | select    | auto_sel               | 0       |
|    xor_ln194_55_fu_4801_p2   |     |        | xor_ln194_55  | xor       | auto                   | 0       |
|    e_165_fu_4805_p2          |     |        | e_165         | sub       | fabric                 | 0       |
|    e_166_fu_4811_p2          |     |        | e_166         | add       | fabric                 | 0       |
|    e_167_fu_4817_p3          |     |        | e_167         | select    | auto_sel               | 0       |
|    xor_ln194_56_fu_4825_p2   |     |        | xor_ln194_56  | xor       | auto                   | 0       |
|    e_168_fu_4829_p2          |     |        | e_168         | sub       | fabric                 | 0       |
|    e_169_fu_4834_p2          |     |        | e_169         | add       | fabric                 | 0       |
|    e_170_fu_4839_p3          |     |        | e_170         | select    | auto_sel               | 0       |
|    xor_ln194_57_fu_4847_p2   |     |        | xor_ln194_57  | xor       | auto                   | 0       |
|    e_171_fu_4851_p2          |     |        | e_171         | sub       | fabric                 | 0       |
|    e_172_fu_4857_p2          |     |        | e_172         | add       | fabric                 | 0       |
|    e_173_fu_4863_p3          |     |        | e_173         | select    | auto_sel               | 0       |
|    xor_ln194_58_fu_4871_p2   |     |        | xor_ln194_58  | xor       | auto                   | 0       |
|    e_174_fu_4875_p2          |     |        | e_174         | sub       | fabric                 | 0       |
|    e_175_fu_4880_p2          |     |        | e_175         | add       | fabric                 | 0       |
|    e_176_fu_4885_p3          |     |        | e_176         | select    | auto_sel               | 0       |
|    xor_ln194_59_fu_4893_p2   |     |        | xor_ln194_59  | xor       | auto                   | 0       |
|    e_177_fu_4897_p2          |     |        | e_177         | sub       | fabric                 | 0       |
|    e_178_fu_4903_p2          |     |        | e_178         | add       | fabric                 | 0       |
|    e_179_fu_4909_p3          |     |        | e_179         | select    | auto_sel               | 0       |
|    xor_ln194_60_fu_4917_p2   |     |        | xor_ln194_60  | xor       | auto                   | 0       |
|    e_180_fu_4921_p2          |     |        | e_180         | sub       | fabric                 | 0       |
|    e_181_fu_4926_p2          |     |        | e_181         | add       | fabric                 | 0       |
|    e_182_fu_4931_p3          |     |        | e_182         | select    | auto_sel               | 0       |
|    xor_ln194_61_fu_4939_p2   |     |        | xor_ln194_61  | xor       | auto                   | 0       |
|    e_183_fu_4943_p2          |     |        | e_183         | sub       | fabric                 | 0       |
|    e_184_fu_4949_p2          |     |        | e_184         | add       | fabric                 | 0       |
|    e_185_fu_4955_p3          |     |        | e_185         | select    | auto_sel               | 0       |
|    xor_ln194_62_fu_4963_p2   |     |        | xor_ln194_62  | xor       | auto                   | 0       |
|    e_186_fu_4967_p2          |     |        | e_186         | sub       | fabric                 | 0       |
|    e_187_fu_4972_p2          |     |        | e_187         | add       | fabric                 | 0       |
|    e_188_fu_4977_p3          |     |        | e_188         | select    | auto_sel               | 0       |
|    xor_ln194_63_fu_4985_p2   |     |        | xor_ln194_63  | xor       | auto                   | 0       |
|    e_189_fu_4989_p2          |     |        | e_189         | sub       | fabric                 | 0       |
|    e_190_fu_4995_p2          |     |        | e_190         | add       | fabric                 | 0       |
|    e_191_fu_5001_p3          |     |        | e_191         | select    | auto_sel               | 0       |
|    xor_ln194_64_fu_5009_p2   |     |        | xor_ln194_64  | xor       | auto                   | 0       |
|    e_192_fu_5013_p2          |     |        | e_192         | sub       | fabric                 | 0       |
|    e_193_fu_5018_p2          |     |        | e_193         | add       | fabric                 | 0       |
|    e_194_fu_5023_p3          |     |        | e_194         | select    | auto_sel               | 0       |
|    xor_ln194_65_fu_5031_p2   |     |        | xor_ln194_65  | xor       | auto                   | 0       |
|    e_195_fu_5035_p2          |     |        | e_195         | sub       | fabric                 | 0       |
|    e_196_fu_5041_p2          |     |        | e_196         | add       | fabric                 | 0       |
|    e_197_fu_5047_p3          |     |        | e_197         | select    | auto_sel               | 0       |
|    xor_ln194_66_fu_5055_p2   |     |        | xor_ln194_66  | xor       | auto                   | 0       |
|    e_198_fu_5059_p2          |     |        | e_198         | sub       | fabric                 | 0       |
|    e_199_fu_5064_p2          |     |        | e_199         | add       | fabric                 | 0       |
|    e_200_fu_5069_p3          |     |        | e_200         | select    | auto_sel               | 0       |
|    xor_ln194_67_fu_5077_p2   |     |        | xor_ln194_67  | xor       | auto                   | 0       |
|    e_201_fu_5081_p2          |     |        | e_201         | sub       | fabric                 | 0       |
|    e_202_fu_5087_p2          |     |        | e_202         | add       | fabric                 | 0       |
|    e_203_fu_5093_p3          |     |        | e_203         | select    | auto_sel               | 0       |
|    xor_ln194_68_fu_5101_p2   |     |        | xor_ln194_68  | xor       | auto                   | 0       |
|    e_204_fu_5105_p2          |     |        | e_204         | sub       | fabric                 | 0       |
|    e_205_fu_5110_p2          |     |        | e_205         | add       | fabric                 | 0       |
|    e_206_fu_5115_p3          |     |        | e_206         | select    | auto_sel               | 0       |
|    xor_ln194_69_fu_5123_p2   |     |        | xor_ln194_69  | xor       | auto                   | 0       |
|    e_207_fu_5127_p2          |     |        | e_207         | sub       | fabric                 | 0       |
|    e_208_fu_5133_p2          |     |        | e_208         | add       | fabric                 | 0       |
|    e_209_fu_5139_p3          |     |        | e_209         | select    | auto_sel               | 0       |
|    xor_ln194_70_fu_5147_p2   |     |        | xor_ln194_70  | xor       | auto                   | 0       |
|    e_210_fu_5151_p2          |     |        | e_210         | sub       | fabric                 | 0       |
|    e_211_fu_5156_p2          |     |        | e_211         | add       | fabric                 | 0       |
|    e_212_fu_5161_p3          |     |        | e_212         | select    | auto_sel               | 0       |
|    xor_ln194_71_fu_5169_p2   |     |        | xor_ln194_71  | xor       | auto                   | 0       |
|    e_213_fu_5173_p2          |     |        | e_213         | sub       | fabric                 | 0       |
|    e_214_fu_5179_p2          |     |        | e_214         | add       | fabric                 | 0       |
|    e_215_fu_5185_p3          |     |        | e_215         | select    | auto_sel               | 0       |
|    xor_ln194_72_fu_5193_p2   |     |        | xor_ln194_72  | xor       | auto                   | 0       |
|    e_216_fu_5197_p2          |     |        | e_216         | sub       | fabric                 | 0       |
|    e_217_fu_5202_p2          |     |        | e_217         | add       | fabric                 | 0       |
|    e_218_fu_5207_p3          |     |        | e_218         | select    | auto_sel               | 0       |
|    xor_ln194_73_fu_5215_p2   |     |        | xor_ln194_73  | xor       | auto                   | 0       |
|    e_219_fu_5219_p2          |     |        | e_219         | sub       | fabric                 | 0       |
|    e_220_fu_5225_p2          |     |        | e_220         | add       | fabric                 | 0       |
|    e_221_fu_5231_p3          |     |        | e_221         | select    | auto_sel               | 0       |
|    xor_ln194_74_fu_5239_p2   |     |        | xor_ln194_74  | xor       | auto                   | 0       |
|    e_222_fu_5243_p2          |     |        | e_222         | sub       | fabric                 | 0       |
|    e_223_fu_5248_p2          |     |        | e_223         | add       | fabric                 | 0       |
|    e_224_fu_5253_p3          |     |        | e_224         | select    | auto_sel               | 0       |
|    xor_ln194_75_fu_5261_p2   |     |        | xor_ln194_75  | xor       | auto                   | 0       |
|    e_225_fu_5265_p2          |     |        | e_225         | sub       | fabric                 | 0       |
|    e_226_fu_5271_p2          |     |        | e_226         | add       | fabric                 | 0       |
|    e_227_fu_5277_p3          |     |        | e_227         | select    | auto_sel               | 0       |
|    xor_ln194_76_fu_5285_p2   |     |        | xor_ln194_76  | xor       | auto                   | 0       |
|    e_228_fu_5289_p2          |     |        | e_228         | sub       | fabric                 | 0       |
|    e_229_fu_5294_p2          |     |        | e_229         | add       | fabric                 | 0       |
|    e_230_fu_5299_p3          |     |        | e_230         | select    | auto_sel               | 0       |
|    xor_ln194_77_fu_5307_p2   |     |        | xor_ln194_77  | xor       | auto                   | 0       |
|    e_231_fu_5311_p2          |     |        | e_231         | sub       | fabric                 | 0       |
|    e_232_fu_5317_p2          |     |        | e_232         | add       | fabric                 | 0       |
|    e_233_fu_5323_p3          |     |        | e_233         | select    | auto_sel               | 0       |
|    xor_ln194_78_fu_5331_p2   |     |        | xor_ln194_78  | xor       | auto                   | 0       |
|    e_234_fu_5335_p2          |     |        | e_234         | sub       | fabric                 | 0       |
|    e_235_fu_5340_p2          |     |        | e_235         | add       | fabric                 | 0       |
|    e_236_fu_5345_p3          |     |        | e_236         | select    | auto_sel               | 0       |
|    xor_ln194_79_fu_5353_p2   |     |        | xor_ln194_79  | xor       | auto                   | 0       |
|    e_237_fu_5357_p2          |     |        | e_237         | sub       | fabric                 | 0       |
|    e_238_fu_5363_p2          |     |        | e_238         | add       | fabric                 | 0       |
|    e_239_fu_5369_p3          |     |        | e_239         | select    | auto_sel               | 0       |
|    xor_ln194_80_fu_5377_p2   |     |        | xor_ln194_80  | xor       | auto                   | 0       |
|    e_240_fu_5381_p2          |     |        | e_240         | sub       | fabric                 | 0       |
|    e_241_fu_5386_p2          |     |        | e_241         | add       | fabric                 | 0       |
|    e_242_fu_5391_p3          |     |        | e_242         | select    | auto_sel               | 0       |
|    xor_ln194_81_fu_5399_p2   |     |        | xor_ln194_81  | xor       | auto                   | 0       |
|    e_243_fu_5403_p2          |     |        | e_243         | sub       | fabric                 | 0       |
|    e_244_fu_5409_p2          |     |        | e_244         | add       | fabric                 | 0       |
|    e_245_fu_5415_p3          |     |        | e_245         | select    | auto_sel               | 0       |
|    xor_ln194_82_fu_5423_p2   |     |        | xor_ln194_82  | xor       | auto                   | 0       |
|    e_246_fu_5427_p2          |     |        | e_246         | sub       | fabric                 | 0       |
|    e_247_fu_5432_p2          |     |        | e_247         | add       | fabric                 | 0       |
|    e_248_fu_5437_p3          |     |        | e_248         | select    | auto_sel               | 0       |
|    xor_ln194_83_fu_5445_p2   |     |        | xor_ln194_83  | xor       | auto                   | 0       |
|    e_249_fu_5449_p2          |     |        | e_249         | sub       | fabric                 | 0       |
|    e_250_fu_5455_p2          |     |        | e_250         | add       | fabric                 | 0       |
|    e_251_fu_5461_p3          |     |        | e_251         | select    | auto_sel               | 0       |
|    xor_ln194_84_fu_5469_p2   |     |        | xor_ln194_84  | xor       | auto                   | 0       |
|    e_252_fu_5473_p2          |     |        | e_252         | sub       | fabric                 | 0       |
|    e_253_fu_5478_p2          |     |        | e_253         | add       | fabric                 | 0       |
|    e_254_fu_5483_p3          |     |        | e_254         | select    | auto_sel               | 0       |
|    xor_ln194_85_fu_5491_p2   |     |        | xor_ln194_85  | xor       | auto                   | 0       |
|    e_255_fu_5495_p2          |     |        | e_255         | sub       | fabric                 | 0       |
|    e_256_fu_5501_p2          |     |        | e_256         | add       | fabric                 | 0       |
|    e_257_fu_5507_p3          |     |        | e_257         | select    | auto_sel               | 0       |
|    xor_ln194_86_fu_5515_p2   |     |        | xor_ln194_86  | xor       | auto                   | 0       |
|    e_258_fu_5519_p2          |     |        | e_258         | sub       | fabric                 | 0       |
|    e_259_fu_5524_p2          |     |        | e_259         | add       | fabric                 | 0       |
|    e_260_fu_5529_p3          |     |        | e_260         | select    | auto_sel               | 0       |
|    xor_ln194_87_fu_5537_p2   |     |        | xor_ln194_87  | xor       | auto                   | 0       |
|    e_261_fu_5541_p2          |     |        | e_261         | sub       | fabric                 | 0       |
|    e_262_fu_5547_p2          |     |        | e_262         | add       | fabric                 | 0       |
|    e_263_fu_5553_p3          |     |        | e_263         | select    | auto_sel               | 0       |
|    xor_ln194_88_fu_5561_p2   |     |        | xor_ln194_88  | xor       | auto                   | 0       |
|    e_264_fu_5565_p2          |     |        | e_264         | sub       | fabric                 | 0       |
|    e_265_fu_5570_p2          |     |        | e_265         | add       | fabric                 | 0       |
|    e_266_fu_5575_p3          |     |        | e_266         | select    | auto_sel               | 0       |
|    xor_ln194_89_fu_5583_p2   |     |        | xor_ln194_89  | xor       | auto                   | 0       |
|    e_267_fu_5587_p2          |     |        | e_267         | sub       | fabric                 | 0       |
|    e_268_fu_5593_p2          |     |        | e_268         | add       | fabric                 | 0       |
|    e_269_fu_5599_p3          |     |        | e_269         | select    | auto_sel               | 0       |
|    xor_ln194_90_fu_5607_p2   |     |        | xor_ln194_90  | xor       | auto                   | 0       |
|    e_270_fu_5611_p2          |     |        | e_270         | sub       | fabric                 | 0       |
|    e_271_fu_5616_p2          |     |        | e_271         | add       | fabric                 | 0       |
|    e_272_fu_5621_p3          |     |        | e_272         | select    | auto_sel               | 0       |
|    xor_ln194_91_fu_5629_p2   |     |        | xor_ln194_91  | xor       | auto                   | 0       |
|    e_273_fu_5633_p2          |     |        | e_273         | sub       | fabric                 | 0       |
|    e_274_fu_5639_p2          |     |        | e_274         | add       | fabric                 | 0       |
|    e_275_fu_5645_p3          |     |        | e_275         | select    | auto_sel               | 0       |
|    xor_ln194_92_fu_5653_p2   |     |        | xor_ln194_92  | xor       | auto                   | 0       |
|    e_276_fu_5657_p2          |     |        | e_276         | sub       | fabric                 | 0       |
|    e_277_fu_5662_p2          |     |        | e_277         | add       | fabric                 | 0       |
|    e_278_fu_5667_p3          |     |        | e_278         | select    | auto_sel               | 0       |
|    xor_ln194_93_fu_5675_p2   |     |        | xor_ln194_93  | xor       | auto                   | 0       |
|    e_279_fu_5679_p2          |     |        | e_279         | sub       | fabric                 | 0       |
|    e_280_fu_5685_p2          |     |        | e_280         | add       | fabric                 | 0       |
|    e_281_fu_5691_p3          |     |        | e_281         | select    | auto_sel               | 0       |
|    xor_ln194_94_fu_5699_p2   |     |        | xor_ln194_94  | xor       | auto                   | 0       |
|    e_282_fu_5703_p2          |     |        | e_282         | sub       | fabric                 | 0       |
|    e_283_fu_5708_p2          |     |        | e_283         | add       | fabric                 | 0       |
|    e_284_fu_5713_p3          |     |        | e_284         | select    | auto_sel               | 0       |
|    xor_ln194_95_fu_5721_p2   |     |        | xor_ln194_95  | xor       | auto                   | 0       |
|    e_285_fu_5725_p2          |     |        | e_285         | sub       | fabric                 | 0       |
|    e_286_fu_5731_p2          |     |        | e_286         | add       | fabric                 | 0       |
|    e_287_fu_5737_p3          |     |        | e_287         | select    | auto_sel               | 0       |
|    xor_ln194_96_fu_5745_p2   |     |        | xor_ln194_96  | xor       | auto                   | 0       |
|    e_288_fu_5749_p2          |     |        | e_288         | sub       | fabric                 | 0       |
|    e_289_fu_5754_p2          |     |        | e_289         | add       | fabric                 | 0       |
|    e_290_fu_5759_p3          |     |        | e_290         | select    | auto_sel               | 0       |
|    xor_ln194_97_fu_5767_p2   |     |        | xor_ln194_97  | xor       | auto                   | 0       |
|    e_291_fu_5771_p2          |     |        | e_291         | sub       | fabric                 | 0       |
|    e_292_fu_5777_p2          |     |        | e_292         | add       | fabric                 | 0       |
|    e_293_fu_5783_p3          |     |        | e_293         | select    | auto_sel               | 0       |
|    xor_ln194_98_fu_5791_p2   |     |        | xor_ln194_98  | xor       | auto                   | 0       |
|    e_294_fu_5795_p2          |     |        | e_294         | sub       | fabric                 | 0       |
|    e_295_fu_5800_p2          |     |        | e_295         | add       | fabric                 | 0       |
|    e_296_fu_5805_p3          |     |        | e_296         | select    | auto_sel               | 0       |
|    xor_ln194_99_fu_5813_p2   |     |        | xor_ln194_99  | xor       | auto                   | 0       |
|    e_297_fu_5817_p2          |     |        | e_297         | sub       | fabric                 | 0       |
|    e_298_fu_5823_p2          |     |        | e_298         | add       | fabric                 | 0       |
|    e_299_fu_5829_p3          |     |        | e_299         | select    | auto_sel               | 0       |
|    xor_ln194_100_fu_5837_p2  |     |        | xor_ln194_100 | xor       | auto                   | 0       |
|    e_300_fu_5841_p2          |     |        | e_300         | sub       | fabric                 | 0       |
|    e_301_fu_5846_p2          |     |        | e_301         | add       | fabric                 | 0       |
|    e_302_fu_5851_p3          |     |        | e_302         | select    | auto_sel               | 0       |
|    xor_ln194_101_fu_5859_p2  |     |        | xor_ln194_101 | xor       | auto                   | 0       |
|    e_303_fu_5863_p2          |     |        | e_303         | sub       | fabric                 | 0       |
|    e_304_fu_5869_p2          |     |        | e_304         | add       | fabric                 | 0       |
|    e_305_fu_5875_p3          |     |        | e_305         | select    | auto_sel               | 0       |
|    xor_ln194_102_fu_5883_p2  |     |        | xor_ln194_102 | xor       | auto                   | 0       |
|    e_306_fu_5887_p2          |     |        | e_306         | sub       | fabric                 | 0       |
|    e_307_fu_5892_p2          |     |        | e_307         | add       | fabric                 | 0       |
|    e_308_fu_5897_p3          |     |        | e_308         | select    | auto_sel               | 0       |
|    xor_ln194_103_fu_5905_p2  |     |        | xor_ln194_103 | xor       | auto                   | 0       |
|    e_309_fu_5909_p2          |     |        | e_309         | sub       | fabric                 | 0       |
|    e_310_fu_5915_p2          |     |        | e_310         | add       | fabric                 | 0       |
|    e_311_fu_5921_p3          |     |        | e_311         | select    | auto_sel               | 0       |
|    xor_ln194_104_fu_5929_p2  |     |        | xor_ln194_104 | xor       | auto                   | 0       |
|    e_312_fu_5933_p2          |     |        | e_312         | sub       | fabric                 | 0       |
|    e_313_fu_5938_p2          |     |        | e_313         | add       | fabric                 | 0       |
|    e_314_fu_5943_p3          |     |        | e_314         | select    | auto_sel               | 0       |
|    xor_ln194_105_fu_5951_p2  |     |        | xor_ln194_105 | xor       | auto                   | 0       |
|    e_315_fu_5955_p2          |     |        | e_315         | sub       | fabric                 | 0       |
|    e_316_fu_5961_p2          |     |        | e_316         | add       | fabric                 | 0       |
|    e_317_fu_5967_p3          |     |        | e_317         | select    | auto_sel               | 0       |
|    xor_ln194_106_fu_5975_p2  |     |        | xor_ln194_106 | xor       | auto                   | 0       |
|    e_318_fu_5979_p2          |     |        | e_318         | sub       | fabric                 | 0       |
|    e_319_fu_5984_p2          |     |        | e_319         | add       | fabric                 | 0       |
|    e_320_fu_5989_p3          |     |        | e_320         | select    | auto_sel               | 0       |
|    xor_ln194_107_fu_5997_p2  |     |        | xor_ln194_107 | xor       | auto                   | 0       |
|    e_321_fu_6001_p2          |     |        | e_321         | sub       | fabric                 | 0       |
|    e_322_fu_6007_p2          |     |        | e_322         | add       | fabric                 | 0       |
|    e_323_fu_6013_p3          |     |        | e_323         | select    | auto_sel               | 0       |
|    xor_ln194_108_fu_6021_p2  |     |        | xor_ln194_108 | xor       | auto                   | 0       |
|    e_324_fu_6025_p2          |     |        | e_324         | sub       | fabric                 | 0       |
|    e_325_fu_6030_p2          |     |        | e_325         | add       | fabric                 | 0       |
|    e_326_fu_6035_p3          |     |        | e_326         | select    | auto_sel               | 0       |
|    xor_ln194_109_fu_6043_p2  |     |        | xor_ln194_109 | xor       | auto                   | 0       |
|    e_327_fu_6047_p2          |     |        | e_327         | sub       | fabric                 | 0       |
|    e_328_fu_6053_p2          |     |        | e_328         | add       | fabric                 | 0       |
|    e_329_fu_6059_p3          |     |        | e_329         | select    | auto_sel               | 0       |
|    xor_ln194_110_fu_6067_p2  |     |        | xor_ln194_110 | xor       | auto                   | 0       |
|    e_330_fu_6071_p2          |     |        | e_330         | sub       | fabric                 | 0       |
|    e_331_fu_6076_p2          |     |        | e_331         | add       | fabric                 | 0       |
|    e_332_fu_6081_p3          |     |        | e_332         | select    | auto_sel               | 0       |
|    xor_ln194_111_fu_6089_p2  |     |        | xor_ln194_111 | xor       | auto                   | 0       |
|    e_333_fu_6093_p2          |     |        | e_333         | sub       | fabric                 | 0       |
|    e_334_fu_6099_p2          |     |        | e_334         | add       | fabric                 | 0       |
|    e_335_fu_6105_p3          |     |        | e_335         | select    | auto_sel               | 0       |
|    xor_ln194_112_fu_6113_p2  |     |        | xor_ln194_112 | xor       | auto                   | 0       |
|    e_336_fu_6117_p2          |     |        | e_336         | sub       | fabric                 | 0       |
|    e_337_fu_6122_p2          |     |        | e_337         | add       | fabric                 | 0       |
|    e_338_fu_6127_p3          |     |        | e_338         | select    | auto_sel               | 0       |
|    xor_ln194_113_fu_6135_p2  |     |        | xor_ln194_113 | xor       | auto                   | 0       |
|    e_339_fu_6139_p2          |     |        | e_339         | sub       | fabric                 | 0       |
|    e_340_fu_6145_p2          |     |        | e_340         | add       | fabric                 | 0       |
|    e_341_fu_6151_p3          |     |        | e_341         | select    | auto_sel               | 0       |
|    xor_ln194_114_fu_6159_p2  |     |        | xor_ln194_114 | xor       | auto                   | 0       |
|    e_342_fu_6163_p2          |     |        | e_342         | sub       | fabric                 | 0       |
|    e_343_fu_6168_p2          |     |        | e_343         | add       | fabric                 | 0       |
|    e_344_fu_6173_p3          |     |        | e_344         | select    | auto_sel               | 0       |
|    xor_ln194_115_fu_6181_p2  |     |        | xor_ln194_115 | xor       | auto                   | 0       |
|    e_345_fu_6185_p2          |     |        | e_345         | sub       | fabric                 | 0       |
|    e_346_fu_6191_p2          |     |        | e_346         | add       | fabric                 | 0       |
|    e_347_fu_6197_p3          |     |        | e_347         | select    | auto_sel               | 0       |
|    xor_ln194_116_fu_6205_p2  |     |        | xor_ln194_116 | xor       | auto                   | 0       |
|    e_348_fu_6209_p2          |     |        | e_348         | sub       | fabric                 | 0       |
|    e_349_fu_6214_p2          |     |        | e_349         | add       | fabric                 | 0       |
|    e_350_fu_6219_p3          |     |        | e_350         | select    | auto_sel               | 0       |
|    xor_ln194_117_fu_6227_p2  |     |        | xor_ln194_117 | xor       | auto                   | 0       |
|    e_351_fu_6231_p2          |     |        | e_351         | sub       | fabric                 | 0       |
|    e_352_fu_6237_p2          |     |        | e_352         | add       | fabric                 | 0       |
|    e_353_fu_6243_p3          |     |        | e_353         | select    | auto_sel               | 0       |
|    xor_ln194_118_fu_6251_p2  |     |        | xor_ln194_118 | xor       | auto                   | 0       |
|    e_354_fu_6255_p2          |     |        | e_354         | sub       | fabric                 | 0       |
|    e_355_fu_6260_p2          |     |        | e_355         | add       | fabric                 | 0       |
|    e_356_fu_6265_p3          |     |        | e_356         | select    | auto_sel               | 0       |
|    xor_ln194_119_fu_6273_p2  |     |        | xor_ln194_119 | xor       | auto                   | 0       |
|    e_357_fu_6277_p2          |     |        | e_357         | sub       | fabric                 | 0       |
|    e_358_fu_6283_p2          |     |        | e_358         | add       | fabric                 | 0       |
|    e_359_fu_6289_p3          |     |        | e_359         | select    | auto_sel               | 0       |
|    xor_ln194_120_fu_6297_p2  |     |        | xor_ln194_120 | xor       | auto                   | 0       |
|    e_360_fu_6301_p2          |     |        | e_360         | sub       | fabric                 | 0       |
|    e_361_fu_6306_p2          |     |        | e_361         | add       | fabric                 | 0       |
|    e_362_fu_6311_p3          |     |        | e_362         | select    | auto_sel               | 0       |
|    xor_ln194_121_fu_6319_p2  |     |        | xor_ln194_121 | xor       | auto                   | 0       |
|    e_363_fu_6323_p2          |     |        | e_363         | sub       | fabric                 | 0       |
|    e_364_fu_6329_p2          |     |        | e_364         | add       | fabric                 | 0       |
|    e_365_fu_6335_p3          |     |        | e_365         | select    | auto_sel               | 0       |
|    xor_ln194_122_fu_6343_p2  |     |        | xor_ln194_122 | xor       | auto                   | 0       |
|    e_366_fu_6347_p2          |     |        | e_366         | sub       | fabric                 | 0       |
|    e_367_fu_6352_p2          |     |        | e_367         | add       | fabric                 | 0       |
|    e_368_fu_6357_p3          |     |        | e_368         | select    | auto_sel               | 0       |
|    xor_ln194_123_fu_6365_p2  |     |        | xor_ln194_123 | xor       | auto                   | 0       |
|    e_369_fu_6369_p2          |     |        | e_369         | sub       | fabric                 | 0       |
|    e_370_fu_6375_p2          |     |        | e_370         | add       | fabric                 | 0       |
|    e_371_fu_6381_p3          |     |        | e_371         | select    | auto_sel               | 0       |
|    xor_ln194_124_fu_6389_p2  |     |        | xor_ln194_124 | xor       | auto                   | 0       |
|    e_372_fu_6393_p2          |     |        | e_372         | sub       | fabric                 | 0       |
|    e_373_fu_6398_p2          |     |        | e_373         | add       | fabric                 | 0       |
|    e_374_fu_6403_p3          |     |        | e_374         | select    | auto_sel               | 0       |
|    xor_ln194_125_fu_6411_p2  |     |        | xor_ln194_125 | xor       | auto                   | 0       |
|    e_375_fu_6415_p2          |     |        | e_375         | sub       | fabric                 | 0       |
|    e_376_fu_6421_p2          |     |        | e_376         | add       | fabric                 | 0       |
|    e_377_fu_6427_p3          |     |        | e_377         | select    | auto_sel               | 0       |
|    xor_ln194_126_fu_6435_p2  |     |        | xor_ln194_126 | xor       | auto                   | 0       |
|    e_378_fu_6439_p2          |     |        | e_378         | sub       | fabric                 | 0       |
|    e_379_fu_6444_p2          |     |        | e_379         | add       | fabric                 | 0       |
|    e_380_fu_6449_p3          |     |        | e_380         | select    | auto_sel               | 0       |
|    xor_ln194_127_fu_6457_p2  |     |        | xor_ln194_127 | xor       | auto                   | 0       |
|    e_381_fu_6461_p2          |     |        | e_381         | sub       | fabric                 | 0       |
|    e_382_fu_6467_p2          |     |        | e_382         | add       | fabric                 | 0       |
|    e_383_fu_6473_p3          |     |        | e_383         | select    | auto_sel               | 0       |
|    xor_ln194_128_fu_6481_p2  |     |        | xor_ln194_128 | xor       | auto                   | 0       |
|    e_384_fu_6485_p2          |     |        | e_384         | sub       | fabric                 | 0       |
|    e_385_fu_6490_p2          |     |        | e_385         | add       | fabric                 | 0       |
|    e_386_fu_6495_p3          |     |        | e_386         | select    | auto_sel               | 0       |
|    xor_ln194_129_fu_6503_p2  |     |        | xor_ln194_129 | xor       | auto                   | 0       |
|    e_387_fu_6507_p2          |     |        | e_387         | sub       | fabric                 | 0       |
|    e_388_fu_6513_p2          |     |        | e_388         | add       | fabric                 | 0       |
|    e_389_fu_6519_p3          |     |        | e_389         | select    | auto_sel               | 0       |
|    xor_ln194_130_fu_6527_p2  |     |        | xor_ln194_130 | xor       | auto                   | 0       |
|    e_390_fu_6531_p2          |     |        | e_390         | sub       | fabric                 | 0       |
|    e_391_fu_6536_p2          |     |        | e_391         | add       | fabric                 | 0       |
|    e_392_fu_6541_p3          |     |        | e_392         | select    | auto_sel               | 0       |
|    xor_ln194_131_fu_6549_p2  |     |        | xor_ln194_131 | xor       | auto                   | 0       |
|    e_393_fu_6553_p2          |     |        | e_393         | sub       | fabric                 | 0       |
|    e_394_fu_6559_p2          |     |        | e_394         | add       | fabric                 | 0       |
|    e_395_fu_6565_p3          |     |        | e_395         | select    | auto_sel               | 0       |
|    xor_ln194_132_fu_6573_p2  |     |        | xor_ln194_132 | xor       | auto                   | 0       |
|    e_396_fu_6577_p2          |     |        | e_396         | sub       | fabric                 | 0       |
|    e_397_fu_6582_p2          |     |        | e_397         | add       | fabric                 | 0       |
|    e_398_fu_6587_p3          |     |        | e_398         | select    | auto_sel               | 0       |
|    xor_ln194_133_fu_6595_p2  |     |        | xor_ln194_133 | xor       | auto                   | 0       |
|    e_399_fu_6599_p2          |     |        | e_399         | sub       | fabric                 | 0       |
|    e_400_fu_6605_p2          |     |        | e_400         | add       | fabric                 | 0       |
|    e_401_fu_6611_p3          |     |        | e_401         | select    | auto_sel               | 0       |
|    xor_ln194_134_fu_6619_p2  |     |        | xor_ln194_134 | xor       | auto                   | 0       |
|    e_402_fu_6623_p2          |     |        | e_402         | sub       | fabric                 | 0       |
|    e_403_fu_6628_p2          |     |        | e_403         | add       | fabric                 | 0       |
|    e_404_fu_6633_p3          |     |        | e_404         | select    | auto_sel               | 0       |
|    xor_ln194_135_fu_6641_p2  |     |        | xor_ln194_135 | xor       | auto                   | 0       |
|    e_405_fu_6645_p2          |     |        | e_405         | sub       | fabric                 | 0       |
|    e_406_fu_6651_p2          |     |        | e_406         | add       | fabric                 | 0       |
|    e_407_fu_6657_p3          |     |        | e_407         | select    | auto_sel               | 0       |
|    xor_ln194_136_fu_6665_p2  |     |        | xor_ln194_136 | xor       | auto                   | 0       |
|    e_408_fu_6669_p2          |     |        | e_408         | sub       | fabric                 | 0       |
|    e_409_fu_6674_p2          |     |        | e_409         | add       | fabric                 | 0       |
|    e_410_fu_6679_p3          |     |        | e_410         | select    | auto_sel               | 0       |
|    xor_ln194_137_fu_6687_p2  |     |        | xor_ln194_137 | xor       | auto                   | 0       |
|    e_411_fu_6691_p2          |     |        | e_411         | sub       | fabric                 | 0       |
|    e_412_fu_6697_p2          |     |        | e_412         | add       | fabric                 | 0       |
|    e_413_fu_6703_p3          |     |        | e_413         | select    | auto_sel               | 0       |
|    xor_ln194_138_fu_6711_p2  |     |        | xor_ln194_138 | xor       | auto                   | 0       |
|    e_414_fu_6715_p2          |     |        | e_414         | sub       | fabric                 | 0       |
|    e_415_fu_6720_p2          |     |        | e_415         | add       | fabric                 | 0       |
|    e_416_fu_6725_p3          |     |        | e_416         | select    | auto_sel               | 0       |
|    xor_ln194_139_fu_6733_p2  |     |        | xor_ln194_139 | xor       | auto                   | 0       |
|    e_417_fu_6737_p2          |     |        | e_417         | sub       | fabric                 | 0       |
|    e_418_fu_6743_p2          |     |        | e_418         | add       | fabric                 | 0       |
|    e_419_fu_6749_p3          |     |        | e_419         | select    | auto_sel               | 0       |
|    xor_ln194_140_fu_6757_p2  |     |        | xor_ln194_140 | xor       | auto                   | 0       |
|    e_420_fu_6761_p2          |     |        | e_420         | sub       | fabric                 | 0       |
|    e_421_fu_6766_p2          |     |        | e_421         | add       | fabric                 | 0       |
|    e_422_fu_6771_p3          |     |        | e_422         | select    | auto_sel               | 0       |
|    xor_ln194_141_fu_6779_p2  |     |        | xor_ln194_141 | xor       | auto                   | 0       |
|    e_423_fu_6783_p2          |     |        | e_423         | sub       | fabric                 | 0       |
|    e_424_fu_6789_p2          |     |        | e_424         | add       | fabric                 | 0       |
|    e_425_fu_6795_p3          |     |        | e_425         | select    | auto_sel               | 0       |
|    xor_ln194_142_fu_6803_p2  |     |        | xor_ln194_142 | xor       | auto                   | 0       |
|    e_426_fu_6807_p2          |     |        | e_426         | sub       | fabric                 | 0       |
|    e_427_fu_6812_p2          |     |        | e_427         | add       | fabric                 | 0       |
|    e_428_fu_6817_p3          |     |        | e_428         | select    | auto_sel               | 0       |
|    xor_ln194_143_fu_6825_p2  |     |        | xor_ln194_143 | xor       | auto                   | 0       |
|    e_429_fu_6829_p2          |     |        | e_429         | sub       | fabric                 | 0       |
|    e_430_fu_6835_p2          |     |        | e_430         | add       | fabric                 | 0       |
|    e_431_fu_6841_p3          |     |        | e_431         | select    | auto_sel               | 0       |
|    xor_ln194_144_fu_6849_p2  |     |        | xor_ln194_144 | xor       | auto                   | 0       |
|    e_432_fu_6853_p2          |     |        | e_432         | sub       | fabric                 | 0       |
|    e_433_fu_6858_p2          |     |        | e_433         | add       | fabric                 | 0       |
|    e_434_fu_6863_p3          |     |        | e_434         | select    | auto_sel               | 0       |
|    xor_ln194_145_fu_6871_p2  |     |        | xor_ln194_145 | xor       | auto                   | 0       |
|    e_435_fu_6875_p2          |     |        | e_435         | sub       | fabric                 | 0       |
|    e_436_fu_6881_p2          |     |        | e_436         | add       | fabric                 | 0       |
|    e_437_fu_6887_p3          |     |        | e_437         | select    | auto_sel               | 0       |
|    xor_ln194_146_fu_6895_p2  |     |        | xor_ln194_146 | xor       | auto                   | 0       |
|    e_438_fu_6899_p2          |     |        | e_438         | sub       | fabric                 | 0       |
|    e_439_fu_6904_p2          |     |        | e_439         | add       | fabric                 | 0       |
|    e_440_fu_6909_p3          |     |        | e_440         | select    | auto_sel               | 0       |
|    xor_ln194_147_fu_6917_p2  |     |        | xor_ln194_147 | xor       | auto                   | 0       |
|    e_441_fu_6921_p2          |     |        | e_441         | sub       | fabric                 | 0       |
|    e_442_fu_6927_p2          |     |        | e_442         | add       | fabric                 | 0       |
|    e_443_fu_6933_p3          |     |        | e_443         | select    | auto_sel               | 0       |
|    xor_ln194_148_fu_6941_p2  |     |        | xor_ln194_148 | xor       | auto                   | 0       |
|    e_444_fu_6945_p2          |     |        | e_444         | sub       | fabric                 | 0       |
|    e_445_fu_6950_p2          |     |        | e_445         | add       | fabric                 | 0       |
|    e_446_fu_6955_p3          |     |        | e_446         | select    | auto_sel               | 0       |
|    xor_ln194_149_fu_6963_p2  |     |        | xor_ln194_149 | xor       | auto                   | 0       |
|    e_447_fu_6967_p2          |     |        | e_447         | sub       | fabric                 | 0       |
|    e_448_fu_6973_p2          |     |        | e_448         | add       | fabric                 | 0       |
|    e_449_fu_6979_p3          |     |        | e_449         | select    | auto_sel               | 0       |
|    xor_ln194_150_fu_6987_p2  |     |        | xor_ln194_150 | xor       | auto                   | 0       |
|    e_450_fu_6991_p2          |     |        | e_450         | sub       | fabric                 | 0       |
|    e_451_fu_6996_p2          |     |        | e_451         | add       | fabric                 | 0       |
|    e_452_fu_7001_p3          |     |        | e_452         | select    | auto_sel               | 0       |
|    xor_ln194_151_fu_7009_p2  |     |        | xor_ln194_151 | xor       | auto                   | 0       |
|    e_453_fu_7013_p2          |     |        | e_453         | sub       | fabric                 | 0       |
|    e_454_fu_7019_p2          |     |        | e_454         | add       | fabric                 | 0       |
|    e_455_fu_7025_p3          |     |        | e_455         | select    | auto_sel               | 0       |
|    xor_ln194_152_fu_7033_p2  |     |        | xor_ln194_152 | xor       | auto                   | 0       |
|    e_456_fu_7037_p2          |     |        | e_456         | sub       | fabric                 | 0       |
|    e_457_fu_7042_p2          |     |        | e_457         | add       | fabric                 | 0       |
|    e_458_fu_7047_p3          |     |        | e_458         | select    | auto_sel               | 0       |
|    xor_ln194_153_fu_7055_p2  |     |        | xor_ln194_153 | xor       | auto                   | 0       |
|    e_459_fu_7059_p2          |     |        | e_459         | sub       | fabric                 | 0       |
|    e_460_fu_7065_p2          |     |        | e_460         | add       | fabric                 | 0       |
|    e_461_fu_7071_p3          |     |        | e_461         | select    | auto_sel               | 0       |
|    xor_ln194_154_fu_7079_p2  |     |        | xor_ln194_154 | xor       | auto                   | 0       |
|    e_462_fu_7083_p2          |     |        | e_462         | sub       | fabric                 | 0       |
|    e_463_fu_7088_p2          |     |        | e_463         | add       | fabric                 | 0       |
|    e_464_fu_7093_p3          |     |        | e_464         | select    | auto_sel               | 0       |
|    xor_ln194_155_fu_7101_p2  |     |        | xor_ln194_155 | xor       | auto                   | 0       |
|    e_465_fu_7105_p2          |     |        | e_465         | sub       | fabric                 | 0       |
|    e_466_fu_7111_p2          |     |        | e_466         | add       | fabric                 | 0       |
|    e_467_fu_7117_p3          |     |        | e_467         | select    | auto_sel               | 0       |
|    xor_ln194_156_fu_7125_p2  |     |        | xor_ln194_156 | xor       | auto                   | 0       |
|    e_468_fu_7129_p2          |     |        | e_468         | sub       | fabric                 | 0       |
|    e_469_fu_7134_p2          |     |        | e_469         | add       | fabric                 | 0       |
|    e_470_fu_7139_p3          |     |        | e_470         | select    | auto_sel               | 0       |
|    xor_ln194_157_fu_7147_p2  |     |        | xor_ln194_157 | xor       | auto                   | 0       |
|    e_471_fu_7151_p2          |     |        | e_471         | sub       | fabric                 | 0       |
|    e_472_fu_7157_p2          |     |        | e_472         | add       | fabric                 | 0       |
|    e_473_fu_7163_p3          |     |        | e_473         | select    | auto_sel               | 0       |
|    xor_ln194_158_fu_7171_p2  |     |        | xor_ln194_158 | xor       | auto                   | 0       |
|    e_474_fu_7175_p2          |     |        | e_474         | sub       | fabric                 | 0       |
|    e_475_fu_7180_p2          |     |        | e_475         | add       | fabric                 | 0       |
|    e_476_fu_7185_p3          |     |        | e_476         | select    | auto_sel               | 0       |
|    xor_ln194_159_fu_7193_p2  |     |        | xor_ln194_159 | xor       | auto                   | 0       |
|    e_477_fu_7197_p2          |     |        | e_477         | sub       | fabric                 | 0       |
|    e_478_fu_7203_p2          |     |        | e_478         | add       | fabric                 | 0       |
|    e_479_fu_7209_p3          |     |        | e_479         | select    | auto_sel               | 0       |
|    xor_ln194_160_fu_7217_p2  |     |        | xor_ln194_160 | xor       | auto                   | 0       |
|    e_480_fu_7221_p2          |     |        | e_480         | sub       | fabric                 | 0       |
|    e_481_fu_7226_p2          |     |        | e_481         | add       | fabric                 | 0       |
|    e_482_fu_7231_p3          |     |        | e_482         | select    | auto_sel               | 0       |
|    xor_ln194_161_fu_7239_p2  |     |        | xor_ln194_161 | xor       | auto                   | 0       |
|    e_483_fu_7243_p2          |     |        | e_483         | sub       | fabric                 | 0       |
|    e_484_fu_7249_p2          |     |        | e_484         | add       | fabric                 | 0       |
|    e_485_fu_7255_p3          |     |        | e_485         | select    | auto_sel               | 0       |
|    xor_ln194_162_fu_7263_p2  |     |        | xor_ln194_162 | xor       | auto                   | 0       |
|    e_486_fu_7267_p2          |     |        | e_486         | sub       | fabric                 | 0       |
|    e_487_fu_7272_p2          |     |        | e_487         | add       | fabric                 | 0       |
|    e_488_fu_7277_p3          |     |        | e_488         | select    | auto_sel               | 0       |
|    xor_ln194_163_fu_7285_p2  |     |        | xor_ln194_163 | xor       | auto                   | 0       |
|    e_489_fu_7289_p2          |     |        | e_489         | sub       | fabric                 | 0       |
|    e_490_fu_7295_p2          |     |        | e_490         | add       | fabric                 | 0       |
|    e_491_fu_7301_p3          |     |        | e_491         | select    | auto_sel               | 0       |
|    xor_ln194_164_fu_7309_p2  |     |        | xor_ln194_164 | xor       | auto                   | 0       |
|    e_492_fu_7313_p2          |     |        | e_492         | sub       | fabric                 | 0       |
|    e_493_fu_7318_p2          |     |        | e_493         | add       | fabric                 | 0       |
|    e_494_fu_7323_p3          |     |        | e_494         | select    | auto_sel               | 0       |
|    xor_ln194_165_fu_7331_p2  |     |        | xor_ln194_165 | xor       | auto                   | 0       |
|    e_495_fu_7335_p2          |     |        | e_495         | sub       | fabric                 | 0       |
|    e_496_fu_7341_p2          |     |        | e_496         | add       | fabric                 | 0       |
|    e_497_fu_7347_p3          |     |        | e_497         | select    | auto_sel               | 0       |
|    xor_ln194_166_fu_7355_p2  |     |        | xor_ln194_166 | xor       | auto                   | 0       |
|    e_498_fu_7359_p2          |     |        | e_498         | sub       | fabric                 | 0       |
|    e_499_fu_7364_p2          |     |        | e_499         | add       | fabric                 | 0       |
|    e_500_fu_7369_p3          |     |        | e_500         | select    | auto_sel               | 0       |
|    xor_ln194_167_fu_7377_p2  |     |        | xor_ln194_167 | xor       | auto                   | 0       |
|    e_501_fu_7381_p2          |     |        | e_501         | sub       | fabric                 | 0       |
|    e_502_fu_7387_p2          |     |        | e_502         | add       | fabric                 | 0       |
|    e_503_fu_7393_p3          |     |        | e_503         | select    | auto_sel               | 0       |
|    xor_ln194_168_fu_7401_p2  |     |        | xor_ln194_168 | xor       | auto                   | 0       |
|    e_504_fu_7405_p2          |     |        | e_504         | sub       | fabric                 | 0       |
|    e_505_fu_7410_p2          |     |        | e_505         | add       | fabric                 | 0       |
|    e_506_fu_7415_p3          |     |        | e_506         | select    | auto_sel               | 0       |
|    xor_ln194_169_fu_7423_p2  |     |        | xor_ln194_169 | xor       | auto                   | 0       |
|    e_507_fu_7427_p2          |     |        | e_507         | sub       | fabric                 | 0       |
|    e_508_fu_7433_p2          |     |        | e_508         | add       | fabric                 | 0       |
|    e_509_fu_7439_p3          |     |        | e_509         | select    | auto_sel               | 0       |
|    xor_ln194_170_fu_7447_p2  |     |        | xor_ln194_170 | xor       | auto                   | 0       |
|    e_510_fu_7451_p2          |     |        | e_510         | sub       | fabric                 | 0       |
|    e_511_fu_7456_p2          |     |        | e_511         | add       | fabric                 | 0       |
|    e_512_fu_7461_p3          |     |        | e_512         | select    | auto_sel               | 0       |
|    xor_ln194_171_fu_7469_p2  |     |        | xor_ln194_171 | xor       | auto                   | 0       |
|    e_513_fu_7473_p2          |     |        | e_513         | sub       | fabric                 | 0       |
|    e_514_fu_7479_p2          |     |        | e_514         | add       | fabric                 | 0       |
|    e_515_fu_7485_p3          |     |        | e_515         | select    | auto_sel               | 0       |
|    xor_ln194_172_fu_7493_p2  |     |        | xor_ln194_172 | xor       | auto                   | 0       |
|    e_516_fu_7497_p2          |     |        | e_516         | sub       | fabric                 | 0       |
|    e_517_fu_7502_p2          |     |        | e_517         | add       | fabric                 | 0       |
|    e_518_fu_7507_p3          |     |        | e_518         | select    | auto_sel               | 0       |
|    xor_ln194_173_fu_7515_p2  |     |        | xor_ln194_173 | xor       | auto                   | 0       |
|    e_519_fu_7519_p2          |     |        | e_519         | sub       | fabric                 | 0       |
|    e_520_fu_7525_p2          |     |        | e_520         | add       | fabric                 | 0       |
|    e_521_fu_7531_p3          |     |        | e_521         | select    | auto_sel               | 0       |
|    xor_ln194_174_fu_7539_p2  |     |        | xor_ln194_174 | xor       | auto                   | 0       |
|    e_522_fu_7543_p2          |     |        | e_522         | sub       | fabric                 | 0       |
|    e_523_fu_7548_p2          |     |        | e_523         | add       | fabric                 | 0       |
|    e_524_fu_7553_p3          |     |        | e_524         | select    | auto_sel               | 0       |
|    xor_ln194_175_fu_7561_p2  |     |        | xor_ln194_175 | xor       | auto                   | 0       |
|    e_525_fu_7565_p2          |     |        | e_525         | sub       | fabric                 | 0       |
|    e_526_fu_7571_p2          |     |        | e_526         | add       | fabric                 | 0       |
|    e_527_fu_7577_p3          |     |        | e_527         | select    | auto_sel               | 0       |
|    xor_ln194_176_fu_7585_p2  |     |        | xor_ln194_176 | xor       | auto                   | 0       |
|    e_528_fu_7589_p2          |     |        | e_528         | sub       | fabric                 | 0       |
|    e_529_fu_7594_p2          |     |        | e_529         | add       | fabric                 | 0       |
|    e_530_fu_7599_p3          |     |        | e_530         | select    | auto_sel               | 0       |
|    xor_ln194_177_fu_7607_p2  |     |        | xor_ln194_177 | xor       | auto                   | 0       |
|    e_531_fu_7611_p2          |     |        | e_531         | sub       | fabric                 | 0       |
|    e_532_fu_7617_p2          |     |        | e_532         | add       | fabric                 | 0       |
|    e_533_fu_7623_p3          |     |        | e_533         | select    | auto_sel               | 0       |
|    xor_ln194_178_fu_7631_p2  |     |        | xor_ln194_178 | xor       | auto                   | 0       |
|    e_534_fu_7635_p2          |     |        | e_534         | sub       | fabric                 | 0       |
|    e_535_fu_7640_p2          |     |        | e_535         | add       | fabric                 | 0       |
|    e_536_fu_7645_p3          |     |        | e_536         | select    | auto_sel               | 0       |
|    xor_ln194_179_fu_7653_p2  |     |        | xor_ln194_179 | xor       | auto                   | 0       |
|    e_537_fu_7657_p2          |     |        | e_537         | sub       | fabric                 | 0       |
|    e_538_fu_7663_p2          |     |        | e_538         | add       | fabric                 | 0       |
|    e_539_fu_7669_p3          |     |        | e_539         | select    | auto_sel               | 0       |
|    xor_ln194_180_fu_7677_p2  |     |        | xor_ln194_180 | xor       | auto                   | 0       |
|    e_540_fu_7681_p2          |     |        | e_540         | sub       | fabric                 | 0       |
|    e_541_fu_7686_p2          |     |        | e_541         | add       | fabric                 | 0       |
|    e_542_fu_7691_p3          |     |        | e_542         | select    | auto_sel               | 0       |
|    xor_ln194_181_fu_7699_p2  |     |        | xor_ln194_181 | xor       | auto                   | 0       |
|    e_543_fu_7703_p2          |     |        | e_543         | sub       | fabric                 | 0       |
|    e_544_fu_7709_p2          |     |        | e_544         | add       | fabric                 | 0       |
|    e_545_fu_7715_p3          |     |        | e_545         | select    | auto_sel               | 0       |
|    xor_ln194_182_fu_7723_p2  |     |        | xor_ln194_182 | xor       | auto                   | 0       |
|    e_546_fu_7727_p2          |     |        | e_546         | sub       | fabric                 | 0       |
|    e_547_fu_7732_p2          |     |        | e_547         | add       | fabric                 | 0       |
|    e_548_fu_7737_p3          |     |        | e_548         | select    | auto_sel               | 0       |
|    xor_ln194_183_fu_7745_p2  |     |        | xor_ln194_183 | xor       | auto                   | 0       |
|    e_549_fu_7749_p2          |     |        | e_549         | sub       | fabric                 | 0       |
|    e_550_fu_7755_p2          |     |        | e_550         | add       | fabric                 | 0       |
|    e_551_fu_7761_p3          |     |        | e_551         | select    | auto_sel               | 0       |
|    xor_ln194_184_fu_7769_p2  |     |        | xor_ln194_184 | xor       | auto                   | 0       |
|    e_552_fu_7773_p2          |     |        | e_552         | sub       | fabric                 | 0       |
|    e_553_fu_7778_p2          |     |        | e_553         | add       | fabric                 | 0       |
|    e_554_fu_7783_p3          |     |        | e_554         | select    | auto_sel               | 0       |
|    xor_ln194_185_fu_7791_p2  |     |        | xor_ln194_185 | xor       | auto                   | 0       |
|    e_555_fu_7795_p2          |     |        | e_555         | sub       | fabric                 | 0       |
|    e_556_fu_7801_p2          |     |        | e_556         | add       | fabric                 | 0       |
|    e_557_fu_7807_p3          |     |        | e_557         | select    | auto_sel               | 0       |
|    xor_ln194_186_fu_7815_p2  |     |        | xor_ln194_186 | xor       | auto                   | 0       |
|    e_558_fu_7819_p2          |     |        | e_558         | sub       | fabric                 | 0       |
|    e_559_fu_7824_p2          |     |        | e_559         | add       | fabric                 | 0       |
|    e_560_fu_7829_p3          |     |        | e_560         | select    | auto_sel               | 0       |
|    xor_ln194_187_fu_7837_p2  |     |        | xor_ln194_187 | xor       | auto                   | 0       |
|    e_561_fu_7841_p2          |     |        | e_561         | sub       | fabric                 | 0       |
|    e_562_fu_7847_p2          |     |        | e_562         | add       | fabric                 | 0       |
|    e_563_fu_7853_p3          |     |        | e_563         | select    | auto_sel               | 0       |
|    xor_ln194_188_fu_7861_p2  |     |        | xor_ln194_188 | xor       | auto                   | 0       |
|    e_564_fu_7865_p2          |     |        | e_564         | sub       | fabric                 | 0       |
|    e_565_fu_7870_p2          |     |        | e_565         | add       | fabric                 | 0       |
|    e_566_fu_7875_p3          |     |        | e_566         | select    | auto_sel               | 0       |
|    xor_ln194_189_fu_7883_p2  |     |        | xor_ln194_189 | xor       | auto                   | 0       |
|    e_567_fu_7887_p2          |     |        | e_567         | sub       | fabric                 | 0       |
|    e_568_fu_7893_p2          |     |        | e_568         | add       | fabric                 | 0       |
|    e_569_fu_7899_p3          |     |        | e_569         | select    | auto_sel               | 0       |
|    xor_ln194_190_fu_7907_p2  |     |        | xor_ln194_190 | xor       | auto                   | 0       |
|    e_570_fu_7911_p2          |     |        | e_570         | sub       | fabric                 | 0       |
|    e_571_fu_7916_p2          |     |        | e_571         | add       | fabric                 | 0       |
|    e_572_fu_7921_p3          |     |        | e_572         | select    | auto_sel               | 0       |
|    xor_ln194_191_fu_7929_p2  |     |        | xor_ln194_191 | xor       | auto                   | 0       |
|    e_573_fu_7933_p2          |     |        | e_573         | sub       | fabric                 | 0       |
|    e_574_fu_7939_p2          |     |        | e_574         | add       | fabric                 | 0       |
|    e_575_fu_7945_p3          |     |        | e_575         | select    | auto_sel               | 0       |
|    xor_ln194_192_fu_7953_p2  |     |        | xor_ln194_192 | xor       | auto                   | 0       |
|    e_576_fu_7957_p2          |     |        | e_576         | sub       | fabric                 | 0       |
|    e_577_fu_7962_p2          |     |        | e_577         | add       | fabric                 | 0       |
|    e_578_fu_7967_p3          |     |        | e_578         | select    | auto_sel               | 0       |
|    xor_ln194_193_fu_7975_p2  |     |        | xor_ln194_193 | xor       | auto                   | 0       |
|    e_579_fu_7979_p2          |     |        | e_579         | sub       | fabric                 | 0       |
|    e_580_fu_7985_p2          |     |        | e_580         | add       | fabric                 | 0       |
|    e_581_fu_7991_p3          |     |        | e_581         | select    | auto_sel               | 0       |
|    xor_ln194_194_fu_7999_p2  |     |        | xor_ln194_194 | xor       | auto                   | 0       |
|    e_582_fu_8003_p2          |     |        | e_582         | sub       | fabric                 | 0       |
|    e_583_fu_8008_p2          |     |        | e_583         | add       | fabric                 | 0       |
|    e_584_fu_8013_p3          |     |        | e_584         | select    | auto_sel               | 0       |
|    xor_ln194_195_fu_8021_p2  |     |        | xor_ln194_195 | xor       | auto                   | 0       |
|    e_585_fu_8025_p2          |     |        | e_585         | sub       | fabric                 | 0       |
|    e_586_fu_8031_p2          |     |        | e_586         | add       | fabric                 | 0       |
|    e_587_fu_8037_p3          |     |        | e_587         | select    | auto_sel               | 0       |
|    xor_ln194_196_fu_8045_p2  |     |        | xor_ln194_196 | xor       | auto                   | 0       |
|    e_588_fu_8049_p2          |     |        | e_588         | sub       | fabric                 | 0       |
|    e_589_fu_8054_p2          |     |        | e_589         | add       | fabric                 | 0       |
|    e_590_fu_8059_p3          |     |        | e_590         | select    | auto_sel               | 0       |
|    xor_ln194_197_fu_8067_p2  |     |        | xor_ln194_197 | xor       | auto                   | 0       |
|    e_591_fu_8071_p2          |     |        | e_591         | sub       | fabric                 | 0       |
|    e_592_fu_8077_p2          |     |        | e_592         | add       | fabric                 | 0       |
|    e_593_fu_8083_p3          |     |        | e_593         | select    | auto_sel               | 0       |
|    xor_ln194_198_fu_8091_p2  |     |        | xor_ln194_198 | xor       | auto                   | 0       |
|    e_594_fu_8095_p2          |     |        | e_594         | sub       | fabric                 | 0       |
|    e_595_fu_8100_p2          |     |        | e_595         | add       | fabric                 | 0       |
|    e_596_fu_8105_p3          |     |        | e_596         | select    | auto_sel               | 0       |
|    xor_ln194_199_fu_8113_p2  |     |        | xor_ln194_199 | xor       | auto                   | 0       |
|    e_597_fu_8117_p2          |     |        | e_597         | sub       | fabric                 | 0       |
|    e_598_fu_8123_p2          |     |        | e_598         | add       | fabric                 | 0       |
|    e_599_fu_8129_p3          |     |        | e_599         | select    | auto_sel               | 0       |
|    xor_ln194_200_fu_8137_p2  |     |        | xor_ln194_200 | xor       | auto                   | 0       |
|    e_600_fu_8141_p2          |     |        | e_600         | sub       | fabric                 | 0       |
|    e_601_fu_8146_p2          |     |        | e_601         | add       | fabric                 | 0       |
|    e_602_fu_8151_p3          |     |        | e_602         | select    | auto_sel               | 0       |
|    xor_ln194_201_fu_8159_p2  |     |        | xor_ln194_201 | xor       | auto                   | 0       |
|    e_603_fu_8163_p2          |     |        | e_603         | sub       | fabric                 | 0       |
|    e_604_fu_8169_p2          |     |        | e_604         | add       | fabric                 | 0       |
|    e_605_fu_8175_p3          |     |        | e_605         | select    | auto_sel               | 0       |
|    xor_ln194_202_fu_8183_p2  |     |        | xor_ln194_202 | xor       | auto                   | 0       |
|    e_606_fu_8187_p2          |     |        | e_606         | sub       | fabric                 | 0       |
|    e_607_fu_8192_p2          |     |        | e_607         | add       | fabric                 | 0       |
|    e_608_fu_8197_p3          |     |        | e_608         | select    | auto_sel               | 0       |
|    xor_ln194_203_fu_8205_p2  |     |        | xor_ln194_203 | xor       | auto                   | 0       |
|    e_609_fu_8209_p2          |     |        | e_609         | sub       | fabric                 | 0       |
|    e_610_fu_8215_p2          |     |        | e_610         | add       | fabric                 | 0       |
|    e_611_fu_8221_p3          |     |        | e_611         | select    | auto_sel               | 0       |
|    xor_ln194_204_fu_8229_p2  |     |        | xor_ln194_204 | xor       | auto                   | 0       |
|    e_612_fu_8233_p2          |     |        | e_612         | sub       | fabric                 | 0       |
|    e_613_fu_8238_p2          |     |        | e_613         | add       | fabric                 | 0       |
|    e_614_fu_8243_p3          |     |        | e_614         | select    | auto_sel               | 0       |
|    xor_ln194_205_fu_8251_p2  |     |        | xor_ln194_205 | xor       | auto                   | 0       |
|    e_615_fu_8255_p2          |     |        | e_615         | sub       | fabric                 | 0       |
|    e_616_fu_8261_p2          |     |        | e_616         | add       | fabric                 | 0       |
|    e_617_fu_8267_p3          |     |        | e_617         | select    | auto_sel               | 0       |
|    xor_ln194_206_fu_8275_p2  |     |        | xor_ln194_206 | xor       | auto                   | 0       |
|    e_618_fu_8279_p2          |     |        | e_618         | sub       | fabric                 | 0       |
|    e_619_fu_8284_p2          |     |        | e_619         | add       | fabric                 | 0       |
|    e_620_fu_8289_p3          |     |        | e_620         | select    | auto_sel               | 0       |
|    xor_ln194_207_fu_8297_p2  |     |        | xor_ln194_207 | xor       | auto                   | 0       |
|    e_621_fu_8301_p2          |     |        | e_621         | sub       | fabric                 | 0       |
|    e_622_fu_8307_p2          |     |        | e_622         | add       | fabric                 | 0       |
|    e_623_fu_8313_p3          |     |        | e_623         | select    | auto_sel               | 0       |
|    xor_ln194_208_fu_8321_p2  |     |        | xor_ln194_208 | xor       | auto                   | 0       |
|    e_624_fu_8325_p2          |     |        | e_624         | sub       | fabric                 | 0       |
|    e_625_fu_8330_p2          |     |        | e_625         | add       | fabric                 | 0       |
|    e_626_fu_8335_p3          |     |        | e_626         | select    | auto_sel               | 0       |
|    xor_ln194_209_fu_8343_p2  |     |        | xor_ln194_209 | xor       | auto                   | 0       |
|    e_627_fu_8347_p2          |     |        | e_627         | sub       | fabric                 | 0       |
|    e_628_fu_8353_p2          |     |        | e_628         | add       | fabric                 | 0       |
|    e_629_fu_8359_p3          |     |        | e_629         | select    | auto_sel               | 0       |
|    xor_ln194_210_fu_8367_p2  |     |        | xor_ln194_210 | xor       | auto                   | 0       |
|    e_630_fu_8371_p2          |     |        | e_630         | sub       | fabric                 | 0       |
|    e_631_fu_8376_p2          |     |        | e_631         | add       | fabric                 | 0       |
|    e_632_fu_8381_p3          |     |        | e_632         | select    | auto_sel               | 0       |
|    xor_ln194_211_fu_8389_p2  |     |        | xor_ln194_211 | xor       | auto                   | 0       |
|    e_633_fu_8393_p2          |     |        | e_633         | sub       | fabric                 | 0       |
|    e_634_fu_8399_p2          |     |        | e_634         | add       | fabric                 | 0       |
|    e_635_fu_8405_p3          |     |        | e_635         | select    | auto_sel               | 0       |
|    xor_ln194_212_fu_8413_p2  |     |        | xor_ln194_212 | xor       | auto                   | 0       |
|    e_636_fu_8417_p2          |     |        | e_636         | sub       | fabric                 | 0       |
|    e_637_fu_8422_p2          |     |        | e_637         | add       | fabric                 | 0       |
|    e_638_fu_8427_p3          |     |        | e_638         | select    | auto_sel               | 0       |
|    xor_ln194_213_fu_8435_p2  |     |        | xor_ln194_213 | xor       | auto                   | 0       |
|    e_639_fu_8439_p2          |     |        | e_639         | sub       | fabric                 | 0       |
|    e_640_fu_8445_p2          |     |        | e_640         | add       | fabric                 | 0       |
|    e_641_fu_8451_p3          |     |        | e_641         | select    | auto_sel               | 0       |
|    xor_ln194_214_fu_8459_p2  |     |        | xor_ln194_214 | xor       | auto                   | 0       |
|    e_642_fu_8463_p2          |     |        | e_642         | sub       | fabric                 | 0       |
|    e_643_fu_8468_p2          |     |        | e_643         | add       | fabric                 | 0       |
|    e_644_fu_8473_p3          |     |        | e_644         | select    | auto_sel               | 0       |
|    xor_ln194_215_fu_8481_p2  |     |        | xor_ln194_215 | xor       | auto                   | 0       |
|    e_645_fu_8485_p2          |     |        | e_645         | sub       | fabric                 | 0       |
|    e_646_fu_8491_p2          |     |        | e_646         | add       | fabric                 | 0       |
|    e_647_fu_8497_p3          |     |        | e_647         | select    | auto_sel               | 0       |
|    xor_ln194_216_fu_8505_p2  |     |        | xor_ln194_216 | xor       | auto                   | 0       |
|    e_648_fu_8509_p2          |     |        | e_648         | sub       | fabric                 | 0       |
|    e_649_fu_8514_p2          |     |        | e_649         | add       | fabric                 | 0       |
|    e_650_fu_8519_p3          |     |        | e_650         | select    | auto_sel               | 0       |
|    xor_ln194_217_fu_8527_p2  |     |        | xor_ln194_217 | xor       | auto                   | 0       |
|    e_651_fu_8531_p2          |     |        | e_651         | sub       | fabric                 | 0       |
|    e_652_fu_8537_p2          |     |        | e_652         | add       | fabric                 | 0       |
|    e_653_fu_8543_p3          |     |        | e_653         | select    | auto_sel               | 0       |
|    xor_ln194_218_fu_8551_p2  |     |        | xor_ln194_218 | xor       | auto                   | 0       |
|    e_654_fu_8555_p2          |     |        | e_654         | sub       | fabric                 | 0       |
|    e_655_fu_8560_p2          |     |        | e_655         | add       | fabric                 | 0       |
|    e_656_fu_8565_p3          |     |        | e_656         | select    | auto_sel               | 0       |
|    xor_ln194_219_fu_8573_p2  |     |        | xor_ln194_219 | xor       | auto                   | 0       |
|    e_657_fu_8577_p2          |     |        | e_657         | sub       | fabric                 | 0       |
|    e_658_fu_8583_p2          |     |        | e_658         | add       | fabric                 | 0       |
|    e_659_fu_8589_p3          |     |        | e_659         | select    | auto_sel               | 0       |
|    xor_ln194_220_fu_8597_p2  |     |        | xor_ln194_220 | xor       | auto                   | 0       |
|    e_660_fu_8601_p2          |     |        | e_660         | sub       | fabric                 | 0       |
|    e_661_fu_8606_p2          |     |        | e_661         | add       | fabric                 | 0       |
|    e_662_fu_8611_p3          |     |        | e_662         | select    | auto_sel               | 0       |
|    xor_ln194_221_fu_8619_p2  |     |        | xor_ln194_221 | xor       | auto                   | 0       |
|    e_663_fu_8623_p2          |     |        | e_663         | sub       | fabric                 | 0       |
|    e_664_fu_8629_p2          |     |        | e_664         | add       | fabric                 | 0       |
|    e_665_fu_8635_p3          |     |        | e_665         | select    | auto_sel               | 0       |
|    xor_ln194_222_fu_8643_p2  |     |        | xor_ln194_222 | xor       | auto                   | 0       |
|    e_666_fu_8647_p2          |     |        | e_666         | sub       | fabric                 | 0       |
|    e_667_fu_8652_p2          |     |        | e_667         | add       | fabric                 | 0       |
|    e_668_fu_8657_p3          |     |        | e_668         | select    | auto_sel               | 0       |
|    xor_ln194_223_fu_8665_p2  |     |        | xor_ln194_223 | xor       | auto                   | 0       |
|    e_669_fu_8669_p2          |     |        | e_669         | sub       | fabric                 | 0       |
|    e_670_fu_8675_p2          |     |        | e_670         | add       | fabric                 | 0       |
|    e_671_fu_8681_p3          |     |        | e_671         | select    | auto_sel               | 0       |
|    xor_ln194_224_fu_8689_p2  |     |        | xor_ln194_224 | xor       | auto                   | 0       |
|    e_672_fu_8693_p2          |     |        | e_672         | sub       | fabric                 | 0       |
|    e_673_fu_8698_p2          |     |        | e_673         | add       | fabric                 | 0       |
|    e_674_fu_8703_p3          |     |        | e_674         | select    | auto_sel               | 0       |
|    xor_ln194_225_fu_8711_p2  |     |        | xor_ln194_225 | xor       | auto                   | 0       |
|    e_675_fu_8715_p2          |     |        | e_675         | sub       | fabric                 | 0       |
|    e_676_fu_8721_p2          |     |        | e_676         | add       | fabric                 | 0       |
|    e_677_fu_8727_p3          |     |        | e_677         | select    | auto_sel               | 0       |
|    xor_ln194_226_fu_8735_p2  |     |        | xor_ln194_226 | xor       | auto                   | 0       |
|    e_678_fu_8739_p2          |     |        | e_678         | sub       | fabric                 | 0       |
|    e_679_fu_8744_p2          |     |        | e_679         | add       | fabric                 | 0       |
|    e_680_fu_8749_p3          |     |        | e_680         | select    | auto_sel               | 0       |
|    xor_ln194_227_fu_8757_p2  |     |        | xor_ln194_227 | xor       | auto                   | 0       |
|    e_681_fu_8761_p2          |     |        | e_681         | sub       | fabric                 | 0       |
|    e_682_fu_8767_p2          |     |        | e_682         | add       | fabric                 | 0       |
|    e_683_fu_8773_p3          |     |        | e_683         | select    | auto_sel               | 0       |
|    xor_ln194_228_fu_8781_p2  |     |        | xor_ln194_228 | xor       | auto                   | 0       |
|    e_684_fu_8785_p2          |     |        | e_684         | sub       | fabric                 | 0       |
|    e_685_fu_8790_p2          |     |        | e_685         | add       | fabric                 | 0       |
|    e_686_fu_8795_p3          |     |        | e_686         | select    | auto_sel               | 0       |
|    xor_ln194_229_fu_8803_p2  |     |        | xor_ln194_229 | xor       | auto                   | 0       |
|    e_687_fu_8807_p2          |     |        | e_687         | sub       | fabric                 | 0       |
|    e_688_fu_8813_p2          |     |        | e_688         | add       | fabric                 | 0       |
|    e_689_fu_8819_p3          |     |        | e_689         | select    | auto_sel               | 0       |
|    xor_ln194_230_fu_8827_p2  |     |        | xor_ln194_230 | xor       | auto                   | 0       |
|    e_690_fu_8831_p2          |     |        | e_690         | sub       | fabric                 | 0       |
|    e_691_fu_8836_p2          |     |        | e_691         | add       | fabric                 | 0       |
|    e_692_fu_8841_p3          |     |        | e_692         | select    | auto_sel               | 0       |
|    xor_ln194_231_fu_8849_p2  |     |        | xor_ln194_231 | xor       | auto                   | 0       |
|    e_693_fu_8853_p2          |     |        | e_693         | sub       | fabric                 | 0       |
|    e_694_fu_8859_p2          |     |        | e_694         | add       | fabric                 | 0       |
|    e_695_fu_8865_p3          |     |        | e_695         | select    | auto_sel               | 0       |
|    xor_ln194_232_fu_8873_p2  |     |        | xor_ln194_232 | xor       | auto                   | 0       |
|    e_696_fu_8877_p2          |     |        | e_696         | sub       | fabric                 | 0       |
|    e_697_fu_8882_p2          |     |        | e_697         | add       | fabric                 | 0       |
|    e_698_fu_8887_p3          |     |        | e_698         | select    | auto_sel               | 0       |
|    xor_ln194_233_fu_8895_p2  |     |        | xor_ln194_233 | xor       | auto                   | 0       |
|    e_699_fu_8899_p2          |     |        | e_699         | sub       | fabric                 | 0       |
|    e_700_fu_8905_p2          |     |        | e_700         | add       | fabric                 | 0       |
|    e_701_fu_8911_p3          |     |        | e_701         | select    | auto_sel               | 0       |
|    xor_ln194_234_fu_8919_p2  |     |        | xor_ln194_234 | xor       | auto                   | 0       |
|    e_702_fu_8923_p2          |     |        | e_702         | sub       | fabric                 | 0       |
|    e_703_fu_8928_p2          |     |        | e_703         | add       | fabric                 | 0       |
|    e_704_fu_8933_p3          |     |        | e_704         | select    | auto_sel               | 0       |
|    xor_ln194_235_fu_8941_p2  |     |        | xor_ln194_235 | xor       | auto                   | 0       |
|    e_705_fu_8945_p2          |     |        | e_705         | sub       | fabric                 | 0       |
|    e_706_fu_8951_p2          |     |        | e_706         | add       | fabric                 | 0       |
|    e_707_fu_8957_p3          |     |        | e_707         | select    | auto_sel               | 0       |
|    xor_ln194_236_fu_8965_p2  |     |        | xor_ln194_236 | xor       | auto                   | 0       |
|    e_708_fu_8969_p2          |     |        | e_708         | sub       | fabric                 | 0       |
|    e_709_fu_8974_p2          |     |        | e_709         | add       | fabric                 | 0       |
|    e_710_fu_8979_p3          |     |        | e_710         | select    | auto_sel               | 0       |
|    xor_ln194_237_fu_8987_p2  |     |        | xor_ln194_237 | xor       | auto                   | 0       |
|    e_711_fu_8991_p2          |     |        | e_711         | sub       | fabric                 | 0       |
|    e_712_fu_8997_p2          |     |        | e_712         | add       | fabric                 | 0       |
|    e_713_fu_9003_p3          |     |        | e_713         | select    | auto_sel               | 0       |
|    xor_ln194_238_fu_9011_p2  |     |        | xor_ln194_238 | xor       | auto                   | 0       |
|    e_714_fu_9015_p2          |     |        | e_714         | sub       | fabric                 | 0       |
|    e_715_fu_9020_p2          |     |        | e_715         | add       | fabric                 | 0       |
|    e_716_fu_9025_p3          |     |        | e_716         | select    | auto_sel               | 0       |
|    xor_ln194_239_fu_9033_p2  |     |        | xor_ln194_239 | xor       | auto                   | 0       |
|    e_717_fu_9037_p2          |     |        | e_717         | sub       | fabric                 | 0       |
|    e_718_fu_9043_p2          |     |        | e_718         | add       | fabric                 | 0       |
|    e_719_fu_9049_p3          |     |        | e_719         | select    | auto_sel               | 0       |
|    xor_ln194_240_fu_9057_p2  |     |        | xor_ln194_240 | xor       | auto                   | 0       |
|    e_720_fu_9061_p2          |     |        | e_720         | sub       | fabric                 | 0       |
|    e_721_fu_9066_p2          |     |        | e_721         | add       | fabric                 | 0       |
|    e_722_fu_9071_p3          |     |        | e_722         | select    | auto_sel               | 0       |
|    xor_ln194_241_fu_9079_p2  |     |        | xor_ln194_241 | xor       | auto                   | 0       |
|    e_723_fu_9083_p2          |     |        | e_723         | sub       | fabric                 | 0       |
|    e_724_fu_9089_p2          |     |        | e_724         | add       | fabric                 | 0       |
|    e_725_fu_9095_p3          |     |        | e_725         | select    | auto_sel               | 0       |
|    xor_ln194_242_fu_9103_p2  |     |        | xor_ln194_242 | xor       | auto                   | 0       |
|    e_726_fu_9107_p2          |     |        | e_726         | sub       | fabric                 | 0       |
|    e_727_fu_9112_p2          |     |        | e_727         | add       | fabric                 | 0       |
|    e_728_fu_9117_p3          |     |        | e_728         | select    | auto_sel               | 0       |
|    xor_ln194_243_fu_9125_p2  |     |        | xor_ln194_243 | xor       | auto                   | 0       |
|    e_729_fu_9129_p2          |     |        | e_729         | sub       | fabric                 | 0       |
|    e_730_fu_9135_p2          |     |        | e_730         | add       | fabric                 | 0       |
|    e_731_fu_9141_p3          |     |        | e_731         | select    | auto_sel               | 0       |
|    xor_ln194_244_fu_9149_p2  |     |        | xor_ln194_244 | xor       | auto                   | 0       |
|    e_732_fu_9153_p2          |     |        | e_732         | sub       | fabric                 | 0       |
|    e_733_fu_9158_p2          |     |        | e_733         | add       | fabric                 | 0       |
|    e_734_fu_9163_p3          |     |        | e_734         | select    | auto_sel               | 0       |
|    xor_ln194_245_fu_9171_p2  |     |        | xor_ln194_245 | xor       | auto                   | 0       |
|    e_735_fu_9175_p2          |     |        | e_735         | sub       | fabric                 | 0       |
|    e_736_fu_9181_p2          |     |        | e_736         | add       | fabric                 | 0       |
|    e_737_fu_9187_p3          |     |        | e_737         | select    | auto_sel               | 0       |
|    xor_ln194_246_fu_9195_p2  |     |        | xor_ln194_246 | xor       | auto                   | 0       |
|    e_738_fu_9199_p2          |     |        | e_738         | sub       | fabric                 | 0       |
|    e_739_fu_9204_p2          |     |        | e_739         | add       | fabric                 | 0       |
|    e_740_fu_9209_p3          |     |        | e_740         | select    | auto_sel               | 0       |
|    xor_ln194_247_fu_9217_p2  |     |        | xor_ln194_247 | xor       | auto                   | 0       |
|    e_741_fu_9221_p2          |     |        | e_741         | sub       | fabric                 | 0       |
|    e_742_fu_9227_p2          |     |        | e_742         | add       | fabric                 | 0       |
|    e_743_fu_9233_p3          |     |        | e_743         | select    | auto_sel               | 0       |
|    xor_ln194_248_fu_9241_p2  |     |        | xor_ln194_248 | xor       | auto                   | 0       |
|    e_744_fu_9245_p2          |     |        | e_744         | sub       | fabric                 | 0       |
|    e_745_fu_9250_p2          |     |        | e_745         | add       | fabric                 | 0       |
|    e_746_fu_9255_p3          |     |        | e_746         | select    | auto_sel               | 0       |
|    xor_ln194_249_fu_9263_p2  |     |        | xor_ln194_249 | xor       | auto                   | 0       |
|    e_747_fu_9267_p2          |     |        | e_747         | sub       | fabric                 | 0       |
|    e_748_fu_9273_p2          |     |        | e_748         | add       | fabric                 | 0       |
|    e_749_fu_9279_p3          |     |        | e_749         | select    | auto_sel               | 0       |
|    xor_ln194_250_fu_9287_p2  |     |        | xor_ln194_250 | xor       | auto                   | 0       |
|    e_750_fu_9291_p2          |     |        | e_750         | sub       | fabric                 | 0       |
|    e_751_fu_9296_p2          |     |        | e_751         | add       | fabric                 | 0       |
|    e_752_fu_9301_p3          |     |        | e_752         | select    | auto_sel               | 0       |
|    xor_ln194_251_fu_9309_p2  |     |        | xor_ln194_251 | xor       | auto                   | 0       |
|    e_753_fu_9313_p2          |     |        | e_753         | sub       | fabric                 | 0       |
|    e_754_fu_9319_p2          |     |        | e_754         | add       | fabric                 | 0       |
|    e_755_fu_9325_p3          |     |        | e_755         | select    | auto_sel               | 0       |
|    xor_ln194_252_fu_9333_p2  |     |        | xor_ln194_252 | xor       | auto                   | 0       |
|    e_756_fu_9337_p2          |     |        | e_756         | sub       | fabric                 | 0       |
|    e_757_fu_9342_p2          |     |        | e_757         | add       | fabric                 | 0       |
|    e_758_fu_9347_p3          |     |        | e_758         | select    | auto_sel               | 0       |
|    xor_ln194_253_fu_9355_p2  |     |        | xor_ln194_253 | xor       | auto                   | 0       |
|    e_759_fu_9359_p2          |     |        | e_759         | sub       | fabric                 | 0       |
|    e_760_fu_9365_p2          |     |        | e_760         | add       | fabric                 | 0       |
|    e_761_fu_9371_p3          |     |        | e_761         | select    | auto_sel               | 0       |
|    xor_ln194_254_fu_9379_p2  |     |        | xor_ln194_254 | xor       | auto                   | 0       |
|    e_762_fu_9383_p2          |     |        | e_762         | sub       | fabric                 | 0       |
|    e_763_fu_9388_p2          |     |        | e_763         | add       | fabric                 | 0       |
|    e_764_fu_9393_p3          |     |        | e_764         | select    | auto_sel               | 0       |
|    xor_ln194_255_fu_9401_p2  |     |        | xor_ln194_255 | xor       | auto                   | 0       |
|    e_765_fu_9405_p2          |     |        | e_765         | sub       | fabric                 | 0       |
|    e_766_fu_9411_p2          |     |        | e_766         | add       | fabric                 | 0       |
|    e_767_fu_9417_p3          |     |        | e_767         | select    | auto_sel               | 0       |
|    xor_ln194_256_fu_9425_p2  |     |        | xor_ln194_256 | xor       | auto                   | 0       |
|    e_768_fu_9429_p2          |     |        | e_768         | sub       | fabric                 | 0       |
|    e_769_fu_9434_p2          |     |        | e_769         | add       | fabric                 | 0       |
|    e_770_fu_9439_p3          |     |        | e_770         | select    | auto_sel               | 0       |
|    xor_ln194_257_fu_9447_p2  |     |        | xor_ln194_257 | xor       | auto                   | 0       |
|    e_771_fu_9451_p2          |     |        | e_771         | sub       | fabric                 | 0       |
|    e_772_fu_9457_p2          |     |        | e_772         | add       | fabric                 | 0       |
|    e_773_fu_9463_p3          |     |        | e_773         | select    | auto_sel               | 0       |
|    xor_ln194_258_fu_9471_p2  |     |        | xor_ln194_258 | xor       | auto                   | 0       |
|    e_774_fu_9475_p2          |     |        | e_774         | sub       | fabric                 | 0       |
|    e_775_fu_9480_p2          |     |        | e_775         | add       | fabric                 | 0       |
|    e_776_fu_9485_p3          |     |        | e_776         | select    | auto_sel               | 0       |
|    xor_ln194_259_fu_9493_p2  |     |        | xor_ln194_259 | xor       | auto                   | 0       |
|    e_777_fu_9497_p2          |     |        | e_777         | sub       | fabric                 | 0       |
|    e_778_fu_9503_p2          |     |        | e_778         | add       | fabric                 | 0       |
|    e_779_fu_9509_p3          |     |        | e_779         | select    | auto_sel               | 0       |
|    xor_ln194_260_fu_9517_p2  |     |        | xor_ln194_260 | xor       | auto                   | 0       |
|    e_780_fu_9521_p2          |     |        | e_780         | sub       | fabric                 | 0       |
|    e_781_fu_9526_p2          |     |        | e_781         | add       | fabric                 | 0       |
|    e_782_fu_9531_p3          |     |        | e_782         | select    | auto_sel               | 0       |
|    xor_ln194_261_fu_9539_p2  |     |        | xor_ln194_261 | xor       | auto                   | 0       |
|    e_783_fu_9543_p2          |     |        | e_783         | sub       | fabric                 | 0       |
|    e_784_fu_9549_p2          |     |        | e_784         | add       | fabric                 | 0       |
|    e_785_fu_9555_p3          |     |        | e_785         | select    | auto_sel               | 0       |
|    xor_ln194_262_fu_9563_p2  |     |        | xor_ln194_262 | xor       | auto                   | 0       |
|    e_786_fu_9567_p2          |     |        | e_786         | sub       | fabric                 | 0       |
|    e_787_fu_9572_p2          |     |        | e_787         | add       | fabric                 | 0       |
|    e_788_fu_9577_p3          |     |        | e_788         | select    | auto_sel               | 0       |
|    xor_ln194_263_fu_9585_p2  |     |        | xor_ln194_263 | xor       | auto                   | 0       |
|    e_789_fu_9589_p2          |     |        | e_789         | sub       | fabric                 | 0       |
|    e_790_fu_9595_p2          |     |        | e_790         | add       | fabric                 | 0       |
|    e_791_fu_9601_p3          |     |        | e_791         | select    | auto_sel               | 0       |
|    xor_ln194_264_fu_9609_p2  |     |        | xor_ln194_264 | xor       | auto                   | 0       |
|    e_792_fu_9613_p2          |     |        | e_792         | sub       | fabric                 | 0       |
|    e_793_fu_9618_p2          |     |        | e_793         | add       | fabric                 | 0       |
|    e_794_fu_9623_p3          |     |        | e_794         | select    | auto_sel               | 0       |
|    xor_ln194_265_fu_9631_p2  |     |        | xor_ln194_265 | xor       | auto                   | 0       |
|    e_795_fu_9635_p2          |     |        | e_795         | sub       | fabric                 | 0       |
|    e_796_fu_9641_p2          |     |        | e_796         | add       | fabric                 | 0       |
|    e_797_fu_9647_p3          |     |        | e_797         | select    | auto_sel               | 0       |
|    xor_ln194_266_fu_9655_p2  |     |        | xor_ln194_266 | xor       | auto                   | 0       |
|    e_798_fu_9659_p2          |     |        | e_798         | sub       | fabric                 | 0       |
|    e_799_fu_9664_p2          |     |        | e_799         | add       | fabric                 | 0       |
|    e_800_fu_9669_p3          |     |        | e_800         | select    | auto_sel               | 0       |
|    xor_ln194_267_fu_9677_p2  |     |        | xor_ln194_267 | xor       | auto                   | 0       |
|    e_801_fu_9681_p2          |     |        | e_801         | sub       | fabric                 | 0       |
|    e_802_fu_9687_p2          |     |        | e_802         | add       | fabric                 | 0       |
|    e_803_fu_9693_p3          |     |        | e_803         | select    | auto_sel               | 0       |
|    xor_ln194_268_fu_9701_p2  |     |        | xor_ln194_268 | xor       | auto                   | 0       |
|    e_804_fu_9705_p2          |     |        | e_804         | sub       | fabric                 | 0       |
|    e_805_fu_9710_p2          |     |        | e_805         | add       | fabric                 | 0       |
|    e_806_fu_9715_p3          |     |        | e_806         | select    | auto_sel               | 0       |
|    xor_ln194_269_fu_9723_p2  |     |        | xor_ln194_269 | xor       | auto                   | 0       |
|    e_807_fu_9727_p2          |     |        | e_807         | sub       | fabric                 | 0       |
|    e_808_fu_9733_p2          |     |        | e_808         | add       | fabric                 | 0       |
|    e_809_fu_9739_p3          |     |        | e_809         | select    | auto_sel               | 0       |
|    xor_ln194_270_fu_9747_p2  |     |        | xor_ln194_270 | xor       | auto                   | 0       |
|    e_810_fu_9751_p2          |     |        | e_810         | sub       | fabric                 | 0       |
|    e_811_fu_9756_p2          |     |        | e_811         | add       | fabric                 | 0       |
|    e_812_fu_9761_p3          |     |        | e_812         | select    | auto_sel               | 0       |
|    xor_ln194_271_fu_9769_p2  |     |        | xor_ln194_271 | xor       | auto                   | 0       |
|    e_813_fu_9773_p2          |     |        | e_813         | sub       | fabric                 | 0       |
|    e_814_fu_9779_p2          |     |        | e_814         | add       | fabric                 | 0       |
|    e_815_fu_9785_p3          |     |        | e_815         | select    | auto_sel               | 0       |
|    xor_ln194_272_fu_9793_p2  |     |        | xor_ln194_272 | xor       | auto                   | 0       |
|    e_816_fu_9797_p2          |     |        | e_816         | sub       | fabric                 | 0       |
|    e_817_fu_9802_p2          |     |        | e_817         | add       | fabric                 | 0       |
|    e_818_fu_9807_p3          |     |        | e_818         | select    | auto_sel               | 0       |
|    xor_ln194_273_fu_9815_p2  |     |        | xor_ln194_273 | xor       | auto                   | 0       |
|    e_819_fu_9819_p2          |     |        | e_819         | sub       | fabric                 | 0       |
|    e_820_fu_9825_p2          |     |        | e_820         | add       | fabric                 | 0       |
|    e_821_fu_9831_p3          |     |        | e_821         | select    | auto_sel               | 0       |
|    xor_ln194_274_fu_9839_p2  |     |        | xor_ln194_274 | xor       | auto                   | 0       |
|    e_822_fu_9843_p2          |     |        | e_822         | sub       | fabric                 | 0       |
|    e_823_fu_9848_p2          |     |        | e_823         | add       | fabric                 | 0       |
|    e_824_fu_9853_p3          |     |        | e_824         | select    | auto_sel               | 0       |
|    xor_ln194_275_fu_9861_p2  |     |        | xor_ln194_275 | xor       | auto                   | 0       |
|    e_825_fu_9865_p2          |     |        | e_825         | sub       | fabric                 | 0       |
|    e_826_fu_9871_p2          |     |        | e_826         | add       | fabric                 | 0       |
|    e_827_fu_9877_p3          |     |        | e_827         | select    | auto_sel               | 0       |
|    xor_ln194_276_fu_9885_p2  |     |        | xor_ln194_276 | xor       | auto                   | 0       |
|    e_828_fu_9889_p2          |     |        | e_828         | sub       | fabric                 | 0       |
|    e_829_fu_9894_p2          |     |        | e_829         | add       | fabric                 | 0       |
|    e_830_fu_9899_p3          |     |        | e_830         | select    | auto_sel               | 0       |
|    xor_ln194_277_fu_9907_p2  |     |        | xor_ln194_277 | xor       | auto                   | 0       |
|    e_831_fu_9911_p2          |     |        | e_831         | sub       | fabric                 | 0       |
|    e_832_fu_9917_p2          |     |        | e_832         | add       | fabric                 | 0       |
|    e_833_fu_9923_p3          |     |        | e_833         | select    | auto_sel               | 0       |
|    xor_ln194_278_fu_9931_p2  |     |        | xor_ln194_278 | xor       | auto                   | 0       |
|    e_834_fu_9935_p2          |     |        | e_834         | sub       | fabric                 | 0       |
|    e_835_fu_9940_p2          |     |        | e_835         | add       | fabric                 | 0       |
|    e_836_fu_9945_p3          |     |        | e_836         | select    | auto_sel               | 0       |
|    xor_ln194_279_fu_9953_p2  |     |        | xor_ln194_279 | xor       | auto                   | 0       |
|    e_837_fu_9957_p2          |     |        | e_837         | sub       | fabric                 | 0       |
|    e_838_fu_9963_p2          |     |        | e_838         | add       | fabric                 | 0       |
|    e_839_fu_9969_p3          |     |        | e_839         | select    | auto_sel               | 0       |
|    xor_ln194_280_fu_9977_p2  |     |        | xor_ln194_280 | xor       | auto                   | 0       |
|    e_840_fu_9981_p2          |     |        | e_840         | sub       | fabric                 | 0       |
|    e_841_fu_9986_p2          |     |        | e_841         | add       | fabric                 | 0       |
|    e_842_fu_9991_p3          |     |        | e_842         | select    | auto_sel               | 0       |
|    xor_ln194_281_fu_9999_p2  |     |        | xor_ln194_281 | xor       | auto                   | 0       |
|    e_843_fu_10003_p2         |     |        | e_843         | sub       | fabric                 | 0       |
|    e_844_fu_10009_p2         |     |        | e_844         | add       | fabric                 | 0       |
|    e_845_fu_10015_p3         |     |        | e_845         | select    | auto_sel               | 0       |
|    xor_ln194_282_fu_10023_p2 |     |        | xor_ln194_282 | xor       | auto                   | 0       |
|    e_846_fu_10027_p2         |     |        | e_846         | sub       | fabric                 | 0       |
|    e_847_fu_10032_p2         |     |        | e_847         | add       | fabric                 | 0       |
|    e_848_fu_10037_p3         |     |        | e_848         | select    | auto_sel               | 0       |
|    xor_ln194_283_fu_10045_p2 |     |        | xor_ln194_283 | xor       | auto                   | 0       |
|    e_849_fu_10049_p2         |     |        | e_849         | sub       | fabric                 | 0       |
|    e_850_fu_10055_p2         |     |        | e_850         | add       | fabric                 | 0       |
|    e_851_fu_10061_p3         |     |        | e_851         | select    | auto_sel               | 0       |
|    xor_ln194_284_fu_10069_p2 |     |        | xor_ln194_284 | xor       | auto                   | 0       |
|    e_852_fu_10073_p2         |     |        | e_852         | sub       | fabric                 | 0       |
|    e_853_fu_10078_p2         |     |        | e_853         | add       | fabric                 | 0       |
|    e_854_fu_10083_p3         |     |        | e_854         | select    | auto_sel               | 0       |
|    xor_ln194_285_fu_10091_p2 |     |        | xor_ln194_285 | xor       | auto                   | 0       |
|    e_855_fu_10095_p2         |     |        | e_855         | sub       | fabric                 | 0       |
|    e_856_fu_10101_p2         |     |        | e_856         | add       | fabric                 | 0       |
|    e_857_fu_10107_p3         |     |        | e_857         | select    | auto_sel               | 0       |
|    xor_ln194_286_fu_10115_p2 |     |        | xor_ln194_286 | xor       | auto                   | 0       |
|    e_858_fu_10119_p2         |     |        | e_858         | sub       | fabric                 | 0       |
|    e_859_fu_10124_p2         |     |        | e_859         | add       | fabric                 | 0       |
|    e_860_fu_10129_p3         |     |        | e_860         | select    | auto_sel               | 0       |
|    xor_ln194_287_fu_10137_p2 |     |        | xor_ln194_287 | xor       | auto                   | 0       |
|    e_861_fu_10141_p2         |     |        | e_861         | sub       | fabric                 | 0       |
|    e_862_fu_10147_p2         |     |        | e_862         | add       | fabric                 | 0       |
|    e_863_fu_10153_p3         |     |        | e_863         | select    | auto_sel               | 0       |
|    xor_ln194_288_fu_10161_p2 |     |        | xor_ln194_288 | xor       | auto                   | 0       |
|    e_864_fu_10165_p2         |     |        | e_864         | sub       | fabric                 | 0       |
|    e_865_fu_10170_p2         |     |        | e_865         | add       | fabric                 | 0       |
|    e_866_fu_10175_p3         |     |        | e_866         | select    | auto_sel               | 0       |
|    xor_ln194_289_fu_10183_p2 |     |        | xor_ln194_289 | xor       | auto                   | 0       |
|    e_867_fu_10187_p2         |     |        | e_867         | sub       | fabric                 | 0       |
|    e_868_fu_10193_p2         |     |        | e_868         | add       | fabric                 | 0       |
|    e_869_fu_10199_p3         |     |        | e_869         | select    | auto_sel               | 0       |
|    xor_ln194_290_fu_10207_p2 |     |        | xor_ln194_290 | xor       | auto                   | 0       |
|    e_870_fu_10211_p2         |     |        | e_870         | sub       | fabric                 | 0       |
|    e_871_fu_10216_p2         |     |        | e_871         | add       | fabric                 | 0       |
|    e_872_fu_10221_p3         |     |        | e_872         | select    | auto_sel               | 0       |
|    xor_ln194_291_fu_10229_p2 |     |        | xor_ln194_291 | xor       | auto                   | 0       |
|    e_873_fu_10233_p2         |     |        | e_873         | sub       | fabric                 | 0       |
|    e_874_fu_10239_p2         |     |        | e_874         | add       | fabric                 | 0       |
|    e_875_fu_10245_p3         |     |        | e_875         | select    | auto_sel               | 0       |
|    xor_ln194_292_fu_10253_p2 |     |        | xor_ln194_292 | xor       | auto                   | 0       |
|    e_876_fu_10257_p2         |     |        | e_876         | sub       | fabric                 | 0       |
|    e_877_fu_10262_p2         |     |        | e_877         | add       | fabric                 | 0       |
|    e_878_fu_10267_p3         |     |        | e_878         | select    | auto_sel               | 0       |
|    xor_ln194_293_fu_10275_p2 |     |        | xor_ln194_293 | xor       | auto                   | 0       |
|    e_879_fu_10279_p2         |     |        | e_879         | sub       | fabric                 | 0       |
|    e_880_fu_10285_p2         |     |        | e_880         | add       | fabric                 | 0       |
|    e_881_fu_10291_p3         |     |        | e_881         | select    | auto_sel               | 0       |
|    xor_ln194_294_fu_10299_p2 |     |        | xor_ln194_294 | xor       | auto                   | 0       |
|    e_882_fu_10303_p2         |     |        | e_882         | sub       | fabric                 | 0       |
|    e_883_fu_10308_p2         |     |        | e_883         | add       | fabric                 | 0       |
|    e_884_fu_10313_p3         |     |        | e_884         | select    | auto_sel               | 0       |
|    xor_ln194_295_fu_10321_p2 |     |        | xor_ln194_295 | xor       | auto                   | 0       |
|    e_885_fu_10325_p2         |     |        | e_885         | sub       | fabric                 | 0       |
|    e_886_fu_10331_p2         |     |        | e_886         | add       | fabric                 | 0       |
|    e_887_fu_10337_p3         |     |        | e_887         | select    | auto_sel               | 0       |
|    xor_ln194_296_fu_10345_p2 |     |        | xor_ln194_296 | xor       | auto                   | 0       |
|    e_888_fu_10349_p2         |     |        | e_888         | sub       | fabric                 | 0       |
|    e_889_fu_10354_p2         |     |        | e_889         | add       | fabric                 | 0       |
|    e_890_fu_10359_p3         |     |        | e_890         | select    | auto_sel               | 0       |
|    xor_ln194_297_fu_10367_p2 |     |        | xor_ln194_297 | xor       | auto                   | 0       |
|    e_891_fu_10371_p2         |     |        | e_891         | sub       | fabric                 | 0       |
|    e_892_fu_10377_p2         |     |        | e_892         | add       | fabric                 | 0       |
|    e_893_fu_10383_p3         |     |        | e_893         | select    | auto_sel               | 0       |
|    xor_ln194_298_fu_10391_p2 |     |        | xor_ln194_298 | xor       | auto                   | 0       |
|    e_894_fu_10395_p2         |     |        | e_894         | sub       | fabric                 | 0       |
|    e_895_fu_10400_p2         |     |        | e_895         | add       | fabric                 | 0       |
|    e_896_fu_10405_p3         |     |        | e_896         | select    | auto_sel               | 0       |
|    xor_ln194_299_fu_10413_p2 |     |        | xor_ln194_299 | xor       | auto                   | 0       |
|    e_897_fu_10417_p2         |     |        | e_897         | sub       | fabric                 | 0       |
|    e_898_fu_10423_p2         |     |        | e_898         | add       | fabric                 | 0       |
|    e_899_fu_10429_p3         |     |        | e_899         | select    | auto_sel               | 0       |
|    xor_ln194_300_fu_10437_p2 |     |        | xor_ln194_300 | xor       | auto                   | 0       |
|    e_900_fu_10441_p2         |     |        | e_900         | sub       | fabric                 | 0       |
|    e_901_fu_10446_p2         |     |        | e_901         | add       | fabric                 | 0       |
|    e_902_fu_10451_p3         |     |        | e_902         | select    | auto_sel               | 0       |
|    xor_ln194_301_fu_10459_p2 |     |        | xor_ln194_301 | xor       | auto                   | 0       |
|    e_903_fu_10463_p2         |     |        | e_903         | sub       | fabric                 | 0       |
|    e_904_fu_10469_p2         |     |        | e_904         | add       | fabric                 | 0       |
|    e_905_fu_10475_p3         |     |        | e_905         | select    | auto_sel               | 0       |
|    xor_ln194_302_fu_10483_p2 |     |        | xor_ln194_302 | xor       | auto                   | 0       |
|    e_906_fu_10487_p2         |     |        | e_906         | sub       | fabric                 | 0       |
|    e_907_fu_10492_p2         |     |        | e_907         | add       | fabric                 | 0       |
|    e_908_fu_10497_p3         |     |        | e_908         | select    | auto_sel               | 0       |
|    xor_ln194_303_fu_10505_p2 |     |        | xor_ln194_303 | xor       | auto                   | 0       |
|    e_909_fu_10509_p2         |     |        | e_909         | sub       | fabric                 | 0       |
|    e_910_fu_10515_p2         |     |        | e_910         | add       | fabric                 | 0       |
|    e_911_fu_10521_p3         |     |        | e_911         | select    | auto_sel               | 0       |
|    xor_ln194_304_fu_10529_p2 |     |        | xor_ln194_304 | xor       | auto                   | 0       |
|    e_912_fu_10533_p2         |     |        | e_912         | sub       | fabric                 | 0       |
|    e_913_fu_10538_p2         |     |        | e_913         | add       | fabric                 | 0       |
|    e_914_fu_10543_p3         |     |        | e_914         | select    | auto_sel               | 0       |
|    xor_ln194_305_fu_10551_p2 |     |        | xor_ln194_305 | xor       | auto                   | 0       |
|    e_915_fu_10555_p2         |     |        | e_915         | sub       | fabric                 | 0       |
|    e_916_fu_10561_p2         |     |        | e_916         | add       | fabric                 | 0       |
|    e_917_fu_10567_p3         |     |        | e_917         | select    | auto_sel               | 0       |
|    xor_ln194_306_fu_10575_p2 |     |        | xor_ln194_306 | xor       | auto                   | 0       |
|    e_918_fu_10579_p2         |     |        | e_918         | sub       | fabric                 | 0       |
|    e_919_fu_10584_p2         |     |        | e_919         | add       | fabric                 | 0       |
|    e_920_fu_10589_p3         |     |        | e_920         | select    | auto_sel               | 0       |
|    xor_ln194_307_fu_10597_p2 |     |        | xor_ln194_307 | xor       | auto                   | 0       |
|    e_921_fu_10601_p2         |     |        | e_921         | sub       | fabric                 | 0       |
|    e_922_fu_10607_p2         |     |        | e_922         | add       | fabric                 | 0       |
|    e_923_fu_10613_p3         |     |        | e_923         | select    | auto_sel               | 0       |
|    xor_ln194_308_fu_10621_p2 |     |        | xor_ln194_308 | xor       | auto                   | 0       |
|    e_924_fu_10625_p2         |     |        | e_924         | sub       | fabric                 | 0       |
|    e_925_fu_10630_p2         |     |        | e_925         | add       | fabric                 | 0       |
|    e_926_fu_10635_p3         |     |        | e_926         | select    | auto_sel               | 0       |
|    xor_ln194_309_fu_10643_p2 |     |        | xor_ln194_309 | xor       | auto                   | 0       |
|    e_927_fu_10647_p2         |     |        | e_927         | sub       | fabric                 | 0       |
|    e_928_fu_10653_p2         |     |        | e_928         | add       | fabric                 | 0       |
|    e_929_fu_10659_p3         |     |        | e_929         | select    | auto_sel               | 0       |
|    xor_ln194_310_fu_10667_p2 |     |        | xor_ln194_310 | xor       | auto                   | 0       |
|    e_930_fu_10671_p2         |     |        | e_930         | sub       | fabric                 | 0       |
|    e_931_fu_10676_p2         |     |        | e_931         | add       | fabric                 | 0       |
|    e_932_fu_10681_p3         |     |        | e_932         | select    | auto_sel               | 0       |
|    xor_ln194_311_fu_10689_p2 |     |        | xor_ln194_311 | xor       | auto                   | 0       |
|    e_933_fu_10693_p2         |     |        | e_933         | sub       | fabric                 | 0       |
|    e_934_fu_10699_p2         |     |        | e_934         | add       | fabric                 | 0       |
|    e_935_fu_10705_p3         |     |        | e_935         | select    | auto_sel               | 0       |
|    xor_ln194_312_fu_10713_p2 |     |        | xor_ln194_312 | xor       | auto                   | 0       |
|    e_936_fu_10717_p2         |     |        | e_936         | sub       | fabric                 | 0       |
|    e_937_fu_10722_p2         |     |        | e_937         | add       | fabric                 | 0       |
|    e_938_fu_10727_p3         |     |        | e_938         | select    | auto_sel               | 0       |
|    xor_ln194_313_fu_10735_p2 |     |        | xor_ln194_313 | xor       | auto                   | 0       |
|    e_939_fu_10739_p2         |     |        | e_939         | sub       | fabric                 | 0       |
|    e_940_fu_10745_p2         |     |        | e_940         | add       | fabric                 | 0       |
|    e_941_fu_10751_p3         |     |        | e_941         | select    | auto_sel               | 0       |
|    xor_ln194_314_fu_10759_p2 |     |        | xor_ln194_314 | xor       | auto                   | 0       |
|    e_942_fu_10763_p2         |     |        | e_942         | sub       | fabric                 | 0       |
|    e_943_fu_10768_p2         |     |        | e_943         | add       | fabric                 | 0       |
|    e_944_fu_10773_p3         |     |        | e_944         | select    | auto_sel               | 0       |
|    xor_ln194_315_fu_10781_p2 |     |        | xor_ln194_315 | xor       | auto                   | 0       |
|    e_945_fu_10785_p2         |     |        | e_945         | sub       | fabric                 | 0       |
|    e_946_fu_10791_p2         |     |        | e_946         | add       | fabric                 | 0       |
|    e_947_fu_10797_p3         |     |        | e_947         | select    | auto_sel               | 0       |
|    xor_ln194_316_fu_10805_p2 |     |        | xor_ln194_316 | xor       | auto                   | 0       |
|    e_948_fu_10809_p2         |     |        | e_948         | sub       | fabric                 | 0       |
|    e_949_fu_10814_p2         |     |        | e_949         | add       | fabric                 | 0       |
|    e_950_fu_10819_p3         |     |        | e_950         | select    | auto_sel               | 0       |
|    xor_ln194_317_fu_10827_p2 |     |        | xor_ln194_317 | xor       | auto                   | 0       |
|    e_951_fu_10831_p2         |     |        | e_951         | sub       | fabric                 | 0       |
|    e_952_fu_10837_p2         |     |        | e_952         | add       | fabric                 | 0       |
|    e_953_fu_10843_p3         |     |        | e_953         | select    | auto_sel               | 0       |
|    xor_ln194_318_fu_10851_p2 |     |        | xor_ln194_318 | xor       | auto                   | 0       |
|    e_954_fu_10855_p2         |     |        | e_954         | sub       | fabric                 | 0       |
|    e_955_fu_10860_p2         |     |        | e_955         | add       | fabric                 | 0       |
|    e_956_fu_10865_p3         |     |        | e_956         | select    | auto_sel               | 0       |
|    xor_ln194_319_fu_10873_p2 |     |        | xor_ln194_319 | xor       | auto                   | 0       |
|    e_957_fu_10877_p2         |     |        | e_957         | sub       | fabric                 | 0       |
|    e_958_fu_10883_p2         |     |        | e_958         | add       | fabric                 | 0       |
|    e_959_fu_10889_p3         |     |        | e_959         | select    | auto_sel               | 0       |
|    xor_ln194_320_fu_10897_p2 |     |        | xor_ln194_320 | xor       | auto                   | 0       |
|    e_960_fu_10901_p2         |     |        | e_960         | sub       | fabric                 | 0       |
|    e_961_fu_10906_p2         |     |        | e_961         | add       | fabric                 | 0       |
|    e_962_fu_10911_p3         |     |        | e_962         | select    | auto_sel               | 0       |
|    xor_ln194_321_fu_10919_p2 |     |        | xor_ln194_321 | xor       | auto                   | 0       |
|    e_963_fu_10923_p2         |     |        | e_963         | sub       | fabric                 | 0       |
|    e_964_fu_10929_p2         |     |        | e_964         | add       | fabric                 | 0       |
|    e_965_fu_10935_p3         |     |        | e_965         | select    | auto_sel               | 0       |
|    xor_ln194_322_fu_10943_p2 |     |        | xor_ln194_322 | xor       | auto                   | 0       |
|    e_966_fu_10947_p2         |     |        | e_966         | sub       | fabric                 | 0       |
|    e_967_fu_10952_p2         |     |        | e_967         | add       | fabric                 | 0       |
|    e_968_fu_10957_p3         |     |        | e_968         | select    | auto_sel               | 0       |
|    xor_ln194_323_fu_10965_p2 |     |        | xor_ln194_323 | xor       | auto                   | 0       |
|    e_969_fu_10969_p2         |     |        | e_969         | sub       | fabric                 | 0       |
|    e_970_fu_10975_p2         |     |        | e_970         | add       | fabric                 | 0       |
|    e_971_fu_10981_p3         |     |        | e_971         | select    | auto_sel               | 0       |
|    xor_ln194_324_fu_10989_p2 |     |        | xor_ln194_324 | xor       | auto                   | 0       |
|    e_972_fu_10993_p2         |     |        | e_972         | sub       | fabric                 | 0       |
|    e_973_fu_10998_p2         |     |        | e_973         | add       | fabric                 | 0       |
|    e_974_fu_11003_p3         |     |        | e_974         | select    | auto_sel               | 0       |
|    out_fu_11011_p2           |     |        | out           | sub       | fabric                 | 0       |
+------------------------------+-----+--------+---------------+-----------+------------------------+---------+


================================================================
== Storage Report
================================================================
+---------------------------+--------+------+------+------+--------+-------------+------+---------+------------------+
| Name                      | Usage  | Type | BRAM | URAM | Pragma | Variable    | Impl | Latency | Bitwidth, Depth, |
|                           |        |      |      |      |        |             |      |         | Banks            |
+---------------------------+--------+------+------+------+--------+-------------+------+---------+------------------+
| + uniform_metropolis_step |        |      | 0    | 0    |        |             |      |         |                  |
|   EXP_NEG_LUT_U           | rom_2p |      |      |      |        | EXP_NEG_LUT | auto | 1       | 40, 1025, 1      |
+---------------------------+--------+------+------+------+--------+-------------+------+---------+------------------+


================================================================
== Pragma Report
================================================================
* Valid Pragma Syntax
+-----------------+---------------------------+--------------------------------------------------+
| Type            | Options                   | Location                                         |
+-----------------+---------------------------+--------------------------------------------------+
| ARRAY_PARTITION | variable=J complete dim=0 | in local_delta_energy (src/sk_step.cpp:139)      |
| ARRAY_PARTITION | variable=h complete dim=1 | in local_delta_energy (src/sk_step.cpp:140)      |
| ARRAY_PARTITION | variable=s complete dim=1 | in local_delta_energy (src/sk_step.cpp:141)      |
| UNROLL          |                           | in local_delta_energy (src/sk_step.cpp:146)      |
| ARRAY_PARTITION | variable=J complete dim=0 | in uniform_delta_energy (src/sk_step.cpp:174)    |
| ARRAY_PARTITION | variable=h complete dim=1 | in uniform_delta_energy (src/sk_step.cpp:175)    |
| ARRAY_PARTITION | variable=y complete dim=1 | in uniform_delta_energy (src/sk_step.cpp:176)    |
| UNROLL          |                           | in uniform_delta_energy (src/sk_step.cpp:181)    |
| UNROLL          |                           | in uniform_delta_energy (src/sk_step.cpp:187)    |
| UNROLL          |                           | in uniform_delta_energy (src/sk_step.cpp:189)    |
| ARRAY_PARTITION | variable=J complete dim=0 | in local_metropolis_step (src/sk_step.cpp:229)   |
| ARRAY_PARTITION | variable=h complete dim=1 | in local_metropolis_step (src/sk_step.cpp:230)   |
| ARRAY_PARTITION | variable=s complete dim=1 | in local_metropolis_step (src/sk_step.cpp:231)   |
| ARRAY_PARTITION | variable=J complete dim=0 | in uniform_metropolis_step (src/sk_step.cpp:269) |
| ARRAY_PARTITION | variable=h complete dim=1 | in uniform_metropolis_step (src/sk_step.cpp:270) |
| ARRAY_PARTITION | variable=y complete dim=1 | in uniform_metropolis_step (src/sk_step.cpp:271) |
+-----------------+---------------------------+--------------------------------------------------+


