

================================================================
== Vitis HLS Report for 'uniform_metropolis_step'
================================================================
* Date:           Tue May 19 20:45:36 2026

* Version:        2025.2 (Build 6295257 on Nov 14 2025)
* Project:        hls_uniform_metropolis_step_N26
* Solution:       hls (Vivado IP Flow Target)
* Product family: virtexuplus
* Target device:  xcvu19p-fsva3824-2-e


================================================================
== Performance Estimates
================================================================
+ Timing: 
    * Summary: 
    +--------+---------+----------+------------+
    |  Clock |  Target | Estimated| Uncertainty|
    +--------+---------+----------+------------+
    |ap_clk  |  3.33 ns|  2.388 ns|     0.90 ns|
    +--------+---------+----------+------------+

+ Latency: 
    * Summary: 
    +---------+---------+----------+----------+-----+-----+---------+
    |  Latency (cycles) |  Latency (absolute) |  Interval | Pipeline|
    |   min   |   max   |    min   |    max   | min | max |   Type  |
    +---------+---------+----------+----------+-----+-----+---------+
    |      168|      177|  0.560 us|  0.590 us|  169|  178|       no|
    +---------+---------+----------+----------+-----+-----+---------+

    + Detail: 
        * Instance: 
        +----------------------------------+----------------------+---------+---------+----------+----------+-----+-----+---------+
        |                                  |                      |  Latency (cycles) |  Latency (absolute) |  Interval | Pipeline|
        |             Instance             |        Module        |   min   |   max   |    min   |    max   | min | max |   Type  |
        +----------------------------------+----------------------+---------+---------+----------+----------+-----+-----+---------+
        |grp_uniform_delta_energy_fu_3933  |uniform_delta_energy  |      165|      165|  0.550 us|  0.550 us|  165|  165|       no|
        +----------------------------------+----------------------+---------+---------+----------+----------+-----+-----+---------+

        * Loop: 
        N/A



================================================================
== Utilization Estimates
================================================================
* Summary: 
+---------------------+---------+------+---------+---------+-----+
|         Name        | BRAM_18K|  DSP |    FF   |   LUT   | URAM|
+---------------------+---------+------+---------+---------+-----+
|DSP                  |        -|     -|        -|        -|    -|
|Expression           |        -|     -|        0|      703|    -|
|FIFO                 |        -|     -|        -|        -|    -|
|Instance             |        -|     7|     7645|    48641|    -|
|Memory               |        0|     -|        0|        0|    -|
|Multiplexer          |        -|     -|        0|       93|    -|
|Register             |        -|     -|    14578|        -|    -|
+---------------------+---------+------+---------+---------+-----+
|Total                |        0|     7|    22223|    49437|    0|
+---------------------+---------+------+---------+---------+-----+
|Available SLR        |     1080|   960|  2042880|  1021440|   80|
+---------------------+---------+------+---------+---------+-----+
|Utilization SLR (%)  |        0|    ~0|        1|        4|    0|
+---------------------+---------+------+---------+---------+-----+
|Available            |     4320|  3840|  8171520|  4085760|  320|
+---------------------+---------+------+---------+---------+-----+
|Utilization (%)      |        0|    ~0|       ~0|        1|    0|
+---------------------+---------+------+---------+---------+-----+

+ Detail: 
    * Instance: 
    +----------------------------------+----------------------+---------+----+------+-------+-----+
    |             Instance             |        Module        | BRAM_18K| DSP|  FF  |  LUT  | URAM|
    +----------------------------------+----------------------+---------+----+------+-------+-----+
    |mul_26s_36s_60_2_1_U379           |mul_26s_36s_60_2_1    |        0|   2|   202|     84|    0|
    |mul_40ns_40s_64_2_1_U380          |mul_40ns_40s_64_2_1   |        0|   5|   197|     80|    0|
    |sparsemux_7_2_40_1_1_U381         |sparsemux_7_2_40_1_1  |        0|   0|     0|      9|    0|
    |grp_uniform_delta_energy_fu_3933  |uniform_delta_energy  |        0|   0|  7246|  48468|    0|
    +----------------------------------+----------------------+---------+----+------+-------+-----+
    |Total                             |                      |        0|   7|  7645|  48641|    0|
    +----------------------------------+----------------------+---------+----+------+-------+-----+

    * DSP: 
    N/A

    * Memory: 
    +---------------+-------------------------+---------+---+----+-----+------+-----+------+-------------+
    |     Memory    |          Module         | BRAM_18K| FF| LUT| URAM| Words| Bits| Banks| W*Bits*Banks|
    +---------------+-------------------------+---------+---+----+-----+------+-----+------+-------------+
    |EXP_NEG_LUT_U  |EXP_NEG_LUT_ROM_AUTO_1R  |        0|  0|   0|    0|  1025|   40|     1|        41000|
    +---------------+-------------------------+---------+---+----+-----+------+-----+------+-------------+
    |Total          |                         |        0|  0|   0|    0|  1025|   40|     1|        41000|
    +---------------+-------------------------+---------+---+----+-----+------+-----+------+-------------+

    * FIFO: 
    N/A

    * Expression: 
    +------------------------+----------+----+---+-----+------------+------------+
    |      Variable Name     | Operation| DSP| FF| LUT | Bitwidth P0| Bitwidth P1|
    +------------------------+----------+----+---+-----+------------+------------+
    |add_ln280_fu_5037_p2    |         +|   0|  0|   47|          40|          40|
    |add_ln87_fu_4849_p2     |         +|   0|  0|   18|          11|           1|
    |add_ln89_fu_4921_p2     |         +|   0|  0|   68|          61|          61|
    |sub_ln75_1_fu_4786_p2   |         -|   0|  0|   66|           1|          59|
    |sub_ln75_fu_4765_p2     |         -|   0|  0|  107|           1|          88|
    |sub_ln84_fu_4839_p2     |         -|   0|  0|   34|          27|          27|
    |sub_ln89_fu_4885_p2     |         -|   0|  0|   33|          26|          26|
    |and_ln91_1_fu_4993_p2   |       and|   0|  0|    2|           1|           1|
    |and_ln91_fu_4988_p2     |       and|   0|  0|    2|           1|           1|
    |icmp_ln116_fu_4701_p2   |      icmp|   0|  0|   47|          40|           1|
    |icmp_ln123_fu_5025_p2   |      icmp|   0|  0|   47|          40|          40|
    |icmp_ln59_fu_4753_p2    |      icmp|   0|  0|   47|          40|           1|
    |icmp_ln63_fu_4781_p2    |      icmp|   0|  0|   18|          11|           1|
    |icmp_ln91_fu_4953_p2    |      icmp|   0|  0|   44|          37|           1|
    |icmp_ln95_fu_4947_p2    |      icmp|   0|  0|   20|          13|           1|
    |p_fu_5005_p4            |    select|   0|  0|   41|           1|          41|
    |select_ln75_fu_4798_p3  |    select|   0|  0|   58|           1|          59|
    |xor_ln123_fu_5030_p2    |       xor|   0|  0|    2|           1|           2|
    |xor_ln59_fu_4983_p2     |       xor|   0|  0|    2|           1|           2|
    +------------------------+----------+----+---+-----+------------+------------+
    |Total                   |          |   0|  0|  703|         354|         453|
    +------------------------+----------+----+---+-----+------------+------------+

    * Multiplexer: 
    +---------------------------------+----+-----------+-----+-----------+
    |               Name              | LUT| Input Size| Bits| Total Bits|
    +---------------------------------+----+-----------+-----+-----------+
    |accepted                         |  14|          3|    1|          3|
    |ap_NS_fsm                        |  65|         14|    1|         14|
    |ap_phi_mux_empty_phi_fu_3926_p4  |  14|          3|   40|        120|
    +---------------------------------+----+-----------+-----+-----------+
    |Total                            |  93|         20|   42|        137|
    +---------------------------------+----+-----------+-----+-----------+

    * Register: 
    +-----------------------------------------------+-----+----+-----+-----------+
    |                      Name                     |  FF | LUT| Bits| Const Bits|
    +-----------------------------------------------+-----+----+-----+-----------+
    |J_0_10_read_reg_5094                           |   40|   0|   40|          0|
    |J_0_11_read_reg_5099                           |   40|   0|   40|          0|
    |J_0_12_read_reg_5104                           |   40|   0|   40|          0|
    |J_0_13_read_reg_5109                           |   40|   0|   40|          0|
    |J_0_14_read_reg_5114                           |   40|   0|   40|          0|
    |J_0_15_read_reg_5119                           |   40|   0|   40|          0|
    |J_0_16_read_reg_5124                           |   40|   0|   40|          0|
    |J_0_17_read_reg_5129                           |   40|   0|   40|          0|
    |J_0_18_read_reg_5134                           |   40|   0|   40|          0|
    |J_0_19_read_reg_5139                           |   40|   0|   40|          0|
    |J_0_1_read_reg_5049                            |   40|   0|   40|          0|
    |J_0_20_read_reg_5144                           |   40|   0|   40|          0|
    |J_0_21_read_reg_5149                           |   40|   0|   40|          0|
    |J_0_22_read_reg_5154                           |   40|   0|   40|          0|
    |J_0_23_read_reg_5159                           |   40|   0|   40|          0|
    |J_0_24_read_reg_5164                           |   40|   0|   40|          0|
    |J_0_25_read_reg_5169                           |   40|   0|   40|          0|
    |J_0_2_read_reg_5054                            |   40|   0|   40|          0|
    |J_0_3_read_reg_5059                            |   40|   0|   40|          0|
    |J_0_4_read_reg_5064                            |   40|   0|   40|          0|
    |J_0_5_read_reg_5069                            |   40|   0|   40|          0|
    |J_0_6_read_reg_5074                            |   40|   0|   40|          0|
    |J_0_7_read_reg_5079                            |   40|   0|   40|          0|
    |J_0_8_read_reg_5084                            |   40|   0|   40|          0|
    |J_0_9_read_reg_5089                            |   40|   0|   40|          0|
    |J_10_11_read_reg_6074                          |   40|   0|   40|          0|
    |J_10_12_read_reg_6079                          |   40|   0|   40|          0|
    |J_10_13_read_reg_6084                          |   40|   0|   40|          0|
    |J_10_14_read_reg_6089                          |   40|   0|   40|          0|
    |J_10_15_read_reg_6094                          |   40|   0|   40|          0|
    |J_10_16_read_reg_6099                          |   40|   0|   40|          0|
    |J_10_17_read_reg_6104                          |   40|   0|   40|          0|
    |J_10_18_read_reg_6109                          |   40|   0|   40|          0|
    |J_10_19_read_reg_6114                          |   40|   0|   40|          0|
    |J_10_20_read_reg_6119                          |   40|   0|   40|          0|
    |J_10_21_read_reg_6124                          |   40|   0|   40|          0|
    |J_10_22_read_reg_6129                          |   40|   0|   40|          0|
    |J_10_23_read_reg_6134                          |   40|   0|   40|          0|
    |J_10_24_read_reg_6139                          |   40|   0|   40|          0|
    |J_10_25_read_reg_6144                          |   40|   0|   40|          0|
    |J_11_12_read_reg_6149                          |   40|   0|   40|          0|
    |J_11_13_read_reg_6154                          |   40|   0|   40|          0|
    |J_11_14_read_reg_6159                          |   40|   0|   40|          0|
    |J_11_15_read_reg_6164                          |   40|   0|   40|          0|
    |J_11_16_read_reg_6169                          |   40|   0|   40|          0|
    |J_11_17_read_reg_6174                          |   40|   0|   40|          0|
    |J_11_18_read_reg_6179                          |   40|   0|   40|          0|
    |J_11_19_read_reg_6184                          |   40|   0|   40|          0|
    |J_11_20_read_reg_6189                          |   40|   0|   40|          0|
    |J_11_21_read_reg_6194                          |   40|   0|   40|          0|
    |J_11_22_read_reg_6199                          |   40|   0|   40|          0|
    |J_11_23_read_reg_6204                          |   40|   0|   40|          0|
    |J_11_24_read_reg_6209                          |   40|   0|   40|          0|
    |J_11_25_read_reg_6214                          |   40|   0|   40|          0|
    |J_12_13_read_reg_6219                          |   40|   0|   40|          0|
    |J_12_14_read_reg_6224                          |   40|   0|   40|          0|
    |J_12_15_read_reg_6229                          |   40|   0|   40|          0|
    |J_12_16_read_reg_6234                          |   40|   0|   40|          0|
    |J_12_17_read_reg_6239                          |   40|   0|   40|          0|
    |J_12_18_read_reg_6244                          |   40|   0|   40|          0|
    |J_12_19_read_reg_6249                          |   40|   0|   40|          0|
    |J_12_20_read_reg_6254                          |   40|   0|   40|          0|
    |J_12_21_read_reg_6259                          |   40|   0|   40|          0|
    |J_12_22_read_reg_6264                          |   40|   0|   40|          0|
    |J_12_23_read_reg_6269                          |   40|   0|   40|          0|
    |J_12_24_read_reg_6274                          |   40|   0|   40|          0|
    |J_12_25_read_reg_6279                          |   40|   0|   40|          0|
    |J_13_14_read_reg_6284                          |   40|   0|   40|          0|
    |J_13_15_read_reg_6289                          |   40|   0|   40|          0|
    |J_13_16_read_reg_6294                          |   40|   0|   40|          0|
    |J_13_17_read_reg_6299                          |   40|   0|   40|          0|
    |J_13_18_read_reg_6304                          |   40|   0|   40|          0|
    |J_13_19_read_reg_6309                          |   40|   0|   40|          0|
    |J_13_20_read_reg_6314                          |   40|   0|   40|          0|
    |J_13_21_read_reg_6319                          |   40|   0|   40|          0|
    |J_13_22_read_reg_6324                          |   40|   0|   40|          0|
    |J_13_23_read_reg_6329                          |   40|   0|   40|          0|
    |J_13_24_read_reg_6334                          |   40|   0|   40|          0|
    |J_13_25_read_reg_6339                          |   40|   0|   40|          0|
    |J_14_15_read_reg_6344                          |   40|   0|   40|          0|
    |J_14_16_read_reg_6349                          |   40|   0|   40|          0|
    |J_14_17_read_reg_6354                          |   40|   0|   40|          0|
    |J_14_18_read_reg_6359                          |   40|   0|   40|          0|
    |J_14_19_read_reg_6364                          |   40|   0|   40|          0|
    |J_14_20_read_reg_6369                          |   40|   0|   40|          0|
    |J_14_21_read_reg_6374                          |   40|   0|   40|          0|
    |J_14_22_read_reg_6379                          |   40|   0|   40|          0|
    |J_14_23_read_reg_6384                          |   40|   0|   40|          0|
    |J_14_24_read_reg_6389                          |   40|   0|   40|          0|
    |J_14_25_read_reg_6394                          |   40|   0|   40|          0|
    |J_15_16_read_reg_6399                          |   40|   0|   40|          0|
    |J_15_17_read_reg_6404                          |   40|   0|   40|          0|
    |J_15_18_read_reg_6409                          |   40|   0|   40|          0|
    |J_15_19_read_reg_6414                          |   40|   0|   40|          0|
    |J_15_20_read_reg_6419                          |   40|   0|   40|          0|
    |J_15_21_read_reg_6424                          |   40|   0|   40|          0|
    |J_15_22_read_reg_6429                          |   40|   0|   40|          0|
    |J_15_23_read_reg_6434                          |   40|   0|   40|          0|
    |J_15_24_read_reg_6439                          |   40|   0|   40|          0|
    |J_15_25_read_reg_6444                          |   40|   0|   40|          0|
    |J_16_17_read_reg_6449                          |   40|   0|   40|          0|
    |J_16_18_read_reg_6454                          |   40|   0|   40|          0|
    |J_16_19_read_reg_6459                          |   40|   0|   40|          0|
    |J_16_20_read_reg_6464                          |   40|   0|   40|          0|
    |J_16_21_read_reg_6469                          |   40|   0|   40|          0|
    |J_16_22_read_reg_6474                          |   40|   0|   40|          0|
    |J_16_23_read_reg_6479                          |   40|   0|   40|          0|
    |J_16_24_read_reg_6484                          |   40|   0|   40|          0|
    |J_16_25_read_reg_6489                          |   40|   0|   40|          0|
    |J_17_18_read_reg_6494                          |   40|   0|   40|          0|
    |J_17_19_read_reg_6499                          |   40|   0|   40|          0|
    |J_17_20_read_reg_6504                          |   40|   0|   40|          0|
    |J_17_21_read_reg_6509                          |   40|   0|   40|          0|
    |J_17_22_read_reg_6514                          |   40|   0|   40|          0|
    |J_17_23_read_reg_6519                          |   40|   0|   40|          0|
    |J_17_24_read_reg_6524                          |   40|   0|   40|          0|
    |J_17_25_read_reg_6529                          |   40|   0|   40|          0|
    |J_18_19_read_reg_6534                          |   40|   0|   40|          0|
    |J_18_20_read_reg_6539                          |   40|   0|   40|          0|
    |J_18_21_read_reg_6544                          |   40|   0|   40|          0|
    |J_18_22_read_reg_6549                          |   40|   0|   40|          0|
    |J_18_23_read_reg_6554                          |   40|   0|   40|          0|
    |J_18_24_read_reg_6559                          |   40|   0|   40|          0|
    |J_18_25_read_reg_6564                          |   40|   0|   40|          0|
    |J_19_20_read_reg_6569                          |   40|   0|   40|          0|
    |J_19_21_read_reg_6574                          |   40|   0|   40|          0|
    |J_19_22_read_reg_6579                          |   40|   0|   40|          0|
    |J_19_23_read_reg_6584                          |   40|   0|   40|          0|
    |J_19_24_read_reg_6589                          |   40|   0|   40|          0|
    |J_19_25_read_reg_6594                          |   40|   0|   40|          0|
    |J_1_10_read_reg_5214                           |   40|   0|   40|          0|
    |J_1_11_read_reg_5219                           |   40|   0|   40|          0|
    |J_1_12_read_reg_5224                           |   40|   0|   40|          0|
    |J_1_13_read_reg_5229                           |   40|   0|   40|          0|
    |J_1_14_read_reg_5234                           |   40|   0|   40|          0|
    |J_1_15_read_reg_5239                           |   40|   0|   40|          0|
    |J_1_16_read_reg_5244                           |   40|   0|   40|          0|
    |J_1_17_read_reg_5249                           |   40|   0|   40|          0|
    |J_1_18_read_reg_5254                           |   40|   0|   40|          0|
    |J_1_19_read_reg_5259                           |   40|   0|   40|          0|
    |J_1_20_read_reg_5264                           |   40|   0|   40|          0|
    |J_1_21_read_reg_5269                           |   40|   0|   40|          0|
    |J_1_22_read_reg_5274                           |   40|   0|   40|          0|
    |J_1_23_read_reg_5279                           |   40|   0|   40|          0|
    |J_1_24_read_reg_5284                           |   40|   0|   40|          0|
    |J_1_25_read_reg_5289                           |   40|   0|   40|          0|
    |J_1_2_read_reg_5174                            |   40|   0|   40|          0|
    |J_1_3_read_reg_5179                            |   40|   0|   40|          0|
    |J_1_4_read_reg_5184                            |   40|   0|   40|          0|
    |J_1_5_read_reg_5189                            |   40|   0|   40|          0|
    |J_1_6_read_reg_5194                            |   40|   0|   40|          0|
    |J_1_7_read_reg_5199                            |   40|   0|   40|          0|
    |J_1_8_read_reg_5204                            |   40|   0|   40|          0|
    |J_1_9_read_reg_5209                            |   40|   0|   40|          0|
    |J_20_21_read_reg_6599                          |   40|   0|   40|          0|
    |J_20_22_read_reg_6604                          |   40|   0|   40|          0|
    |J_20_23_read_reg_6609                          |   40|   0|   40|          0|
    |J_20_24_read_reg_6614                          |   40|   0|   40|          0|
    |J_20_25_read_reg_6619                          |   40|   0|   40|          0|
    |J_21_22_read_reg_6624                          |   40|   0|   40|          0|
    |J_21_23_read_reg_6629                          |   40|   0|   40|          0|
    |J_21_24_read_reg_6634                          |   40|   0|   40|          0|
    |J_21_25_read_reg_6639                          |   40|   0|   40|          0|
    |J_22_23_read_reg_6644                          |   40|   0|   40|          0|
    |J_22_24_read_reg_6649                          |   40|   0|   40|          0|
    |J_22_25_read_reg_6654                          |   40|   0|   40|          0|
    |J_23_24_read_reg_6659                          |   40|   0|   40|          0|
    |J_23_25_read_reg_6664                          |   40|   0|   40|          0|
    |J_24_25_read_reg_6669                          |   40|   0|   40|          0|
    |J_2_10_read_reg_5329                           |   40|   0|   40|          0|
    |J_2_11_read_reg_5334                           |   40|   0|   40|          0|
    |J_2_12_read_reg_5339                           |   40|   0|   40|          0|
    |J_2_13_read_reg_5344                           |   40|   0|   40|          0|
    |J_2_14_read_reg_5349                           |   40|   0|   40|          0|
    |J_2_15_read_reg_5354                           |   40|   0|   40|          0|
    |J_2_16_read_reg_5359                           |   40|   0|   40|          0|
    |J_2_17_read_reg_5364                           |   40|   0|   40|          0|
    |J_2_18_read_reg_5369                           |   40|   0|   40|          0|
    |J_2_19_read_reg_5374                           |   40|   0|   40|          0|
    |J_2_20_read_reg_5379                           |   40|   0|   40|          0|
    |J_2_21_read_reg_5384                           |   40|   0|   40|          0|
    |J_2_22_read_reg_5389                           |   40|   0|   40|          0|
    |J_2_23_read_reg_5394                           |   40|   0|   40|          0|
    |J_2_24_read_reg_5399                           |   40|   0|   40|          0|
    |J_2_25_read_reg_5404                           |   40|   0|   40|          0|
    |J_2_3_read_reg_5294                            |   40|   0|   40|          0|
    |J_2_4_read_reg_5299                            |   40|   0|   40|          0|
    |J_2_5_read_reg_5304                            |   40|   0|   40|          0|
    |J_2_6_read_reg_5309                            |   40|   0|   40|          0|
    |J_2_7_read_reg_5314                            |   40|   0|   40|          0|
    |J_2_8_read_reg_5319                            |   40|   0|   40|          0|
    |J_2_9_read_reg_5324                            |   40|   0|   40|          0|
    |J_3_10_read_reg_5439                           |   40|   0|   40|          0|
    |J_3_11_read_reg_5444                           |   40|   0|   40|          0|
    |J_3_12_read_reg_5449                           |   40|   0|   40|          0|
    |J_3_13_read_reg_5454                           |   40|   0|   40|          0|
    |J_3_14_read_reg_5459                           |   40|   0|   40|          0|
    |J_3_15_read_reg_5464                           |   40|   0|   40|          0|
    |J_3_16_read_reg_5469                           |   40|   0|   40|          0|
    |J_3_17_read_reg_5474                           |   40|   0|   40|          0|
    |J_3_18_read_reg_5479                           |   40|   0|   40|          0|
    |J_3_19_read_reg_5484                           |   40|   0|   40|          0|
    |J_3_20_read_reg_5489                           |   40|   0|   40|          0|
    |J_3_21_read_reg_5494                           |   40|   0|   40|          0|
    |J_3_22_read_reg_5499                           |   40|   0|   40|          0|
    |J_3_23_read_reg_5504                           |   40|   0|   40|          0|
    |J_3_24_read_reg_5509                           |   40|   0|   40|          0|
    |J_3_25_read_reg_5514                           |   40|   0|   40|          0|
    |J_3_4_read_reg_5409                            |   40|   0|   40|          0|
    |J_3_5_read_reg_5414                            |   40|   0|   40|          0|
    |J_3_6_read_reg_5419                            |   40|   0|   40|          0|
    |J_3_7_read_reg_5424                            |   40|   0|   40|          0|
    |J_3_8_read_reg_5429                            |   40|   0|   40|          0|
    |J_3_9_read_reg_5434                            |   40|   0|   40|          0|
    |J_4_10_read_reg_5544                           |   40|   0|   40|          0|
    |J_4_11_read_reg_5549                           |   40|   0|   40|          0|
    |J_4_12_read_reg_5554                           |   40|   0|   40|          0|
    |J_4_13_read_reg_5559                           |   40|   0|   40|          0|
    |J_4_14_read_reg_5564                           |   40|   0|   40|          0|
    |J_4_15_read_reg_5569                           |   40|   0|   40|          0|
    |J_4_16_read_reg_5574                           |   40|   0|   40|          0|
    |J_4_17_read_reg_5579                           |   40|   0|   40|          0|
    |J_4_18_read_reg_5584                           |   40|   0|   40|          0|
    |J_4_19_read_reg_5589                           |   40|   0|   40|          0|
    |J_4_20_read_reg_5594                           |   40|   0|   40|          0|
    |J_4_21_read_reg_5599                           |   40|   0|   40|          0|
    |J_4_22_read_reg_5604                           |   40|   0|   40|          0|
    |J_4_23_read_reg_5609                           |   40|   0|   40|          0|
    |J_4_24_read_reg_5614                           |   40|   0|   40|          0|
    |J_4_25_read_reg_5619                           |   40|   0|   40|          0|
    |J_4_5_read_reg_5519                            |   40|   0|   40|          0|
    |J_4_6_read_reg_5524                            |   40|   0|   40|          0|
    |J_4_7_read_reg_5529                            |   40|   0|   40|          0|
    |J_4_8_read_reg_5534                            |   40|   0|   40|          0|
    |J_4_9_read_reg_5539                            |   40|   0|   40|          0|
    |J_5_10_read_reg_5644                           |   40|   0|   40|          0|
    |J_5_11_read_reg_5649                           |   40|   0|   40|          0|
    |J_5_12_read_reg_5654                           |   40|   0|   40|          0|
    |J_5_13_read_reg_5659                           |   40|   0|   40|          0|
    |J_5_14_read_reg_5664                           |   40|   0|   40|          0|
    |J_5_15_read_reg_5669                           |   40|   0|   40|          0|
    |J_5_16_read_reg_5674                           |   40|   0|   40|          0|
    |J_5_17_read_reg_5679                           |   40|   0|   40|          0|
    |J_5_18_read_reg_5684                           |   40|   0|   40|          0|
    |J_5_19_read_reg_5689                           |   40|   0|   40|          0|
    |J_5_20_read_reg_5694                           |   40|   0|   40|          0|
    |J_5_21_read_reg_5699                           |   40|   0|   40|          0|
    |J_5_22_read_reg_5704                           |   40|   0|   40|          0|
    |J_5_23_read_reg_5709                           |   40|   0|   40|          0|
    |J_5_24_read_reg_5714                           |   40|   0|   40|          0|
    |J_5_25_read_reg_5719                           |   40|   0|   40|          0|
    |J_5_6_read_reg_5624                            |   40|   0|   40|          0|
    |J_5_7_read_reg_5629                            |   40|   0|   40|          0|
    |J_5_8_read_reg_5634                            |   40|   0|   40|          0|
    |J_5_9_read_reg_5639                            |   40|   0|   40|          0|
    |J_6_10_read_reg_5739                           |   40|   0|   40|          0|
    |J_6_11_read_reg_5744                           |   40|   0|   40|          0|
    |J_6_12_read_reg_5749                           |   40|   0|   40|          0|
    |J_6_13_read_reg_5754                           |   40|   0|   40|          0|
    |J_6_14_read_reg_5759                           |   40|   0|   40|          0|
    |J_6_15_read_reg_5764                           |   40|   0|   40|          0|
    |J_6_16_read_reg_5769                           |   40|   0|   40|          0|
    |J_6_17_read_reg_5774                           |   40|   0|   40|          0|
    |J_6_18_read_reg_5779                           |   40|   0|   40|          0|
    |J_6_19_read_reg_5784                           |   40|   0|   40|          0|
    |J_6_20_read_reg_5789                           |   40|   0|   40|          0|
    |J_6_21_read_reg_5794                           |   40|   0|   40|          0|
    |J_6_22_read_reg_5799                           |   40|   0|   40|          0|
    |J_6_23_read_reg_5804                           |   40|   0|   40|          0|
    |J_6_24_read_reg_5809                           |   40|   0|   40|          0|
    |J_6_25_read_reg_5814                           |   40|   0|   40|          0|
    |J_6_7_read_reg_5724                            |   40|   0|   40|          0|
    |J_6_8_read_reg_5729                            |   40|   0|   40|          0|
    |J_6_9_read_reg_5734                            |   40|   0|   40|          0|
    |J_7_10_read_reg_5829                           |   40|   0|   40|          0|
    |J_7_11_read_reg_5834                           |   40|   0|   40|          0|
    |J_7_12_read_reg_5839                           |   40|   0|   40|          0|
    |J_7_13_read_reg_5844                           |   40|   0|   40|          0|
    |J_7_14_read_reg_5849                           |   40|   0|   40|          0|
    |J_7_15_read_reg_5854                           |   40|   0|   40|          0|
    |J_7_16_read_reg_5859                           |   40|   0|   40|          0|
    |J_7_17_read_reg_5864                           |   40|   0|   40|          0|
    |J_7_18_read_reg_5869                           |   40|   0|   40|          0|
    |J_7_19_read_reg_5874                           |   40|   0|   40|          0|
    |J_7_20_read_reg_5879                           |   40|   0|   40|          0|
    |J_7_21_read_reg_5884                           |   40|   0|   40|          0|
    |J_7_22_read_reg_5889                           |   40|   0|   40|          0|
    |J_7_23_read_reg_5894                           |   40|   0|   40|          0|
    |J_7_24_read_reg_5899                           |   40|   0|   40|          0|
    |J_7_25_read_reg_5904                           |   40|   0|   40|          0|
    |J_7_8_read_reg_5819                            |   40|   0|   40|          0|
    |J_7_9_read_reg_5824                            |   40|   0|   40|          0|
    |J_8_10_read_reg_5914                           |   40|   0|   40|          0|
    |J_8_11_read_reg_5919                           |   40|   0|   40|          0|
    |J_8_12_read_reg_5924                           |   40|   0|   40|          0|
    |J_8_13_read_reg_5929                           |   40|   0|   40|          0|
    |J_8_14_read_reg_5934                           |   40|   0|   40|          0|
    |J_8_15_read_reg_5939                           |   40|   0|   40|          0|
    |J_8_16_read_reg_5944                           |   40|   0|   40|          0|
    |J_8_17_read_reg_5949                           |   40|   0|   40|          0|
    |J_8_18_read_reg_5954                           |   40|   0|   40|          0|
    |J_8_19_read_reg_5959                           |   40|   0|   40|          0|
    |J_8_20_read_reg_5964                           |   40|   0|   40|          0|
    |J_8_21_read_reg_5969                           |   40|   0|   40|          0|
    |J_8_22_read_reg_5974                           |   40|   0|   40|          0|
    |J_8_23_read_reg_5979                           |   40|   0|   40|          0|
    |J_8_24_read_reg_5984                           |   40|   0|   40|          0|
    |J_8_25_read_reg_5989                           |   40|   0|   40|          0|
    |J_8_9_read_reg_5909                            |   40|   0|   40|          0|
    |J_9_10_read_reg_5994                           |   40|   0|   40|          0|
    |J_9_11_read_reg_5999                           |   40|   0|   40|          0|
    |J_9_12_read_reg_6004                           |   40|   0|   40|          0|
    |J_9_13_read_reg_6009                           |   40|   0|   40|          0|
    |J_9_14_read_reg_6014                           |   40|   0|   40|          0|
    |J_9_15_read_reg_6019                           |   40|   0|   40|          0|
    |J_9_16_read_reg_6024                           |   40|   0|   40|          0|
    |J_9_17_read_reg_6029                           |   40|   0|   40|          0|
    |J_9_18_read_reg_6034                           |   40|   0|   40|          0|
    |J_9_19_read_reg_6039                           |   40|   0|   40|          0|
    |J_9_20_read_reg_6044                           |   40|   0|   40|          0|
    |J_9_21_read_reg_6049                           |   40|   0|   40|          0|
    |J_9_22_read_reg_6054                           |   40|   0|   40|          0|
    |J_9_23_read_reg_6059                           |   40|   0|   40|          0|
    |J_9_24_read_reg_6064                           |   40|   0|   40|          0|
    |J_9_25_read_reg_6069                           |   40|   0|   40|          0|
    |add_ln89_reg_7056                              |   61|   0|   61|          0|
    |ap_CS_fsm                                      |   13|   0|   13|          0|
    |de_reg_6934                                    |   40|   0|   40|          0|
    |grp_uniform_delta_energy_fu_3933_ap_start_reg  |    1|   0|    1|          0|
    |h_0_read_reg_6674                              |   40|   0|   40|          0|
    |h_10_read_reg_6724                             |   40|   0|   40|          0|
    |h_11_read_reg_6729                             |   40|   0|   40|          0|
    |h_12_read_reg_6734                             |   40|   0|   40|          0|
    |h_13_read_reg_6739                             |   40|   0|   40|          0|
    |h_14_read_reg_6744                             |   40|   0|   40|          0|
    |h_15_read_reg_6749                             |   40|   0|   40|          0|
    |h_16_read_reg_6754                             |   40|   0|   40|          0|
    |h_17_read_reg_6759                             |   40|   0|   40|          0|
    |h_18_read_reg_6764                             |   40|   0|   40|          0|
    |h_19_read_reg_6769                             |   40|   0|   40|          0|
    |h_1_read_reg_6679                              |   40|   0|   40|          0|
    |h_20_read_reg_6774                             |   40|   0|   40|          0|
    |h_21_read_reg_6779                             |   40|   0|   40|          0|
    |h_22_read_reg_6784                             |   40|   0|   40|          0|
    |h_23_read_reg_6789                             |   40|   0|   40|          0|
    |h_24_read_reg_6794                             |   40|   0|   40|          0|
    |h_25_read_reg_6799                             |   40|   0|   40|          0|
    |h_2_read_reg_6684                              |   40|   0|   40|          0|
    |h_3_read_reg_6689                              |   40|   0|   40|          0|
    |h_4_read_reg_6694                              |   40|   0|   40|          0|
    |h_5_read_reg_6699                              |   40|   0|   40|          0|
    |h_6_read_reg_6704                              |   40|   0|   40|          0|
    |h_7_read_reg_6709                              |   40|   0|   40|          0|
    |h_8_read_reg_6714                              |   40|   0|   40|          0|
    |h_9_read_reg_6719                              |   40|   0|   40|          0|
    |icmp_ln116_reg_6947                            |    1|   0|    1|          0|
    |icmp_ln59_reg_6982                             |    1|   0|    1|          0|
    |icmp_ln63_reg_6993                             |    1|   0|    1|          0|
    |icmp_ln91_reg_7066                             |    1|   0|    1|          0|
    |icmp_ln95_reg_7061                             |    1|   0|    1|          0|
    |idx_reg_6998                                   |   11|   0|   11|          0|
    |mul_ln89_reg_7051                              |   60|   0|   60|          0|
    |old_energy_read_reg_5042                       |   40|   0|   40|          0|
    |sub_ln84_reg_7010                              |   27|   0|   27|          0|
    |sub_ln89_reg_7036                              |   26|   0|   26|          0|
    |tmp_1_reg_6972                                 |    1|   0|    1|          0|
    |tmp_3_reg_7005                                 |   26|   0|   26|          0|
    |tmp_4_reg_7025                                 |   25|   0|   25|          0|
    |tmp_5_reg_7031                                 |   25|   0|   25|          0|
    |tmp_6_reg_6977                                 |   11|   0|   11|          0|
    |tmp_reg_6966                                   |   30|   0|   30|          0|
    |trunc_ln75_1_reg_6988                          |   30|   0|   59|         29|
    |u_read_reg_6942                                |   40|   0|   40|          0|
    |x_reg_6961                                     |   40|   0|   40|          0|
    |y_0_read_reg_6804                              |    1|   0|    1|          0|
    |y_10_read_reg_6854                             |    1|   0|    1|          0|
    |y_11_read_reg_6859                             |    1|   0|    1|          0|
    |y_12_read_reg_6864                             |    1|   0|    1|          0|
    |y_13_read_reg_6869                             |    1|   0|    1|          0|
    |y_14_read_reg_6874                             |    1|   0|    1|          0|
    |y_15_read_reg_6879                             |    1|   0|    1|          0|
    |y_16_read_reg_6884                             |    1|   0|    1|          0|
    |y_17_read_reg_6889                             |    1|   0|    1|          0|
    |y_18_read_reg_6894                             |    1|   0|    1|          0|
    |y_19_read_reg_6899                             |    1|   0|    1|          0|
    |y_1_read_reg_6809                              |    1|   0|    1|          0|
    |y_20_read_reg_6904                             |    1|   0|    1|          0|
    |y_21_read_reg_6909                             |    1|   0|    1|          0|
    |y_22_read_reg_6914                             |    1|   0|    1|          0|
    |y_23_read_reg_6919                             |    1|   0|    1|          0|
    |y_24_read_reg_6924                             |    1|   0|    1|          0|
    |y_25_read_reg_6929                             |    1|   0|    1|          0|
    |y_2_read_reg_6814                              |    1|   0|    1|          0|
    |y_3_read_reg_6819                              |    1|   0|    1|          0|
    |y_4_read_reg_6824                              |    1|   0|    1|          0|
    |y_5_read_reg_6829                              |    1|   0|    1|          0|
    |y_6_read_reg_6834                              |    1|   0|    1|          0|
    |y_7_read_reg_6839                              |    1|   0|    1|          0|
    |y_8_read_reg_6844                              |    1|   0|    1|          0|
    |y_9_read_reg_6849                              |    1|   0|    1|          0|
    +-----------------------------------------------+-----+----+-----+-----------+
    |Total                                          |14578|   0|14607|         29|
    +-----------------------------------------------+-----+----+-----+-----------+



================================================================
== Interface
================================================================
* Summary: 
+---------------------+-----+-----+------------+-------------------------+--------------+
|      RTL Ports      | Dir | Bits|  Protocol  |      Source Object      |    C Type    |
+---------------------+-----+-----+------------+-------------------------+--------------+
|ap_clk               |   in|    1|  ap_ctrl_hs|  uniform_metropolis_step|  return value|
|ap_rst               |   in|    1|  ap_ctrl_hs|  uniform_metropolis_step|  return value|
|ap_start             |   in|    1|  ap_ctrl_hs|  uniform_metropolis_step|  return value|
|ap_done              |  out|    1|  ap_ctrl_hs|  uniform_metropolis_step|  return value|
|ap_idle              |  out|    1|  ap_ctrl_hs|  uniform_metropolis_step|  return value|
|ap_ready             |  out|    1|  ap_ctrl_hs|  uniform_metropolis_step|  return value|
|J_0_0                |   in|   40|     ap_none|                    J_0_0|       pointer|
|J_0_1                |   in|   40|     ap_none|                    J_0_1|       pointer|
|J_0_2                |   in|   40|     ap_none|                    J_0_2|       pointer|
|J_0_3                |   in|   40|     ap_none|                    J_0_3|       pointer|
|J_0_4                |   in|   40|     ap_none|                    J_0_4|       pointer|
|J_0_5                |   in|   40|     ap_none|                    J_0_5|       pointer|
|J_0_6                |   in|   40|     ap_none|                    J_0_6|       pointer|
|J_0_7                |   in|   40|     ap_none|                    J_0_7|       pointer|
|J_0_8                |   in|   40|     ap_none|                    J_0_8|       pointer|
|J_0_9                |   in|   40|     ap_none|                    J_0_9|       pointer|
|J_0_10               |   in|   40|     ap_none|                   J_0_10|       pointer|
|J_0_11               |   in|   40|     ap_none|                   J_0_11|       pointer|
|J_0_12               |   in|   40|     ap_none|                   J_0_12|       pointer|
|J_0_13               |   in|   40|     ap_none|                   J_0_13|       pointer|
|J_0_14               |   in|   40|     ap_none|                   J_0_14|       pointer|
|J_0_15               |   in|   40|     ap_none|                   J_0_15|       pointer|
|J_0_16               |   in|   40|     ap_none|                   J_0_16|       pointer|
|J_0_17               |   in|   40|     ap_none|                   J_0_17|       pointer|
|J_0_18               |   in|   40|     ap_none|                   J_0_18|       pointer|
|J_0_19               |   in|   40|     ap_none|                   J_0_19|       pointer|
|J_0_20               |   in|   40|     ap_none|                   J_0_20|       pointer|
|J_0_21               |   in|   40|     ap_none|                   J_0_21|       pointer|
|J_0_22               |   in|   40|     ap_none|                   J_0_22|       pointer|
|J_0_23               |   in|   40|     ap_none|                   J_0_23|       pointer|
|J_0_24               |   in|   40|     ap_none|                   J_0_24|       pointer|
|J_0_25               |   in|   40|     ap_none|                   J_0_25|       pointer|
|J_1_0                |   in|   40|     ap_none|                    J_1_0|       pointer|
|J_1_1                |   in|   40|     ap_none|                    J_1_1|       pointer|
|J_1_2                |   in|   40|     ap_none|                    J_1_2|       pointer|
|J_1_3                |   in|   40|     ap_none|                    J_1_3|       pointer|
|J_1_4                |   in|   40|     ap_none|                    J_1_4|       pointer|
|J_1_5                |   in|   40|     ap_none|                    J_1_5|       pointer|
|J_1_6                |   in|   40|     ap_none|                    J_1_6|       pointer|
|J_1_7                |   in|   40|     ap_none|                    J_1_7|       pointer|
|J_1_8                |   in|   40|     ap_none|                    J_1_8|       pointer|
|J_1_9                |   in|   40|     ap_none|                    J_1_9|       pointer|
|J_1_10               |   in|   40|     ap_none|                   J_1_10|       pointer|
|J_1_11               |   in|   40|     ap_none|                   J_1_11|       pointer|
|J_1_12               |   in|   40|     ap_none|                   J_1_12|       pointer|
|J_1_13               |   in|   40|     ap_none|                   J_1_13|       pointer|
|J_1_14               |   in|   40|     ap_none|                   J_1_14|       pointer|
|J_1_15               |   in|   40|     ap_none|                   J_1_15|       pointer|
|J_1_16               |   in|   40|     ap_none|                   J_1_16|       pointer|
|J_1_17               |   in|   40|     ap_none|                   J_1_17|       pointer|
|J_1_18               |   in|   40|     ap_none|                   J_1_18|       pointer|
|J_1_19               |   in|   40|     ap_none|                   J_1_19|       pointer|
|J_1_20               |   in|   40|     ap_none|                   J_1_20|       pointer|
|J_1_21               |   in|   40|     ap_none|                   J_1_21|       pointer|
|J_1_22               |   in|   40|     ap_none|                   J_1_22|       pointer|
|J_1_23               |   in|   40|     ap_none|                   J_1_23|       pointer|
|J_1_24               |   in|   40|     ap_none|                   J_1_24|       pointer|
|J_1_25               |   in|   40|     ap_none|                   J_1_25|       pointer|
|J_2_0                |   in|   40|     ap_none|                    J_2_0|       pointer|
|J_2_1                |   in|   40|     ap_none|                    J_2_1|       pointer|
|J_2_2                |   in|   40|     ap_none|                    J_2_2|       pointer|
|J_2_3                |   in|   40|     ap_none|                    J_2_3|       pointer|
|J_2_4                |   in|   40|     ap_none|                    J_2_4|       pointer|
|J_2_5                |   in|   40|     ap_none|                    J_2_5|       pointer|
|J_2_6                |   in|   40|     ap_none|                    J_2_6|       pointer|
|J_2_7                |   in|   40|     ap_none|                    J_2_7|       pointer|
|J_2_8                |   in|   40|     ap_none|                    J_2_8|       pointer|
|J_2_9                |   in|   40|     ap_none|                    J_2_9|       pointer|
|J_2_10               |   in|   40|     ap_none|                   J_2_10|       pointer|
|J_2_11               |   in|   40|     ap_none|                   J_2_11|       pointer|
|J_2_12               |   in|   40|     ap_none|                   J_2_12|       pointer|
|J_2_13               |   in|   40|     ap_none|                   J_2_13|       pointer|
|J_2_14               |   in|   40|     ap_none|                   J_2_14|       pointer|
|J_2_15               |   in|   40|     ap_none|                   J_2_15|       pointer|
|J_2_16               |   in|   40|     ap_none|                   J_2_16|       pointer|
|J_2_17               |   in|   40|     ap_none|                   J_2_17|       pointer|
|J_2_18               |   in|   40|     ap_none|                   J_2_18|       pointer|
|J_2_19               |   in|   40|     ap_none|                   J_2_19|       pointer|
|J_2_20               |   in|   40|     ap_none|                   J_2_20|       pointer|
|J_2_21               |   in|   40|     ap_none|                   J_2_21|       pointer|
|J_2_22               |   in|   40|     ap_none|                   J_2_22|       pointer|
|J_2_23               |   in|   40|     ap_none|                   J_2_23|       pointer|
|J_2_24               |   in|   40|     ap_none|                   J_2_24|       pointer|
|J_2_25               |   in|   40|     ap_none|                   J_2_25|       pointer|
|J_3_0                |   in|   40|     ap_none|                    J_3_0|       pointer|
|J_3_1                |   in|   40|     ap_none|                    J_3_1|       pointer|
|J_3_2                |   in|   40|     ap_none|                    J_3_2|       pointer|
|J_3_3                |   in|   40|     ap_none|                    J_3_3|       pointer|
|J_3_4                |   in|   40|     ap_none|                    J_3_4|       pointer|
|J_3_5                |   in|   40|     ap_none|                    J_3_5|       pointer|
|J_3_6                |   in|   40|     ap_none|                    J_3_6|       pointer|
|J_3_7                |   in|   40|     ap_none|                    J_3_7|       pointer|
|J_3_8                |   in|   40|     ap_none|                    J_3_8|       pointer|
|J_3_9                |   in|   40|     ap_none|                    J_3_9|       pointer|
|J_3_10               |   in|   40|     ap_none|                   J_3_10|       pointer|
|J_3_11               |   in|   40|     ap_none|                   J_3_11|       pointer|
|J_3_12               |   in|   40|     ap_none|                   J_3_12|       pointer|
|J_3_13               |   in|   40|     ap_none|                   J_3_13|       pointer|
|J_3_14               |   in|   40|     ap_none|                   J_3_14|       pointer|
|J_3_15               |   in|   40|     ap_none|                   J_3_15|       pointer|
|J_3_16               |   in|   40|     ap_none|                   J_3_16|       pointer|
|J_3_17               |   in|   40|     ap_none|                   J_3_17|       pointer|
|J_3_18               |   in|   40|     ap_none|                   J_3_18|       pointer|
|J_3_19               |   in|   40|     ap_none|                   J_3_19|       pointer|
|J_3_20               |   in|   40|     ap_none|                   J_3_20|       pointer|
|J_3_21               |   in|   40|     ap_none|                   J_3_21|       pointer|
|J_3_22               |   in|   40|     ap_none|                   J_3_22|       pointer|
|J_3_23               |   in|   40|     ap_none|                   J_3_23|       pointer|
|J_3_24               |   in|   40|     ap_none|                   J_3_24|       pointer|
|J_3_25               |   in|   40|     ap_none|                   J_3_25|       pointer|
|J_4_0                |   in|   40|     ap_none|                    J_4_0|       pointer|
|J_4_1                |   in|   40|     ap_none|                    J_4_1|       pointer|
|J_4_2                |   in|   40|     ap_none|                    J_4_2|       pointer|
|J_4_3                |   in|   40|     ap_none|                    J_4_3|       pointer|
|J_4_4                |   in|   40|     ap_none|                    J_4_4|       pointer|
|J_4_5                |   in|   40|     ap_none|                    J_4_5|       pointer|
|J_4_6                |   in|   40|     ap_none|                    J_4_6|       pointer|
|J_4_7                |   in|   40|     ap_none|                    J_4_7|       pointer|
|J_4_8                |   in|   40|     ap_none|                    J_4_8|       pointer|
|J_4_9                |   in|   40|     ap_none|                    J_4_9|       pointer|
|J_4_10               |   in|   40|     ap_none|                   J_4_10|       pointer|
|J_4_11               |   in|   40|     ap_none|                   J_4_11|       pointer|
|J_4_12               |   in|   40|     ap_none|                   J_4_12|       pointer|
|J_4_13               |   in|   40|     ap_none|                   J_4_13|       pointer|
|J_4_14               |   in|   40|     ap_none|                   J_4_14|       pointer|
|J_4_15               |   in|   40|     ap_none|                   J_4_15|       pointer|
|J_4_16               |   in|   40|     ap_none|                   J_4_16|       pointer|
|J_4_17               |   in|   40|     ap_none|                   J_4_17|       pointer|
|J_4_18               |   in|   40|     ap_none|                   J_4_18|       pointer|
|J_4_19               |   in|   40|     ap_none|                   J_4_19|       pointer|
|J_4_20               |   in|   40|     ap_none|                   J_4_20|       pointer|
|J_4_21               |   in|   40|     ap_none|                   J_4_21|       pointer|
|J_4_22               |   in|   40|     ap_none|                   J_4_22|       pointer|
|J_4_23               |   in|   40|     ap_none|                   J_4_23|       pointer|
|J_4_24               |   in|   40|     ap_none|                   J_4_24|       pointer|
|J_4_25               |   in|   40|     ap_none|                   J_4_25|       pointer|
|J_5_0                |   in|   40|     ap_none|                    J_5_0|       pointer|
|J_5_1                |   in|   40|     ap_none|                    J_5_1|       pointer|
|J_5_2                |   in|   40|     ap_none|                    J_5_2|       pointer|
|J_5_3                |   in|   40|     ap_none|                    J_5_3|       pointer|
|J_5_4                |   in|   40|     ap_none|                    J_5_4|       pointer|
|J_5_5                |   in|   40|     ap_none|                    J_5_5|       pointer|
|J_5_6                |   in|   40|     ap_none|                    J_5_6|       pointer|
|J_5_7                |   in|   40|     ap_none|                    J_5_7|       pointer|
|J_5_8                |   in|   40|     ap_none|                    J_5_8|       pointer|
|J_5_9                |   in|   40|     ap_none|                    J_5_9|       pointer|
|J_5_10               |   in|   40|     ap_none|                   J_5_10|       pointer|
|J_5_11               |   in|   40|     ap_none|                   J_5_11|       pointer|
|J_5_12               |   in|   40|     ap_none|                   J_5_12|       pointer|
|J_5_13               |   in|   40|     ap_none|                   J_5_13|       pointer|
|J_5_14               |   in|   40|     ap_none|                   J_5_14|       pointer|
|J_5_15               |   in|   40|     ap_none|                   J_5_15|       pointer|
|J_5_16               |   in|   40|     ap_none|                   J_5_16|       pointer|
|J_5_17               |   in|   40|     ap_none|                   J_5_17|       pointer|
|J_5_18               |   in|   40|     ap_none|                   J_5_18|       pointer|
|J_5_19               |   in|   40|     ap_none|                   J_5_19|       pointer|
|J_5_20               |   in|   40|     ap_none|                   J_5_20|       pointer|
|J_5_21               |   in|   40|     ap_none|                   J_5_21|       pointer|
|J_5_22               |   in|   40|     ap_none|                   J_5_22|       pointer|
|J_5_23               |   in|   40|     ap_none|                   J_5_23|       pointer|
|J_5_24               |   in|   40|     ap_none|                   J_5_24|       pointer|
|J_5_25               |   in|   40|     ap_none|                   J_5_25|       pointer|
|J_6_0                |   in|   40|     ap_none|                    J_6_0|       pointer|
|J_6_1                |   in|   40|     ap_none|                    J_6_1|       pointer|
|J_6_2                |   in|   40|     ap_none|                    J_6_2|       pointer|
|J_6_3                |   in|   40|     ap_none|                    J_6_3|       pointer|
|J_6_4                |   in|   40|     ap_none|                    J_6_4|       pointer|
|J_6_5                |   in|   40|     ap_none|                    J_6_5|       pointer|
|J_6_6                |   in|   40|     ap_none|                    J_6_6|       pointer|
|J_6_7                |   in|   40|     ap_none|                    J_6_7|       pointer|
|J_6_8                |   in|   40|     ap_none|                    J_6_8|       pointer|
|J_6_9                |   in|   40|     ap_none|                    J_6_9|       pointer|
|J_6_10               |   in|   40|     ap_none|                   J_6_10|       pointer|
|J_6_11               |   in|   40|     ap_none|                   J_6_11|       pointer|
|J_6_12               |   in|   40|     ap_none|                   J_6_12|       pointer|
|J_6_13               |   in|   40|     ap_none|                   J_6_13|       pointer|
|J_6_14               |   in|   40|     ap_none|                   J_6_14|       pointer|
|J_6_15               |   in|   40|     ap_none|                   J_6_15|       pointer|
|J_6_16               |   in|   40|     ap_none|                   J_6_16|       pointer|
|J_6_17               |   in|   40|     ap_none|                   J_6_17|       pointer|
|J_6_18               |   in|   40|     ap_none|                   J_6_18|       pointer|
|J_6_19               |   in|   40|     ap_none|                   J_6_19|       pointer|
|J_6_20               |   in|   40|     ap_none|                   J_6_20|       pointer|
|J_6_21               |   in|   40|     ap_none|                   J_6_21|       pointer|
|J_6_22               |   in|   40|     ap_none|                   J_6_22|       pointer|
|J_6_23               |   in|   40|     ap_none|                   J_6_23|       pointer|
|J_6_24               |   in|   40|     ap_none|                   J_6_24|       pointer|
|J_6_25               |   in|   40|     ap_none|                   J_6_25|       pointer|
|J_7_0                |   in|   40|     ap_none|                    J_7_0|       pointer|
|J_7_1                |   in|   40|     ap_none|                    J_7_1|       pointer|
|J_7_2                |   in|   40|     ap_none|                    J_7_2|       pointer|
|J_7_3                |   in|   40|     ap_none|                    J_7_3|       pointer|
|J_7_4                |   in|   40|     ap_none|                    J_7_4|       pointer|
|J_7_5                |   in|   40|     ap_none|                    J_7_5|       pointer|
|J_7_6                |   in|   40|     ap_none|                    J_7_6|       pointer|
|J_7_7                |   in|   40|     ap_none|                    J_7_7|       pointer|
|J_7_8                |   in|   40|     ap_none|                    J_7_8|       pointer|
|J_7_9                |   in|   40|     ap_none|                    J_7_9|       pointer|
|J_7_10               |   in|   40|     ap_none|                   J_7_10|       pointer|
|J_7_11               |   in|   40|     ap_none|                   J_7_11|       pointer|
|J_7_12               |   in|   40|     ap_none|                   J_7_12|       pointer|
|J_7_13               |   in|   40|     ap_none|                   J_7_13|       pointer|
|J_7_14               |   in|   40|     ap_none|                   J_7_14|       pointer|
|J_7_15               |   in|   40|     ap_none|                   J_7_15|       pointer|
|J_7_16               |   in|   40|     ap_none|                   J_7_16|       pointer|
|J_7_17               |   in|   40|     ap_none|                   J_7_17|       pointer|
|J_7_18               |   in|   40|     ap_none|                   J_7_18|       pointer|
|J_7_19               |   in|   40|     ap_none|                   J_7_19|       pointer|
|J_7_20               |   in|   40|     ap_none|                   J_7_20|       pointer|
|J_7_21               |   in|   40|     ap_none|                   J_7_21|       pointer|
|J_7_22               |   in|   40|     ap_none|                   J_7_22|       pointer|
|J_7_23               |   in|   40|     ap_none|                   J_7_23|       pointer|
|J_7_24               |   in|   40|     ap_none|                   J_7_24|       pointer|
|J_7_25               |   in|   40|     ap_none|                   J_7_25|       pointer|
|J_8_0                |   in|   40|     ap_none|                    J_8_0|       pointer|
|J_8_1                |   in|   40|     ap_none|                    J_8_1|       pointer|
|J_8_2                |   in|   40|     ap_none|                    J_8_2|       pointer|
|J_8_3                |   in|   40|     ap_none|                    J_8_3|       pointer|
|J_8_4                |   in|   40|     ap_none|                    J_8_4|       pointer|
|J_8_5                |   in|   40|     ap_none|                    J_8_5|       pointer|
|J_8_6                |   in|   40|     ap_none|                    J_8_6|       pointer|
|J_8_7                |   in|   40|     ap_none|                    J_8_7|       pointer|
|J_8_8                |   in|   40|     ap_none|                    J_8_8|       pointer|
|J_8_9                |   in|   40|     ap_none|                    J_8_9|       pointer|
|J_8_10               |   in|   40|     ap_none|                   J_8_10|       pointer|
|J_8_11               |   in|   40|     ap_none|                   J_8_11|       pointer|
|J_8_12               |   in|   40|     ap_none|                   J_8_12|       pointer|
|J_8_13               |   in|   40|     ap_none|                   J_8_13|       pointer|
|J_8_14               |   in|   40|     ap_none|                   J_8_14|       pointer|
|J_8_15               |   in|   40|     ap_none|                   J_8_15|       pointer|
|J_8_16               |   in|   40|     ap_none|                   J_8_16|       pointer|
|J_8_17               |   in|   40|     ap_none|                   J_8_17|       pointer|
|J_8_18               |   in|   40|     ap_none|                   J_8_18|       pointer|
|J_8_19               |   in|   40|     ap_none|                   J_8_19|       pointer|
|J_8_20               |   in|   40|     ap_none|                   J_8_20|       pointer|
|J_8_21               |   in|   40|     ap_none|                   J_8_21|       pointer|
|J_8_22               |   in|   40|     ap_none|                   J_8_22|       pointer|
|J_8_23               |   in|   40|     ap_none|                   J_8_23|       pointer|
|J_8_24               |   in|   40|     ap_none|                   J_8_24|       pointer|
|J_8_25               |   in|   40|     ap_none|                   J_8_25|       pointer|
|J_9_0                |   in|   40|     ap_none|                    J_9_0|       pointer|
|J_9_1                |   in|   40|     ap_none|                    J_9_1|       pointer|
|J_9_2                |   in|   40|     ap_none|                    J_9_2|       pointer|
|J_9_3                |   in|   40|     ap_none|                    J_9_3|       pointer|
|J_9_4                |   in|   40|     ap_none|                    J_9_4|       pointer|
|J_9_5                |   in|   40|     ap_none|                    J_9_5|       pointer|
|J_9_6                |   in|   40|     ap_none|                    J_9_6|       pointer|
|J_9_7                |   in|   40|     ap_none|                    J_9_7|       pointer|
|J_9_8                |   in|   40|     ap_none|                    J_9_8|       pointer|
|J_9_9                |   in|   40|     ap_none|                    J_9_9|       pointer|
|J_9_10               |   in|   40|     ap_none|                   J_9_10|       pointer|
|J_9_11               |   in|   40|     ap_none|                   J_9_11|       pointer|
|J_9_12               |   in|   40|     ap_none|                   J_9_12|       pointer|
|J_9_13               |   in|   40|     ap_none|                   J_9_13|       pointer|
|J_9_14               |   in|   40|     ap_none|                   J_9_14|       pointer|
|J_9_15               |   in|   40|     ap_none|                   J_9_15|       pointer|
|J_9_16               |   in|   40|     ap_none|                   J_9_16|       pointer|
|J_9_17               |   in|   40|     ap_none|                   J_9_17|       pointer|
|J_9_18               |   in|   40|     ap_none|                   J_9_18|       pointer|
|J_9_19               |   in|   40|     ap_none|                   J_9_19|       pointer|
|J_9_20               |   in|   40|     ap_none|                   J_9_20|       pointer|
|J_9_21               |   in|   40|     ap_none|                   J_9_21|       pointer|
|J_9_22               |   in|   40|     ap_none|                   J_9_22|       pointer|
|J_9_23               |   in|   40|     ap_none|                   J_9_23|       pointer|
|J_9_24               |   in|   40|     ap_none|                   J_9_24|       pointer|
|J_9_25               |   in|   40|     ap_none|                   J_9_25|       pointer|
|J_10_0               |   in|   40|     ap_none|                   J_10_0|       pointer|
|J_10_1               |   in|   40|     ap_none|                   J_10_1|       pointer|
|J_10_2               |   in|   40|     ap_none|                   J_10_2|       pointer|
|J_10_3               |   in|   40|     ap_none|                   J_10_3|       pointer|
|J_10_4               |   in|   40|     ap_none|                   J_10_4|       pointer|
|J_10_5               |   in|   40|     ap_none|                   J_10_5|       pointer|
|J_10_6               |   in|   40|     ap_none|                   J_10_6|       pointer|
|J_10_7               |   in|   40|     ap_none|                   J_10_7|       pointer|
|J_10_8               |   in|   40|     ap_none|                   J_10_8|       pointer|
|J_10_9               |   in|   40|     ap_none|                   J_10_9|       pointer|
|J_10_10              |   in|   40|     ap_none|                  J_10_10|       pointer|
|J_10_11              |   in|   40|     ap_none|                  J_10_11|       pointer|
|J_10_12              |   in|   40|     ap_none|                  J_10_12|       pointer|
|J_10_13              |   in|   40|     ap_none|                  J_10_13|       pointer|
|J_10_14              |   in|   40|     ap_none|                  J_10_14|       pointer|
|J_10_15              |   in|   40|     ap_none|                  J_10_15|       pointer|
|J_10_16              |   in|   40|     ap_none|                  J_10_16|       pointer|
|J_10_17              |   in|   40|     ap_none|                  J_10_17|       pointer|
|J_10_18              |   in|   40|     ap_none|                  J_10_18|       pointer|
|J_10_19              |   in|   40|     ap_none|                  J_10_19|       pointer|
|J_10_20              |   in|   40|     ap_none|                  J_10_20|       pointer|
|J_10_21              |   in|   40|     ap_none|                  J_10_21|       pointer|
|J_10_22              |   in|   40|     ap_none|                  J_10_22|       pointer|
|J_10_23              |   in|   40|     ap_none|                  J_10_23|       pointer|
|J_10_24              |   in|   40|     ap_none|                  J_10_24|       pointer|
|J_10_25              |   in|   40|     ap_none|                  J_10_25|       pointer|
|J_11_0               |   in|   40|     ap_none|                   J_11_0|       pointer|
|J_11_1               |   in|   40|     ap_none|                   J_11_1|       pointer|
|J_11_2               |   in|   40|     ap_none|                   J_11_2|       pointer|
|J_11_3               |   in|   40|     ap_none|                   J_11_3|       pointer|
|J_11_4               |   in|   40|     ap_none|                   J_11_4|       pointer|
|J_11_5               |   in|   40|     ap_none|                   J_11_5|       pointer|
|J_11_6               |   in|   40|     ap_none|                   J_11_6|       pointer|
|J_11_7               |   in|   40|     ap_none|                   J_11_7|       pointer|
|J_11_8               |   in|   40|     ap_none|                   J_11_8|       pointer|
|J_11_9               |   in|   40|     ap_none|                   J_11_9|       pointer|
|J_11_10              |   in|   40|     ap_none|                  J_11_10|       pointer|
|J_11_11              |   in|   40|     ap_none|                  J_11_11|       pointer|
|J_11_12              |   in|   40|     ap_none|                  J_11_12|       pointer|
|J_11_13              |   in|   40|     ap_none|                  J_11_13|       pointer|
|J_11_14              |   in|   40|     ap_none|                  J_11_14|       pointer|
|J_11_15              |   in|   40|     ap_none|                  J_11_15|       pointer|
|J_11_16              |   in|   40|     ap_none|                  J_11_16|       pointer|
|J_11_17              |   in|   40|     ap_none|                  J_11_17|       pointer|
|J_11_18              |   in|   40|     ap_none|                  J_11_18|       pointer|
|J_11_19              |   in|   40|     ap_none|                  J_11_19|       pointer|
|J_11_20              |   in|   40|     ap_none|                  J_11_20|       pointer|
|J_11_21              |   in|   40|     ap_none|                  J_11_21|       pointer|
|J_11_22              |   in|   40|     ap_none|                  J_11_22|       pointer|
|J_11_23              |   in|   40|     ap_none|                  J_11_23|       pointer|
|J_11_24              |   in|   40|     ap_none|                  J_11_24|       pointer|
|J_11_25              |   in|   40|     ap_none|                  J_11_25|       pointer|
|J_12_0               |   in|   40|     ap_none|                   J_12_0|       pointer|
|J_12_1               |   in|   40|     ap_none|                   J_12_1|       pointer|
|J_12_2               |   in|   40|     ap_none|                   J_12_2|       pointer|
|J_12_3               |   in|   40|     ap_none|                   J_12_3|       pointer|
|J_12_4               |   in|   40|     ap_none|                   J_12_4|       pointer|
|J_12_5               |   in|   40|     ap_none|                   J_12_5|       pointer|
|J_12_6               |   in|   40|     ap_none|                   J_12_6|       pointer|
|J_12_7               |   in|   40|     ap_none|                   J_12_7|       pointer|
|J_12_8               |   in|   40|     ap_none|                   J_12_8|       pointer|
|J_12_9               |   in|   40|     ap_none|                   J_12_9|       pointer|
|J_12_10              |   in|   40|     ap_none|                  J_12_10|       pointer|
|J_12_11              |   in|   40|     ap_none|                  J_12_11|       pointer|
|J_12_12              |   in|   40|     ap_none|                  J_12_12|       pointer|
|J_12_13              |   in|   40|     ap_none|                  J_12_13|       pointer|
|J_12_14              |   in|   40|     ap_none|                  J_12_14|       pointer|
|J_12_15              |   in|   40|     ap_none|                  J_12_15|       pointer|
|J_12_16              |   in|   40|     ap_none|                  J_12_16|       pointer|
|J_12_17              |   in|   40|     ap_none|                  J_12_17|       pointer|
|J_12_18              |   in|   40|     ap_none|                  J_12_18|       pointer|
|J_12_19              |   in|   40|     ap_none|                  J_12_19|       pointer|
|J_12_20              |   in|   40|     ap_none|                  J_12_20|       pointer|
|J_12_21              |   in|   40|     ap_none|                  J_12_21|       pointer|
|J_12_22              |   in|   40|     ap_none|                  J_12_22|       pointer|
|J_12_23              |   in|   40|     ap_none|                  J_12_23|       pointer|
|J_12_24              |   in|   40|     ap_none|                  J_12_24|       pointer|
|J_12_25              |   in|   40|     ap_none|                  J_12_25|       pointer|
|J_13_0               |   in|   40|     ap_none|                   J_13_0|       pointer|
|J_13_1               |   in|   40|     ap_none|                   J_13_1|       pointer|
|J_13_2               |   in|   40|     ap_none|                   J_13_2|       pointer|
|J_13_3               |   in|   40|     ap_none|                   J_13_3|       pointer|
|J_13_4               |   in|   40|     ap_none|                   J_13_4|       pointer|
|J_13_5               |   in|   40|     ap_none|                   J_13_5|       pointer|
|J_13_6               |   in|   40|     ap_none|                   J_13_6|       pointer|
|J_13_7               |   in|   40|     ap_none|                   J_13_7|       pointer|
|J_13_8               |   in|   40|     ap_none|                   J_13_8|       pointer|
|J_13_9               |   in|   40|     ap_none|                   J_13_9|       pointer|
|J_13_10              |   in|   40|     ap_none|                  J_13_10|       pointer|
|J_13_11              |   in|   40|     ap_none|                  J_13_11|       pointer|
|J_13_12              |   in|   40|     ap_none|                  J_13_12|       pointer|
|J_13_13              |   in|   40|     ap_none|                  J_13_13|       pointer|
|J_13_14              |   in|   40|     ap_none|                  J_13_14|       pointer|
|J_13_15              |   in|   40|     ap_none|                  J_13_15|       pointer|
|J_13_16              |   in|   40|     ap_none|                  J_13_16|       pointer|
|J_13_17              |   in|   40|     ap_none|                  J_13_17|       pointer|
|J_13_18              |   in|   40|     ap_none|                  J_13_18|       pointer|
|J_13_19              |   in|   40|     ap_none|                  J_13_19|       pointer|
|J_13_20              |   in|   40|     ap_none|                  J_13_20|       pointer|
|J_13_21              |   in|   40|     ap_none|                  J_13_21|       pointer|
|J_13_22              |   in|   40|     ap_none|                  J_13_22|       pointer|
|J_13_23              |   in|   40|     ap_none|                  J_13_23|       pointer|
|J_13_24              |   in|   40|     ap_none|                  J_13_24|       pointer|
|J_13_25              |   in|   40|     ap_none|                  J_13_25|       pointer|
|J_14_0               |   in|   40|     ap_none|                   J_14_0|       pointer|
|J_14_1               |   in|   40|     ap_none|                   J_14_1|       pointer|
|J_14_2               |   in|   40|     ap_none|                   J_14_2|       pointer|
|J_14_3               |   in|   40|     ap_none|                   J_14_3|       pointer|
|J_14_4               |   in|   40|     ap_none|                   J_14_4|       pointer|
|J_14_5               |   in|   40|     ap_none|                   J_14_5|       pointer|
|J_14_6               |   in|   40|     ap_none|                   J_14_6|       pointer|
|J_14_7               |   in|   40|     ap_none|                   J_14_7|       pointer|
|J_14_8               |   in|   40|     ap_none|                   J_14_8|       pointer|
|J_14_9               |   in|   40|     ap_none|                   J_14_9|       pointer|
|J_14_10              |   in|   40|     ap_none|                  J_14_10|       pointer|
|J_14_11              |   in|   40|     ap_none|                  J_14_11|       pointer|
|J_14_12              |   in|   40|     ap_none|                  J_14_12|       pointer|
|J_14_13              |   in|   40|     ap_none|                  J_14_13|       pointer|
|J_14_14              |   in|   40|     ap_none|                  J_14_14|       pointer|
|J_14_15              |   in|   40|     ap_none|                  J_14_15|       pointer|
|J_14_16              |   in|   40|     ap_none|                  J_14_16|       pointer|
|J_14_17              |   in|   40|     ap_none|                  J_14_17|       pointer|
|J_14_18              |   in|   40|     ap_none|                  J_14_18|       pointer|
|J_14_19              |   in|   40|     ap_none|                  J_14_19|       pointer|
|J_14_20              |   in|   40|     ap_none|                  J_14_20|       pointer|
|J_14_21              |   in|   40|     ap_none|                  J_14_21|       pointer|
|J_14_22              |   in|   40|     ap_none|                  J_14_22|       pointer|
|J_14_23              |   in|   40|     ap_none|                  J_14_23|       pointer|
|J_14_24              |   in|   40|     ap_none|                  J_14_24|       pointer|
|J_14_25              |   in|   40|     ap_none|                  J_14_25|       pointer|
|J_15_0               |   in|   40|     ap_none|                   J_15_0|       pointer|
|J_15_1               |   in|   40|     ap_none|                   J_15_1|       pointer|
|J_15_2               |   in|   40|     ap_none|                   J_15_2|       pointer|
|J_15_3               |   in|   40|     ap_none|                   J_15_3|       pointer|
|J_15_4               |   in|   40|     ap_none|                   J_15_4|       pointer|
|J_15_5               |   in|   40|     ap_none|                   J_15_5|       pointer|
|J_15_6               |   in|   40|     ap_none|                   J_15_6|       pointer|
|J_15_7               |   in|   40|     ap_none|                   J_15_7|       pointer|
|J_15_8               |   in|   40|     ap_none|                   J_15_8|       pointer|
|J_15_9               |   in|   40|     ap_none|                   J_15_9|       pointer|
|J_15_10              |   in|   40|     ap_none|                  J_15_10|       pointer|
|J_15_11              |   in|   40|     ap_none|                  J_15_11|       pointer|
|J_15_12              |   in|   40|     ap_none|                  J_15_12|       pointer|
|J_15_13              |   in|   40|     ap_none|                  J_15_13|       pointer|
|J_15_14              |   in|   40|     ap_none|                  J_15_14|       pointer|
|J_15_15              |   in|   40|     ap_none|                  J_15_15|       pointer|
|J_15_16              |   in|   40|     ap_none|                  J_15_16|       pointer|
|J_15_17              |   in|   40|     ap_none|                  J_15_17|       pointer|
|J_15_18              |   in|   40|     ap_none|                  J_15_18|       pointer|
|J_15_19              |   in|   40|     ap_none|                  J_15_19|       pointer|
|J_15_20              |   in|   40|     ap_none|                  J_15_20|       pointer|
|J_15_21              |   in|   40|     ap_none|                  J_15_21|       pointer|
|J_15_22              |   in|   40|     ap_none|                  J_15_22|       pointer|
|J_15_23              |   in|   40|     ap_none|                  J_15_23|       pointer|
|J_15_24              |   in|   40|     ap_none|                  J_15_24|       pointer|
|J_15_25              |   in|   40|     ap_none|                  J_15_25|       pointer|
|J_16_0               |   in|   40|     ap_none|                   J_16_0|       pointer|
|J_16_1               |   in|   40|     ap_none|                   J_16_1|       pointer|
|J_16_2               |   in|   40|     ap_none|                   J_16_2|       pointer|
|J_16_3               |   in|   40|     ap_none|                   J_16_3|       pointer|
|J_16_4               |   in|   40|     ap_none|                   J_16_4|       pointer|
|J_16_5               |   in|   40|     ap_none|                   J_16_5|       pointer|
|J_16_6               |   in|   40|     ap_none|                   J_16_6|       pointer|
|J_16_7               |   in|   40|     ap_none|                   J_16_7|       pointer|
|J_16_8               |   in|   40|     ap_none|                   J_16_8|       pointer|
|J_16_9               |   in|   40|     ap_none|                   J_16_9|       pointer|
|J_16_10              |   in|   40|     ap_none|                  J_16_10|       pointer|
|J_16_11              |   in|   40|     ap_none|                  J_16_11|       pointer|
|J_16_12              |   in|   40|     ap_none|                  J_16_12|       pointer|
|J_16_13              |   in|   40|     ap_none|                  J_16_13|       pointer|
|J_16_14              |   in|   40|     ap_none|                  J_16_14|       pointer|
|J_16_15              |   in|   40|     ap_none|                  J_16_15|       pointer|
|J_16_16              |   in|   40|     ap_none|                  J_16_16|       pointer|
|J_16_17              |   in|   40|     ap_none|                  J_16_17|       pointer|
|J_16_18              |   in|   40|     ap_none|                  J_16_18|       pointer|
|J_16_19              |   in|   40|     ap_none|                  J_16_19|       pointer|
|J_16_20              |   in|   40|     ap_none|                  J_16_20|       pointer|
|J_16_21              |   in|   40|     ap_none|                  J_16_21|       pointer|
|J_16_22              |   in|   40|     ap_none|                  J_16_22|       pointer|
|J_16_23              |   in|   40|     ap_none|                  J_16_23|       pointer|
|J_16_24              |   in|   40|     ap_none|                  J_16_24|       pointer|
|J_16_25              |   in|   40|     ap_none|                  J_16_25|       pointer|
|J_17_0               |   in|   40|     ap_none|                   J_17_0|       pointer|
|J_17_1               |   in|   40|     ap_none|                   J_17_1|       pointer|
|J_17_2               |   in|   40|     ap_none|                   J_17_2|       pointer|
|J_17_3               |   in|   40|     ap_none|                   J_17_3|       pointer|
|J_17_4               |   in|   40|     ap_none|                   J_17_4|       pointer|
|J_17_5               |   in|   40|     ap_none|                   J_17_5|       pointer|
|J_17_6               |   in|   40|     ap_none|                   J_17_6|       pointer|
|J_17_7               |   in|   40|     ap_none|                   J_17_7|       pointer|
|J_17_8               |   in|   40|     ap_none|                   J_17_8|       pointer|
|J_17_9               |   in|   40|     ap_none|                   J_17_9|       pointer|
|J_17_10              |   in|   40|     ap_none|                  J_17_10|       pointer|
|J_17_11              |   in|   40|     ap_none|                  J_17_11|       pointer|
|J_17_12              |   in|   40|     ap_none|                  J_17_12|       pointer|
|J_17_13              |   in|   40|     ap_none|                  J_17_13|       pointer|
|J_17_14              |   in|   40|     ap_none|                  J_17_14|       pointer|
|J_17_15              |   in|   40|     ap_none|                  J_17_15|       pointer|
|J_17_16              |   in|   40|     ap_none|                  J_17_16|       pointer|
|J_17_17              |   in|   40|     ap_none|                  J_17_17|       pointer|
|J_17_18              |   in|   40|     ap_none|                  J_17_18|       pointer|
|J_17_19              |   in|   40|     ap_none|                  J_17_19|       pointer|
|J_17_20              |   in|   40|     ap_none|                  J_17_20|       pointer|
|J_17_21              |   in|   40|     ap_none|                  J_17_21|       pointer|
|J_17_22              |   in|   40|     ap_none|                  J_17_22|       pointer|
|J_17_23              |   in|   40|     ap_none|                  J_17_23|       pointer|
|J_17_24              |   in|   40|     ap_none|                  J_17_24|       pointer|
|J_17_25              |   in|   40|     ap_none|                  J_17_25|       pointer|
|J_18_0               |   in|   40|     ap_none|                   J_18_0|       pointer|
|J_18_1               |   in|   40|     ap_none|                   J_18_1|       pointer|
|J_18_2               |   in|   40|     ap_none|                   J_18_2|       pointer|
|J_18_3               |   in|   40|     ap_none|                   J_18_3|       pointer|
|J_18_4               |   in|   40|     ap_none|                   J_18_4|       pointer|
|J_18_5               |   in|   40|     ap_none|                   J_18_5|       pointer|
|J_18_6               |   in|   40|     ap_none|                   J_18_6|       pointer|
|J_18_7               |   in|   40|     ap_none|                   J_18_7|       pointer|
|J_18_8               |   in|   40|     ap_none|                   J_18_8|       pointer|
|J_18_9               |   in|   40|     ap_none|                   J_18_9|       pointer|
|J_18_10              |   in|   40|     ap_none|                  J_18_10|       pointer|
|J_18_11              |   in|   40|     ap_none|                  J_18_11|       pointer|
|J_18_12              |   in|   40|     ap_none|                  J_18_12|       pointer|
|J_18_13              |   in|   40|     ap_none|                  J_18_13|       pointer|
|J_18_14              |   in|   40|     ap_none|                  J_18_14|       pointer|
|J_18_15              |   in|   40|     ap_none|                  J_18_15|       pointer|
|J_18_16              |   in|   40|     ap_none|                  J_18_16|       pointer|
|J_18_17              |   in|   40|     ap_none|                  J_18_17|       pointer|
|J_18_18              |   in|   40|     ap_none|                  J_18_18|       pointer|
|J_18_19              |   in|   40|     ap_none|                  J_18_19|       pointer|
|J_18_20              |   in|   40|     ap_none|                  J_18_20|       pointer|
|J_18_21              |   in|   40|     ap_none|                  J_18_21|       pointer|
|J_18_22              |   in|   40|     ap_none|                  J_18_22|       pointer|
|J_18_23              |   in|   40|     ap_none|                  J_18_23|       pointer|
|J_18_24              |   in|   40|     ap_none|                  J_18_24|       pointer|
|J_18_25              |   in|   40|     ap_none|                  J_18_25|       pointer|
|J_19_0               |   in|   40|     ap_none|                   J_19_0|       pointer|
|J_19_1               |   in|   40|     ap_none|                   J_19_1|       pointer|
|J_19_2               |   in|   40|     ap_none|                   J_19_2|       pointer|
|J_19_3               |   in|   40|     ap_none|                   J_19_3|       pointer|
|J_19_4               |   in|   40|     ap_none|                   J_19_4|       pointer|
|J_19_5               |   in|   40|     ap_none|                   J_19_5|       pointer|
|J_19_6               |   in|   40|     ap_none|                   J_19_6|       pointer|
|J_19_7               |   in|   40|     ap_none|                   J_19_7|       pointer|
|J_19_8               |   in|   40|     ap_none|                   J_19_8|       pointer|
|J_19_9               |   in|   40|     ap_none|                   J_19_9|       pointer|
|J_19_10              |   in|   40|     ap_none|                  J_19_10|       pointer|
|J_19_11              |   in|   40|     ap_none|                  J_19_11|       pointer|
|J_19_12              |   in|   40|     ap_none|                  J_19_12|       pointer|
|J_19_13              |   in|   40|     ap_none|                  J_19_13|       pointer|
|J_19_14              |   in|   40|     ap_none|                  J_19_14|       pointer|
|J_19_15              |   in|   40|     ap_none|                  J_19_15|       pointer|
|J_19_16              |   in|   40|     ap_none|                  J_19_16|       pointer|
|J_19_17              |   in|   40|     ap_none|                  J_19_17|       pointer|
|J_19_18              |   in|   40|     ap_none|                  J_19_18|       pointer|
|J_19_19              |   in|   40|     ap_none|                  J_19_19|       pointer|
|J_19_20              |   in|   40|     ap_none|                  J_19_20|       pointer|
|J_19_21              |   in|   40|     ap_none|                  J_19_21|       pointer|
|J_19_22              |   in|   40|     ap_none|                  J_19_22|       pointer|
|J_19_23              |   in|   40|     ap_none|                  J_19_23|       pointer|
|J_19_24              |   in|   40|     ap_none|                  J_19_24|       pointer|
|J_19_25              |   in|   40|     ap_none|                  J_19_25|       pointer|
|J_20_0               |   in|   40|     ap_none|                   J_20_0|       pointer|
|J_20_1               |   in|   40|     ap_none|                   J_20_1|       pointer|
|J_20_2               |   in|   40|     ap_none|                   J_20_2|       pointer|
|J_20_3               |   in|   40|     ap_none|                   J_20_3|       pointer|
|J_20_4               |   in|   40|     ap_none|                   J_20_4|       pointer|
|J_20_5               |   in|   40|     ap_none|                   J_20_5|       pointer|
|J_20_6               |   in|   40|     ap_none|                   J_20_6|       pointer|
|J_20_7               |   in|   40|     ap_none|                   J_20_7|       pointer|
|J_20_8               |   in|   40|     ap_none|                   J_20_8|       pointer|
|J_20_9               |   in|   40|     ap_none|                   J_20_9|       pointer|
|J_20_10              |   in|   40|     ap_none|                  J_20_10|       pointer|
|J_20_11              |   in|   40|     ap_none|                  J_20_11|       pointer|
|J_20_12              |   in|   40|     ap_none|                  J_20_12|       pointer|
|J_20_13              |   in|   40|     ap_none|                  J_20_13|       pointer|
|J_20_14              |   in|   40|     ap_none|                  J_20_14|       pointer|
|J_20_15              |   in|   40|     ap_none|                  J_20_15|       pointer|
|J_20_16              |   in|   40|     ap_none|                  J_20_16|       pointer|
|J_20_17              |   in|   40|     ap_none|                  J_20_17|       pointer|
|J_20_18              |   in|   40|     ap_none|                  J_20_18|       pointer|
|J_20_19              |   in|   40|     ap_none|                  J_20_19|       pointer|
|J_20_20              |   in|   40|     ap_none|                  J_20_20|       pointer|
|J_20_21              |   in|   40|     ap_none|                  J_20_21|       pointer|
|J_20_22              |   in|   40|     ap_none|                  J_20_22|       pointer|
|J_20_23              |   in|   40|     ap_none|                  J_20_23|       pointer|
|J_20_24              |   in|   40|     ap_none|                  J_20_24|       pointer|
|J_20_25              |   in|   40|     ap_none|                  J_20_25|       pointer|
|J_21_0               |   in|   40|     ap_none|                   J_21_0|       pointer|
|J_21_1               |   in|   40|     ap_none|                   J_21_1|       pointer|
|J_21_2               |   in|   40|     ap_none|                   J_21_2|       pointer|
|J_21_3               |   in|   40|     ap_none|                   J_21_3|       pointer|
|J_21_4               |   in|   40|     ap_none|                   J_21_4|       pointer|
|J_21_5               |   in|   40|     ap_none|                   J_21_5|       pointer|
|J_21_6               |   in|   40|     ap_none|                   J_21_6|       pointer|
|J_21_7               |   in|   40|     ap_none|                   J_21_7|       pointer|
|J_21_8               |   in|   40|     ap_none|                   J_21_8|       pointer|
|J_21_9               |   in|   40|     ap_none|                   J_21_9|       pointer|
|J_21_10              |   in|   40|     ap_none|                  J_21_10|       pointer|
|J_21_11              |   in|   40|     ap_none|                  J_21_11|       pointer|
|J_21_12              |   in|   40|     ap_none|                  J_21_12|       pointer|
|J_21_13              |   in|   40|     ap_none|                  J_21_13|       pointer|
|J_21_14              |   in|   40|     ap_none|                  J_21_14|       pointer|
|J_21_15              |   in|   40|     ap_none|                  J_21_15|       pointer|
|J_21_16              |   in|   40|     ap_none|                  J_21_16|       pointer|
|J_21_17              |   in|   40|     ap_none|                  J_21_17|       pointer|
|J_21_18              |   in|   40|     ap_none|                  J_21_18|       pointer|
|J_21_19              |   in|   40|     ap_none|                  J_21_19|       pointer|
|J_21_20              |   in|   40|     ap_none|                  J_21_20|       pointer|
|J_21_21              |   in|   40|     ap_none|                  J_21_21|       pointer|
|J_21_22              |   in|   40|     ap_none|                  J_21_22|       pointer|
|J_21_23              |   in|   40|     ap_none|                  J_21_23|       pointer|
|J_21_24              |   in|   40|     ap_none|                  J_21_24|       pointer|
|J_21_25              |   in|   40|     ap_none|                  J_21_25|       pointer|
|J_22_0               |   in|   40|     ap_none|                   J_22_0|       pointer|
|J_22_1               |   in|   40|     ap_none|                   J_22_1|       pointer|
|J_22_2               |   in|   40|     ap_none|                   J_22_2|       pointer|
|J_22_3               |   in|   40|     ap_none|                   J_22_3|       pointer|
|J_22_4               |   in|   40|     ap_none|                   J_22_4|       pointer|
|J_22_5               |   in|   40|     ap_none|                   J_22_5|       pointer|
|J_22_6               |   in|   40|     ap_none|                   J_22_6|       pointer|
|J_22_7               |   in|   40|     ap_none|                   J_22_7|       pointer|
|J_22_8               |   in|   40|     ap_none|                   J_22_8|       pointer|
|J_22_9               |   in|   40|     ap_none|                   J_22_9|       pointer|
|J_22_10              |   in|   40|     ap_none|                  J_22_10|       pointer|
|J_22_11              |   in|   40|     ap_none|                  J_22_11|       pointer|
|J_22_12              |   in|   40|     ap_none|                  J_22_12|       pointer|
|J_22_13              |   in|   40|     ap_none|                  J_22_13|       pointer|
|J_22_14              |   in|   40|     ap_none|                  J_22_14|       pointer|
|J_22_15              |   in|   40|     ap_none|                  J_22_15|       pointer|
|J_22_16              |   in|   40|     ap_none|                  J_22_16|       pointer|
|J_22_17              |   in|   40|     ap_none|                  J_22_17|       pointer|
|J_22_18              |   in|   40|     ap_none|                  J_22_18|       pointer|
|J_22_19              |   in|   40|     ap_none|                  J_22_19|       pointer|
|J_22_20              |   in|   40|     ap_none|                  J_22_20|       pointer|
|J_22_21              |   in|   40|     ap_none|                  J_22_21|       pointer|
|J_22_22              |   in|   40|     ap_none|                  J_22_22|       pointer|
|J_22_23              |   in|   40|     ap_none|                  J_22_23|       pointer|
|J_22_24              |   in|   40|     ap_none|                  J_22_24|       pointer|
|J_22_25              |   in|   40|     ap_none|                  J_22_25|       pointer|
|J_23_0               |   in|   40|     ap_none|                   J_23_0|       pointer|
|J_23_1               |   in|   40|     ap_none|                   J_23_1|       pointer|
|J_23_2               |   in|   40|     ap_none|                   J_23_2|       pointer|
|J_23_3               |   in|   40|     ap_none|                   J_23_3|       pointer|
|J_23_4               |   in|   40|     ap_none|                   J_23_4|       pointer|
|J_23_5               |   in|   40|     ap_none|                   J_23_5|       pointer|
|J_23_6               |   in|   40|     ap_none|                   J_23_6|       pointer|
|J_23_7               |   in|   40|     ap_none|                   J_23_7|       pointer|
|J_23_8               |   in|   40|     ap_none|                   J_23_8|       pointer|
|J_23_9               |   in|   40|     ap_none|                   J_23_9|       pointer|
|J_23_10              |   in|   40|     ap_none|                  J_23_10|       pointer|
|J_23_11              |   in|   40|     ap_none|                  J_23_11|       pointer|
|J_23_12              |   in|   40|     ap_none|                  J_23_12|       pointer|
|J_23_13              |   in|   40|     ap_none|                  J_23_13|       pointer|
|J_23_14              |   in|   40|     ap_none|                  J_23_14|       pointer|
|J_23_15              |   in|   40|     ap_none|                  J_23_15|       pointer|
|J_23_16              |   in|   40|     ap_none|                  J_23_16|       pointer|
|J_23_17              |   in|   40|     ap_none|                  J_23_17|       pointer|
|J_23_18              |   in|   40|     ap_none|                  J_23_18|       pointer|
|J_23_19              |   in|   40|     ap_none|                  J_23_19|       pointer|
|J_23_20              |   in|   40|     ap_none|                  J_23_20|       pointer|
|J_23_21              |   in|   40|     ap_none|                  J_23_21|       pointer|
|J_23_22              |   in|   40|     ap_none|                  J_23_22|       pointer|
|J_23_23              |   in|   40|     ap_none|                  J_23_23|       pointer|
|J_23_24              |   in|   40|     ap_none|                  J_23_24|       pointer|
|J_23_25              |   in|   40|     ap_none|                  J_23_25|       pointer|
|J_24_0               |   in|   40|     ap_none|                   J_24_0|       pointer|
|J_24_1               |   in|   40|     ap_none|                   J_24_1|       pointer|
|J_24_2               |   in|   40|     ap_none|                   J_24_2|       pointer|
|J_24_3               |   in|   40|     ap_none|                   J_24_3|       pointer|
|J_24_4               |   in|   40|     ap_none|                   J_24_4|       pointer|
|J_24_5               |   in|   40|     ap_none|                   J_24_5|       pointer|
|J_24_6               |   in|   40|     ap_none|                   J_24_6|       pointer|
|J_24_7               |   in|   40|     ap_none|                   J_24_7|       pointer|
|J_24_8               |   in|   40|     ap_none|                   J_24_8|       pointer|
|J_24_9               |   in|   40|     ap_none|                   J_24_9|       pointer|
|J_24_10              |   in|   40|     ap_none|                  J_24_10|       pointer|
|J_24_11              |   in|   40|     ap_none|                  J_24_11|       pointer|
|J_24_12              |   in|   40|     ap_none|                  J_24_12|       pointer|
|J_24_13              |   in|   40|     ap_none|                  J_24_13|       pointer|
|J_24_14              |   in|   40|     ap_none|                  J_24_14|       pointer|
|J_24_15              |   in|   40|     ap_none|                  J_24_15|       pointer|
|J_24_16              |   in|   40|     ap_none|                  J_24_16|       pointer|
|J_24_17              |   in|   40|     ap_none|                  J_24_17|       pointer|
|J_24_18              |   in|   40|     ap_none|                  J_24_18|       pointer|
|J_24_19              |   in|   40|     ap_none|                  J_24_19|       pointer|
|J_24_20              |   in|   40|     ap_none|                  J_24_20|       pointer|
|J_24_21              |   in|   40|     ap_none|                  J_24_21|       pointer|
|J_24_22              |   in|   40|     ap_none|                  J_24_22|       pointer|
|J_24_23              |   in|   40|     ap_none|                  J_24_23|       pointer|
|J_24_24              |   in|   40|     ap_none|                  J_24_24|       pointer|
|J_24_25              |   in|   40|     ap_none|                  J_24_25|       pointer|
|J_25_0               |   in|   40|     ap_none|                   J_25_0|       pointer|
|J_25_1               |   in|   40|     ap_none|                   J_25_1|       pointer|
|J_25_2               |   in|   40|     ap_none|                   J_25_2|       pointer|
|J_25_3               |   in|   40|     ap_none|                   J_25_3|       pointer|
|J_25_4               |   in|   40|     ap_none|                   J_25_4|       pointer|
|J_25_5               |   in|   40|     ap_none|                   J_25_5|       pointer|
|J_25_6               |   in|   40|     ap_none|                   J_25_6|       pointer|
|J_25_7               |   in|   40|     ap_none|                   J_25_7|       pointer|
|J_25_8               |   in|   40|     ap_none|                   J_25_8|       pointer|
|J_25_9               |   in|   40|     ap_none|                   J_25_9|       pointer|
|J_25_10              |   in|   40|     ap_none|                  J_25_10|       pointer|
|J_25_11              |   in|   40|     ap_none|                  J_25_11|       pointer|
|J_25_12              |   in|   40|     ap_none|                  J_25_12|       pointer|
|J_25_13              |   in|   40|     ap_none|                  J_25_13|       pointer|
|J_25_14              |   in|   40|     ap_none|                  J_25_14|       pointer|
|J_25_15              |   in|   40|     ap_none|                  J_25_15|       pointer|
|J_25_16              |   in|   40|     ap_none|                  J_25_16|       pointer|
|J_25_17              |   in|   40|     ap_none|                  J_25_17|       pointer|
|J_25_18              |   in|   40|     ap_none|                  J_25_18|       pointer|
|J_25_19              |   in|   40|     ap_none|                  J_25_19|       pointer|
|J_25_20              |   in|   40|     ap_none|                  J_25_20|       pointer|
|J_25_21              |   in|   40|     ap_none|                  J_25_21|       pointer|
|J_25_22              |   in|   40|     ap_none|                  J_25_22|       pointer|
|J_25_23              |   in|   40|     ap_none|                  J_25_23|       pointer|
|J_25_24              |   in|   40|     ap_none|                  J_25_24|       pointer|
|J_25_25              |   in|   40|     ap_none|                  J_25_25|       pointer|
|h_0                  |   in|   40|     ap_none|                      h_0|       pointer|
|h_1                  |   in|   40|     ap_none|                      h_1|       pointer|
|h_2                  |   in|   40|     ap_none|                      h_2|       pointer|
|h_3                  |   in|   40|     ap_none|                      h_3|       pointer|
|h_4                  |   in|   40|     ap_none|                      h_4|       pointer|
|h_5                  |   in|   40|     ap_none|                      h_5|       pointer|
|h_6                  |   in|   40|     ap_none|                      h_6|       pointer|
|h_7                  |   in|   40|     ap_none|                      h_7|       pointer|
|h_8                  |   in|   40|     ap_none|                      h_8|       pointer|
|h_9                  |   in|   40|     ap_none|                      h_9|       pointer|
|h_10                 |   in|   40|     ap_none|                     h_10|       pointer|
|h_11                 |   in|   40|     ap_none|                     h_11|       pointer|
|h_12                 |   in|   40|     ap_none|                     h_12|       pointer|
|h_13                 |   in|   40|     ap_none|                     h_13|       pointer|
|h_14                 |   in|   40|     ap_none|                     h_14|       pointer|
|h_15                 |   in|   40|     ap_none|                     h_15|       pointer|
|h_16                 |   in|   40|     ap_none|                     h_16|       pointer|
|h_17                 |   in|   40|     ap_none|                     h_17|       pointer|
|h_18                 |   in|   40|     ap_none|                     h_18|       pointer|
|h_19                 |   in|   40|     ap_none|                     h_19|       pointer|
|h_20                 |   in|   40|     ap_none|                     h_20|       pointer|
|h_21                 |   in|   40|     ap_none|                     h_21|       pointer|
|h_22                 |   in|   40|     ap_none|                     h_22|       pointer|
|h_23                 |   in|   40|     ap_none|                     h_23|       pointer|
|h_24                 |   in|   40|     ap_none|                     h_24|       pointer|
|h_25                 |   in|   40|     ap_none|                     h_25|       pointer|
|y_0                  |   in|    1|     ap_none|                      y_0|       pointer|
|y_1                  |   in|    1|     ap_none|                      y_1|       pointer|
|y_2                  |   in|    1|     ap_none|                      y_2|       pointer|
|y_3                  |   in|    1|     ap_none|                      y_3|       pointer|
|y_4                  |   in|    1|     ap_none|                      y_4|       pointer|
|y_5                  |   in|    1|     ap_none|                      y_5|       pointer|
|y_6                  |   in|    1|     ap_none|                      y_6|       pointer|
|y_7                  |   in|    1|     ap_none|                      y_7|       pointer|
|y_8                  |   in|    1|     ap_none|                      y_8|       pointer|
|y_9                  |   in|    1|     ap_none|                      y_9|       pointer|
|y_10                 |   in|    1|     ap_none|                     y_10|       pointer|
|y_11                 |   in|    1|     ap_none|                     y_11|       pointer|
|y_12                 |   in|    1|     ap_none|                     y_12|       pointer|
|y_13                 |   in|    1|     ap_none|                     y_13|       pointer|
|y_14                 |   in|    1|     ap_none|                     y_14|       pointer|
|y_15                 |   in|    1|     ap_none|                     y_15|       pointer|
|y_16                 |   in|    1|     ap_none|                     y_16|       pointer|
|y_17                 |   in|    1|     ap_none|                     y_17|       pointer|
|y_18                 |   in|    1|     ap_none|                     y_18|       pointer|
|y_19                 |   in|    1|     ap_none|                     y_19|       pointer|
|y_20                 |   in|    1|     ap_none|                     y_20|       pointer|
|y_21                 |   in|    1|     ap_none|                     y_21|       pointer|
|y_22                 |   in|    1|     ap_none|                     y_22|       pointer|
|y_23                 |   in|    1|     ap_none|                     y_23|       pointer|
|y_24                 |   in|    1|     ap_none|                     y_24|       pointer|
|y_25                 |   in|    1|     ap_none|                     y_25|       pointer|
|old_energy           |   in|   40|     ap_none|               old_energy|        scalar|
|beta                 |   in|   40|     ap_none|                     beta|        scalar|
|u                    |   in|   40|     ap_none|                        u|        scalar|
|accepted             |  out|    1|      ap_vld|                 accepted|       pointer|
|accepted_ap_vld      |  out|    1|      ap_vld|                 accepted|       pointer|
|delta_energy         |  out|   40|      ap_vld|             delta_energy|       pointer|
|delta_energy_ap_vld  |  out|    1|      ap_vld|             delta_energy|       pointer|
|new_energy           |  out|   40|      ap_vld|               new_energy|       pointer|
|new_energy_ap_vld    |  out|    1|      ap_vld|               new_energy|       pointer|
+---------------------+-----+-----+------------+-------------------------+--------------+

