

================================================================
== Vitis HLS Report for 'uniform_delta_energy'
================================================================
* Date:           Tue May 19 20:45:35 2026

* Version:        2025.2 (Build 6295257 on Nov 14 2025)
* Project:        hls_uniform_metropolis_step_N26
* Solution:       hls (Vivado IP Flow Target)
* Product family: virtexuplus
* Target device:  xcvu19p-fsva3824-2-e


================================================================
== Performance Estimates
================================================================
+ Timing: 
    * Summary: 
    +--------+---------+----------+------------+
    |  Clock |  Target | Estimated| Uncertainty|
    +--------+---------+----------+------------+
    |ap_clk  |  3.33 ns|  2.388 ns|     0.90 ns|
    +--------+---------+----------+------------+

+ Latency: 
    * Summary: 
    +---------+---------+----------+----------+-----+-----+---------+
    |  Latency (cycles) |  Latency (absolute) |  Interval | Pipeline|
    |   min   |   max   |    min   |    max   | min | max |   Type  |
    +---------+---------+----------+----------+-----+-----+---------+
    |      165|      165|  0.550 us|  0.550 us|  165|  165|       no|
    +---------+---------+----------+----------+-----+-----+---------+

    + Detail: 
        * Instance: 
        N/A

        * Loop: 
        N/A



================================================================
== Utilization Estimates
================================================================
* Summary: 
+---------------------+---------+------+---------+---------+-----+
|         Name        | BRAM_18K|  DSP |    FF   |   LUT   | URAM|
+---------------------+---------+------+---------+---------+-----+
|DSP                  |        -|     -|        -|        -|    -|
|Expression           |        -|     -|        0|    47577|    -|
|FIFO                 |        -|     -|        -|        -|    -|
|Instance             |        -|     -|        -|        -|    -|
|Memory               |        -|     -|        -|        -|    -|
|Multiplexer          |        -|     -|        0|      891|    -|
|Register             |        -|     -|     7246|        -|    -|
+---------------------+---------+------+---------+---------+-----+
|Total                |        0|     0|     7246|    48468|    0|
+---------------------+---------+------+---------+---------+-----+
|Available SLR        |     1080|   960|  2042880|  1021440|   80|
+---------------------+---------+------+---------+---------+-----+
|Utilization SLR (%)  |        0|     0|       ~0|        4|    0|
+---------------------+---------+------+---------+---------+-----+
|Available            |     4320|  3840|  8171520|  4085760|  320|
+---------------------+---------+------+---------+---------+-----+
|Utilization (%)      |        0|     0|       ~0|        1|    0|
+---------------------+---------+------+---------+---------+-----+

+ Detail: 
    * Instance: 
    N/A

    * DSP: 
    N/A

    * Memory: 
    N/A

    * FIFO: 
    N/A

    * Expression: 
    +---------------------------+----------+----+---+-----+------------+------------+
    |       Variable Name       | Operation| DSP| FF| LUT | Bitwidth P0| Bitwidth P1|
    +---------------------------+----------+----+---+-----+------------+------------+
    |add_ln183_10_fu_3495_p2    |         +|   0|  0|   40|          40|          40|
    |add_ln183_11_fu_3500_p2    |         +|   0|  0|   40|          40|          40|
    |add_ln183_12_fu_3441_p2    |         +|   0|  0|   40|          40|          40|
    |add_ln183_13_fu_3447_p2    |         +|   0|  0|   40|          40|          40|
    |add_ln183_14_fu_3453_p2    |         +|   0|  0|   40|          40|          40|
    |add_ln183_15_fu_3459_p2    |         +|   0|  0|   40|          40|          40|
    |add_ln183_16_fu_3506_p2    |         +|   0|  0|   40|          40|          40|
    |add_ln183_17_fu_3465_p2    |         +|   0|  0|   47|          40|          40|
    |add_ln183_18_fu_3510_p2    |         +|   0|  0|   40|          40|          40|
    |add_ln183_19_fu_3471_p2    |         +|   0|  0|   40|          40|          40|
    |add_ln183_1_fu_3482_p2     |         +|   0|  0|   40|          40|          40|
    |add_ln183_20_fu_3092_p2    |         +|   0|  0|   47|          40|          40|
    |add_ln183_21_fu_3477_p2    |         +|   0|  0|   40|          40|          40|
    |add_ln183_22_fu_3514_p2    |         +|   0|  0|   40|          40|          40|
    |add_ln183_23_fu_3519_p2    |         +|   0|  0|   40|          40|          40|
    |add_ln183_24_fu_3525_p2    |         +|   0|  0|   40|          40|          40|
    |add_ln183_2_fu_3412_p2     |         +|   0|  0|   40|          40|          40|
    |add_ln183_3_fu_3418_p2     |         +|   0|  0|   40|          40|          40|
    |add_ln183_4_fu_3486_p2     |         +|   0|  0|   40|          40|          40|
    |add_ln183_5_fu_3424_p2     |         +|   0|  0|   47|          40|          40|
    |add_ln183_6_fu_3491_p2     |         +|   0|  0|   40|          40|          40|
    |add_ln183_7_fu_3430_p2     |         +|   0|  0|   40|          40|          40|
    |add_ln183_8_fu_3086_p2     |         +|   0|  0|   47|          40|          40|
    |add_ln183_9_fu_3436_p2     |         +|   0|  0|   40|          40|          40|
    |add_ln183_fu_3406_p2       |         +|   0|  0|   47|          40|          40|
    |add_ln195_fu_3535_p2       |         +|   0|  0|   40|          40|          40|
    |e_100_fu_4305_p2           |         +|   0|  0|   47|          40|          40|
    |e_103_fu_4328_p2           |         +|   0|  0|   47|          40|          40|
    |e_106_fu_4351_p2           |         +|   0|  0|   47|          40|          40|
    |e_109_fu_4374_p2           |         +|   0|  0|   47|          40|          40|
    |e_10_fu_3615_p2            |         +|   0|  0|   47|          40|          40|
    |e_112_fu_4397_p2           |         +|   0|  0|   47|          40|          40|
    |e_115_fu_4420_p2           |         +|   0|  0|   47|          40|          40|
    |e_118_fu_4443_p2           |         +|   0|  0|   47|          40|          40|
    |e_121_fu_4466_p2           |         +|   0|  0|   47|          40|          40|
    |e_124_fu_4489_p2           |         +|   0|  0|   47|          40|          40|
    |e_127_fu_4512_p2           |         +|   0|  0|   47|          40|          40|
    |e_130_fu_4535_p2           |         +|   0|  0|   47|          40|          40|
    |e_133_fu_4558_p2           |         +|   0|  0|   47|          40|          40|
    |e_136_fu_4581_p2           |         +|   0|  0|   47|          40|          40|
    |e_139_fu_4604_p2           |         +|   0|  0|   47|          40|          40|
    |e_13_fu_3638_p2            |         +|   0|  0|   47|          40|          40|
    |e_142_fu_4627_p2           |         +|   0|  0|   47|          40|          40|
    |e_145_fu_4650_p2           |         +|   0|  0|   47|          40|          40|
    |e_148_fu_4673_p2           |         +|   0|  0|   47|          40|          40|
    |e_151_fu_4696_p2           |         +|   0|  0|   47|          40|          40|
    |e_154_fu_4719_p2           |         +|   0|  0|   47|          40|          40|
    |e_157_fu_4742_p2           |         +|   0|  0|   47|          40|          40|
    |e_160_fu_4765_p2           |         +|   0|  0|   47|          40|          40|
    |e_163_fu_4788_p2           |         +|   0|  0|   47|          40|          40|
    |e_166_fu_4811_p2           |         +|   0|  0|   47|          40|          40|
    |e_169_fu_4834_p2           |         +|   0|  0|   47|          40|          40|
    |e_16_fu_3661_p2            |         +|   0|  0|   47|          40|          40|
    |e_172_fu_4857_p2           |         +|   0|  0|   47|          40|          40|
    |e_175_fu_4880_p2           |         +|   0|  0|   47|          40|          40|
    |e_178_fu_4903_p2           |         +|   0|  0|   47|          40|          40|
    |e_181_fu_4926_p2           |         +|   0|  0|   47|          40|          40|
    |e_184_fu_4949_p2           |         +|   0|  0|   47|          40|          40|
    |e_187_fu_4972_p2           |         +|   0|  0|   47|          40|          40|
    |e_190_fu_4995_p2           |         +|   0|  0|   47|          40|          40|
    |e_193_fu_5018_p2           |         +|   0|  0|   47|          40|          40|
    |e_196_fu_5041_p2           |         +|   0|  0|   47|          40|          40|
    |e_199_fu_5064_p2           |         +|   0|  0|   47|          40|          40|
    |e_19_fu_3684_p2            |         +|   0|  0|   47|          40|          40|
    |e_202_fu_5087_p2           |         +|   0|  0|   47|          40|          40|
    |e_205_fu_5110_p2           |         +|   0|  0|   47|          40|          40|
    |e_208_fu_5133_p2           |         +|   0|  0|   47|          40|          40|
    |e_211_fu_5156_p2           |         +|   0|  0|   47|          40|          40|
    |e_214_fu_5179_p2           |         +|   0|  0|   47|          40|          40|
    |e_217_fu_5202_p2           |         +|   0|  0|   47|          40|          40|
    |e_220_fu_5225_p2           |         +|   0|  0|   47|          40|          40|
    |e_223_fu_5248_p2           |         +|   0|  0|   47|          40|          40|
    |e_226_fu_5271_p2           |         +|   0|  0|   47|          40|          40|
    |e_229_fu_5294_p2           |         +|   0|  0|   47|          40|          40|
    |e_22_fu_3707_p2            |         +|   0|  0|   47|          40|          40|
    |e_232_fu_5317_p2           |         +|   0|  0|   47|          40|          40|
    |e_235_fu_5340_p2           |         +|   0|  0|   47|          40|          40|
    |e_238_fu_5363_p2           |         +|   0|  0|   47|          40|          40|
    |e_241_fu_5386_p2           |         +|   0|  0|   47|          40|          40|
    |e_244_fu_5409_p2           |         +|   0|  0|   47|          40|          40|
    |e_247_fu_5432_p2           |         +|   0|  0|   47|          40|          40|
    |e_250_fu_5455_p2           |         +|   0|  0|   47|          40|          40|
    |e_253_fu_5478_p2           |         +|   0|  0|   47|          40|          40|
    |e_256_fu_5501_p2           |         +|   0|  0|   47|          40|          40|
    |e_259_fu_5524_p2           |         +|   0|  0|   47|          40|          40|
    |e_25_fu_3730_p2            |         +|   0|  0|   47|          40|          40|
    |e_262_fu_5547_p2           |         +|   0|  0|   47|          40|          40|
    |e_265_fu_5570_p2           |         +|   0|  0|   47|          40|          40|
    |e_268_fu_5593_p2           |         +|   0|  0|   47|          40|          40|
    |e_271_fu_5616_p2           |         +|   0|  0|   47|          40|          40|
    |e_274_fu_5639_p2           |         +|   0|  0|   47|          40|          40|
    |e_277_fu_5662_p2           |         +|   0|  0|   47|          40|          40|
    |e_280_fu_5685_p2           |         +|   0|  0|   47|          40|          40|
    |e_283_fu_5708_p2           |         +|   0|  0|   47|          40|          40|
    |e_286_fu_5731_p2           |         +|   0|  0|   47|          40|          40|
    |e_289_fu_5754_p2           |         +|   0|  0|   47|          40|          40|
    |e_28_fu_3753_p2            |         +|   0|  0|   47|          40|          40|
    |e_292_fu_5777_p2           |         +|   0|  0|   47|          40|          40|
    |e_295_fu_5800_p2           |         +|   0|  0|   47|          40|          40|
    |e_298_fu_5823_p2           |         +|   0|  0|   47|          40|          40|
    |e_301_fu_5846_p2           |         +|   0|  0|   47|          40|          40|
    |e_304_fu_5869_p2           |         +|   0|  0|   47|          40|          40|
    |e_307_fu_5892_p2           |         +|   0|  0|   47|          40|          40|
    |e_310_fu_5915_p2           |         +|   0|  0|   47|          40|          40|
    |e_313_fu_5938_p2           |         +|   0|  0|   47|          40|          40|
    |e_316_fu_5961_p2           |         +|   0|  0|   47|          40|          40|
    |e_319_fu_5984_p2           |         +|   0|  0|   47|          40|          40|
    |e_31_fu_3776_p2            |         +|   0|  0|   47|          40|          40|
    |e_322_fu_6007_p2           |         +|   0|  0|   47|          40|          40|
    |e_325_fu_6030_p2           |         +|   0|  0|   47|          40|          40|
    |e_328_fu_6053_p2           |         +|   0|  0|   47|          40|          40|
    |e_331_fu_6076_p2           |         +|   0|  0|   47|          40|          40|
    |e_334_fu_6099_p2           |         +|   0|  0|   47|          40|          40|
    |e_337_fu_6122_p2           |         +|   0|  0|   47|          40|          40|
    |e_340_fu_6145_p2           |         +|   0|  0|   47|          40|          40|
    |e_343_fu_6168_p2           |         +|   0|  0|   47|          40|          40|
    |e_346_fu_6191_p2           |         +|   0|  0|   47|          40|          40|
    |e_349_fu_6214_p2           |         +|   0|  0|   47|          40|          40|
    |e_34_fu_3799_p2            |         +|   0|  0|   47|          40|          40|
    |e_352_fu_6237_p2           |         +|   0|  0|   47|          40|          40|
    |e_355_fu_6260_p2           |         +|   0|  0|   47|          40|          40|
    |e_358_fu_6283_p2           |         +|   0|  0|   47|          40|          40|
    |e_361_fu_6306_p2           |         +|   0|  0|   47|          40|          40|
    |e_364_fu_6329_p2           |         +|   0|  0|   47|          40|          40|
    |e_367_fu_6352_p2           |         +|   0|  0|   47|          40|          40|
    |e_370_fu_6375_p2           |         +|   0|  0|   47|          40|          40|
    |e_373_fu_6398_p2           |         +|   0|  0|   47|          40|          40|
    |e_376_fu_6421_p2           |         +|   0|  0|   47|          40|          40|
    |e_379_fu_6444_p2           |         +|   0|  0|   47|          40|          40|
    |e_37_fu_3822_p2            |         +|   0|  0|   47|          40|          40|
    |e_382_fu_6467_p2           |         +|   0|  0|   47|          40|          40|
    |e_385_fu_6490_p2           |         +|   0|  0|   47|          40|          40|
    |e_388_fu_6513_p2           |         +|   0|  0|   47|          40|          40|
    |e_391_fu_6536_p2           |         +|   0|  0|   47|          40|          40|
    |e_394_fu_6559_p2           |         +|   0|  0|   47|          40|          40|
    |e_397_fu_6582_p2           |         +|   0|  0|   47|          40|          40|
    |e_400_fu_6605_p2           |         +|   0|  0|   47|          40|          40|
    |e_403_fu_6628_p2           |         +|   0|  0|   47|          40|          40|
    |e_406_fu_6651_p2           |         +|   0|  0|   47|          40|          40|
    |e_409_fu_6674_p2           |         +|   0|  0|   47|          40|          40|
    |e_40_fu_3845_p2            |         +|   0|  0|   47|          40|          40|
    |e_412_fu_6697_p2           |         +|   0|  0|   47|          40|          40|
    |e_415_fu_6720_p2           |         +|   0|  0|   47|          40|          40|
    |e_418_fu_6743_p2           |         +|   0|  0|   47|          40|          40|
    |e_421_fu_6766_p2           |         +|   0|  0|   47|          40|          40|
    |e_424_fu_6789_p2           |         +|   0|  0|   47|          40|          40|
    |e_427_fu_6812_p2           |         +|   0|  0|   47|          40|          40|
    |e_430_fu_6835_p2           |         +|   0|  0|   47|          40|          40|
    |e_433_fu_6858_p2           |         +|   0|  0|   47|          40|          40|
    |e_436_fu_6881_p2           |         +|   0|  0|   47|          40|          40|
    |e_439_fu_6904_p2           |         +|   0|  0|   47|          40|          40|
    |e_43_fu_3868_p2            |         +|   0|  0|   47|          40|          40|
    |e_442_fu_6927_p2           |         +|   0|  0|   47|          40|          40|
    |e_445_fu_6950_p2           |         +|   0|  0|   47|          40|          40|
    |e_448_fu_6973_p2           |         +|   0|  0|   47|          40|          40|
    |e_451_fu_6996_p2           |         +|   0|  0|   47|          40|          40|
    |e_454_fu_7019_p2           |         +|   0|  0|   47|          40|          40|
    |e_457_fu_7042_p2           |         +|   0|  0|   47|          40|          40|
    |e_460_fu_7065_p2           |         +|   0|  0|   47|          40|          40|
    |e_463_fu_7088_p2           |         +|   0|  0|   47|          40|          40|
    |e_466_fu_7111_p2           |         +|   0|  0|   47|          40|          40|
    |e_469_fu_7134_p2           |         +|   0|  0|   47|          40|          40|
    |e_46_fu_3891_p2            |         +|   0|  0|   47|          40|          40|
    |e_472_fu_7157_p2           |         +|   0|  0|   47|          40|          40|
    |e_475_fu_7180_p2           |         +|   0|  0|   47|          40|          40|
    |e_478_fu_7203_p2           |         +|   0|  0|   47|          40|          40|
    |e_481_fu_7226_p2           |         +|   0|  0|   47|          40|          40|
    |e_484_fu_7249_p2           |         +|   0|  0|   47|          40|          40|
    |e_487_fu_7272_p2           |         +|   0|  0|   47|          40|          40|
    |e_490_fu_7295_p2           |         +|   0|  0|   47|          40|          40|
    |e_493_fu_7318_p2           |         +|   0|  0|   47|          40|          40|
    |e_496_fu_7341_p2           |         +|   0|  0|   47|          40|          40|
    |e_499_fu_7364_p2           |         +|   0|  0|   47|          40|          40|
    |e_49_fu_3914_p2            |         +|   0|  0|   47|          40|          40|
    |e_4_fu_3569_p2             |         +|   0|  0|   47|          40|          40|
    |e_502_fu_7387_p2           |         +|   0|  0|   47|          40|          40|
    |e_505_fu_7410_p2           |         +|   0|  0|   47|          40|          40|
    |e_508_fu_7433_p2           |         +|   0|  0|   47|          40|          40|
    |e_511_fu_7456_p2           |         +|   0|  0|   47|          40|          40|
    |e_514_fu_7479_p2           |         +|   0|  0|   47|          40|          40|
    |e_517_fu_7502_p2           |         +|   0|  0|   47|          40|          40|
    |e_520_fu_7525_p2           |         +|   0|  0|   47|          40|          40|
    |e_523_fu_7548_p2           |         +|   0|  0|   47|          40|          40|
    |e_526_fu_7571_p2           |         +|   0|  0|   47|          40|          40|
    |e_529_fu_7594_p2           |         +|   0|  0|   47|          40|          40|
    |e_52_fu_3937_p2            |         +|   0|  0|   47|          40|          40|
    |e_532_fu_7617_p2           |         +|   0|  0|   47|          40|          40|
    |e_535_fu_7640_p2           |         +|   0|  0|   47|          40|          40|
    |e_538_fu_7663_p2           |         +|   0|  0|   47|          40|          40|
    |e_541_fu_7686_p2           |         +|   0|  0|   47|          40|          40|
    |e_544_fu_7709_p2           |         +|   0|  0|   47|          40|          40|
    |e_547_fu_7732_p2           |         +|   0|  0|   47|          40|          40|
    |e_550_fu_7755_p2           |         +|   0|  0|   47|          40|          40|
    |e_553_fu_7778_p2           |         +|   0|  0|   47|          40|          40|
    |e_556_fu_7801_p2           |         +|   0|  0|   47|          40|          40|
    |e_559_fu_7824_p2           |         +|   0|  0|   47|          40|          40|
    |e_55_fu_3960_p2            |         +|   0|  0|   47|          40|          40|
    |e_562_fu_7847_p2           |         +|   0|  0|   47|          40|          40|
    |e_565_fu_7870_p2           |         +|   0|  0|   47|          40|          40|
    |e_568_fu_7893_p2           |         +|   0|  0|   47|          40|          40|
    |e_571_fu_7916_p2           |         +|   0|  0|   47|          40|          40|
    |e_574_fu_7939_p2           |         +|   0|  0|   47|          40|          40|
    |e_577_fu_7962_p2           |         +|   0|  0|   47|          40|          40|
    |e_580_fu_7985_p2           |         +|   0|  0|   47|          40|          40|
    |e_583_fu_8008_p2           |         +|   0|  0|   47|          40|          40|
    |e_586_fu_8031_p2           |         +|   0|  0|   47|          40|          40|
    |e_589_fu_8054_p2           |         +|   0|  0|   47|          40|          40|
    |e_58_fu_3983_p2            |         +|   0|  0|   47|          40|          40|
    |e_592_fu_8077_p2           |         +|   0|  0|   47|          40|          40|
    |e_595_fu_8100_p2           |         +|   0|  0|   47|          40|          40|
    |e_598_fu_8123_p2           |         +|   0|  0|   47|          40|          40|
    |e_601_fu_8146_p2           |         +|   0|  0|   47|          40|          40|
    |e_604_fu_8169_p2           |         +|   0|  0|   47|          40|          40|
    |e_607_fu_8192_p2           |         +|   0|  0|   47|          40|          40|
    |e_610_fu_8215_p2           |         +|   0|  0|   47|          40|          40|
    |e_613_fu_8238_p2           |         +|   0|  0|   47|          40|          40|
    |e_616_fu_8261_p2           |         +|   0|  0|   47|          40|          40|
    |e_619_fu_8284_p2           |         +|   0|  0|   47|          40|          40|
    |e_61_fu_4006_p2            |         +|   0|  0|   47|          40|          40|
    |e_622_fu_8307_p2           |         +|   0|  0|   47|          40|          40|
    |e_625_fu_8330_p2           |         +|   0|  0|   47|          40|          40|
    |e_628_fu_8353_p2           |         +|   0|  0|   47|          40|          40|
    |e_631_fu_8376_p2           |         +|   0|  0|   47|          40|          40|
    |e_634_fu_8399_p2           |         +|   0|  0|   47|          40|          40|
    |e_637_fu_8422_p2           |         +|   0|  0|   47|          40|          40|
    |e_640_fu_8445_p2           |         +|   0|  0|   47|          40|          40|
    |e_643_fu_8468_p2           |         +|   0|  0|   47|          40|          40|
    |e_646_fu_8491_p2           |         +|   0|  0|   47|          40|          40|
    |e_649_fu_8514_p2           |         +|   0|  0|   47|          40|          40|
    |e_64_fu_4029_p2            |         +|   0|  0|   47|          40|          40|
    |e_652_fu_8537_p2           |         +|   0|  0|   47|          40|          40|
    |e_655_fu_8560_p2           |         +|   0|  0|   47|          40|          40|
    |e_658_fu_8583_p2           |         +|   0|  0|   47|          40|          40|
    |e_661_fu_8606_p2           |         +|   0|  0|   47|          40|          40|
    |e_664_fu_8629_p2           |         +|   0|  0|   47|          40|          40|
    |e_667_fu_8652_p2           |         +|   0|  0|   47|          40|          40|
    |e_670_fu_8675_p2           |         +|   0|  0|   47|          40|          40|
    |e_673_fu_8698_p2           |         +|   0|  0|   47|          40|          40|
    |e_676_fu_8721_p2           |         +|   0|  0|   47|          40|          40|
    |e_679_fu_8744_p2           |         +|   0|  0|   47|          40|          40|
    |e_67_fu_4052_p2            |         +|   0|  0|   47|          40|          40|
    |e_682_fu_8767_p2           |         +|   0|  0|   47|          40|          40|
    |e_685_fu_8790_p2           |         +|   0|  0|   47|          40|          40|
    |e_688_fu_8813_p2           |         +|   0|  0|   47|          40|          40|
    |e_691_fu_8836_p2           |         +|   0|  0|   47|          40|          40|
    |e_694_fu_8859_p2           |         +|   0|  0|   47|          40|          40|
    |e_697_fu_8882_p2           |         +|   0|  0|   47|          40|          40|
    |e_700_fu_8905_p2           |         +|   0|  0|   47|          40|          40|
    |e_703_fu_8928_p2           |         +|   0|  0|   47|          40|          40|
    |e_706_fu_8951_p2           |         +|   0|  0|   47|          40|          40|
    |e_709_fu_8974_p2           |         +|   0|  0|   47|          40|          40|
    |e_70_fu_4075_p2            |         +|   0|  0|   47|          40|          40|
    |e_712_fu_8997_p2           |         +|   0|  0|   47|          40|          40|
    |e_715_fu_9020_p2           |         +|   0|  0|   47|          40|          40|
    |e_718_fu_9043_p2           |         +|   0|  0|   47|          40|          40|
    |e_721_fu_9066_p2           |         +|   0|  0|   47|          40|          40|
    |e_724_fu_9089_p2           |         +|   0|  0|   47|          40|          40|
    |e_727_fu_9112_p2           |         +|   0|  0|   47|          40|          40|
    |e_730_fu_9135_p2           |         +|   0|  0|   47|          40|          40|
    |e_733_fu_9158_p2           |         +|   0|  0|   47|          40|          40|
    |e_736_fu_9181_p2           |         +|   0|  0|   47|          40|          40|
    |e_739_fu_9204_p2           |         +|   0|  0|   47|          40|          40|
    |e_73_fu_4098_p2            |         +|   0|  0|   47|          40|          40|
    |e_742_fu_9227_p2           |         +|   0|  0|   47|          40|          40|
    |e_745_fu_9250_p2           |         +|   0|  0|   47|          40|          40|
    |e_748_fu_9273_p2           |         +|   0|  0|   47|          40|          40|
    |e_751_fu_9296_p2           |         +|   0|  0|   47|          40|          40|
    |e_754_fu_9319_p2           |         +|   0|  0|   47|          40|          40|
    |e_757_fu_9342_p2           |         +|   0|  0|   47|          40|          40|
    |e_760_fu_9365_p2           |         +|   0|  0|   47|          40|          40|
    |e_763_fu_9388_p2           |         +|   0|  0|   47|          40|          40|
    |e_766_fu_9411_p2           |         +|   0|  0|   47|          40|          40|
    |e_769_fu_9434_p2           |         +|   0|  0|   47|          40|          40|
    |e_76_fu_4121_p2            |         +|   0|  0|   47|          40|          40|
    |e_772_fu_9457_p2           |         +|   0|  0|   47|          40|          40|
    |e_775_fu_9480_p2           |         +|   0|  0|   47|          40|          40|
    |e_778_fu_9503_p2           |         +|   0|  0|   47|          40|          40|
    |e_781_fu_9526_p2           |         +|   0|  0|   47|          40|          40|
    |e_784_fu_9549_p2           |         +|   0|  0|   47|          40|          40|
    |e_787_fu_9572_p2           |         +|   0|  0|   47|          40|          40|
    |e_790_fu_9595_p2           |         +|   0|  0|   47|          40|          40|
    |e_793_fu_9618_p2           |         +|   0|  0|   47|          40|          40|
    |e_796_fu_9641_p2           |         +|   0|  0|   47|          40|          40|
    |e_799_fu_9664_p2           |         +|   0|  0|   47|          40|          40|
    |e_79_fu_4144_p2            |         +|   0|  0|   47|          40|          40|
    |e_7_fu_3592_p2             |         +|   0|  0|   47|          40|          40|
    |e_802_fu_9687_p2           |         +|   0|  0|   47|          40|          40|
    |e_805_fu_9710_p2           |         +|   0|  0|   47|          40|          40|
    |e_808_fu_9733_p2           |         +|   0|  0|   47|          40|          40|
    |e_811_fu_9756_p2           |         +|   0|  0|   47|          40|          40|
    |e_814_fu_9779_p2           |         +|   0|  0|   47|          40|          40|
    |e_817_fu_9802_p2           |         +|   0|  0|   47|          40|          40|
    |e_820_fu_9825_p2           |         +|   0|  0|   47|          40|          40|
    |e_823_fu_9848_p2           |         +|   0|  0|   47|          40|          40|
    |e_826_fu_9871_p2           |         +|   0|  0|   47|          40|          40|
    |e_829_fu_9894_p2           |         +|   0|  0|   47|          40|          40|
    |e_82_fu_4167_p2            |         +|   0|  0|   47|          40|          40|
    |e_832_fu_9917_p2           |         +|   0|  0|   47|          40|          40|
    |e_835_fu_9940_p2           |         +|   0|  0|   47|          40|          40|
    |e_838_fu_9963_p2           |         +|   0|  0|   47|          40|          40|
    |e_841_fu_9986_p2           |         +|   0|  0|   47|          40|          40|
    |e_844_fu_10009_p2          |         +|   0|  0|   47|          40|          40|
    |e_847_fu_10032_p2          |         +|   0|  0|   47|          40|          40|
    |e_850_fu_10055_p2          |         +|   0|  0|   47|          40|          40|
    |e_853_fu_10078_p2          |         +|   0|  0|   47|          40|          40|
    |e_856_fu_10101_p2          |         +|   0|  0|   47|          40|          40|
    |e_859_fu_10124_p2          |         +|   0|  0|   47|          40|          40|
    |e_85_fu_4190_p2            |         +|   0|  0|   47|          40|          40|
    |e_862_fu_10147_p2          |         +|   0|  0|   47|          40|          40|
    |e_865_fu_10170_p2          |         +|   0|  0|   47|          40|          40|
    |e_868_fu_10193_p2          |         +|   0|  0|   47|          40|          40|
    |e_871_fu_10216_p2          |         +|   0|  0|   47|          40|          40|
    |e_874_fu_10239_p2          |         +|   0|  0|   47|          40|          40|
    |e_877_fu_10262_p2          |         +|   0|  0|   47|          40|          40|
    |e_880_fu_10285_p2          |         +|   0|  0|   47|          40|          40|
    |e_883_fu_10308_p2          |         +|   0|  0|   47|          40|          40|
    |e_886_fu_10331_p2          |         +|   0|  0|   47|          40|          40|
    |e_889_fu_10354_p2          |         +|   0|  0|   47|          40|          40|
    |e_88_fu_4213_p2            |         +|   0|  0|   47|          40|          40|
    |e_892_fu_10377_p2          |         +|   0|  0|   47|          40|          40|
    |e_895_fu_10400_p2          |         +|   0|  0|   47|          40|          40|
    |e_898_fu_10423_p2          |         +|   0|  0|   47|          40|          40|
    |e_901_fu_10446_p2          |         +|   0|  0|   47|          40|          40|
    |e_904_fu_10469_p2          |         +|   0|  0|   47|          40|          40|
    |e_907_fu_10492_p2          |         +|   0|  0|   47|          40|          40|
    |e_910_fu_10515_p2          |         +|   0|  0|   47|          40|          40|
    |e_913_fu_10538_p2          |         +|   0|  0|   47|          40|          40|
    |e_916_fu_10561_p2          |         +|   0|  0|   47|          40|          40|
    |e_919_fu_10584_p2          |         +|   0|  0|   47|          40|          40|
    |e_91_fu_4236_p2            |         +|   0|  0|   47|          40|          40|
    |e_922_fu_10607_p2          |         +|   0|  0|   47|          40|          40|
    |e_925_fu_10630_p2          |         +|   0|  0|   47|          40|          40|
    |e_928_fu_10653_p2          |         +|   0|  0|   47|          40|          40|
    |e_931_fu_10676_p2          |         +|   0|  0|   47|          40|          40|
    |e_934_fu_10699_p2          |         +|   0|  0|   47|          40|          40|
    |e_937_fu_10722_p2          |         +|   0|  0|   47|          40|          40|
    |e_940_fu_10745_p2          |         +|   0|  0|   47|          40|          40|
    |e_943_fu_10768_p2          |         +|   0|  0|   47|          40|          40|
    |e_946_fu_10791_p2          |         +|   0|  0|   47|          40|          40|
    |e_949_fu_10814_p2          |         +|   0|  0|   47|          40|          40|
    |e_94_fu_4259_p2            |         +|   0|  0|   47|          40|          40|
    |e_952_fu_10837_p2          |         +|   0|  0|   47|          40|          40|
    |e_955_fu_10860_p2          |         +|   0|  0|   47|          40|          40|
    |e_958_fu_10883_p2          |         +|   0|  0|   47|          40|          40|
    |e_961_fu_10906_p2          |         +|   0|  0|   47|          40|          40|
    |e_964_fu_10929_p2          |         +|   0|  0|   47|          40|          40|
    |e_967_fu_10952_p2          |         +|   0|  0|   47|          40|          40|
    |e_970_fu_10975_p2          |         +|   0|  0|   47|          40|          40|
    |e_973_fu_10998_p2          |         +|   0|  0|   47|          40|          40|
    |e_97_fu_4282_p2            |         +|   0|  0|   47|          40|          40|
    |e_102_fu_4323_p2           |         -|   0|  0|   47|          40|          40|
    |e_105_fu_4345_p2           |         -|   0|  0|   47|          40|          40|
    |e_108_fu_4369_p2           |         -|   0|  0|   47|          40|          40|
    |e_111_fu_4391_p2           |         -|   0|  0|   47|          40|          40|
    |e_114_fu_4415_p2           |         -|   0|  0|   47|          40|          40|
    |e_117_fu_4437_p2           |         -|   0|  0|   47|          40|          40|
    |e_120_fu_4461_p2           |         -|   0|  0|   47|          40|          40|
    |e_123_fu_4483_p2           |         -|   0|  0|   47|          40|          40|
    |e_126_fu_4507_p2           |         -|   0|  0|   47|          40|          40|
    |e_129_fu_4529_p2           |         -|   0|  0|   47|          40|          40|
    |e_12_fu_3633_p2            |         -|   0|  0|   47|          40|          40|
    |e_132_fu_4553_p2           |         -|   0|  0|   47|          40|          40|
    |e_135_fu_4575_p2           |         -|   0|  0|   47|          40|          40|
    |e_138_fu_4599_p2           |         -|   0|  0|   47|          40|          40|
    |e_141_fu_4621_p2           |         -|   0|  0|   47|          40|          40|
    |e_144_fu_4645_p2           |         -|   0|  0|   47|          40|          40|
    |e_147_fu_4667_p2           |         -|   0|  0|   47|          40|          40|
    |e_150_fu_4691_p2           |         -|   0|  0|   47|          40|          40|
    |e_153_fu_4713_p2           |         -|   0|  0|   47|          40|          40|
    |e_156_fu_4737_p2           |         -|   0|  0|   47|          40|          40|
    |e_159_fu_4759_p2           |         -|   0|  0|   47|          40|          40|
    |e_15_fu_3655_p2            |         -|   0|  0|   47|          40|          40|
    |e_162_fu_4783_p2           |         -|   0|  0|   47|          40|          40|
    |e_165_fu_4805_p2           |         -|   0|  0|   47|          40|          40|
    |e_168_fu_4829_p2           |         -|   0|  0|   47|          40|          40|
    |e_171_fu_4851_p2           |         -|   0|  0|   47|          40|          40|
    |e_174_fu_4875_p2           |         -|   0|  0|   47|          40|          40|
    |e_177_fu_4897_p2           |         -|   0|  0|   47|          40|          40|
    |e_180_fu_4921_p2           |         -|   0|  0|   47|          40|          40|
    |e_183_fu_4943_p2           |         -|   0|  0|   47|          40|          40|
    |e_186_fu_4967_p2           |         -|   0|  0|   47|          40|          40|
    |e_189_fu_4989_p2           |         -|   0|  0|   47|          40|          40|
    |e_18_fu_3679_p2            |         -|   0|  0|   47|          40|          40|
    |e_192_fu_5013_p2           |         -|   0|  0|   47|          40|          40|
    |e_195_fu_5035_p2           |         -|   0|  0|   47|          40|          40|
    |e_198_fu_5059_p2           |         -|   0|  0|   47|          40|          40|
    |e_1_fu_3546_p2             |         -|   0|  0|   47|          40|          40|
    |e_201_fu_5081_p2           |         -|   0|  0|   47|          40|          40|
    |e_204_fu_5105_p2           |         -|   0|  0|   47|          40|          40|
    |e_207_fu_5127_p2           |         -|   0|  0|   47|          40|          40|
    |e_210_fu_5151_p2           |         -|   0|  0|   47|          40|          40|
    |e_213_fu_5173_p2           |         -|   0|  0|   47|          40|          40|
    |e_216_fu_5197_p2           |         -|   0|  0|   47|          40|          40|
    |e_219_fu_5219_p2           |         -|   0|  0|   47|          40|          40|
    |e_21_fu_3701_p2            |         -|   0|  0|   47|          40|          40|
    |e_222_fu_5243_p2           |         -|   0|  0|   47|          40|          40|
    |e_225_fu_5265_p2           |         -|   0|  0|   47|          40|          40|
    |e_228_fu_5289_p2           |         -|   0|  0|   47|          40|          40|
    |e_231_fu_5311_p2           |         -|   0|  0|   47|          40|          40|
    |e_234_fu_5335_p2           |         -|   0|  0|   47|          40|          40|
    |e_237_fu_5357_p2           |         -|   0|  0|   47|          40|          40|
    |e_240_fu_5381_p2           |         -|   0|  0|   47|          40|          40|
    |e_243_fu_5403_p2           |         -|   0|  0|   47|          40|          40|
    |e_246_fu_5427_p2           |         -|   0|  0|   47|          40|          40|
    |e_249_fu_5449_p2           |         -|   0|  0|   47|          40|          40|
    |e_24_fu_3725_p2            |         -|   0|  0|   47|          40|          40|
    |e_252_fu_5473_p2           |         -|   0|  0|   47|          40|          40|
    |e_255_fu_5495_p2           |         -|   0|  0|   47|          40|          40|
    |e_258_fu_5519_p2           |         -|   0|  0|   47|          40|          40|
    |e_261_fu_5541_p2           |         -|   0|  0|   47|          40|          40|
    |e_264_fu_5565_p2           |         -|   0|  0|   47|          40|          40|
    |e_267_fu_5587_p2           |         -|   0|  0|   47|          40|          40|
    |e_270_fu_5611_p2           |         -|   0|  0|   47|          40|          40|
    |e_273_fu_5633_p2           |         -|   0|  0|   47|          40|          40|
    |e_276_fu_5657_p2           |         -|   0|  0|   47|          40|          40|
    |e_279_fu_5679_p2           |         -|   0|  0|   47|          40|          40|
    |e_27_fu_3747_p2            |         -|   0|  0|   47|          40|          40|
    |e_282_fu_5703_p2           |         -|   0|  0|   47|          40|          40|
    |e_285_fu_5725_p2           |         -|   0|  0|   47|          40|          40|
    |e_288_fu_5749_p2           |         -|   0|  0|   47|          40|          40|
    |e_291_fu_5771_p2           |         -|   0|  0|   47|          40|          40|
    |e_294_fu_5795_p2           |         -|   0|  0|   47|          40|          40|
    |e_297_fu_5817_p2           |         -|   0|  0|   47|          40|          40|
    |e_300_fu_5841_p2           |         -|   0|  0|   47|          40|          40|
    |e_303_fu_5863_p2           |         -|   0|  0|   47|          40|          40|
    |e_306_fu_5887_p2           |         -|   0|  0|   47|          40|          40|
    |e_309_fu_5909_p2           |         -|   0|  0|   47|          40|          40|
    |e_30_fu_3771_p2            |         -|   0|  0|   47|          40|          40|
    |e_312_fu_5933_p2           |         -|   0|  0|   47|          40|          40|
    |e_315_fu_5955_p2           |         -|   0|  0|   47|          40|          40|
    |e_318_fu_5979_p2           |         -|   0|  0|   47|          40|          40|
    |e_321_fu_6001_p2           |         -|   0|  0|   47|          40|          40|
    |e_324_fu_6025_p2           |         -|   0|  0|   47|          40|          40|
    |e_327_fu_6047_p2           |         -|   0|  0|   47|          40|          40|
    |e_330_fu_6071_p2           |         -|   0|  0|   47|          40|          40|
    |e_333_fu_6093_p2           |         -|   0|  0|   47|          40|          40|
    |e_336_fu_6117_p2           |         -|   0|  0|   47|          40|          40|
    |e_339_fu_6139_p2           |         -|   0|  0|   47|          40|          40|
    |e_33_fu_3793_p2            |         -|   0|  0|   47|          40|          40|
    |e_342_fu_6163_p2           |         -|   0|  0|   47|          40|          40|
    |e_345_fu_6185_p2           |         -|   0|  0|   47|          40|          40|
    |e_348_fu_6209_p2           |         -|   0|  0|   47|          40|          40|
    |e_351_fu_6231_p2           |         -|   0|  0|   47|          40|          40|
    |e_354_fu_6255_p2           |         -|   0|  0|   47|          40|          40|
    |e_357_fu_6277_p2           |         -|   0|  0|   47|          40|          40|
    |e_360_fu_6301_p2           |         -|   0|  0|   47|          40|          40|
    |e_363_fu_6323_p2           |         -|   0|  0|   47|          40|          40|
    |e_366_fu_6347_p2           |         -|   0|  0|   47|          40|          40|
    |e_369_fu_6369_p2           |         -|   0|  0|   47|          40|          40|
    |e_36_fu_3817_p2            |         -|   0|  0|   47|          40|          40|
    |e_372_fu_6393_p2           |         -|   0|  0|   47|          40|          40|
    |e_375_fu_6415_p2           |         -|   0|  0|   47|          40|          40|
    |e_378_fu_6439_p2           |         -|   0|  0|   47|          40|          40|
    |e_381_fu_6461_p2           |         -|   0|  0|   47|          40|          40|
    |e_384_fu_6485_p2           |         -|   0|  0|   47|          40|          40|
    |e_387_fu_6507_p2           |         -|   0|  0|   47|          40|          40|
    |e_390_fu_6531_p2           |         -|   0|  0|   47|          40|          40|
    |e_393_fu_6553_p2           |         -|   0|  0|   47|          40|          40|
    |e_396_fu_6577_p2           |         -|   0|  0|   47|          40|          40|
    |e_399_fu_6599_p2           |         -|   0|  0|   47|          40|          40|
    |e_39_fu_3839_p2            |         -|   0|  0|   47|          40|          40|
    |e_3_fu_3563_p2             |         -|   0|  0|   47|          40|          40|
    |e_402_fu_6623_p2           |         -|   0|  0|   47|          40|          40|
    |e_405_fu_6645_p2           |         -|   0|  0|   47|          40|          40|
    |e_408_fu_6669_p2           |         -|   0|  0|   47|          40|          40|
    |e_411_fu_6691_p2           |         -|   0|  0|   47|          40|          40|
    |e_414_fu_6715_p2           |         -|   0|  0|   47|          40|          40|
    |e_417_fu_6737_p2           |         -|   0|  0|   47|          40|          40|
    |e_420_fu_6761_p2           |         -|   0|  0|   47|          40|          40|
    |e_423_fu_6783_p2           |         -|   0|  0|   47|          40|          40|
    |e_426_fu_6807_p2           |         -|   0|  0|   47|          40|          40|
    |e_429_fu_6829_p2           |         -|   0|  0|   47|          40|          40|
    |e_42_fu_3863_p2            |         -|   0|  0|   47|          40|          40|
    |e_432_fu_6853_p2           |         -|   0|  0|   47|          40|          40|
    |e_435_fu_6875_p2           |         -|   0|  0|   47|          40|          40|
    |e_438_fu_6899_p2           |         -|   0|  0|   47|          40|          40|
    |e_441_fu_6921_p2           |         -|   0|  0|   47|          40|          40|
    |e_444_fu_6945_p2           |         -|   0|  0|   47|          40|          40|
    |e_447_fu_6967_p2           |         -|   0|  0|   47|          40|          40|
    |e_450_fu_6991_p2           |         -|   0|  0|   47|          40|          40|
    |e_453_fu_7013_p2           |         -|   0|  0|   47|          40|          40|
    |e_456_fu_7037_p2           |         -|   0|  0|   47|          40|          40|
    |e_459_fu_7059_p2           |         -|   0|  0|   47|          40|          40|
    |e_45_fu_3885_p2            |         -|   0|  0|   47|          40|          40|
    |e_462_fu_7083_p2           |         -|   0|  0|   47|          40|          40|
    |e_465_fu_7105_p2           |         -|   0|  0|   47|          40|          40|
    |e_468_fu_7129_p2           |         -|   0|  0|   47|          40|          40|
    |e_471_fu_7151_p2           |         -|   0|  0|   47|          40|          40|
    |e_474_fu_7175_p2           |         -|   0|  0|   47|          40|          40|
    |e_477_fu_7197_p2           |         -|   0|  0|   47|          40|          40|
    |e_480_fu_7221_p2           |         -|   0|  0|   47|          40|          40|
    |e_483_fu_7243_p2           |         -|   0|  0|   47|          40|          40|
    |e_486_fu_7267_p2           |         -|   0|  0|   47|          40|          40|
    |e_489_fu_7289_p2           |         -|   0|  0|   47|          40|          40|
    |e_48_fu_3909_p2            |         -|   0|  0|   47|          40|          40|
    |e_492_fu_7313_p2           |         -|   0|  0|   47|          40|          40|
    |e_495_fu_7335_p2           |         -|   0|  0|   47|          40|          40|
    |e_498_fu_7359_p2           |         -|   0|  0|   47|          40|          40|
    |e_501_fu_7381_p2           |         -|   0|  0|   47|          40|          40|
    |e_504_fu_7405_p2           |         -|   0|  0|   47|          40|          40|
    |e_507_fu_7427_p2           |         -|   0|  0|   47|          40|          40|
    |e_510_fu_7451_p2           |         -|   0|  0|   47|          40|          40|
    |e_513_fu_7473_p2           |         -|   0|  0|   47|          40|          40|
    |e_516_fu_7497_p2           |         -|   0|  0|   47|          40|          40|
    |e_519_fu_7519_p2           |         -|   0|  0|   47|          40|          40|
    |e_51_fu_3931_p2            |         -|   0|  0|   47|          40|          40|
    |e_522_fu_7543_p2           |         -|   0|  0|   47|          40|          40|
    |e_525_fu_7565_p2           |         -|   0|  0|   47|          40|          40|
    |e_528_fu_7589_p2           |         -|   0|  0|   47|          40|          40|
    |e_531_fu_7611_p2           |         -|   0|  0|   47|          40|          40|
    |e_534_fu_7635_p2           |         -|   0|  0|   47|          40|          40|
    |e_537_fu_7657_p2           |         -|   0|  0|   47|          40|          40|
    |e_540_fu_7681_p2           |         -|   0|  0|   47|          40|          40|
    |e_543_fu_7703_p2           |         -|   0|  0|   47|          40|          40|
    |e_546_fu_7727_p2           |         -|   0|  0|   47|          40|          40|
    |e_549_fu_7749_p2           |         -|   0|  0|   47|          40|          40|
    |e_54_fu_3955_p2            |         -|   0|  0|   47|          40|          40|
    |e_552_fu_7773_p2           |         -|   0|  0|   47|          40|          40|
    |e_555_fu_7795_p2           |         -|   0|  0|   47|          40|          40|
    |e_558_fu_7819_p2           |         -|   0|  0|   47|          40|          40|
    |e_561_fu_7841_p2           |         -|   0|  0|   47|          40|          40|
    |e_564_fu_7865_p2           |         -|   0|  0|   47|          40|          40|
    |e_567_fu_7887_p2           |         -|   0|  0|   47|          40|          40|
    |e_570_fu_7911_p2           |         -|   0|  0|   47|          40|          40|
    |e_573_fu_7933_p2           |         -|   0|  0|   47|          40|          40|
    |e_576_fu_7957_p2           |         -|   0|  0|   47|          40|          40|
    |e_579_fu_7979_p2           |         -|   0|  0|   47|          40|          40|
    |e_57_fu_3977_p2            |         -|   0|  0|   47|          40|          40|
    |e_582_fu_8003_p2           |         -|   0|  0|   47|          40|          40|
    |e_585_fu_8025_p2           |         -|   0|  0|   47|          40|          40|
    |e_588_fu_8049_p2           |         -|   0|  0|   47|          40|          40|
    |e_591_fu_8071_p2           |         -|   0|  0|   47|          40|          40|
    |e_594_fu_8095_p2           |         -|   0|  0|   47|          40|          40|
    |e_597_fu_8117_p2           |         -|   0|  0|   47|          40|          40|
    |e_600_fu_8141_p2           |         -|   0|  0|   47|          40|          40|
    |e_603_fu_8163_p2           |         -|   0|  0|   47|          40|          40|
    |e_606_fu_8187_p2           |         -|   0|  0|   47|          40|          40|
    |e_609_fu_8209_p2           |         -|   0|  0|   47|          40|          40|
    |e_60_fu_4001_p2            |         -|   0|  0|   47|          40|          40|
    |e_612_fu_8233_p2           |         -|   0|  0|   47|          40|          40|
    |e_615_fu_8255_p2           |         -|   0|  0|   47|          40|          40|
    |e_618_fu_8279_p2           |         -|   0|  0|   47|          40|          40|
    |e_621_fu_8301_p2           |         -|   0|  0|   47|          40|          40|
    |e_624_fu_8325_p2           |         -|   0|  0|   47|          40|          40|
    |e_627_fu_8347_p2           |         -|   0|  0|   47|          40|          40|
    |e_630_fu_8371_p2           |         -|   0|  0|   47|          40|          40|
    |e_633_fu_8393_p2           |         -|   0|  0|   47|          40|          40|
    |e_636_fu_8417_p2           |         -|   0|  0|   47|          40|          40|
    |e_639_fu_8439_p2           |         -|   0|  0|   47|          40|          40|
    |e_63_fu_4023_p2            |         -|   0|  0|   47|          40|          40|
    |e_642_fu_8463_p2           |         -|   0|  0|   47|          40|          40|
    |e_645_fu_8485_p2           |         -|   0|  0|   47|          40|          40|
    |e_648_fu_8509_p2           |         -|   0|  0|   47|          40|          40|
    |e_651_fu_8531_p2           |         -|   0|  0|   47|          40|          40|
    |e_654_fu_8555_p2           |         -|   0|  0|   47|          40|          40|
    |e_657_fu_8577_p2           |         -|   0|  0|   47|          40|          40|
    |e_660_fu_8601_p2           |         -|   0|  0|   47|          40|          40|
    |e_663_fu_8623_p2           |         -|   0|  0|   47|          40|          40|
    |e_666_fu_8647_p2           |         -|   0|  0|   47|          40|          40|
    |e_669_fu_8669_p2           |         -|   0|  0|   47|          40|          40|
    |e_66_fu_4047_p2            |         -|   0|  0|   47|          40|          40|
    |e_672_fu_8693_p2           |         -|   0|  0|   47|          40|          40|
    |e_675_fu_8715_p2           |         -|   0|  0|   47|          40|          40|
    |e_678_fu_8739_p2           |         -|   0|  0|   47|          40|          40|
    |e_681_fu_8761_p2           |         -|   0|  0|   47|          40|          40|
    |e_684_fu_8785_p2           |         -|   0|  0|   47|          40|          40|
    |e_687_fu_8807_p2           |         -|   0|  0|   47|          40|          40|
    |e_690_fu_8831_p2           |         -|   0|  0|   47|          40|          40|
    |e_693_fu_8853_p2           |         -|   0|  0|   47|          40|          40|
    |e_696_fu_8877_p2           |         -|   0|  0|   47|          40|          40|
    |e_699_fu_8899_p2           |         -|   0|  0|   47|          40|          40|
    |e_69_fu_4069_p2            |         -|   0|  0|   47|          40|          40|
    |e_6_fu_3587_p2             |         -|   0|  0|   47|          40|          40|
    |e_702_fu_8923_p2           |         -|   0|  0|   47|          40|          40|
    |e_705_fu_8945_p2           |         -|   0|  0|   47|          40|          40|
    |e_708_fu_8969_p2           |         -|   0|  0|   47|          40|          40|
    |e_711_fu_8991_p2           |         -|   0|  0|   47|          40|          40|
    |e_714_fu_9015_p2           |         -|   0|  0|   47|          40|          40|
    |e_717_fu_9037_p2           |         -|   0|  0|   47|          40|          40|
    |e_720_fu_9061_p2           |         -|   0|  0|   47|          40|          40|
    |e_723_fu_9083_p2           |         -|   0|  0|   47|          40|          40|
    |e_726_fu_9107_p2           |         -|   0|  0|   47|          40|          40|
    |e_729_fu_9129_p2           |         -|   0|  0|   47|          40|          40|
    |e_72_fu_4093_p2            |         -|   0|  0|   47|          40|          40|
    |e_732_fu_9153_p2           |         -|   0|  0|   47|          40|          40|
    |e_735_fu_9175_p2           |         -|   0|  0|   47|          40|          40|
    |e_738_fu_9199_p2           |         -|   0|  0|   47|          40|          40|
    |e_741_fu_9221_p2           |         -|   0|  0|   47|          40|          40|
    |e_744_fu_9245_p2           |         -|   0|  0|   47|          40|          40|
    |e_747_fu_9267_p2           |         -|   0|  0|   47|          40|          40|
    |e_750_fu_9291_p2           |         -|   0|  0|   47|          40|          40|
    |e_753_fu_9313_p2           |         -|   0|  0|   47|          40|          40|
    |e_756_fu_9337_p2           |         -|   0|  0|   47|          40|          40|
    |e_759_fu_9359_p2           |         -|   0|  0|   47|          40|          40|
    |e_75_fu_4115_p2            |         -|   0|  0|   47|          40|          40|
    |e_762_fu_9383_p2           |         -|   0|  0|   47|          40|          40|
    |e_765_fu_9405_p2           |         -|   0|  0|   47|          40|          40|
    |e_768_fu_9429_p2           |         -|   0|  0|   47|          40|          40|
    |e_771_fu_9451_p2           |         -|   0|  0|   47|          40|          40|
    |e_774_fu_9475_p2           |         -|   0|  0|   47|          40|          40|
    |e_777_fu_9497_p2           |         -|   0|  0|   47|          40|          40|
    |e_780_fu_9521_p2           |         -|   0|  0|   47|          40|          40|
    |e_783_fu_9543_p2           |         -|   0|  0|   47|          40|          40|
    |e_786_fu_9567_p2           |         -|   0|  0|   47|          40|          40|
    |e_789_fu_9589_p2           |         -|   0|  0|   47|          40|          40|
    |e_78_fu_4139_p2            |         -|   0|  0|   47|          40|          40|
    |e_792_fu_9613_p2           |         -|   0|  0|   47|          40|          40|
    |e_795_fu_9635_p2           |         -|   0|  0|   47|          40|          40|
    |e_798_fu_9659_p2           |         -|   0|  0|   47|          40|          40|
    |e_801_fu_9681_p2           |         -|   0|  0|   47|          40|          40|
    |e_804_fu_9705_p2           |         -|   0|  0|   47|          40|          40|
    |e_807_fu_9727_p2           |         -|   0|  0|   47|          40|          40|
    |e_810_fu_9751_p2           |         -|   0|  0|   47|          40|          40|
    |e_813_fu_9773_p2           |         -|   0|  0|   47|          40|          40|
    |e_816_fu_9797_p2           |         -|   0|  0|   47|          40|          40|
    |e_819_fu_9819_p2           |         -|   0|  0|   47|          40|          40|
    |e_81_fu_4161_p2            |         -|   0|  0|   47|          40|          40|
    |e_822_fu_9843_p2           |         -|   0|  0|   47|          40|          40|
    |e_825_fu_9865_p2           |         -|   0|  0|   47|          40|          40|
    |e_828_fu_9889_p2           |         -|   0|  0|   47|          40|          40|
    |e_831_fu_9911_p2           |         -|   0|  0|   47|          40|          40|
    |e_834_fu_9935_p2           |         -|   0|  0|   47|          40|          40|
    |e_837_fu_9957_p2           |         -|   0|  0|   47|          40|          40|
    |e_840_fu_9981_p2           |         -|   0|  0|   47|          40|          40|
    |e_843_fu_10003_p2          |         -|   0|  0|   47|          40|          40|
    |e_846_fu_10027_p2          |         -|   0|  0|   47|          40|          40|
    |e_849_fu_10049_p2          |         -|   0|  0|   47|          40|          40|
    |e_84_fu_4185_p2            |         -|   0|  0|   47|          40|          40|
    |e_852_fu_10073_p2          |         -|   0|  0|   47|          40|          40|
    |e_855_fu_10095_p2          |         -|   0|  0|   47|          40|          40|
    |e_858_fu_10119_p2          |         -|   0|  0|   47|          40|          40|
    |e_861_fu_10141_p2          |         -|   0|  0|   47|          40|          40|
    |e_864_fu_10165_p2          |         -|   0|  0|   47|          40|          40|
    |e_867_fu_10187_p2          |         -|   0|  0|   47|          40|          40|
    |e_870_fu_10211_p2          |         -|   0|  0|   47|          40|          40|
    |e_873_fu_10233_p2          |         -|   0|  0|   47|          40|          40|
    |e_876_fu_10257_p2          |         -|   0|  0|   47|          40|          40|
    |e_879_fu_10279_p2          |         -|   0|  0|   47|          40|          40|
    |e_87_fu_4207_p2            |         -|   0|  0|   47|          40|          40|
    |e_882_fu_10303_p2          |         -|   0|  0|   47|          40|          40|
    |e_885_fu_10325_p2          |         -|   0|  0|   47|          40|          40|
    |e_888_fu_10349_p2          |         -|   0|  0|   47|          40|          40|
    |e_891_fu_10371_p2          |         -|   0|  0|   47|          40|          40|
    |e_894_fu_10395_p2          |         -|   0|  0|   47|          40|          40|
    |e_897_fu_10417_p2          |         -|   0|  0|   47|          40|          40|
    |e_900_fu_10441_p2          |         -|   0|  0|   47|          40|          40|
    |e_903_fu_10463_p2          |         -|   0|  0|   47|          40|          40|
    |e_906_fu_10487_p2          |         -|   0|  0|   47|          40|          40|
    |e_909_fu_10509_p2          |         -|   0|  0|   47|          40|          40|
    |e_90_fu_4231_p2            |         -|   0|  0|   47|          40|          40|
    |e_912_fu_10533_p2          |         -|   0|  0|   47|          40|          40|
    |e_915_fu_10555_p2          |         -|   0|  0|   47|          40|          40|
    |e_918_fu_10579_p2          |         -|   0|  0|   47|          40|          40|
    |e_921_fu_10601_p2          |         -|   0|  0|   47|          40|          40|
    |e_924_fu_10625_p2          |         -|   0|  0|   47|          40|          40|
    |e_927_fu_10647_p2          |         -|   0|  0|   47|          40|          40|
    |e_930_fu_10671_p2          |         -|   0|  0|   47|          40|          40|
    |e_933_fu_10693_p2          |         -|   0|  0|   47|          40|          40|
    |e_936_fu_10717_p2          |         -|   0|  0|   47|          40|          40|
    |e_939_fu_10739_p2          |         -|   0|  0|   47|          40|          40|
    |e_93_fu_4253_p2            |         -|   0|  0|   47|          40|          40|
    |e_942_fu_10763_p2          |         -|   0|  0|   47|          40|          40|
    |e_945_fu_10785_p2          |         -|   0|  0|   47|          40|          40|
    |e_948_fu_10809_p2          |         -|   0|  0|   47|          40|          40|
    |e_951_fu_10831_p2          |         -|   0|  0|   47|          40|          40|
    |e_954_fu_10855_p2          |         -|   0|  0|   47|          40|          40|
    |e_957_fu_10877_p2          |         -|   0|  0|   47|          40|          40|
    |e_960_fu_10901_p2          |         -|   0|  0|   47|          40|          40|
    |e_963_fu_10923_p2          |         -|   0|  0|   47|          40|          40|
    |e_966_fu_10947_p2          |         -|   0|  0|   47|          40|          40|
    |e_969_fu_10969_p2          |         -|   0|  0|   47|          40|          40|
    |e_96_fu_4277_p2            |         -|   0|  0|   47|          40|          40|
    |e_972_fu_10993_p2          |         -|   0|  0|   47|          40|          40|
    |e_99_fu_4299_p2            |         -|   0|  0|   47|          40|          40|
    |e_9_fu_3609_p2             |         -|   0|  0|   47|          40|          40|
    |e_fu_3540_p2               |         -|   0|  0|   40|           1|          40|
    |out_fu_11011_p2            |         -|   0|  0|   47|          40|          40|
    |sub_ln42_10_fu_3030_p2     |         -|   0|  0|   47|           1|          40|
    |sub_ln42_11_fu_3238_p2     |         -|   0|  0|   47|           1|          40|
    |sub_ln42_12_fu_3252_p2     |         -|   0|  0|   47|           1|          40|
    |sub_ln42_13_fu_3266_p2     |         -|   0|  0|   47|           1|          40|
    |sub_ln42_14_fu_3280_p2     |         -|   0|  0|   47|           1|          40|
    |sub_ln42_15_fu_3294_p2     |         -|   0|  0|   47|           1|          40|
    |sub_ln42_16_fu_3044_p2     |         -|   0|  0|   47|           1|          40|
    |sub_ln42_17_fu_3058_p2     |         -|   0|  0|   47|           1|          40|
    |sub_ln42_18_fu_3308_p2     |         -|   0|  0|   47|           1|          40|
    |sub_ln42_19_fu_3322_p2     |         -|   0|  0|   47|           1|          40|
    |sub_ln42_1_fu_3112_p2      |         -|   0|  0|   47|           1|          40|
    |sub_ln42_20_fu_3336_p2     |         -|   0|  0|   47|           1|          40|
    |sub_ln42_21_fu_3350_p2     |         -|   0|  0|   47|           1|          40|
    |sub_ln42_22_fu_3364_p2     |         -|   0|  0|   47|           1|          40|
    |sub_ln42_23_fu_3378_p2     |         -|   0|  0|   47|           1|          40|
    |sub_ln42_24_fu_3392_p2     |         -|   0|  0|   47|           1|          40|
    |sub_ln42_25_fu_3072_p2     |         -|   0|  0|   47|           1|          40|
    |sub_ln42_2_fu_3126_p2      |         -|   0|  0|   47|           1|          40|
    |sub_ln42_3_fu_3140_p2      |         -|   0|  0|   47|           1|          40|
    |sub_ln42_4_fu_3154_p2      |         -|   0|  0|   47|           1|          40|
    |sub_ln42_5_fu_3168_p2      |         -|   0|  0|   47|           1|          40|
    |sub_ln42_6_fu_3182_p2      |         -|   0|  0|   47|           1|          40|
    |sub_ln42_7_fu_3196_p2      |         -|   0|  0|   47|           1|          40|
    |sub_ln42_8_fu_3210_p2      |         -|   0|  0|   47|           1|          40|
    |sub_ln42_9_fu_3224_p2      |         -|   0|  0|   47|           1|          40|
    |sub_ln42_fu_3098_p2        |         -|   0|  0|   47|           1|          40|
    |e_101_fu_4311_p3           |    select|   0|  0|   40|           1|          40|
    |e_104_fu_4333_p3           |    select|   0|  0|   40|           1|          40|
    |e_107_fu_4357_p3           |    select|   0|  0|   40|           1|          40|
    |e_110_fu_4379_p3           |    select|   0|  0|   40|           1|          40|
    |e_113_fu_4403_p3           |    select|   0|  0|   40|           1|          40|
    |e_116_fu_4425_p3           |    select|   0|  0|   40|           1|          40|
    |e_119_fu_4449_p3           |    select|   0|  0|   40|           1|          40|
    |e_11_fu_3621_p3            |    select|   0|  0|   40|           1|          40|
    |e_122_fu_4471_p3           |    select|   0|  0|   40|           1|          40|
    |e_125_fu_4495_p3           |    select|   0|  0|   40|           1|          40|
    |e_128_fu_4517_p3           |    select|   0|  0|   40|           1|          40|
    |e_131_fu_4541_p3           |    select|   0|  0|   40|           1|          40|
    |e_134_fu_4563_p3           |    select|   0|  0|   40|           1|          40|
    |e_137_fu_4587_p3           |    select|   0|  0|   40|           1|          40|
    |e_140_fu_4609_p3           |    select|   0|  0|   40|           1|          40|
    |e_143_fu_4633_p3           |    select|   0|  0|   40|           1|          40|
    |e_146_fu_4655_p3           |    select|   0|  0|   40|           1|          40|
    |e_149_fu_4679_p3           |    select|   0|  0|   40|           1|          40|
    |e_14_fu_3643_p3            |    select|   0|  0|   40|           1|          40|
    |e_152_fu_4701_p3           |    select|   0|  0|   40|           1|          40|
    |e_155_fu_4725_p3           |    select|   0|  0|   40|           1|          40|
    |e_158_fu_4747_p3           |    select|   0|  0|   40|           1|          40|
    |e_161_fu_4771_p3           |    select|   0|  0|   40|           1|          40|
    |e_164_fu_4793_p3           |    select|   0|  0|   40|           1|          40|
    |e_167_fu_4817_p3           |    select|   0|  0|   40|           1|          40|
    |e_170_fu_4839_p3           |    select|   0|  0|   40|           1|          40|
    |e_173_fu_4863_p3           |    select|   0|  0|   40|           1|          40|
    |e_176_fu_4885_p3           |    select|   0|  0|   40|           1|          40|
    |e_179_fu_4909_p3           |    select|   0|  0|   40|           1|          40|
    |e_17_fu_3667_p3            |    select|   0|  0|   40|           1|          40|
    |e_182_fu_4931_p3           |    select|   0|  0|   40|           1|          40|
    |e_185_fu_4955_p3           |    select|   0|  0|   40|           1|          40|
    |e_188_fu_4977_p3           |    select|   0|  0|   40|           1|          40|
    |e_191_fu_5001_p3           |    select|   0|  0|   40|           1|          40|
    |e_194_fu_5023_p3           |    select|   0|  0|   40|           1|          40|
    |e_197_fu_5047_p3           |    select|   0|  0|   40|           1|          40|
    |e_200_fu_5069_p3           |    select|   0|  0|   40|           1|          40|
    |e_203_fu_5093_p3           |    select|   0|  0|   40|           1|          40|
    |e_206_fu_5115_p3           |    select|   0|  0|   40|           1|          40|
    |e_209_fu_5139_p3           |    select|   0|  0|   40|           1|          40|
    |e_20_fu_3689_p3            |    select|   0|  0|   40|           1|          40|
    |e_212_fu_5161_p3           |    select|   0|  0|   40|           1|          40|
    |e_215_fu_5185_p3           |    select|   0|  0|   40|           1|          40|
    |e_218_fu_5207_p3           |    select|   0|  0|   40|           1|          40|
    |e_221_fu_5231_p3           |    select|   0|  0|   40|           1|          40|
    |e_224_fu_5253_p3           |    select|   0|  0|   40|           1|          40|
    |e_227_fu_5277_p3           |    select|   0|  0|   40|           1|          40|
    |e_230_fu_5299_p3           |    select|   0|  0|   40|           1|          40|
    |e_233_fu_5323_p3           |    select|   0|  0|   40|           1|          40|
    |e_236_fu_5345_p3           |    select|   0|  0|   40|           1|          40|
    |e_239_fu_5369_p3           |    select|   0|  0|   40|           1|          40|
    |e_23_fu_3713_p3            |    select|   0|  0|   40|           1|          40|
    |e_242_fu_5391_p3           |    select|   0|  0|   40|           1|          40|
    |e_245_fu_5415_p3           |    select|   0|  0|   40|           1|          40|
    |e_248_fu_5437_p3           |    select|   0|  0|   40|           1|          40|
    |e_251_fu_5461_p3           |    select|   0|  0|   40|           1|          40|
    |e_254_fu_5483_p3           |    select|   0|  0|   40|           1|          40|
    |e_257_fu_5507_p3           |    select|   0|  0|   40|           1|          40|
    |e_260_fu_5529_p3           |    select|   0|  0|   40|           1|          40|
    |e_263_fu_5553_p3           |    select|   0|  0|   40|           1|          40|
    |e_266_fu_5575_p3           |    select|   0|  0|   40|           1|          40|
    |e_269_fu_5599_p3           |    select|   0|  0|   40|           1|          40|
    |e_26_fu_3735_p3            |    select|   0|  0|   40|           1|          40|
    |e_272_fu_5621_p3           |    select|   0|  0|   40|           1|          40|
    |e_275_fu_5645_p3           |    select|   0|  0|   40|           1|          40|
    |e_278_fu_5667_p3           |    select|   0|  0|   40|           1|          40|
    |e_281_fu_5691_p3           |    select|   0|  0|   40|           1|          40|
    |e_284_fu_5713_p3           |    select|   0|  0|   40|           1|          40|
    |e_287_fu_5737_p3           |    select|   0|  0|   40|           1|          40|
    |e_290_fu_5759_p3           |    select|   0|  0|   40|           1|          40|
    |e_293_fu_5783_p3           |    select|   0|  0|   40|           1|          40|
    |e_296_fu_5805_p3           |    select|   0|  0|   40|           1|          40|
    |e_299_fu_5829_p3           |    select|   0|  0|   40|           1|          40|
    |e_29_fu_3759_p3            |    select|   0|  0|   40|           1|          40|
    |e_2_fu_3551_p3             |    select|   0|  0|   40|           1|          40|
    |e_302_fu_5851_p3           |    select|   0|  0|   40|           1|          40|
    |e_305_fu_5875_p3           |    select|   0|  0|   40|           1|          40|
    |e_308_fu_5897_p3           |    select|   0|  0|   40|           1|          40|
    |e_311_fu_5921_p3           |    select|   0|  0|   40|           1|          40|
    |e_314_fu_5943_p3           |    select|   0|  0|   40|           1|          40|
    |e_317_fu_5967_p3           |    select|   0|  0|   40|           1|          40|
    |e_320_fu_5989_p3           |    select|   0|  0|   40|           1|          40|
    |e_323_fu_6013_p3           |    select|   0|  0|   40|           1|          40|
    |e_326_fu_6035_p3           |    select|   0|  0|   40|           1|          40|
    |e_329_fu_6059_p3           |    select|   0|  0|   40|           1|          40|
    |e_32_fu_3781_p3            |    select|   0|  0|   40|           1|          40|
    |e_332_fu_6081_p3           |    select|   0|  0|   40|           1|          40|
    |e_335_fu_6105_p3           |    select|   0|  0|   40|           1|          40|
    |e_338_fu_6127_p3           |    select|   0|  0|   40|           1|          40|
    |e_341_fu_6151_p3           |    select|   0|  0|   40|           1|          40|
    |e_344_fu_6173_p3           |    select|   0|  0|   40|           1|          40|
    |e_347_fu_6197_p3           |    select|   0|  0|   40|           1|          40|
    |e_350_fu_6219_p3           |    select|   0|  0|   40|           1|          40|
    |e_353_fu_6243_p3           |    select|   0|  0|   40|           1|          40|
    |e_356_fu_6265_p3           |    select|   0|  0|   40|           1|          40|
    |e_359_fu_6289_p3           |    select|   0|  0|   40|           1|          40|
    |e_35_fu_3805_p3            |    select|   0|  0|   40|           1|          40|
    |e_362_fu_6311_p3           |    select|   0|  0|   40|           1|          40|
    |e_365_fu_6335_p3           |    select|   0|  0|   40|           1|          40|
    |e_368_fu_6357_p3           |    select|   0|  0|   40|           1|          40|
    |e_371_fu_6381_p3           |    select|   0|  0|   40|           1|          40|
    |e_374_fu_6403_p3           |    select|   0|  0|   40|           1|          40|
    |e_377_fu_6427_p3           |    select|   0|  0|   40|           1|          40|
    |e_380_fu_6449_p3           |    select|   0|  0|   40|           1|          40|
    |e_383_fu_6473_p3           |    select|   0|  0|   40|           1|          40|
    |e_386_fu_6495_p3           |    select|   0|  0|   40|           1|          40|
    |e_389_fu_6519_p3           |    select|   0|  0|   40|           1|          40|
    |e_38_fu_3827_p3            |    select|   0|  0|   40|           1|          40|
    |e_392_fu_6541_p3           |    select|   0|  0|   40|           1|          40|
    |e_395_fu_6565_p3           |    select|   0|  0|   40|           1|          40|
    |e_398_fu_6587_p3           |    select|   0|  0|   40|           1|          40|
    |e_401_fu_6611_p3           |    select|   0|  0|   40|           1|          40|
    |e_404_fu_6633_p3           |    select|   0|  0|   40|           1|          40|
    |e_407_fu_6657_p3           |    select|   0|  0|   40|           1|          40|
    |e_410_fu_6679_p3           |    select|   0|  0|   40|           1|          40|
    |e_413_fu_6703_p3           |    select|   0|  0|   40|           1|          40|
    |e_416_fu_6725_p3           |    select|   0|  0|   40|           1|          40|
    |e_419_fu_6749_p3           |    select|   0|  0|   40|           1|          40|
    |e_41_fu_3851_p3            |    select|   0|  0|   40|           1|          40|
    |e_422_fu_6771_p3           |    select|   0|  0|   40|           1|          40|
    |e_425_fu_6795_p3           |    select|   0|  0|   40|           1|          40|
    |e_428_fu_6817_p3           |    select|   0|  0|   40|           1|          40|
    |e_431_fu_6841_p3           |    select|   0|  0|   40|           1|          40|
    |e_434_fu_6863_p3           |    select|   0|  0|   40|           1|          40|
    |e_437_fu_6887_p3           |    select|   0|  0|   40|           1|          40|
    |e_440_fu_6909_p3           |    select|   0|  0|   40|           1|          40|
    |e_443_fu_6933_p3           |    select|   0|  0|   40|           1|          40|
    |e_446_fu_6955_p3           |    select|   0|  0|   40|           1|          40|
    |e_449_fu_6979_p3           |    select|   0|  0|   40|           1|          40|
    |e_44_fu_3873_p3            |    select|   0|  0|   40|           1|          40|
    |e_452_fu_7001_p3           |    select|   0|  0|   40|           1|          40|
    |e_455_fu_7025_p3           |    select|   0|  0|   40|           1|          40|
    |e_458_fu_7047_p3           |    select|   0|  0|   40|           1|          40|
    |e_461_fu_7071_p3           |    select|   0|  0|   40|           1|          40|
    |e_464_fu_7093_p3           |    select|   0|  0|   40|           1|          40|
    |e_467_fu_7117_p3           |    select|   0|  0|   40|           1|          40|
    |e_470_fu_7139_p3           |    select|   0|  0|   40|           1|          40|
    |e_473_fu_7163_p3           |    select|   0|  0|   40|           1|          40|
    |e_476_fu_7185_p3           |    select|   0|  0|   40|           1|          40|
    |e_479_fu_7209_p3           |    select|   0|  0|   40|           1|          40|
    |e_47_fu_3897_p3            |    select|   0|  0|   40|           1|          40|
    |e_482_fu_7231_p3           |    select|   0|  0|   40|           1|          40|
    |e_485_fu_7255_p3           |    select|   0|  0|   40|           1|          40|
    |e_488_fu_7277_p3           |    select|   0|  0|   40|           1|          40|
    |e_491_fu_7301_p3           |    select|   0|  0|   40|           1|          40|
    |e_494_fu_7323_p3           |    select|   0|  0|   40|           1|          40|
    |e_497_fu_7347_p3           |    select|   0|  0|   40|           1|          40|
    |e_500_fu_7369_p3           |    select|   0|  0|   40|           1|          40|
    |e_503_fu_7393_p3           |    select|   0|  0|   40|           1|          40|
    |e_506_fu_7415_p3           |    select|   0|  0|   40|           1|          40|
    |e_509_fu_7439_p3           |    select|   0|  0|   40|           1|          40|
    |e_50_fu_3919_p3            |    select|   0|  0|   40|           1|          40|
    |e_512_fu_7461_p3           |    select|   0|  0|   40|           1|          40|
    |e_515_fu_7485_p3           |    select|   0|  0|   40|           1|          40|
    |e_518_fu_7507_p3           |    select|   0|  0|   40|           1|          40|
    |e_521_fu_7531_p3           |    select|   0|  0|   40|           1|          40|
    |e_524_fu_7553_p3           |    select|   0|  0|   40|           1|          40|
    |e_527_fu_7577_p3           |    select|   0|  0|   40|           1|          40|
    |e_530_fu_7599_p3           |    select|   0|  0|   40|           1|          40|
    |e_533_fu_7623_p3           |    select|   0|  0|   40|           1|          40|
    |e_536_fu_7645_p3           |    select|   0|  0|   40|           1|          40|
    |e_539_fu_7669_p3           |    select|   0|  0|   40|           1|          40|
    |e_53_fu_3943_p3            |    select|   0|  0|   40|           1|          40|
    |e_542_fu_7691_p3           |    select|   0|  0|   40|           1|          40|
    |e_545_fu_7715_p3           |    select|   0|  0|   40|           1|          40|
    |e_548_fu_7737_p3           |    select|   0|  0|   40|           1|          40|
    |e_551_fu_7761_p3           |    select|   0|  0|   40|           1|          40|
    |e_554_fu_7783_p3           |    select|   0|  0|   40|           1|          40|
    |e_557_fu_7807_p3           |    select|   0|  0|   40|           1|          40|
    |e_560_fu_7829_p3           |    select|   0|  0|   40|           1|          40|
    |e_563_fu_7853_p3           |    select|   0|  0|   40|           1|          40|
    |e_566_fu_7875_p3           |    select|   0|  0|   40|           1|          40|
    |e_569_fu_7899_p3           |    select|   0|  0|   40|           1|          40|
    |e_56_fu_3965_p3            |    select|   0|  0|   40|           1|          40|
    |e_572_fu_7921_p3           |    select|   0|  0|   40|           1|          40|
    |e_575_fu_7945_p3           |    select|   0|  0|   40|           1|          40|
    |e_578_fu_7967_p3           |    select|   0|  0|   40|           1|          40|
    |e_581_fu_7991_p3           |    select|   0|  0|   40|           1|          40|
    |e_584_fu_8013_p3           |    select|   0|  0|   40|           1|          40|
    |e_587_fu_8037_p3           |    select|   0|  0|   40|           1|          40|
    |e_590_fu_8059_p3           |    select|   0|  0|   40|           1|          40|
    |e_593_fu_8083_p3           |    select|   0|  0|   40|           1|          40|
    |e_596_fu_8105_p3           |    select|   0|  0|   40|           1|          40|
    |e_599_fu_8129_p3           |    select|   0|  0|   40|           1|          40|
    |e_59_fu_3989_p3            |    select|   0|  0|   40|           1|          40|
    |e_5_fu_3575_p3             |    select|   0|  0|   40|           1|          40|
    |e_602_fu_8151_p3           |    select|   0|  0|   40|           1|          40|
    |e_605_fu_8175_p3           |    select|   0|  0|   40|           1|          40|
    |e_608_fu_8197_p3           |    select|   0|  0|   40|           1|          40|
    |e_611_fu_8221_p3           |    select|   0|  0|   40|           1|          40|
    |e_614_fu_8243_p3           |    select|   0|  0|   40|           1|          40|
    |e_617_fu_8267_p3           |    select|   0|  0|   40|           1|          40|
    |e_620_fu_8289_p3           |    select|   0|  0|   40|           1|          40|
    |e_623_fu_8313_p3           |    select|   0|  0|   40|           1|          40|
    |e_626_fu_8335_p3           |    select|   0|  0|   40|           1|          40|
    |e_629_fu_8359_p3           |    select|   0|  0|   40|           1|          40|
    |e_62_fu_4011_p3            |    select|   0|  0|   40|           1|          40|
    |e_632_fu_8381_p3           |    select|   0|  0|   40|           1|          40|
    |e_635_fu_8405_p3           |    select|   0|  0|   40|           1|          40|
    |e_638_fu_8427_p3           |    select|   0|  0|   40|           1|          40|
    |e_641_fu_8451_p3           |    select|   0|  0|   40|           1|          40|
    |e_644_fu_8473_p3           |    select|   0|  0|   40|           1|          40|
    |e_647_fu_8497_p3           |    select|   0|  0|   40|           1|          40|
    |e_650_fu_8519_p3           |    select|   0|  0|   40|           1|          40|
    |e_653_fu_8543_p3           |    select|   0|  0|   40|           1|          40|
    |e_656_fu_8565_p3           |    select|   0|  0|   40|           1|          40|
    |e_659_fu_8589_p3           |    select|   0|  0|   40|           1|          40|
    |e_65_fu_4035_p3            |    select|   0|  0|   40|           1|          40|
    |e_662_fu_8611_p3           |    select|   0|  0|   40|           1|          40|
    |e_665_fu_8635_p3           |    select|   0|  0|   40|           1|          40|
    |e_668_fu_8657_p3           |    select|   0|  0|   40|           1|          40|
    |e_671_fu_8681_p3           |    select|   0|  0|   40|           1|          40|
    |e_674_fu_8703_p3           |    select|   0|  0|   40|           1|          40|
    |e_677_fu_8727_p3           |    select|   0|  0|   40|           1|          40|
    |e_680_fu_8749_p3           |    select|   0|  0|   40|           1|          40|
    |e_683_fu_8773_p3           |    select|   0|  0|   40|           1|          40|
    |e_686_fu_8795_p3           |    select|   0|  0|   40|           1|          40|
    |e_689_fu_8819_p3           |    select|   0|  0|   40|           1|          40|
    |e_68_fu_4057_p3            |    select|   0|  0|   40|           1|          40|
    |e_692_fu_8841_p3           |    select|   0|  0|   40|           1|          40|
    |e_695_fu_8865_p3           |    select|   0|  0|   40|           1|          40|
    |e_698_fu_8887_p3           |    select|   0|  0|   40|           1|          40|
    |e_701_fu_8911_p3           |    select|   0|  0|   40|           1|          40|
    |e_704_fu_8933_p3           |    select|   0|  0|   40|           1|          40|
    |e_707_fu_8957_p3           |    select|   0|  0|   40|           1|          40|
    |e_710_fu_8979_p3           |    select|   0|  0|   40|           1|          40|
    |e_713_fu_9003_p3           |    select|   0|  0|   40|           1|          40|
    |e_716_fu_9025_p3           |    select|   0|  0|   40|           1|          40|
    |e_719_fu_9049_p3           |    select|   0|  0|   40|           1|          40|
    |e_71_fu_4081_p3            |    select|   0|  0|   40|           1|          40|
    |e_722_fu_9071_p3           |    select|   0|  0|   40|           1|          40|
    |e_725_fu_9095_p3           |    select|   0|  0|   40|           1|          40|
    |e_728_fu_9117_p3           |    select|   0|  0|   40|           1|          40|
    |e_731_fu_9141_p3           |    select|   0|  0|   40|           1|          40|
    |e_734_fu_9163_p3           |    select|   0|  0|   40|           1|          40|
    |e_737_fu_9187_p3           |    select|   0|  0|   40|           1|          40|
    |e_740_fu_9209_p3           |    select|   0|  0|   40|           1|          40|
    |e_743_fu_9233_p3           |    select|   0|  0|   40|           1|          40|
    |e_746_fu_9255_p3           |    select|   0|  0|   40|           1|          40|
    |e_749_fu_9279_p3           |    select|   0|  0|   40|           1|          40|
    |e_74_fu_4103_p3            |    select|   0|  0|   40|           1|          40|
    |e_752_fu_9301_p3           |    select|   0|  0|   40|           1|          40|
    |e_755_fu_9325_p3           |    select|   0|  0|   40|           1|          40|
    |e_758_fu_9347_p3           |    select|   0|  0|   40|           1|          40|
    |e_761_fu_9371_p3           |    select|   0|  0|   40|           1|          40|
    |e_764_fu_9393_p3           |    select|   0|  0|   40|           1|          40|
    |e_767_fu_9417_p3           |    select|   0|  0|   40|           1|          40|
    |e_770_fu_9439_p3           |    select|   0|  0|   40|           1|          40|
    |e_773_fu_9463_p3           |    select|   0|  0|   40|           1|          40|
    |e_776_fu_9485_p3           |    select|   0|  0|   40|           1|          40|
    |e_779_fu_9509_p3           |    select|   0|  0|   40|           1|          40|
    |e_77_fu_4127_p3            |    select|   0|  0|   40|           1|          40|
    |e_782_fu_9531_p3           |    select|   0|  0|   40|           1|          40|
    |e_785_fu_9555_p3           |    select|   0|  0|   40|           1|          40|
    |e_788_fu_9577_p3           |    select|   0|  0|   40|           1|          40|
    |e_791_fu_9601_p3           |    select|   0|  0|   40|           1|          40|
    |e_794_fu_9623_p3           |    select|   0|  0|   40|           1|          40|
    |e_797_fu_9647_p3           |    select|   0|  0|   40|           1|          40|
    |e_800_fu_9669_p3           |    select|   0|  0|   40|           1|          40|
    |e_803_fu_9693_p3           |    select|   0|  0|   40|           1|          40|
    |e_806_fu_9715_p3           |    select|   0|  0|   40|           1|          40|
    |e_809_fu_9739_p3           |    select|   0|  0|   40|           1|          40|
    |e_80_fu_4149_p3            |    select|   0|  0|   40|           1|          40|
    |e_812_fu_9761_p3           |    select|   0|  0|   40|           1|          40|
    |e_815_fu_9785_p3           |    select|   0|  0|   40|           1|          40|
    |e_818_fu_9807_p3           |    select|   0|  0|   40|           1|          40|
    |e_821_fu_9831_p3           |    select|   0|  0|   40|           1|          40|
    |e_824_fu_9853_p3           |    select|   0|  0|   40|           1|          40|
    |e_827_fu_9877_p3           |    select|   0|  0|   40|           1|          40|
    |e_830_fu_9899_p3           |    select|   0|  0|   40|           1|          40|
    |e_833_fu_9923_p3           |    select|   0|  0|   40|           1|          40|
    |e_836_fu_9945_p3           |    select|   0|  0|   40|           1|          40|
    |e_839_fu_9969_p3           |    select|   0|  0|   40|           1|          40|
    |e_83_fu_4173_p3            |    select|   0|  0|   40|           1|          40|
    |e_842_fu_9991_p3           |    select|   0|  0|   40|           1|          40|
    |e_845_fu_10015_p3          |    select|   0|  0|   40|           1|          40|
    |e_848_fu_10037_p3          |    select|   0|  0|   40|           1|          40|
    |e_851_fu_10061_p3          |    select|   0|  0|   40|           1|          40|
    |e_854_fu_10083_p3          |    select|   0|  0|   40|           1|          40|
    |e_857_fu_10107_p3          |    select|   0|  0|   40|           1|          40|
    |e_860_fu_10129_p3          |    select|   0|  0|   40|           1|          40|
    |e_863_fu_10153_p3          |    select|   0|  0|   40|           1|          40|
    |e_866_fu_10175_p3          |    select|   0|  0|   40|           1|          40|
    |e_869_fu_10199_p3          |    select|   0|  0|   40|           1|          40|
    |e_86_fu_4195_p3            |    select|   0|  0|   40|           1|          40|
    |e_872_fu_10221_p3          |    select|   0|  0|   40|           1|          40|
    |e_875_fu_10245_p3          |    select|   0|  0|   40|           1|          40|
    |e_878_fu_10267_p3          |    select|   0|  0|   40|           1|          40|
    |e_881_fu_10291_p3          |    select|   0|  0|   40|           1|          40|
    |e_884_fu_10313_p3          |    select|   0|  0|   40|           1|          40|
    |e_887_fu_10337_p3          |    select|   0|  0|   40|           1|          40|
    |e_890_fu_10359_p3          |    select|   0|  0|   40|           1|          40|
    |e_893_fu_10383_p3          |    select|   0|  0|   40|           1|          40|
    |e_896_fu_10405_p3          |    select|   0|  0|   40|           1|          40|
    |e_899_fu_10429_p3          |    select|   0|  0|   40|           1|          40|
    |e_89_fu_4219_p3            |    select|   0|  0|   40|           1|          40|
    |e_8_fu_3597_p3             |    select|   0|  0|   40|           1|          40|
    |e_902_fu_10451_p3          |    select|   0|  0|   40|           1|          40|
    |e_905_fu_10475_p3          |    select|   0|  0|   40|           1|          40|
    |e_908_fu_10497_p3          |    select|   0|  0|   40|           1|          40|
    |e_911_fu_10521_p3          |    select|   0|  0|   40|           1|          40|
    |e_914_fu_10543_p3          |    select|   0|  0|   40|           1|          40|
    |e_917_fu_10567_p3          |    select|   0|  0|   40|           1|          40|
    |e_920_fu_10589_p3          |    select|   0|  0|   40|           1|          40|
    |e_923_fu_10613_p3          |    select|   0|  0|   40|           1|          40|
    |e_926_fu_10635_p3          |    select|   0|  0|   40|           1|          40|
    |e_929_fu_10659_p3          |    select|   0|  0|   40|           1|          40|
    |e_92_fu_4241_p3            |    select|   0|  0|   40|           1|          40|
    |e_932_fu_10681_p3          |    select|   0|  0|   40|           1|          40|
    |e_935_fu_10705_p3          |    select|   0|  0|   40|           1|          40|
    |e_938_fu_10727_p3          |    select|   0|  0|   40|           1|          40|
    |e_941_fu_10751_p3          |    select|   0|  0|   40|           1|          40|
    |e_944_fu_10773_p3          |    select|   0|  0|   40|           1|          40|
    |e_947_fu_10797_p3          |    select|   0|  0|   40|           1|          40|
    |e_950_fu_10819_p3          |    select|   0|  0|   40|           1|          40|
    |e_953_fu_10843_p3          |    select|   0|  0|   40|           1|          40|
    |e_956_fu_10865_p3          |    select|   0|  0|   40|           1|          40|
    |e_959_fu_10889_p3          |    select|   0|  0|   40|           1|          40|
    |e_95_fu_4265_p3            |    select|   0|  0|   40|           1|          40|
    |e_962_fu_10911_p3          |    select|   0|  0|   40|           1|          40|
    |e_965_fu_10935_p3          |    select|   0|  0|   40|           1|          40|
    |e_968_fu_10957_p3          |    select|   0|  0|   40|           1|          40|
    |e_971_fu_10981_p3          |    select|   0|  0|   40|           1|          40|
    |e_974_fu_11003_p3          |    select|   0|  0|   40|           1|          40|
    |e_98_fu_4287_p3            |    select|   0|  0|   40|           1|          40|
    |term_10_fu_3036_p3         |    select|   0|  0|   40|           1|          40|
    |term_11_fu_3244_p3         |    select|   0|  0|   40|           1|          40|
    |term_12_fu_3258_p3         |    select|   0|  0|   40|           1|          40|
    |term_13_fu_3272_p3         |    select|   0|  0|   40|           1|          40|
    |term_14_fu_3286_p3         |    select|   0|  0|   40|           1|          40|
    |term_15_fu_3300_p3         |    select|   0|  0|   40|           1|          40|
    |term_16_fu_3050_p3         |    select|   0|  0|   40|           1|          40|
    |term_17_fu_3064_p3         |    select|   0|  0|   40|           1|          40|
    |term_18_fu_3314_p3         |    select|   0|  0|   40|           1|          40|
    |term_19_fu_3328_p3         |    select|   0|  0|   40|           1|          40|
    |term_1_fu_3118_p3          |    select|   0|  0|   40|           1|          40|
    |term_20_fu_3342_p3         |    select|   0|  0|   40|           1|          40|
    |term_21_fu_3356_p3         |    select|   0|  0|   40|           1|          40|
    |term_22_fu_3370_p3         |    select|   0|  0|   40|           1|          40|
    |term_23_fu_3384_p3         |    select|   0|  0|   40|           1|          40|
    |term_24_fu_3398_p3         |    select|   0|  0|   40|           1|          40|
    |term_25_fu_3078_p3         |    select|   0|  0|   40|           1|          40|
    |term_2_fu_3132_p3          |    select|   0|  0|   40|           1|          40|
    |term_3_fu_3146_p3          |    select|   0|  0|   40|           1|          40|
    |term_4_fu_3160_p3          |    select|   0|  0|   40|           1|          40|
    |term_5_fu_3174_p3          |    select|   0|  0|   40|           1|          40|
    |term_6_fu_3188_p3          |    select|   0|  0|   40|           1|          40|
    |term_7_fu_3202_p3          |    select|   0|  0|   40|           1|          40|
    |term_8_fu_3216_p3          |    select|   0|  0|   40|           1|          40|
    |term_9_fu_3230_p3          |    select|   0|  0|   40|           1|          40|
    |term_fu_3104_p3            |    select|   0|  0|   40|           1|          40|
    |xor_ln194_100_fu_5837_p2   |       xor|   0|  0|    2|           1|           1|
    |xor_ln194_101_fu_5859_p2   |       xor|   0|  0|    2|           1|           1|
    |xor_ln194_102_fu_5883_p2   |       xor|   0|  0|    2|           1|           1|
    |xor_ln194_103_fu_5905_p2   |       xor|   0|  0|    2|           1|           1|
    |xor_ln194_104_fu_5929_p2   |       xor|   0|  0|    2|           1|           1|
    |xor_ln194_105_fu_5951_p2   |       xor|   0|  0|    2|           1|           1|
    |xor_ln194_106_fu_5975_p2   |       xor|   0|  0|    2|           1|           1|
    |xor_ln194_107_fu_5997_p2   |       xor|   0|  0|    2|           1|           1|
    |xor_ln194_108_fu_6021_p2   |       xor|   0|  0|    2|           1|           1|
    |xor_ln194_109_fu_6043_p2   |       xor|   0|  0|    2|           1|           1|
    |xor_ln194_10_fu_3767_p2    |       xor|   0|  0|    2|           1|           1|
    |xor_ln194_110_fu_6067_p2   |       xor|   0|  0|    2|           1|           1|
    |xor_ln194_111_fu_6089_p2   |       xor|   0|  0|    2|           1|           1|
    |xor_ln194_112_fu_6113_p2   |       xor|   0|  0|    2|           1|           1|
    |xor_ln194_113_fu_6135_p2   |       xor|   0|  0|    2|           1|           1|
    |xor_ln194_114_fu_6159_p2   |       xor|   0|  0|    2|           1|           1|
    |xor_ln194_115_fu_6181_p2   |       xor|   0|  0|    2|           1|           1|
    |xor_ln194_116_fu_6205_p2   |       xor|   0|  0|    2|           1|           1|
    |xor_ln194_117_fu_6227_p2   |       xor|   0|  0|    2|           1|           1|
    |xor_ln194_118_fu_6251_p2   |       xor|   0|  0|    2|           1|           1|
    |xor_ln194_119_fu_6273_p2   |       xor|   0|  0|    2|           1|           1|
    |xor_ln194_11_fu_3789_p2    |       xor|   0|  0|    2|           1|           1|
    |xor_ln194_120_fu_6297_p2   |       xor|   0|  0|    2|           1|           1|
    |xor_ln194_121_fu_6319_p2   |       xor|   0|  0|    2|           1|           1|
    |xor_ln194_122_fu_6343_p2   |       xor|   0|  0|    2|           1|           1|
    |xor_ln194_123_fu_6365_p2   |       xor|   0|  0|    2|           1|           1|
    |xor_ln194_124_fu_6389_p2   |       xor|   0|  0|    2|           1|           1|
    |xor_ln194_125_fu_6411_p2   |       xor|   0|  0|    2|           1|           1|
    |xor_ln194_126_fu_6435_p2   |       xor|   0|  0|    2|           1|           1|
    |xor_ln194_127_fu_6457_p2   |       xor|   0|  0|    2|           1|           1|
    |xor_ln194_128_fu_6481_p2   |       xor|   0|  0|    2|           1|           1|
    |xor_ln194_129_fu_6503_p2   |       xor|   0|  0|    2|           1|           1|
    |xor_ln194_12_fu_3813_p2    |       xor|   0|  0|    2|           1|           1|
    |xor_ln194_130_fu_6527_p2   |       xor|   0|  0|    2|           1|           1|
    |xor_ln194_131_fu_6549_p2   |       xor|   0|  0|    2|           1|           1|
    |xor_ln194_132_fu_6573_p2   |       xor|   0|  0|    2|           1|           1|
    |xor_ln194_133_fu_6595_p2   |       xor|   0|  0|    2|           1|           1|
    |xor_ln194_134_fu_6619_p2   |       xor|   0|  0|    2|           1|           1|
    |xor_ln194_135_fu_6641_p2   |       xor|   0|  0|    2|           1|           1|
    |xor_ln194_136_fu_6665_p2   |       xor|   0|  0|    2|           1|           1|
    |xor_ln194_137_fu_6687_p2   |       xor|   0|  0|    2|           1|           1|
    |xor_ln194_138_fu_6711_p2   |       xor|   0|  0|    2|           1|           1|
    |xor_ln194_139_fu_6733_p2   |       xor|   0|  0|    2|           1|           1|
    |xor_ln194_13_fu_3835_p2    |       xor|   0|  0|    2|           1|           1|
    |xor_ln194_140_fu_6757_p2   |       xor|   0|  0|    2|           1|           1|
    |xor_ln194_141_fu_6779_p2   |       xor|   0|  0|    2|           1|           1|
    |xor_ln194_142_fu_6803_p2   |       xor|   0|  0|    2|           1|           1|
    |xor_ln194_143_fu_6825_p2   |       xor|   0|  0|    2|           1|           1|
    |xor_ln194_144_fu_6849_p2   |       xor|   0|  0|    2|           1|           1|
    |xor_ln194_145_fu_6871_p2   |       xor|   0|  0|    2|           1|           1|
    |xor_ln194_146_fu_6895_p2   |       xor|   0|  0|    2|           1|           1|
    |xor_ln194_147_fu_6917_p2   |       xor|   0|  0|    2|           1|           1|
    |xor_ln194_148_fu_6941_p2   |       xor|   0|  0|    2|           1|           1|
    |xor_ln194_149_fu_6963_p2   |       xor|   0|  0|    2|           1|           1|
    |xor_ln194_14_fu_3859_p2    |       xor|   0|  0|    2|           1|           1|
    |xor_ln194_150_fu_6987_p2   |       xor|   0|  0|    2|           1|           1|
    |xor_ln194_151_fu_7009_p2   |       xor|   0|  0|    2|           1|           1|
    |xor_ln194_152_fu_7033_p2   |       xor|   0|  0|    2|           1|           1|
    |xor_ln194_153_fu_7055_p2   |       xor|   0|  0|    2|           1|           1|
    |xor_ln194_154_fu_7079_p2   |       xor|   0|  0|    2|           1|           1|
    |xor_ln194_155_fu_7101_p2   |       xor|   0|  0|    2|           1|           1|
    |xor_ln194_156_fu_7125_p2   |       xor|   0|  0|    2|           1|           1|
    |xor_ln194_157_fu_7147_p2   |       xor|   0|  0|    2|           1|           1|
    |xor_ln194_158_fu_7171_p2   |       xor|   0|  0|    2|           1|           1|
    |xor_ln194_159_fu_7193_p2   |       xor|   0|  0|    2|           1|           1|
    |xor_ln194_15_fu_3881_p2    |       xor|   0|  0|    2|           1|           1|
    |xor_ln194_160_fu_7217_p2   |       xor|   0|  0|    2|           1|           1|
    |xor_ln194_161_fu_7239_p2   |       xor|   0|  0|    2|           1|           1|
    |xor_ln194_162_fu_7263_p2   |       xor|   0|  0|    2|           1|           1|
    |xor_ln194_163_fu_7285_p2   |       xor|   0|  0|    2|           1|           1|
    |xor_ln194_164_fu_7309_p2   |       xor|   0|  0|    2|           1|           1|
    |xor_ln194_165_fu_7331_p2   |       xor|   0|  0|    2|           1|           1|
    |xor_ln194_166_fu_7355_p2   |       xor|   0|  0|    2|           1|           1|
    |xor_ln194_167_fu_7377_p2   |       xor|   0|  0|    2|           1|           1|
    |xor_ln194_168_fu_7401_p2   |       xor|   0|  0|    2|           1|           1|
    |xor_ln194_169_fu_7423_p2   |       xor|   0|  0|    2|           1|           1|
    |xor_ln194_16_fu_3905_p2    |       xor|   0|  0|    2|           1|           1|
    |xor_ln194_170_fu_7447_p2   |       xor|   0|  0|    2|           1|           1|
    |xor_ln194_171_fu_7469_p2   |       xor|   0|  0|    2|           1|           1|
    |xor_ln194_172_fu_7493_p2   |       xor|   0|  0|    2|           1|           1|
    |xor_ln194_173_fu_7515_p2   |       xor|   0|  0|    2|           1|           1|
    |xor_ln194_174_fu_7539_p2   |       xor|   0|  0|    2|           1|           1|
    |xor_ln194_175_fu_7561_p2   |       xor|   0|  0|    2|           1|           1|
    |xor_ln194_176_fu_7585_p2   |       xor|   0|  0|    2|           1|           1|
    |xor_ln194_177_fu_7607_p2   |       xor|   0|  0|    2|           1|           1|
    |xor_ln194_178_fu_7631_p2   |       xor|   0|  0|    2|           1|           1|
    |xor_ln194_179_fu_7653_p2   |       xor|   0|  0|    2|           1|           1|
    |xor_ln194_17_fu_3927_p2    |       xor|   0|  0|    2|           1|           1|
    |xor_ln194_180_fu_7677_p2   |       xor|   0|  0|    2|           1|           1|
    |xor_ln194_181_fu_7699_p2   |       xor|   0|  0|    2|           1|           1|
    |xor_ln194_182_fu_7723_p2   |       xor|   0|  0|    2|           1|           1|
    |xor_ln194_183_fu_7745_p2   |       xor|   0|  0|    2|           1|           1|
    |xor_ln194_184_fu_7769_p2   |       xor|   0|  0|    2|           1|           1|
    |xor_ln194_185_fu_7791_p2   |       xor|   0|  0|    2|           1|           1|
    |xor_ln194_186_fu_7815_p2   |       xor|   0|  0|    2|           1|           1|
    |xor_ln194_187_fu_7837_p2   |       xor|   0|  0|    2|           1|           1|
    |xor_ln194_188_fu_7861_p2   |       xor|   0|  0|    2|           1|           1|
    |xor_ln194_189_fu_7883_p2   |       xor|   0|  0|    2|           1|           1|
    |xor_ln194_18_fu_3951_p2    |       xor|   0|  0|    2|           1|           1|
    |xor_ln194_190_fu_7907_p2   |       xor|   0|  0|    2|           1|           1|
    |xor_ln194_191_fu_7929_p2   |       xor|   0|  0|    2|           1|           1|
    |xor_ln194_192_fu_7953_p2   |       xor|   0|  0|    2|           1|           1|
    |xor_ln194_193_fu_7975_p2   |       xor|   0|  0|    2|           1|           1|
    |xor_ln194_194_fu_7999_p2   |       xor|   0|  0|    2|           1|           1|
    |xor_ln194_195_fu_8021_p2   |       xor|   0|  0|    2|           1|           1|
    |xor_ln194_196_fu_8045_p2   |       xor|   0|  0|    2|           1|           1|
    |xor_ln194_197_fu_8067_p2   |       xor|   0|  0|    2|           1|           1|
    |xor_ln194_198_fu_8091_p2   |       xor|   0|  0|    2|           1|           1|
    |xor_ln194_199_fu_8113_p2   |       xor|   0|  0|    2|           1|           1|
    |xor_ln194_19_fu_3973_p2    |       xor|   0|  0|    2|           1|           1|
    |xor_ln194_1_fu_3559_p2     |       xor|   0|  0|    2|           1|           1|
    |xor_ln194_200_fu_8137_p2   |       xor|   0|  0|    2|           1|           1|
    |xor_ln194_201_fu_8159_p2   |       xor|   0|  0|    2|           1|           1|
    |xor_ln194_202_fu_8183_p2   |       xor|   0|  0|    2|           1|           1|
    |xor_ln194_203_fu_8205_p2   |       xor|   0|  0|    2|           1|           1|
    |xor_ln194_204_fu_8229_p2   |       xor|   0|  0|    2|           1|           1|
    |xor_ln194_205_fu_8251_p2   |       xor|   0|  0|    2|           1|           1|
    |xor_ln194_206_fu_8275_p2   |       xor|   0|  0|    2|           1|           1|
    |xor_ln194_207_fu_8297_p2   |       xor|   0|  0|    2|           1|           1|
    |xor_ln194_208_fu_8321_p2   |       xor|   0|  0|    2|           1|           1|
    |xor_ln194_209_fu_8343_p2   |       xor|   0|  0|    2|           1|           1|
    |xor_ln194_20_fu_3997_p2    |       xor|   0|  0|    2|           1|           1|
    |xor_ln194_210_fu_8367_p2   |       xor|   0|  0|    2|           1|           1|
    |xor_ln194_211_fu_8389_p2   |       xor|   0|  0|    2|           1|           1|
    |xor_ln194_212_fu_8413_p2   |       xor|   0|  0|    2|           1|           1|
    |xor_ln194_213_fu_8435_p2   |       xor|   0|  0|    2|           1|           1|
    |xor_ln194_214_fu_8459_p2   |       xor|   0|  0|    2|           1|           1|
    |xor_ln194_215_fu_8481_p2   |       xor|   0|  0|    2|           1|           1|
    |xor_ln194_216_fu_8505_p2   |       xor|   0|  0|    2|           1|           1|
    |xor_ln194_217_fu_8527_p2   |       xor|   0|  0|    2|           1|           1|
    |xor_ln194_218_fu_8551_p2   |       xor|   0|  0|    2|           1|           1|
    |xor_ln194_219_fu_8573_p2   |       xor|   0|  0|    2|           1|           1|
    |xor_ln194_21_fu_4019_p2    |       xor|   0|  0|    2|           1|           1|
    |xor_ln194_220_fu_8597_p2   |       xor|   0|  0|    2|           1|           1|
    |xor_ln194_221_fu_8619_p2   |       xor|   0|  0|    2|           1|           1|
    |xor_ln194_222_fu_8643_p2   |       xor|   0|  0|    2|           1|           1|
    |xor_ln194_223_fu_8665_p2   |       xor|   0|  0|    2|           1|           1|
    |xor_ln194_224_fu_8689_p2   |       xor|   0|  0|    2|           1|           1|
    |xor_ln194_225_fu_8711_p2   |       xor|   0|  0|    2|           1|           1|
    |xor_ln194_226_fu_8735_p2   |       xor|   0|  0|    2|           1|           1|
    |xor_ln194_227_fu_8757_p2   |       xor|   0|  0|    2|           1|           1|
    |xor_ln194_228_fu_8781_p2   |       xor|   0|  0|    2|           1|           1|
    |xor_ln194_229_fu_8803_p2   |       xor|   0|  0|    2|           1|           1|
    |xor_ln194_22_fu_4043_p2    |       xor|   0|  0|    2|           1|           1|
    |xor_ln194_230_fu_8827_p2   |       xor|   0|  0|    2|           1|           1|
    |xor_ln194_231_fu_8849_p2   |       xor|   0|  0|    2|           1|           1|
    |xor_ln194_232_fu_8873_p2   |       xor|   0|  0|    2|           1|           1|
    |xor_ln194_233_fu_8895_p2   |       xor|   0|  0|    2|           1|           1|
    |xor_ln194_234_fu_8919_p2   |       xor|   0|  0|    2|           1|           1|
    |xor_ln194_235_fu_8941_p2   |       xor|   0|  0|    2|           1|           1|
    |xor_ln194_236_fu_8965_p2   |       xor|   0|  0|    2|           1|           1|
    |xor_ln194_237_fu_8987_p2   |       xor|   0|  0|    2|           1|           1|
    |xor_ln194_238_fu_9011_p2   |       xor|   0|  0|    2|           1|           1|
    |xor_ln194_239_fu_9033_p2   |       xor|   0|  0|    2|           1|           1|
    |xor_ln194_23_fu_4065_p2    |       xor|   0|  0|    2|           1|           1|
    |xor_ln194_240_fu_9057_p2   |       xor|   0|  0|    2|           1|           1|
    |xor_ln194_241_fu_9079_p2   |       xor|   0|  0|    2|           1|           1|
    |xor_ln194_242_fu_9103_p2   |       xor|   0|  0|    2|           1|           1|
    |xor_ln194_243_fu_9125_p2   |       xor|   0|  0|    2|           1|           1|
    |xor_ln194_244_fu_9149_p2   |       xor|   0|  0|    2|           1|           1|
    |xor_ln194_245_fu_9171_p2   |       xor|   0|  0|    2|           1|           1|
    |xor_ln194_246_fu_9195_p2   |       xor|   0|  0|    2|           1|           1|
    |xor_ln194_247_fu_9217_p2   |       xor|   0|  0|    2|           1|           1|
    |xor_ln194_248_fu_9241_p2   |       xor|   0|  0|    2|           1|           1|
    |xor_ln194_249_fu_9263_p2   |       xor|   0|  0|    2|           1|           1|
    |xor_ln194_24_fu_4089_p2    |       xor|   0|  0|    2|           1|           1|
    |xor_ln194_250_fu_9287_p2   |       xor|   0|  0|    2|           1|           1|
    |xor_ln194_251_fu_9309_p2   |       xor|   0|  0|    2|           1|           1|
    |xor_ln194_252_fu_9333_p2   |       xor|   0|  0|    2|           1|           1|
    |xor_ln194_253_fu_9355_p2   |       xor|   0|  0|    2|           1|           1|
    |xor_ln194_254_fu_9379_p2   |       xor|   0|  0|    2|           1|           1|
    |xor_ln194_255_fu_9401_p2   |       xor|   0|  0|    2|           1|           1|
    |xor_ln194_256_fu_9425_p2   |       xor|   0|  0|    2|           1|           1|
    |xor_ln194_257_fu_9447_p2   |       xor|   0|  0|    2|           1|           1|
    |xor_ln194_258_fu_9471_p2   |       xor|   0|  0|    2|           1|           1|
    |xor_ln194_259_fu_9493_p2   |       xor|   0|  0|    2|           1|           1|
    |xor_ln194_25_fu_4111_p2    |       xor|   0|  0|    2|           1|           1|
    |xor_ln194_260_fu_9517_p2   |       xor|   0|  0|    2|           1|           1|
    |xor_ln194_261_fu_9539_p2   |       xor|   0|  0|    2|           1|           1|
    |xor_ln194_262_fu_9563_p2   |       xor|   0|  0|    2|           1|           1|
    |xor_ln194_263_fu_9585_p2   |       xor|   0|  0|    2|           1|           1|
    |xor_ln194_264_fu_9609_p2   |       xor|   0|  0|    2|           1|           1|
    |xor_ln194_265_fu_9631_p2   |       xor|   0|  0|    2|           1|           1|
    |xor_ln194_266_fu_9655_p2   |       xor|   0|  0|    2|           1|           1|
    |xor_ln194_267_fu_9677_p2   |       xor|   0|  0|    2|           1|           1|
    |xor_ln194_268_fu_9701_p2   |       xor|   0|  0|    2|           1|           1|
    |xor_ln194_269_fu_9723_p2   |       xor|   0|  0|    2|           1|           1|
    |xor_ln194_26_fu_4135_p2    |       xor|   0|  0|    2|           1|           1|
    |xor_ln194_270_fu_9747_p2   |       xor|   0|  0|    2|           1|           1|
    |xor_ln194_271_fu_9769_p2   |       xor|   0|  0|    2|           1|           1|
    |xor_ln194_272_fu_9793_p2   |       xor|   0|  0|    2|           1|           1|
    |xor_ln194_273_fu_9815_p2   |       xor|   0|  0|    2|           1|           1|
    |xor_ln194_274_fu_9839_p2   |       xor|   0|  0|    2|           1|           1|
    |xor_ln194_275_fu_9861_p2   |       xor|   0|  0|    2|           1|           1|
    |xor_ln194_276_fu_9885_p2   |       xor|   0|  0|    2|           1|           1|
    |xor_ln194_277_fu_9907_p2   |       xor|   0|  0|    2|           1|           1|
    |xor_ln194_278_fu_9931_p2   |       xor|   0|  0|    2|           1|           1|
    |xor_ln194_279_fu_9953_p2   |       xor|   0|  0|    2|           1|           1|
    |xor_ln194_27_fu_4157_p2    |       xor|   0|  0|    2|           1|           1|
    |xor_ln194_280_fu_9977_p2   |       xor|   0|  0|    2|           1|           1|
    |xor_ln194_281_fu_9999_p2   |       xor|   0|  0|    2|           1|           1|
    |xor_ln194_282_fu_10023_p2  |       xor|   0|  0|    2|           1|           1|
    |xor_ln194_283_fu_10045_p2  |       xor|   0|  0|    2|           1|           1|
    |xor_ln194_284_fu_10069_p2  |       xor|   0|  0|    2|           1|           1|
    |xor_ln194_285_fu_10091_p2  |       xor|   0|  0|    2|           1|           1|
    |xor_ln194_286_fu_10115_p2  |       xor|   0|  0|    2|           1|           1|
    |xor_ln194_287_fu_10137_p2  |       xor|   0|  0|    2|           1|           1|
    |xor_ln194_288_fu_10161_p2  |       xor|   0|  0|    2|           1|           1|
    |xor_ln194_289_fu_10183_p2  |       xor|   0|  0|    2|           1|           1|
    |xor_ln194_28_fu_4181_p2    |       xor|   0|  0|    2|           1|           1|
    |xor_ln194_290_fu_10207_p2  |       xor|   0|  0|    2|           1|           1|
    |xor_ln194_291_fu_10229_p2  |       xor|   0|  0|    2|           1|           1|
    |xor_ln194_292_fu_10253_p2  |       xor|   0|  0|    2|           1|           1|
    |xor_ln194_293_fu_10275_p2  |       xor|   0|  0|    2|           1|           1|
    |xor_ln194_294_fu_10299_p2  |       xor|   0|  0|    2|           1|           1|
    |xor_ln194_295_fu_10321_p2  |       xor|   0|  0|    2|           1|           1|
    |xor_ln194_296_fu_10345_p2  |       xor|   0|  0|    2|           1|           1|
    |xor_ln194_297_fu_10367_p2  |       xor|   0|  0|    2|           1|           1|
    |xor_ln194_298_fu_10391_p2  |       xor|   0|  0|    2|           1|           1|
    |xor_ln194_299_fu_10413_p2  |       xor|   0|  0|    2|           1|           1|
    |xor_ln194_29_fu_4203_p2    |       xor|   0|  0|    2|           1|           1|
    |xor_ln194_2_fu_3583_p2     |       xor|   0|  0|    2|           1|           1|
    |xor_ln194_300_fu_10437_p2  |       xor|   0|  0|    2|           1|           1|
    |xor_ln194_301_fu_10459_p2  |       xor|   0|  0|    2|           1|           1|
    |xor_ln194_302_fu_10483_p2  |       xor|   0|  0|    2|           1|           1|
    |xor_ln194_303_fu_10505_p2  |       xor|   0|  0|    2|           1|           1|
    |xor_ln194_304_fu_10529_p2  |       xor|   0|  0|    2|           1|           1|
    |xor_ln194_305_fu_10551_p2  |       xor|   0|  0|    2|           1|           1|
    |xor_ln194_306_fu_10575_p2  |       xor|   0|  0|    2|           1|           1|
    |xor_ln194_307_fu_10597_p2  |       xor|   0|  0|    2|           1|           1|
    |xor_ln194_308_fu_10621_p2  |       xor|   0|  0|    2|           1|           1|
    |xor_ln194_309_fu_10643_p2  |       xor|   0|  0|    2|           1|           1|
    |xor_ln194_30_fu_4227_p2    |       xor|   0|  0|    2|           1|           1|
    |xor_ln194_310_fu_10667_p2  |       xor|   0|  0|    2|           1|           1|
    |xor_ln194_311_fu_10689_p2  |       xor|   0|  0|    2|           1|           1|
    |xor_ln194_312_fu_10713_p2  |       xor|   0|  0|    2|           1|           1|
    |xor_ln194_313_fu_10735_p2  |       xor|   0|  0|    2|           1|           1|
    |xor_ln194_314_fu_10759_p2  |       xor|   0|  0|    2|           1|           1|
    |xor_ln194_315_fu_10781_p2  |       xor|   0|  0|    2|           1|           1|
    |xor_ln194_316_fu_10805_p2  |       xor|   0|  0|    2|           1|           1|
    |xor_ln194_317_fu_10827_p2  |       xor|   0|  0|    2|           1|           1|
    |xor_ln194_318_fu_10851_p2  |       xor|   0|  0|    2|           1|           1|
    |xor_ln194_319_fu_10873_p2  |       xor|   0|  0|    2|           1|           1|
    |xor_ln194_31_fu_4249_p2    |       xor|   0|  0|    2|           1|           1|
    |xor_ln194_320_fu_10897_p2  |       xor|   0|  0|    2|           1|           1|
    |xor_ln194_321_fu_10919_p2  |       xor|   0|  0|    2|           1|           1|
    |xor_ln194_322_fu_10943_p2  |       xor|   0|  0|    2|           1|           1|
    |xor_ln194_323_fu_10965_p2  |       xor|   0|  0|    2|           1|           1|
    |xor_ln194_324_fu_10989_p2  |       xor|   0|  0|    2|           1|           1|
    |xor_ln194_32_fu_4273_p2    |       xor|   0|  0|    2|           1|           1|
    |xor_ln194_33_fu_4295_p2    |       xor|   0|  0|    2|           1|           1|
    |xor_ln194_34_fu_4319_p2    |       xor|   0|  0|    2|           1|           1|
    |xor_ln194_35_fu_4341_p2    |       xor|   0|  0|    2|           1|           1|
    |xor_ln194_36_fu_4365_p2    |       xor|   0|  0|    2|           1|           1|
    |xor_ln194_37_fu_4387_p2    |       xor|   0|  0|    2|           1|           1|
    |xor_ln194_38_fu_4411_p2    |       xor|   0|  0|    2|           1|           1|
    |xor_ln194_39_fu_4433_p2    |       xor|   0|  0|    2|           1|           1|
    |xor_ln194_3_fu_3605_p2     |       xor|   0|  0|    2|           1|           1|
    |xor_ln194_40_fu_4457_p2    |       xor|   0|  0|    2|           1|           1|
    |xor_ln194_41_fu_4479_p2    |       xor|   0|  0|    2|           1|           1|
    |xor_ln194_42_fu_4503_p2    |       xor|   0|  0|    2|           1|           1|
    |xor_ln194_43_fu_4525_p2    |       xor|   0|  0|    2|           1|           1|
    |xor_ln194_44_fu_4549_p2    |       xor|   0|  0|    2|           1|           1|
    |xor_ln194_45_fu_4571_p2    |       xor|   0|  0|    2|           1|           1|
    |xor_ln194_46_fu_4595_p2    |       xor|   0|  0|    2|           1|           1|
    |xor_ln194_47_fu_4617_p2    |       xor|   0|  0|    2|           1|           1|
    |xor_ln194_48_fu_4641_p2    |       xor|   0|  0|    2|           1|           1|
    |xor_ln194_49_fu_4663_p2    |       xor|   0|  0|    2|           1|           1|
    |xor_ln194_4_fu_3629_p2     |       xor|   0|  0|    2|           1|           1|
    |xor_ln194_50_fu_4687_p2    |       xor|   0|  0|    2|           1|           1|
    |xor_ln194_51_fu_4709_p2    |       xor|   0|  0|    2|           1|           1|
    |xor_ln194_52_fu_4733_p2    |       xor|   0|  0|    2|           1|           1|
    |xor_ln194_53_fu_4755_p2    |       xor|   0|  0|    2|           1|           1|
    |xor_ln194_54_fu_4779_p2    |       xor|   0|  0|    2|           1|           1|
    |xor_ln194_55_fu_4801_p2    |       xor|   0|  0|    2|           1|           1|
    |xor_ln194_56_fu_4825_p2    |       xor|   0|  0|    2|           1|           1|
    |xor_ln194_57_fu_4847_p2    |       xor|   0|  0|    2|           1|           1|
    |xor_ln194_58_fu_4871_p2    |       xor|   0|  0|    2|           1|           1|
    |xor_ln194_59_fu_4893_p2    |       xor|   0|  0|    2|           1|           1|
    |xor_ln194_5_fu_3651_p2     |       xor|   0|  0|    2|           1|           1|
    |xor_ln194_60_fu_4917_p2    |       xor|   0|  0|    2|           1|           1|
    |xor_ln194_61_fu_4939_p2    |       xor|   0|  0|    2|           1|           1|
    |xor_ln194_62_fu_4963_p2    |       xor|   0|  0|    2|           1|           1|
    |xor_ln194_63_fu_4985_p2    |       xor|   0|  0|    2|           1|           1|
    |xor_ln194_64_fu_5009_p2    |       xor|   0|  0|    2|           1|           1|
    |xor_ln194_65_fu_5031_p2    |       xor|   0|  0|    2|           1|           1|
    |xor_ln194_66_fu_5055_p2    |       xor|   0|  0|    2|           1|           1|
    |xor_ln194_67_fu_5077_p2    |       xor|   0|  0|    2|           1|           1|
    |xor_ln194_68_fu_5101_p2    |       xor|   0|  0|    2|           1|           1|
    |xor_ln194_69_fu_5123_p2    |       xor|   0|  0|    2|           1|           1|
    |xor_ln194_6_fu_3675_p2     |       xor|   0|  0|    2|           1|           1|
    |xor_ln194_70_fu_5147_p2    |       xor|   0|  0|    2|           1|           1|
    |xor_ln194_71_fu_5169_p2    |       xor|   0|  0|    2|           1|           1|
    |xor_ln194_72_fu_5193_p2    |       xor|   0|  0|    2|           1|           1|
    |xor_ln194_73_fu_5215_p2    |       xor|   0|  0|    2|           1|           1|
    |xor_ln194_74_fu_5239_p2    |       xor|   0|  0|    2|           1|           1|
    |xor_ln194_75_fu_5261_p2    |       xor|   0|  0|    2|           1|           1|
    |xor_ln194_76_fu_5285_p2    |       xor|   0|  0|    2|           1|           1|
    |xor_ln194_77_fu_5307_p2    |       xor|   0|  0|    2|           1|           1|
    |xor_ln194_78_fu_5331_p2    |       xor|   0|  0|    2|           1|           1|
    |xor_ln194_79_fu_5353_p2    |       xor|   0|  0|    2|           1|           1|
    |xor_ln194_7_fu_3697_p2     |       xor|   0|  0|    2|           1|           1|
    |xor_ln194_80_fu_5377_p2    |       xor|   0|  0|    2|           1|           1|
    |xor_ln194_81_fu_5399_p2    |       xor|   0|  0|    2|           1|           1|
    |xor_ln194_82_fu_5423_p2    |       xor|   0|  0|    2|           1|           1|
    |xor_ln194_83_fu_5445_p2    |       xor|   0|  0|    2|           1|           1|
    |xor_ln194_84_fu_5469_p2    |       xor|   0|  0|    2|           1|           1|
    |xor_ln194_85_fu_5491_p2    |       xor|   0|  0|    2|           1|           1|
    |xor_ln194_86_fu_5515_p2    |       xor|   0|  0|    2|           1|           1|
    |xor_ln194_87_fu_5537_p2    |       xor|   0|  0|    2|           1|           1|
    |xor_ln194_88_fu_5561_p2    |       xor|   0|  0|    2|           1|           1|
    |xor_ln194_89_fu_5583_p2    |       xor|   0|  0|    2|           1|           1|
    |xor_ln194_8_fu_3721_p2     |       xor|   0|  0|    2|           1|           1|
    |xor_ln194_90_fu_5607_p2    |       xor|   0|  0|    2|           1|           1|
    |xor_ln194_91_fu_5629_p2    |       xor|   0|  0|    2|           1|           1|
    |xor_ln194_92_fu_5653_p2    |       xor|   0|  0|    2|           1|           1|
    |xor_ln194_93_fu_5675_p2    |       xor|   0|  0|    2|           1|           1|
    |xor_ln194_94_fu_5699_p2    |       xor|   0|  0|    2|           1|           1|
    |xor_ln194_95_fu_5721_p2    |       xor|   0|  0|    2|           1|           1|
    |xor_ln194_96_fu_5745_p2    |       xor|   0|  0|    2|           1|           1|
    |xor_ln194_97_fu_5767_p2    |       xor|   0|  0|    2|           1|           1|
    |xor_ln194_98_fu_5791_p2    |       xor|   0|  0|    2|           1|           1|
    |xor_ln194_99_fu_5813_p2    |       xor|   0|  0|    2|           1|           1|
    |xor_ln194_9_fu_3743_p2     |       xor|   0|  0|    2|           1|           1|
    |xor_ln194_fu_3531_p2       |       xor|   0|  0|    2|           1|           1|
    +---------------------------+----------+----+---+-----+------------+------------+
    |Total                      |          |   0|  0|47577|       27743|       42485|
    +---------------------------+----------+----+---+-----+------------+------------+

    * Multiplexer: 
    +-----------+-----+-----------+-----+-----------+
    |    Name   | LUT | Input Size| Bits| Total Bits|
    +-----------+-----+-----------+-----+-----------+
    |ap_NS_fsm  |  882|        167|    1|        167|
    |ap_return  |    9|          2|   40|         80|
    +-----------+-----+-----------+-----+-----------+
    |Total      |  891|        169|   41|        247|
    +-----------+-----+-----------+-----+-----------+

    * Register: 
    +------------------------+-----+----+-----+-----------+
    |          Name          |  FF | LUT| Bits| Const Bits|
    +------------------------+-----+----+-----+-----------+
    |add_ln183_13_reg_11816  |   40|   0|   40|          0|
    |add_ln183_15_reg_11821  |   40|   0|   40|          0|
    |add_ln183_17_reg_11826  |   40|   0|   40|          0|
    |add_ln183_20_reg_11138  |   40|   0|   40|          0|
    |add_ln183_21_reg_11831  |   40|   0|   40|          0|
    |add_ln183_24_reg_11836  |   40|   0|   40|          0|
    |add_ln183_3_reg_11801   |   40|   0|   40|          0|
    |add_ln183_5_reg_11806   |   40|   0|   40|          0|
    |add_ln183_8_reg_11133   |   40|   0|   40|          0|
    |add_ln183_9_reg_11811   |   40|   0|   40|          0|
    |add_ln183_reg_11796     |   40|   0|   40|          0|
    |ap_CS_fsm               |  166|   0|  166|          0|
    |ap_return_preg          |   40|   0|   40|          0|
    |e_101_reg_11938         |   40|   0|   40|          0|
    |e_107_reg_11944         |   40|   0|   40|          0|
    |e_113_reg_11950         |   40|   0|   40|          0|
    |e_119_reg_11956         |   40|   0|   40|          0|
    |e_11_reg_11848          |   40|   0|   40|          0|
    |e_125_reg_11962         |   40|   0|   40|          0|
    |e_131_reg_11968         |   40|   0|   40|          0|
    |e_137_reg_11974         |   40|   0|   40|          0|
    |e_143_reg_11980         |   40|   0|   40|          0|
    |e_149_reg_11986         |   40|   0|   40|          0|
    |e_155_reg_11992         |   40|   0|   40|          0|
    |e_161_reg_11998         |   40|   0|   40|          0|
    |e_167_reg_12004         |   40|   0|   40|          0|
    |e_173_reg_12010         |   40|   0|   40|          0|
    |e_179_reg_12016         |   40|   0|   40|          0|
    |e_17_reg_11854          |   40|   0|   40|          0|
    |e_185_reg_12022         |   40|   0|   40|          0|
    |e_191_reg_12028         |   40|   0|   40|          0|
    |e_197_reg_12034         |   40|   0|   40|          0|
    |e_203_reg_12040         |   40|   0|   40|          0|
    |e_209_reg_12046         |   40|   0|   40|          0|
    |e_215_reg_12052         |   40|   0|   40|          0|
    |e_221_reg_12058         |   40|   0|   40|          0|
    |e_227_reg_12064         |   40|   0|   40|          0|
    |e_233_reg_12070         |   40|   0|   40|          0|
    |e_239_reg_12076         |   40|   0|   40|          0|
    |e_23_reg_11860          |   40|   0|   40|          0|
    |e_245_reg_12082         |   40|   0|   40|          0|
    |e_251_reg_12088         |   40|   0|   40|          0|
    |e_257_reg_12094         |   40|   0|   40|          0|
    |e_263_reg_12100         |   40|   0|   40|          0|
    |e_269_reg_12106         |   40|   0|   40|          0|
    |e_275_reg_12112         |   40|   0|   40|          0|
    |e_281_reg_12118         |   40|   0|   40|          0|
    |e_287_reg_12124         |   40|   0|   40|          0|
    |e_293_reg_12130         |   40|   0|   40|          0|
    |e_299_reg_12136         |   40|   0|   40|          0|
    |e_29_reg_11866          |   40|   0|   40|          0|
    |e_305_reg_12142         |   40|   0|   40|          0|
    |e_311_reg_12148         |   40|   0|   40|          0|
    |e_317_reg_12154         |   40|   0|   40|          0|
    |e_323_reg_12160         |   40|   0|   40|          0|
    |e_329_reg_12166         |   40|   0|   40|          0|
    |e_335_reg_12172         |   40|   0|   40|          0|
    |e_341_reg_12178         |   40|   0|   40|          0|
    |e_347_reg_12184         |   40|   0|   40|          0|
    |e_353_reg_12190         |   40|   0|   40|          0|
    |e_359_reg_12196         |   40|   0|   40|          0|
    |e_35_reg_11872          |   40|   0|   40|          0|
    |e_365_reg_12202         |   40|   0|   40|          0|
    |e_371_reg_12208         |   40|   0|   40|          0|
    |e_377_reg_12214         |   40|   0|   40|          0|
    |e_383_reg_12220         |   40|   0|   40|          0|
    |e_389_reg_12226         |   40|   0|   40|          0|
    |e_395_reg_12232         |   40|   0|   40|          0|
    |e_401_reg_12238         |   40|   0|   40|          0|
    |e_407_reg_12244         |   40|   0|   40|          0|
    |e_413_reg_12250         |   40|   0|   40|          0|
    |e_419_reg_12256         |   40|   0|   40|          0|
    |e_41_reg_11878          |   40|   0|   40|          0|
    |e_425_reg_12262         |   40|   0|   40|          0|
    |e_431_reg_12268         |   40|   0|   40|          0|
    |e_437_reg_12274         |   40|   0|   40|          0|
    |e_443_reg_12280         |   40|   0|   40|          0|
    |e_449_reg_12286         |   40|   0|   40|          0|
    |e_455_reg_12292         |   40|   0|   40|          0|
    |e_461_reg_12298         |   40|   0|   40|          0|
    |e_467_reg_12304         |   40|   0|   40|          0|
    |e_473_reg_12310         |   40|   0|   40|          0|
    |e_479_reg_12316         |   40|   0|   40|          0|
    |e_47_reg_11884          |   40|   0|   40|          0|
    |e_485_reg_12322         |   40|   0|   40|          0|
    |e_491_reg_12328         |   40|   0|   40|          0|
    |e_497_reg_12334         |   40|   0|   40|          0|
    |e_503_reg_12340         |   40|   0|   40|          0|
    |e_509_reg_12346         |   40|   0|   40|          0|
    |e_515_reg_12352         |   40|   0|   40|          0|
    |e_521_reg_12358         |   40|   0|   40|          0|
    |e_527_reg_12364         |   40|   0|   40|          0|
    |e_533_reg_12370         |   40|   0|   40|          0|
    |e_539_reg_12376         |   40|   0|   40|          0|
    |e_53_reg_11890          |   40|   0|   40|          0|
    |e_545_reg_12382         |   40|   0|   40|          0|
    |e_551_reg_12388         |   40|   0|   40|          0|
    |e_557_reg_12394         |   40|   0|   40|          0|
    |e_563_reg_12400         |   40|   0|   40|          0|
    |e_569_reg_12406         |   40|   0|   40|          0|
    |e_575_reg_12412         |   40|   0|   40|          0|
    |e_581_reg_12418         |   40|   0|   40|          0|
    |e_587_reg_12424         |   40|   0|   40|          0|
    |e_593_reg_12430         |   40|   0|   40|          0|
    |e_599_reg_12436         |   40|   0|   40|          0|
    |e_59_reg_11896          |   40|   0|   40|          0|
    |e_5_reg_11842           |   40|   0|   40|          0|
    |e_605_reg_12442         |   40|   0|   40|          0|
    |e_611_reg_12448         |   40|   0|   40|          0|
    |e_617_reg_12454         |   40|   0|   40|          0|
    |e_623_reg_12460         |   40|   0|   40|          0|
    |e_629_reg_12466         |   40|   0|   40|          0|
    |e_635_reg_12472         |   40|   0|   40|          0|
    |e_641_reg_12478         |   40|   0|   40|          0|
    |e_647_reg_12484         |   40|   0|   40|          0|
    |e_653_reg_12490         |   40|   0|   40|          0|
    |e_659_reg_12496         |   40|   0|   40|          0|
    |e_65_reg_11902          |   40|   0|   40|          0|
    |e_665_reg_12502         |   40|   0|   40|          0|
    |e_671_reg_12508         |   40|   0|   40|          0|
    |e_677_reg_12514         |   40|   0|   40|          0|
    |e_683_reg_12520         |   40|   0|   40|          0|
    |e_689_reg_12526         |   40|   0|   40|          0|
    |e_695_reg_12532         |   40|   0|   40|          0|
    |e_701_reg_12538         |   40|   0|   40|          0|
    |e_707_reg_12544         |   40|   0|   40|          0|
    |e_713_reg_12550         |   40|   0|   40|          0|
    |e_719_reg_12556         |   40|   0|   40|          0|
    |e_71_reg_11908          |   40|   0|   40|          0|
    |e_725_reg_12562         |   40|   0|   40|          0|
    |e_731_reg_12568         |   40|   0|   40|          0|
    |e_737_reg_12574         |   40|   0|   40|          0|
    |e_743_reg_12580         |   40|   0|   40|          0|
    |e_749_reg_12586         |   40|   0|   40|          0|
    |e_755_reg_12592         |   40|   0|   40|          0|
    |e_761_reg_12598         |   40|   0|   40|          0|
    |e_767_reg_12604         |   40|   0|   40|          0|
    |e_773_reg_12610         |   40|   0|   40|          0|
    |e_779_reg_12616         |   40|   0|   40|          0|
    |e_77_reg_11914          |   40|   0|   40|          0|
    |e_785_reg_12622         |   40|   0|   40|          0|
    |e_791_reg_12628         |   40|   0|   40|          0|
    |e_797_reg_12634         |   40|   0|   40|          0|
    |e_803_reg_12640         |   40|   0|   40|          0|
    |e_809_reg_12646         |   40|   0|   40|          0|
    |e_815_reg_12652         |   40|   0|   40|          0|
    |e_821_reg_12658         |   40|   0|   40|          0|
    |e_827_reg_12664         |   40|   0|   40|          0|
    |e_833_reg_12670         |   40|   0|   40|          0|
    |e_839_reg_12676         |   40|   0|   40|          0|
    |e_83_reg_11920          |   40|   0|   40|          0|
    |e_845_reg_12682         |   40|   0|   40|          0|
    |e_851_reg_12688         |   40|   0|   40|          0|
    |e_857_reg_12694         |   40|   0|   40|          0|
    |e_863_reg_12700         |   40|   0|   40|          0|
    |e_869_reg_12706         |   40|   0|   40|          0|
    |e_875_reg_12712         |   40|   0|   40|          0|
    |e_881_reg_12718         |   40|   0|   40|          0|
    |e_887_reg_12724         |   40|   0|   40|          0|
    |e_893_reg_12730         |   40|   0|   40|          0|
    |e_899_reg_12736         |   40|   0|   40|          0|
    |e_89_reg_11926          |   40|   0|   40|          0|
    |e_905_reg_12742         |   40|   0|   40|          0|
    |e_911_reg_12748         |   40|   0|   40|          0|
    |e_917_reg_12754         |   40|   0|   40|          0|
    |e_923_reg_12760         |   40|   0|   40|          0|
    |e_929_reg_12766         |   40|   0|   40|          0|
    |e_935_reg_12772         |   40|   0|   40|          0|
    |e_941_reg_12778         |   40|   0|   40|          0|
    |e_947_reg_12784         |   40|   0|   40|          0|
    |e_953_reg_12790         |   40|   0|   40|          0|
    |e_959_reg_12796         |   40|   0|   40|          0|
    |e_95_reg_11932          |   40|   0|   40|          0|
    |e_965_reg_12802         |   40|   0|   40|          0|
    |e_971_reg_12808         |   40|   0|   40|          0|
    |term_19_reg_11786       |   40|   0|   40|          0|
    |term_23_reg_11791       |   40|   0|   40|          0|
    |term_6_reg_11781        |   40|   0|   40|          0|
    +------------------------+-----+----+-----+-----------+
    |Total                   | 7246|   0| 7246|          0|
    +------------------------+-----+----+-----+-----------+



================================================================
== Interface
================================================================
* Summary: 
+-------------+-----+-----+------------+----------------------+--------------+
|  RTL Ports  | Dir | Bits|  Protocol  |     Source Object    |    C Type    |
+-------------+-----+-----+------------+----------------------+--------------+
|ap_clk       |   in|    1|  ap_ctrl_hs|  uniform_delta_energy|  return value|
|ap_rst       |   in|    1|  ap_ctrl_hs|  uniform_delta_energy|  return value|
|ap_start     |   in|    1|  ap_ctrl_hs|  uniform_delta_energy|  return value|
|ap_done      |  out|    1|  ap_ctrl_hs|  uniform_delta_energy|  return value|
|ap_idle      |  out|    1|  ap_ctrl_hs|  uniform_delta_energy|  return value|
|ap_ready     |  out|    1|  ap_ctrl_hs|  uniform_delta_energy|  return value|
|ap_return    |  out|   40|  ap_ctrl_hs|  uniform_delta_energy|  return value|
|J_0_1_val    |   in|   40|     ap_none|             J_0_1_val|        scalar|
|J_0_2_val    |   in|   40|     ap_none|             J_0_2_val|        scalar|
|J_0_3_val    |   in|   40|     ap_none|             J_0_3_val|        scalar|
|J_0_4_val    |   in|   40|     ap_none|             J_0_4_val|        scalar|
|J_0_5_val    |   in|   40|     ap_none|             J_0_5_val|        scalar|
|J_0_6_val    |   in|   40|     ap_none|             J_0_6_val|        scalar|
|J_0_7_val    |   in|   40|     ap_none|             J_0_7_val|        scalar|
|J_0_8_val    |   in|   40|     ap_none|             J_0_8_val|        scalar|
|J_0_9_val    |   in|   40|     ap_none|             J_0_9_val|        scalar|
|J_0_10_val   |   in|   40|     ap_none|            J_0_10_val|        scalar|
|J_0_11_val   |   in|   40|     ap_none|            J_0_11_val|        scalar|
|J_0_12_val   |   in|   40|     ap_none|            J_0_12_val|        scalar|
|J_0_13_val   |   in|   40|     ap_none|            J_0_13_val|        scalar|
|J_0_14_val   |   in|   40|     ap_none|            J_0_14_val|        scalar|
|J_0_15_val   |   in|   40|     ap_none|            J_0_15_val|        scalar|
|J_0_16_val   |   in|   40|     ap_none|            J_0_16_val|        scalar|
|J_0_17_val   |   in|   40|     ap_none|            J_0_17_val|        scalar|
|J_0_18_val   |   in|   40|     ap_none|            J_0_18_val|        scalar|
|J_0_19_val   |   in|   40|     ap_none|            J_0_19_val|        scalar|
|J_0_20_val   |   in|   40|     ap_none|            J_0_20_val|        scalar|
|J_0_21_val   |   in|   40|     ap_none|            J_0_21_val|        scalar|
|J_0_22_val   |   in|   40|     ap_none|            J_0_22_val|        scalar|
|J_0_23_val   |   in|   40|     ap_none|            J_0_23_val|        scalar|
|J_0_24_val   |   in|   40|     ap_none|            J_0_24_val|        scalar|
|J_0_25_val   |   in|   40|     ap_none|            J_0_25_val|        scalar|
|J_1_2_val    |   in|   40|     ap_none|             J_1_2_val|        scalar|
|J_1_3_val    |   in|   40|     ap_none|             J_1_3_val|        scalar|
|J_1_4_val    |   in|   40|     ap_none|             J_1_4_val|        scalar|
|J_1_5_val    |   in|   40|     ap_none|             J_1_5_val|        scalar|
|J_1_6_val    |   in|   40|     ap_none|             J_1_6_val|        scalar|
|J_1_7_val    |   in|   40|     ap_none|             J_1_7_val|        scalar|
|J_1_8_val    |   in|   40|     ap_none|             J_1_8_val|        scalar|
|J_1_9_val    |   in|   40|     ap_none|             J_1_9_val|        scalar|
|J_1_10_val   |   in|   40|     ap_none|            J_1_10_val|        scalar|
|J_1_11_val   |   in|   40|     ap_none|            J_1_11_val|        scalar|
|J_1_12_val   |   in|   40|     ap_none|            J_1_12_val|        scalar|
|J_1_13_val   |   in|   40|     ap_none|            J_1_13_val|        scalar|
|J_1_14_val   |   in|   40|     ap_none|            J_1_14_val|        scalar|
|J_1_15_val   |   in|   40|     ap_none|            J_1_15_val|        scalar|
|J_1_16_val   |   in|   40|     ap_none|            J_1_16_val|        scalar|
|J_1_17_val   |   in|   40|     ap_none|            J_1_17_val|        scalar|
|J_1_18_val   |   in|   40|     ap_none|            J_1_18_val|        scalar|
|J_1_19_val   |   in|   40|     ap_none|            J_1_19_val|        scalar|
|J_1_20_val   |   in|   40|     ap_none|            J_1_20_val|        scalar|
|J_1_21_val   |   in|   40|     ap_none|            J_1_21_val|        scalar|
|J_1_22_val   |   in|   40|     ap_none|            J_1_22_val|        scalar|
|J_1_23_val   |   in|   40|     ap_none|            J_1_23_val|        scalar|
|J_1_24_val   |   in|   40|     ap_none|            J_1_24_val|        scalar|
|J_1_25_val   |   in|   40|     ap_none|            J_1_25_val|        scalar|
|J_2_3_val    |   in|   40|     ap_none|             J_2_3_val|        scalar|
|J_2_4_val    |   in|   40|     ap_none|             J_2_4_val|        scalar|
|J_2_5_val    |   in|   40|     ap_none|             J_2_5_val|        scalar|
|J_2_6_val    |   in|   40|     ap_none|             J_2_6_val|        scalar|
|J_2_7_val    |   in|   40|     ap_none|             J_2_7_val|        scalar|
|J_2_8_val    |   in|   40|     ap_none|             J_2_8_val|        scalar|
|J_2_9_val    |   in|   40|     ap_none|             J_2_9_val|        scalar|
|J_2_10_val   |   in|   40|     ap_none|            J_2_10_val|        scalar|
|J_2_11_val   |   in|   40|     ap_none|            J_2_11_val|        scalar|
|J_2_12_val   |   in|   40|     ap_none|            J_2_12_val|        scalar|
|J_2_13_val   |   in|   40|     ap_none|            J_2_13_val|        scalar|
|J_2_14_val   |   in|   40|     ap_none|            J_2_14_val|        scalar|
|J_2_15_val   |   in|   40|     ap_none|            J_2_15_val|        scalar|
|J_2_16_val   |   in|   40|     ap_none|            J_2_16_val|        scalar|
|J_2_17_val   |   in|   40|     ap_none|            J_2_17_val|        scalar|
|J_2_18_val   |   in|   40|     ap_none|            J_2_18_val|        scalar|
|J_2_19_val   |   in|   40|     ap_none|            J_2_19_val|        scalar|
|J_2_20_val   |   in|   40|     ap_none|            J_2_20_val|        scalar|
|J_2_21_val   |   in|   40|     ap_none|            J_2_21_val|        scalar|
|J_2_22_val   |   in|   40|     ap_none|            J_2_22_val|        scalar|
|J_2_23_val   |   in|   40|     ap_none|            J_2_23_val|        scalar|
|J_2_24_val   |   in|   40|     ap_none|            J_2_24_val|        scalar|
|J_2_25_val   |   in|   40|     ap_none|            J_2_25_val|        scalar|
|J_3_4_val    |   in|   40|     ap_none|             J_3_4_val|        scalar|
|J_3_5_val    |   in|   40|     ap_none|             J_3_5_val|        scalar|
|J_3_6_val    |   in|   40|     ap_none|             J_3_6_val|        scalar|
|J_3_7_val    |   in|   40|     ap_none|             J_3_7_val|        scalar|
|J_3_8_val    |   in|   40|     ap_none|             J_3_8_val|        scalar|
|J_3_9_val    |   in|   40|     ap_none|             J_3_9_val|        scalar|
|J_3_10_val   |   in|   40|     ap_none|            J_3_10_val|        scalar|
|J_3_11_val   |   in|   40|     ap_none|            J_3_11_val|        scalar|
|J_3_12_val   |   in|   40|     ap_none|            J_3_12_val|        scalar|
|J_3_13_val   |   in|   40|     ap_none|            J_3_13_val|        scalar|
|J_3_14_val   |   in|   40|     ap_none|            J_3_14_val|        scalar|
|J_3_15_val   |   in|   40|     ap_none|            J_3_15_val|        scalar|
|J_3_16_val   |   in|   40|     ap_none|            J_3_16_val|        scalar|
|J_3_17_val   |   in|   40|     ap_none|            J_3_17_val|        scalar|
|J_3_18_val   |   in|   40|     ap_none|            J_3_18_val|        scalar|
|J_3_19_val   |   in|   40|     ap_none|            J_3_19_val|        scalar|
|J_3_20_val   |   in|   40|     ap_none|            J_3_20_val|        scalar|
|J_3_21_val   |   in|   40|     ap_none|            J_3_21_val|        scalar|
|J_3_22_val   |   in|   40|     ap_none|            J_3_22_val|        scalar|
|J_3_23_val   |   in|   40|     ap_none|            J_3_23_val|        scalar|
|J_3_24_val   |   in|   40|     ap_none|            J_3_24_val|        scalar|
|J_3_25_val   |   in|   40|     ap_none|            J_3_25_val|        scalar|
|J_4_5_val    |   in|   40|     ap_none|             J_4_5_val|        scalar|
|J_4_6_val    |   in|   40|     ap_none|             J_4_6_val|        scalar|
|J_4_7_val    |   in|   40|     ap_none|             J_4_7_val|        scalar|
|J_4_8_val    |   in|   40|     ap_none|             J_4_8_val|        scalar|
|J_4_9_val    |   in|   40|     ap_none|             J_4_9_val|        scalar|
|J_4_10_val   |   in|   40|     ap_none|            J_4_10_val|        scalar|
|J_4_11_val   |   in|   40|     ap_none|            J_4_11_val|        scalar|
|J_4_12_val   |   in|   40|     ap_none|            J_4_12_val|        scalar|
|J_4_13_val   |   in|   40|     ap_none|            J_4_13_val|        scalar|
|J_4_14_val   |   in|   40|     ap_none|            J_4_14_val|        scalar|
|J_4_15_val   |   in|   40|     ap_none|            J_4_15_val|        scalar|
|J_4_16_val   |   in|   40|     ap_none|            J_4_16_val|        scalar|
|J_4_17_val   |   in|   40|     ap_none|            J_4_17_val|        scalar|
|J_4_18_val   |   in|   40|     ap_none|            J_4_18_val|        scalar|
|J_4_19_val   |   in|   40|     ap_none|            J_4_19_val|        scalar|
|J_4_20_val   |   in|   40|     ap_none|            J_4_20_val|        scalar|
|J_4_21_val   |   in|   40|     ap_none|            J_4_21_val|        scalar|
|J_4_22_val   |   in|   40|     ap_none|            J_4_22_val|        scalar|
|J_4_23_val   |   in|   40|     ap_none|            J_4_23_val|        scalar|
|J_4_24_val   |   in|   40|     ap_none|            J_4_24_val|        scalar|
|J_4_25_val   |   in|   40|     ap_none|            J_4_25_val|        scalar|
|J_5_6_val    |   in|   40|     ap_none|             J_5_6_val|        scalar|
|J_5_7_val    |   in|   40|     ap_none|             J_5_7_val|        scalar|
|J_5_8_val    |   in|   40|     ap_none|             J_5_8_val|        scalar|
|J_5_9_val    |   in|   40|     ap_none|             J_5_9_val|        scalar|
|J_5_10_val   |   in|   40|     ap_none|            J_5_10_val|        scalar|
|J_5_11_val   |   in|   40|     ap_none|            J_5_11_val|        scalar|
|J_5_12_val   |   in|   40|     ap_none|            J_5_12_val|        scalar|
|J_5_13_val   |   in|   40|     ap_none|            J_5_13_val|        scalar|
|J_5_14_val   |   in|   40|     ap_none|            J_5_14_val|        scalar|
|J_5_15_val   |   in|   40|     ap_none|            J_5_15_val|        scalar|
|J_5_16_val   |   in|   40|     ap_none|            J_5_16_val|        scalar|
|J_5_17_val   |   in|   40|     ap_none|            J_5_17_val|        scalar|
|J_5_18_val   |   in|   40|     ap_none|            J_5_18_val|        scalar|
|J_5_19_val   |   in|   40|     ap_none|            J_5_19_val|        scalar|
|J_5_20_val   |   in|   40|     ap_none|            J_5_20_val|        scalar|
|J_5_21_val   |   in|   40|     ap_none|            J_5_21_val|        scalar|
|J_5_22_val   |   in|   40|     ap_none|            J_5_22_val|        scalar|
|J_5_23_val   |   in|   40|     ap_none|            J_5_23_val|        scalar|
|J_5_24_val   |   in|   40|     ap_none|            J_5_24_val|        scalar|
|J_5_25_val   |   in|   40|     ap_none|            J_5_25_val|        scalar|
|J_6_7_val    |   in|   40|     ap_none|             J_6_7_val|        scalar|
|J_6_8_val    |   in|   40|     ap_none|             J_6_8_val|        scalar|
|J_6_9_val    |   in|   40|     ap_none|             J_6_9_val|        scalar|
|J_6_10_val   |   in|   40|     ap_none|            J_6_10_val|        scalar|
|J_6_11_val   |   in|   40|     ap_none|            J_6_11_val|        scalar|
|J_6_12_val   |   in|   40|     ap_none|            J_6_12_val|        scalar|
|J_6_13_val   |   in|   40|     ap_none|            J_6_13_val|        scalar|
|J_6_14_val   |   in|   40|     ap_none|            J_6_14_val|        scalar|
|J_6_15_val   |   in|   40|     ap_none|            J_6_15_val|        scalar|
|J_6_16_val   |   in|   40|     ap_none|            J_6_16_val|        scalar|
|J_6_17_val   |   in|   40|     ap_none|            J_6_17_val|        scalar|
|J_6_18_val   |   in|   40|     ap_none|            J_6_18_val|        scalar|
|J_6_19_val   |   in|   40|     ap_none|            J_6_19_val|        scalar|
|J_6_20_val   |   in|   40|     ap_none|            J_6_20_val|        scalar|
|J_6_21_val   |   in|   40|     ap_none|            J_6_21_val|        scalar|
|J_6_22_val   |   in|   40|     ap_none|            J_6_22_val|        scalar|
|J_6_23_val   |   in|   40|     ap_none|            J_6_23_val|        scalar|
|J_6_24_val   |   in|   40|     ap_none|            J_6_24_val|        scalar|
|J_6_25_val   |   in|   40|     ap_none|            J_6_25_val|        scalar|
|J_7_8_val    |   in|   40|     ap_none|             J_7_8_val|        scalar|
|J_7_9_val    |   in|   40|     ap_none|             J_7_9_val|        scalar|
|J_7_10_val   |   in|   40|     ap_none|            J_7_10_val|        scalar|
|J_7_11_val   |   in|   40|     ap_none|            J_7_11_val|        scalar|
|J_7_12_val   |   in|   40|     ap_none|            J_7_12_val|        scalar|
|J_7_13_val   |   in|   40|     ap_none|            J_7_13_val|        scalar|
|J_7_14_val   |   in|   40|     ap_none|            J_7_14_val|        scalar|
|J_7_15_val   |   in|   40|     ap_none|            J_7_15_val|        scalar|
|J_7_16_val   |   in|   40|     ap_none|            J_7_16_val|        scalar|
|J_7_17_val   |   in|   40|     ap_none|            J_7_17_val|        scalar|
|J_7_18_val   |   in|   40|     ap_none|            J_7_18_val|        scalar|
|J_7_19_val   |   in|   40|     ap_none|            J_7_19_val|        scalar|
|J_7_20_val   |   in|   40|     ap_none|            J_7_20_val|        scalar|
|J_7_21_val   |   in|   40|     ap_none|            J_7_21_val|        scalar|
|J_7_22_val   |   in|   40|     ap_none|            J_7_22_val|        scalar|
|J_7_23_val   |   in|   40|     ap_none|            J_7_23_val|        scalar|
|J_7_24_val   |   in|   40|     ap_none|            J_7_24_val|        scalar|
|J_7_25_val   |   in|   40|     ap_none|            J_7_25_val|        scalar|
|J_8_9_val    |   in|   40|     ap_none|             J_8_9_val|        scalar|
|J_8_10_val   |   in|   40|     ap_none|            J_8_10_val|        scalar|
|J_8_11_val   |   in|   40|     ap_none|            J_8_11_val|        scalar|
|J_8_12_val   |   in|   40|     ap_none|            J_8_12_val|        scalar|
|J_8_13_val   |   in|   40|     ap_none|            J_8_13_val|        scalar|
|J_8_14_val   |   in|   40|     ap_none|            J_8_14_val|        scalar|
|J_8_15_val   |   in|   40|     ap_none|            J_8_15_val|        scalar|
|J_8_16_val   |   in|   40|     ap_none|            J_8_16_val|        scalar|
|J_8_17_val   |   in|   40|     ap_none|            J_8_17_val|        scalar|
|J_8_18_val   |   in|   40|     ap_none|            J_8_18_val|        scalar|
|J_8_19_val   |   in|   40|     ap_none|            J_8_19_val|        scalar|
|J_8_20_val   |   in|   40|     ap_none|            J_8_20_val|        scalar|
|J_8_21_val   |   in|   40|     ap_none|            J_8_21_val|        scalar|
|J_8_22_val   |   in|   40|     ap_none|            J_8_22_val|        scalar|
|J_8_23_val   |   in|   40|     ap_none|            J_8_23_val|        scalar|
|J_8_24_val   |   in|   40|     ap_none|            J_8_24_val|        scalar|
|J_8_25_val   |   in|   40|     ap_none|            J_8_25_val|        scalar|
|J_9_10_val   |   in|   40|     ap_none|            J_9_10_val|        scalar|
|J_9_11_val   |   in|   40|     ap_none|            J_9_11_val|        scalar|
|J_9_12_val   |   in|   40|     ap_none|            J_9_12_val|        scalar|
|J_9_13_val   |   in|   40|     ap_none|            J_9_13_val|        scalar|
|J_9_14_val   |   in|   40|     ap_none|            J_9_14_val|        scalar|
|J_9_15_val   |   in|   40|     ap_none|            J_9_15_val|        scalar|
|J_9_16_val   |   in|   40|     ap_none|            J_9_16_val|        scalar|
|J_9_17_val   |   in|   40|     ap_none|            J_9_17_val|        scalar|
|J_9_18_val   |   in|   40|     ap_none|            J_9_18_val|        scalar|
|J_9_19_val   |   in|   40|     ap_none|            J_9_19_val|        scalar|
|J_9_20_val   |   in|   40|     ap_none|            J_9_20_val|        scalar|
|J_9_21_val   |   in|   40|     ap_none|            J_9_21_val|        scalar|
|J_9_22_val   |   in|   40|     ap_none|            J_9_22_val|        scalar|
|J_9_23_val   |   in|   40|     ap_none|            J_9_23_val|        scalar|
|J_9_24_val   |   in|   40|     ap_none|            J_9_24_val|        scalar|
|J_9_25_val   |   in|   40|     ap_none|            J_9_25_val|        scalar|
|J_10_11_val  |   in|   40|     ap_none|           J_10_11_val|        scalar|
|J_10_12_val  |   in|   40|     ap_none|           J_10_12_val|        scalar|
|J_10_13_val  |   in|   40|     ap_none|           J_10_13_val|        scalar|
|J_10_14_val  |   in|   40|     ap_none|           J_10_14_val|        scalar|
|J_10_15_val  |   in|   40|     ap_none|           J_10_15_val|        scalar|
|J_10_16_val  |   in|   40|     ap_none|           J_10_16_val|        scalar|
|J_10_17_val  |   in|   40|     ap_none|           J_10_17_val|        scalar|
|J_10_18_val  |   in|   40|     ap_none|           J_10_18_val|        scalar|
|J_10_19_val  |   in|   40|     ap_none|           J_10_19_val|        scalar|
|J_10_20_val  |   in|   40|     ap_none|           J_10_20_val|        scalar|
|J_10_21_val  |   in|   40|     ap_none|           J_10_21_val|        scalar|
|J_10_22_val  |   in|   40|     ap_none|           J_10_22_val|        scalar|
|J_10_23_val  |   in|   40|     ap_none|           J_10_23_val|        scalar|
|J_10_24_val  |   in|   40|     ap_none|           J_10_24_val|        scalar|
|J_10_25_val  |   in|   40|     ap_none|           J_10_25_val|        scalar|
|J_11_12_val  |   in|   40|     ap_none|           J_11_12_val|        scalar|
|J_11_13_val  |   in|   40|     ap_none|           J_11_13_val|        scalar|
|J_11_14_val  |   in|   40|     ap_none|           J_11_14_val|        scalar|
|J_11_15_val  |   in|   40|     ap_none|           J_11_15_val|        scalar|
|J_11_16_val  |   in|   40|     ap_none|           J_11_16_val|        scalar|
|J_11_17_val  |   in|   40|     ap_none|           J_11_17_val|        scalar|
|J_11_18_val  |   in|   40|     ap_none|           J_11_18_val|        scalar|
|J_11_19_val  |   in|   40|     ap_none|           J_11_19_val|        scalar|
|J_11_20_val  |   in|   40|     ap_none|           J_11_20_val|        scalar|
|J_11_21_val  |   in|   40|     ap_none|           J_11_21_val|        scalar|
|J_11_22_val  |   in|   40|     ap_none|           J_11_22_val|        scalar|
|J_11_23_val  |   in|   40|     ap_none|           J_11_23_val|        scalar|
|J_11_24_val  |   in|   40|     ap_none|           J_11_24_val|        scalar|
|J_11_25_val  |   in|   40|     ap_none|           J_11_25_val|        scalar|
|J_12_13_val  |   in|   40|     ap_none|           J_12_13_val|        scalar|
|J_12_14_val  |   in|   40|     ap_none|           J_12_14_val|        scalar|
|J_12_15_val  |   in|   40|     ap_none|           J_12_15_val|        scalar|
|J_12_16_val  |   in|   40|     ap_none|           J_12_16_val|        scalar|
|J_12_17_val  |   in|   40|     ap_none|           J_12_17_val|        scalar|
|J_12_18_val  |   in|   40|     ap_none|           J_12_18_val|        scalar|
|J_12_19_val  |   in|   40|     ap_none|           J_12_19_val|        scalar|
|J_12_20_val  |   in|   40|     ap_none|           J_12_20_val|        scalar|
|J_12_21_val  |   in|   40|     ap_none|           J_12_21_val|        scalar|
|J_12_22_val  |   in|   40|     ap_none|           J_12_22_val|        scalar|
|J_12_23_val  |   in|   40|     ap_none|           J_12_23_val|        scalar|
|J_12_24_val  |   in|   40|     ap_none|           J_12_24_val|        scalar|
|J_12_25_val  |   in|   40|     ap_none|           J_12_25_val|        scalar|
|J_13_14_val  |   in|   40|     ap_none|           J_13_14_val|        scalar|
|J_13_15_val  |   in|   40|     ap_none|           J_13_15_val|        scalar|
|J_13_16_val  |   in|   40|     ap_none|           J_13_16_val|        scalar|
|J_13_17_val  |   in|   40|     ap_none|           J_13_17_val|        scalar|
|J_13_18_val  |   in|   40|     ap_none|           J_13_18_val|        scalar|
|J_13_19_val  |   in|   40|     ap_none|           J_13_19_val|        scalar|
|J_13_20_val  |   in|   40|     ap_none|           J_13_20_val|        scalar|
|J_13_21_val  |   in|   40|     ap_none|           J_13_21_val|        scalar|
|J_13_22_val  |   in|   40|     ap_none|           J_13_22_val|        scalar|
|J_13_23_val  |   in|   40|     ap_none|           J_13_23_val|        scalar|
|J_13_24_val  |   in|   40|     ap_none|           J_13_24_val|        scalar|
|J_13_25_val  |   in|   40|     ap_none|           J_13_25_val|        scalar|
|J_14_15_val  |   in|   40|     ap_none|           J_14_15_val|        scalar|
|J_14_16_val  |   in|   40|     ap_none|           J_14_16_val|        scalar|
|J_14_17_val  |   in|   40|     ap_none|           J_14_17_val|        scalar|
|J_14_18_val  |   in|   40|     ap_none|           J_14_18_val|        scalar|
|J_14_19_val  |   in|   40|     ap_none|           J_14_19_val|        scalar|
|J_14_20_val  |   in|   40|     ap_none|           J_14_20_val|        scalar|
|J_14_21_val  |   in|   40|     ap_none|           J_14_21_val|        scalar|
|J_14_22_val  |   in|   40|     ap_none|           J_14_22_val|        scalar|
|J_14_23_val  |   in|   40|     ap_none|           J_14_23_val|        scalar|
|J_14_24_val  |   in|   40|     ap_none|           J_14_24_val|        scalar|
|J_14_25_val  |   in|   40|     ap_none|           J_14_25_val|        scalar|
|J_15_16_val  |   in|   40|     ap_none|           J_15_16_val|        scalar|
|J_15_17_val  |   in|   40|     ap_none|           J_15_17_val|        scalar|
|J_15_18_val  |   in|   40|     ap_none|           J_15_18_val|        scalar|
|J_15_19_val  |   in|   40|     ap_none|           J_15_19_val|        scalar|
|J_15_20_val  |   in|   40|     ap_none|           J_15_20_val|        scalar|
|J_15_21_val  |   in|   40|     ap_none|           J_15_21_val|        scalar|
|J_15_22_val  |   in|   40|     ap_none|           J_15_22_val|        scalar|
|J_15_23_val  |   in|   40|     ap_none|           J_15_23_val|        scalar|
|J_15_24_val  |   in|   40|     ap_none|           J_15_24_val|        scalar|
|J_15_25_val  |   in|   40|     ap_none|           J_15_25_val|        scalar|
|J_16_17_val  |   in|   40|     ap_none|           J_16_17_val|        scalar|
|J_16_18_val  |   in|   40|     ap_none|           J_16_18_val|        scalar|
|J_16_19_val  |   in|   40|     ap_none|           J_16_19_val|        scalar|
|J_16_20_val  |   in|   40|     ap_none|           J_16_20_val|        scalar|
|J_16_21_val  |   in|   40|     ap_none|           J_16_21_val|        scalar|
|J_16_22_val  |   in|   40|     ap_none|           J_16_22_val|        scalar|
|J_16_23_val  |   in|   40|     ap_none|           J_16_23_val|        scalar|
|J_16_24_val  |   in|   40|     ap_none|           J_16_24_val|        scalar|
|J_16_25_val  |   in|   40|     ap_none|           J_16_25_val|        scalar|
|J_17_18_val  |   in|   40|     ap_none|           J_17_18_val|        scalar|
|J_17_19_val  |   in|   40|     ap_none|           J_17_19_val|        scalar|
|J_17_20_val  |   in|   40|     ap_none|           J_17_20_val|        scalar|
|J_17_21_val  |   in|   40|     ap_none|           J_17_21_val|        scalar|
|J_17_22_val  |   in|   40|     ap_none|           J_17_22_val|        scalar|
|J_17_23_val  |   in|   40|     ap_none|           J_17_23_val|        scalar|
|J_17_24_val  |   in|   40|     ap_none|           J_17_24_val|        scalar|
|J_17_25_val  |   in|   40|     ap_none|           J_17_25_val|        scalar|
|J_18_19_val  |   in|   40|     ap_none|           J_18_19_val|        scalar|
|J_18_20_val  |   in|   40|     ap_none|           J_18_20_val|        scalar|
|J_18_21_val  |   in|   40|     ap_none|           J_18_21_val|        scalar|
|J_18_22_val  |   in|   40|     ap_none|           J_18_22_val|        scalar|
|J_18_23_val  |   in|   40|     ap_none|           J_18_23_val|        scalar|
|J_18_24_val  |   in|   40|     ap_none|           J_18_24_val|        scalar|
|J_18_25_val  |   in|   40|     ap_none|           J_18_25_val|        scalar|
|J_19_20_val  |   in|   40|     ap_none|           J_19_20_val|        scalar|
|J_19_21_val  |   in|   40|     ap_none|           J_19_21_val|        scalar|
|J_19_22_val  |   in|   40|     ap_none|           J_19_22_val|        scalar|
|J_19_23_val  |   in|   40|     ap_none|           J_19_23_val|        scalar|
|J_19_24_val  |   in|   40|     ap_none|           J_19_24_val|        scalar|
|J_19_25_val  |   in|   40|     ap_none|           J_19_25_val|        scalar|
|J_20_21_val  |   in|   40|     ap_none|           J_20_21_val|        scalar|
|J_20_22_val  |   in|   40|     ap_none|           J_20_22_val|        scalar|
|J_20_23_val  |   in|   40|     ap_none|           J_20_23_val|        scalar|
|J_20_24_val  |   in|   40|     ap_none|           J_20_24_val|        scalar|
|J_20_25_val  |   in|   40|     ap_none|           J_20_25_val|        scalar|
|J_21_22_val  |   in|   40|     ap_none|           J_21_22_val|        scalar|
|J_21_23_val  |   in|   40|     ap_none|           J_21_23_val|        scalar|
|J_21_24_val  |   in|   40|     ap_none|           J_21_24_val|        scalar|
|J_21_25_val  |   in|   40|     ap_none|           J_21_25_val|        scalar|
|J_22_23_val  |   in|   40|     ap_none|           J_22_23_val|        scalar|
|J_22_24_val  |   in|   40|     ap_none|           J_22_24_val|        scalar|
|J_22_25_val  |   in|   40|     ap_none|           J_22_25_val|        scalar|
|J_23_24_val  |   in|   40|     ap_none|           J_23_24_val|        scalar|
|J_23_25_val  |   in|   40|     ap_none|           J_23_25_val|        scalar|
|J_24_25_val  |   in|   40|     ap_none|           J_24_25_val|        scalar|
|h_0_val      |   in|   40|     ap_none|               h_0_val|        scalar|
|h_1_val      |   in|   40|     ap_none|               h_1_val|        scalar|
|h_2_val      |   in|   40|     ap_none|               h_2_val|        scalar|
|h_3_val      |   in|   40|     ap_none|               h_3_val|        scalar|
|h_4_val      |   in|   40|     ap_none|               h_4_val|        scalar|
|h_5_val      |   in|   40|     ap_none|               h_5_val|        scalar|
|h_6_val      |   in|   40|     ap_none|               h_6_val|        scalar|
|h_7_val      |   in|   40|     ap_none|               h_7_val|        scalar|
|h_8_val      |   in|   40|     ap_none|               h_8_val|        scalar|
|h_9_val      |   in|   40|     ap_none|               h_9_val|        scalar|
|h_10_val     |   in|   40|     ap_none|              h_10_val|        scalar|
|h_11_val     |   in|   40|     ap_none|              h_11_val|        scalar|
|h_12_val     |   in|   40|     ap_none|              h_12_val|        scalar|
|h_13_val     |   in|   40|     ap_none|              h_13_val|        scalar|
|h_14_val     |   in|   40|     ap_none|              h_14_val|        scalar|
|h_15_val     |   in|   40|     ap_none|              h_15_val|        scalar|
|h_16_val     |   in|   40|     ap_none|              h_16_val|        scalar|
|h_17_val     |   in|   40|     ap_none|              h_17_val|        scalar|
|h_18_val     |   in|   40|     ap_none|              h_18_val|        scalar|
|h_19_val     |   in|   40|     ap_none|              h_19_val|        scalar|
|h_20_val     |   in|   40|     ap_none|              h_20_val|        scalar|
|h_21_val     |   in|   40|     ap_none|              h_21_val|        scalar|
|h_22_val     |   in|   40|     ap_none|              h_22_val|        scalar|
|h_23_val     |   in|   40|     ap_none|              h_23_val|        scalar|
|h_24_val     |   in|   40|     ap_none|              h_24_val|        scalar|
|h_25_val     |   in|   40|     ap_none|              h_25_val|        scalar|
|y_0_val      |   in|    1|     ap_none|               y_0_val|        scalar|
|y_1_val      |   in|    1|     ap_none|               y_1_val|        scalar|
|y_2_val      |   in|    1|     ap_none|               y_2_val|        scalar|
|y_3_val      |   in|    1|     ap_none|               y_3_val|        scalar|
|y_4_val      |   in|    1|     ap_none|               y_4_val|        scalar|
|y_5_val      |   in|    1|     ap_none|               y_5_val|        scalar|
|y_6_val      |   in|    1|     ap_none|               y_6_val|        scalar|
|y_7_val      |   in|    1|     ap_none|               y_7_val|        scalar|
|y_8_val      |   in|    1|     ap_none|               y_8_val|        scalar|
|y_9_val      |   in|    1|     ap_none|               y_9_val|        scalar|
|y_10_val     |   in|    1|     ap_none|              y_10_val|        scalar|
|y_11_val     |   in|    1|     ap_none|              y_11_val|        scalar|
|y_12_val     |   in|    1|     ap_none|              y_12_val|        scalar|
|y_13_val     |   in|    1|     ap_none|              y_13_val|        scalar|
|y_14_val     |   in|    1|     ap_none|              y_14_val|        scalar|
|y_15_val     |   in|    1|     ap_none|              y_15_val|        scalar|
|y_16_val     |   in|    1|     ap_none|              y_16_val|        scalar|
|y_17_val     |   in|    1|     ap_none|              y_17_val|        scalar|
|y_18_val     |   in|    1|     ap_none|              y_18_val|        scalar|
|y_19_val     |   in|    1|     ap_none|              y_19_val|        scalar|
|y_20_val     |   in|    1|     ap_none|              y_20_val|        scalar|
|y_21_val     |   in|    1|     ap_none|              y_21_val|        scalar|
|y_22_val     |   in|    1|     ap_none|              y_22_val|        scalar|
|y_23_val     |   in|    1|     ap_none|              y_23_val|        scalar|
|y_24_val     |   in|    1|     ap_none|              y_24_val|        scalar|
|y_25_val     |   in|    1|     ap_none|              y_25_val|        scalar|
|old_energy   |   in|   40|     ap_none|            old_energy|        scalar|
+-------------+-----+-----+------------+----------------------+--------------+

