

================================================================
== Synthesis Summary Report of 'uniform_metropolis_step'
================================================================
+ General Information: 
    * Date:           Tue May 19 20:41:17 2026
    * Version:        2025.2 (Build 6295257 on Nov 14 2025)
    * Project:        hls_uniform_metropolis_step_N22
    * Solution:       hls (Vivado IP Flow Target)
    * Product family: virtexuplus
    * Target device:  xcvu19p-fsva3824-2-e
    

* Performance & Resource Estimates: 
+---------------------------+------+---------------+----------+---------+------+----------+---------+---------+------+------+---------+-------------+-------------+-----+
|          Modules          | Issue|               | Iteration|         | Trip |          |      Latency      |      |      |         |             |             |     |
|          & Loops          | Type | Violation Type|  Latency | Interval| Count| Pipelined| (cycles)|   (ns)  | Slack| BRAM |   DSP   |      FF     |     LUT     | URAM|
+---------------------------+------+---------------+----------+---------+------+----------+---------+---------+------+------+---------+-------------+-------------+-----+
|+ uniform_metropolis_step  |     -|              -|         -|      130|     -|        no|      129|  429.957|  0.04|     -|  7 (~0%)|  16291 (~0%)|  35858 (~0%)|    -|
| + uniform_delta_energy    |     -|              -|         -|      117|     -|        no|      117|  389.961|  0.04|     -|        -|   5238 (~0%)|  34889 (~0%)|    -|
+---------------------------+------+---------------+----------+---------+------+----------+---------+---------+------+------+---------+-------------+-------------+-----+
    Name Prefix: '+' for module, 'o' for loop, '*' for dataflow


================================================================
== HW Interfaces
================================================================
* Other Ports
+--------------+---------+-----------+----------+
| Port         | Mode    | Direction | Bitwidth |
+--------------+---------+-----------+----------+
| J_0_0        | ap_none | in        | 40       |
| J_0_1        | ap_none | in        | 40       |
| J_0_10       | ap_none | in        | 40       |
| J_0_11       | ap_none | in        | 40       |
| J_0_12       | ap_none | in        | 40       |
| J_0_13       | ap_none | in        | 40       |
| J_0_14       | ap_none | in        | 40       |
| J_0_15       | ap_none | in        | 40       |
| J_0_16       | ap_none | in        | 40       |
| J_0_17       | ap_none | in        | 40       |
| J_0_18       | ap_none | in        | 40       |
| J_0_19       | ap_none | in        | 40       |
| J_0_2        | ap_none | in        | 40       |
| J_0_20       | ap_none | in        | 40       |
| J_0_21       | ap_none | in        | 40       |
| J_0_3        | ap_none | in        | 40       |
| J_0_4        | ap_none | in        | 40       |
| J_0_5        | ap_none | in        | 40       |
| J_0_6        | ap_none | in        | 40       |
| J_0_7        | ap_none | in        | 40       |
| J_0_8        | ap_none | in        | 40       |
| J_0_9        | ap_none | in        | 40       |
| J_10_0       | ap_none | in        | 40       |
| J_10_1       | ap_none | in        | 40       |
| J_10_10      | ap_none | in        | 40       |
| J_10_11      | ap_none | in        | 40       |
| J_10_12      | ap_none | in        | 40       |
| J_10_13      | ap_none | in        | 40       |
| J_10_14      | ap_none | in        | 40       |
| J_10_15      | ap_none | in        | 40       |
| J_10_16      | ap_none | in        | 40       |
| J_10_17      | ap_none | in        | 40       |
| J_10_18      | ap_none | in        | 40       |
| J_10_19      | ap_none | in        | 40       |
| J_10_2       | ap_none | in        | 40       |
| J_10_20      | ap_none | in        | 40       |
| J_10_21      | ap_none | in        | 40       |
| J_10_3       | ap_none | in        | 40       |
| J_10_4       | ap_none | in        | 40       |
| J_10_5       | ap_none | in        | 40       |
| J_10_6       | ap_none | in        | 40       |
| J_10_7       | ap_none | in        | 40       |
| J_10_8       | ap_none | in        | 40       |
| J_10_9       | ap_none | in        | 40       |
| J_11_0       | ap_none | in        | 40       |
| J_11_1       | ap_none | in        | 40       |
| J_11_10      | ap_none | in        | 40       |
| J_11_11      | ap_none | in        | 40       |
| J_11_12      | ap_none | in        | 40       |
| J_11_13      | ap_none | in        | 40       |
| J_11_14      | ap_none | in        | 40       |
| J_11_15      | ap_none | in        | 40       |
| J_11_16      | ap_none | in        | 40       |
| J_11_17      | ap_none | in        | 40       |
| J_11_18      | ap_none | in        | 40       |
| J_11_19      | ap_none | in        | 40       |
| J_11_2       | ap_none | in        | 40       |
| J_11_20      | ap_none | in        | 40       |
| J_11_21      | ap_none | in        | 40       |
| J_11_3       | ap_none | in        | 40       |
| J_11_4       | ap_none | in        | 40       |
| J_11_5       | ap_none | in        | 40       |
| J_11_6       | ap_none | in        | 40       |
| J_11_7       | ap_none | in        | 40       |
| J_11_8       | ap_none | in        | 40       |
| J_11_9       | ap_none | in        | 40       |
| J_12_0       | ap_none | in        | 40       |
| J_12_1       | ap_none | in        | 40       |
| J_12_10      | ap_none | in        | 40       |
| J_12_11      | ap_none | in        | 40       |
| J_12_12      | ap_none | in        | 40       |
| J_12_13      | ap_none | in        | 40       |
| J_12_14      | ap_none | in        | 40       |
| J_12_15      | ap_none | in        | 40       |
| J_12_16      | ap_none | in        | 40       |
| J_12_17      | ap_none | in        | 40       |
| J_12_18      | ap_none | in        | 40       |
| J_12_19      | ap_none | in        | 40       |
| J_12_2       | ap_none | in        | 40       |
| J_12_20      | ap_none | in        | 40       |
| J_12_21      | ap_none | in        | 40       |
| J_12_3       | ap_none | in        | 40       |
| J_12_4       | ap_none | in        | 40       |
| J_12_5       | ap_none | in        | 40       |
| J_12_6       | ap_none | in        | 40       |
| J_12_7       | ap_none | in        | 40       |
| J_12_8       | ap_none | in        | 40       |
| J_12_9       | ap_none | in        | 40       |
| J_13_0       | ap_none | in        | 40       |
| J_13_1       | ap_none | in        | 40       |
| J_13_10      | ap_none | in        | 40       |
| J_13_11      | ap_none | in        | 40       |
| J_13_12      | ap_none | in        | 40       |
| J_13_13      | ap_none | in        | 40       |
| J_13_14      | ap_none | in        | 40       |
| J_13_15      | ap_none | in        | 40       |
| J_13_16      | ap_none | in        | 40       |
| J_13_17      | ap_none | in        | 40       |
| J_13_18      | ap_none | in        | 40       |
| J_13_19      | ap_none | in        | 40       |
| J_13_2       | ap_none | in        | 40       |
| J_13_20      | ap_none | in        | 40       |
| J_13_21      | ap_none | in        | 40       |
| J_13_3       | ap_none | in        | 40       |
| J_13_4       | ap_none | in        | 40       |
| J_13_5       | ap_none | in        | 40       |
| J_13_6       | ap_none | in        | 40       |
| J_13_7       | ap_none | in        | 40       |
| J_13_8       | ap_none | in        | 40       |
| J_13_9       | ap_none | in        | 40       |
| J_14_0       | ap_none | in        | 40       |
| J_14_1       | ap_none | in        | 40       |
| J_14_10      | ap_none | in        | 40       |
| J_14_11      | ap_none | in        | 40       |
| J_14_12      | ap_none | in        | 40       |
| J_14_13      | ap_none | in        | 40       |
| J_14_14      | ap_none | in        | 40       |
| J_14_15      | ap_none | in        | 40       |
| J_14_16      | ap_none | in        | 40       |
| J_14_17      | ap_none | in        | 40       |
| J_14_18      | ap_none | in        | 40       |
| J_14_19      | ap_none | in        | 40       |
| J_14_2       | ap_none | in        | 40       |
| J_14_20      | ap_none | in        | 40       |
| J_14_21      | ap_none | in        | 40       |
| J_14_3       | ap_none | in        | 40       |
| J_14_4       | ap_none | in        | 40       |
| J_14_5       | ap_none | in        | 40       |
| J_14_6       | ap_none | in        | 40       |
| J_14_7       | ap_none | in        | 40       |
| J_14_8       | ap_none | in        | 40       |
| J_14_9       | ap_none | in        | 40       |
| J_15_0       | ap_none | in        | 40       |
| J_15_1       | ap_none | in        | 40       |
| J_15_10      | ap_none | in        | 40       |
| J_15_11      | ap_none | in        | 40       |
| J_15_12      | ap_none | in        | 40       |
| J_15_13      | ap_none | in        | 40       |
| J_15_14      | ap_none | in        | 40       |
| J_15_15      | ap_none | in        | 40       |
| J_15_16      | ap_none | in        | 40       |
| J_15_17      | ap_none | in        | 40       |
| J_15_18      | ap_none | in        | 40       |
| J_15_19      | ap_none | in        | 40       |
| J_15_2       | ap_none | in        | 40       |
| J_15_20      | ap_none | in        | 40       |
| J_15_21      | ap_none | in        | 40       |
| J_15_3       | ap_none | in        | 40       |
| J_15_4       | ap_none | in        | 40       |
| J_15_5       | ap_none | in        | 40       |
| J_15_6       | ap_none | in        | 40       |
| J_15_7       | ap_none | in        | 40       |
| J_15_8       | ap_none | in        | 40       |
| J_15_9       | ap_none | in        | 40       |
| J_16_0       | ap_none | in        | 40       |
| J_16_1       | ap_none | in        | 40       |
| J_16_10      | ap_none | in        | 40       |
| J_16_11      | ap_none | in        | 40       |
| J_16_12      | ap_none | in        | 40       |
| J_16_13      | ap_none | in        | 40       |
| J_16_14      | ap_none | in        | 40       |
| J_16_15      | ap_none | in        | 40       |
| J_16_16      | ap_none | in        | 40       |
| J_16_17      | ap_none | in        | 40       |
| J_16_18      | ap_none | in        | 40       |
| J_16_19      | ap_none | in        | 40       |
| J_16_2       | ap_none | in        | 40       |
| J_16_20      | ap_none | in        | 40       |
| J_16_21      | ap_none | in        | 40       |
| J_16_3       | ap_none | in        | 40       |
| J_16_4       | ap_none | in        | 40       |
| J_16_5       | ap_none | in        | 40       |
| J_16_6       | ap_none | in        | 40       |
| J_16_7       | ap_none | in        | 40       |
| J_16_8       | ap_none | in        | 40       |
| J_16_9       | ap_none | in        | 40       |
| J_17_0       | ap_none | in        | 40       |
| J_17_1       | ap_none | in        | 40       |
| J_17_10      | ap_none | in        | 40       |
| J_17_11      | ap_none | in        | 40       |
| J_17_12      | ap_none | in        | 40       |
| J_17_13      | ap_none | in        | 40       |
| J_17_14      | ap_none | in        | 40       |
| J_17_15      | ap_none | in        | 40       |
| J_17_16      | ap_none | in        | 40       |
| J_17_17      | ap_none | in        | 40       |
| J_17_18      | ap_none | in        | 40       |
| J_17_19      | ap_none | in        | 40       |
| J_17_2       | ap_none | in        | 40       |
| J_17_20      | ap_none | in        | 40       |
| J_17_21      | ap_none | in        | 40       |
| J_17_3       | ap_none | in        | 40       |
| J_17_4       | ap_none | in        | 40       |
| J_17_5       | ap_none | in        | 40       |
| J_17_6       | ap_none | in        | 40       |
| J_17_7       | ap_none | in        | 40       |
| J_17_8       | ap_none | in        | 40       |
| J_17_9       | ap_none | in        | 40       |
| J_18_0       | ap_none | in        | 40       |
| J_18_1       | ap_none | in        | 40       |
| J_18_10      | ap_none | in        | 40       |
| J_18_11      | ap_none | in        | 40       |
| J_18_12      | ap_none | in        | 40       |
| J_18_13      | ap_none | in        | 40       |
| J_18_14      | ap_none | in        | 40       |
| J_18_15      | ap_none | in        | 40       |
| J_18_16      | ap_none | in        | 40       |
| J_18_17      | ap_none | in        | 40       |
| J_18_18      | ap_none | in        | 40       |
| J_18_19      | ap_none | in        | 40       |
| J_18_2       | ap_none | in        | 40       |
| J_18_20      | ap_none | in        | 40       |
| J_18_21      | ap_none | in        | 40       |
| J_18_3       | ap_none | in        | 40       |
| J_18_4       | ap_none | in        | 40       |
| J_18_5       | ap_none | in        | 40       |
| J_18_6       | ap_none | in        | 40       |
| J_18_7       | ap_none | in        | 40       |
| J_18_8       | ap_none | in        | 40       |
| J_18_9       | ap_none | in        | 40       |
| J_19_0       | ap_none | in        | 40       |
| J_19_1       | ap_none | in        | 40       |
| J_19_10      | ap_none | in        | 40       |
| J_19_11      | ap_none | in        | 40       |
| J_19_12      | ap_none | in        | 40       |
| J_19_13      | ap_none | in        | 40       |
| J_19_14      | ap_none | in        | 40       |
| J_19_15      | ap_none | in        | 40       |
| J_19_16      | ap_none | in        | 40       |
| J_19_17      | ap_none | in        | 40       |
| J_19_18      | ap_none | in        | 40       |
| J_19_19      | ap_none | in        | 40       |
| J_19_2       | ap_none | in        | 40       |
| J_19_20      | ap_none | in        | 40       |
| J_19_21      | ap_none | in        | 40       |
| J_19_3       | ap_none | in        | 40       |
| J_19_4       | ap_none | in        | 40       |
| J_19_5       | ap_none | in        | 40       |
| J_19_6       | ap_none | in        | 40       |
| J_19_7       | ap_none | in        | 40       |
| J_19_8       | ap_none | in        | 40       |
| J_19_9       | ap_none | in        | 40       |
| J_1_0        | ap_none | in        | 40       |
| J_1_1        | ap_none | in        | 40       |
| J_1_10       | ap_none | in        | 40       |
| J_1_11       | ap_none | in        | 40       |
| J_1_12       | ap_none | in        | 40       |
| J_1_13       | ap_none | in        | 40       |
| J_1_14       | ap_none | in        | 40       |
| J_1_15       | ap_none | in        | 40       |
| J_1_16       | ap_none | in        | 40       |
| J_1_17       | ap_none | in        | 40       |
| J_1_18       | ap_none | in        | 40       |
| J_1_19       | ap_none | in        | 40       |
| J_1_2        | ap_none | in        | 40       |
| J_1_20       | ap_none | in        | 40       |
| J_1_21       | ap_none | in        | 40       |
| J_1_3        | ap_none | in        | 40       |
| J_1_4        | ap_none | in        | 40       |
| J_1_5        | ap_none | in        | 40       |
| J_1_6        | ap_none | in        | 40       |
| J_1_7        | ap_none | in        | 40       |
| J_1_8        | ap_none | in        | 40       |
| J_1_9        | ap_none | in        | 40       |
| J_20_0       | ap_none | in        | 40       |
| J_20_1       | ap_none | in        | 40       |
| J_20_10      | ap_none | in        | 40       |
| J_20_11      | ap_none | in        | 40       |
| J_20_12      | ap_none | in        | 40       |
| J_20_13      | ap_none | in        | 40       |
| J_20_14      | ap_none | in        | 40       |
| J_20_15      | ap_none | in        | 40       |
| J_20_16      | ap_none | in        | 40       |
| J_20_17      | ap_none | in        | 40       |
| J_20_18      | ap_none | in        | 40       |
| J_20_19      | ap_none | in        | 40       |
| J_20_2       | ap_none | in        | 40       |
| J_20_20      | ap_none | in        | 40       |
| J_20_21      | ap_none | in        | 40       |
| J_20_3       | ap_none | in        | 40       |
| J_20_4       | ap_none | in        | 40       |
| J_20_5       | ap_none | in        | 40       |
| J_20_6       | ap_none | in        | 40       |
| J_20_7       | ap_none | in        | 40       |
| J_20_8       | ap_none | in        | 40       |
| J_20_9       | ap_none | in        | 40       |
| J_21_0       | ap_none | in        | 40       |
| J_21_1       | ap_none | in        | 40       |
| J_21_10      | ap_none | in        | 40       |
| J_21_11      | ap_none | in        | 40       |
| J_21_12      | ap_none | in        | 40       |
| J_21_13      | ap_none | in        | 40       |
| J_21_14      | ap_none | in        | 40       |
| J_21_15      | ap_none | in        | 40       |
| J_21_16      | ap_none | in        | 40       |
| J_21_17      | ap_none | in        | 40       |
| J_21_18      | ap_none | in        | 40       |
| J_21_19      | ap_none | in        | 40       |
| J_21_2       | ap_none | in        | 40       |
| J_21_20      | ap_none | in        | 40       |
| J_21_21      | ap_none | in        | 40       |
| J_21_3       | ap_none | in        | 40       |
| J_21_4       | ap_none | in        | 40       |
| J_21_5       | ap_none | in        | 40       |
| J_21_6       | ap_none | in        | 40       |
| J_21_7       | ap_none | in        | 40       |
| J_21_8       | ap_none | in        | 40       |
| J_21_9       | ap_none | in        | 40       |
| J_2_0        | ap_none | in        | 40       |
| J_2_1        | ap_none | in        | 40       |
| J_2_10       | ap_none | in        | 40       |
| J_2_11       | ap_none | in        | 40       |
| J_2_12       | ap_none | in        | 40       |
| J_2_13       | ap_none | in        | 40       |
| J_2_14       | ap_none | in        | 40       |
| J_2_15       | ap_none | in        | 40       |
| J_2_16       | ap_none | in        | 40       |
| J_2_17       | ap_none | in        | 40       |
| J_2_18       | ap_none | in        | 40       |
| J_2_19       | ap_none | in        | 40       |
| J_2_2        | ap_none | in        | 40       |
| J_2_20       | ap_none | in        | 40       |
| J_2_21       | ap_none | in        | 40       |
| J_2_3        | ap_none | in        | 40       |
| J_2_4        | ap_none | in        | 40       |
| J_2_5        | ap_none | in        | 40       |
| J_2_6        | ap_none | in        | 40       |
| J_2_7        | ap_none | in        | 40       |
| J_2_8        | ap_none | in        | 40       |
| J_2_9        | ap_none | in        | 40       |
| J_3_0        | ap_none | in        | 40       |
| J_3_1        | ap_none | in        | 40       |
| J_3_10       | ap_none | in        | 40       |
| J_3_11       | ap_none | in        | 40       |
| J_3_12       | ap_none | in        | 40       |
| J_3_13       | ap_none | in        | 40       |
| J_3_14       | ap_none | in        | 40       |
| J_3_15       | ap_none | in        | 40       |
| J_3_16       | ap_none | in        | 40       |
| J_3_17       | ap_none | in        | 40       |
| J_3_18       | ap_none | in        | 40       |
| J_3_19       | ap_none | in        | 40       |
| J_3_2        | ap_none | in        | 40       |
| J_3_20       | ap_none | in        | 40       |
| J_3_21       | ap_none | in        | 40       |
| J_3_3        | ap_none | in        | 40       |
| J_3_4        | ap_none | in        | 40       |
| J_3_5        | ap_none | in        | 40       |
| J_3_6        | ap_none | in        | 40       |
| J_3_7        | ap_none | in        | 40       |
| J_3_8        | ap_none | in        | 40       |
| J_3_9        | ap_none | in        | 40       |
| J_4_0        | ap_none | in        | 40       |
| J_4_1        | ap_none | in        | 40       |
| J_4_10       | ap_none | in        | 40       |
| J_4_11       | ap_none | in        | 40       |
| J_4_12       | ap_none | in        | 40       |
| J_4_13       | ap_none | in        | 40       |
| J_4_14       | ap_none | in        | 40       |
| J_4_15       | ap_none | in        | 40       |
| J_4_16       | ap_none | in        | 40       |
| J_4_17       | ap_none | in        | 40       |
| J_4_18       | ap_none | in        | 40       |
| J_4_19       | ap_none | in        | 40       |
| J_4_2        | ap_none | in        | 40       |
| J_4_20       | ap_none | in        | 40       |
| J_4_21       | ap_none | in        | 40       |
| J_4_3        | ap_none | in        | 40       |
| J_4_4        | ap_none | in        | 40       |
| J_4_5        | ap_none | in        | 40       |
| J_4_6        | ap_none | in        | 40       |
| J_4_7        | ap_none | in        | 40       |
| J_4_8        | ap_none | in        | 40       |
| J_4_9        | ap_none | in        | 40       |
| J_5_0        | ap_none | in        | 40       |
| J_5_1        | ap_none | in        | 40       |
| J_5_10       | ap_none | in        | 40       |
| J_5_11       | ap_none | in        | 40       |
| J_5_12       | ap_none | in        | 40       |
| J_5_13       | ap_none | in        | 40       |
| J_5_14       | ap_none | in        | 40       |
| J_5_15       | ap_none | in        | 40       |
| J_5_16       | ap_none | in        | 40       |
| J_5_17       | ap_none | in        | 40       |
| J_5_18       | ap_none | in        | 40       |
| J_5_19       | ap_none | in        | 40       |
| J_5_2        | ap_none | in        | 40       |
| J_5_20       | ap_none | in        | 40       |
| J_5_21       | ap_none | in        | 40       |
| J_5_3        | ap_none | in        | 40       |
| J_5_4        | ap_none | in        | 40       |
| J_5_5        | ap_none | in        | 40       |
| J_5_6        | ap_none | in        | 40       |
| J_5_7        | ap_none | in        | 40       |
| J_5_8        | ap_none | in        | 40       |
| J_5_9        | ap_none | in        | 40       |
| J_6_0        | ap_none | in        | 40       |
| J_6_1        | ap_none | in        | 40       |
| J_6_10       | ap_none | in        | 40       |
| J_6_11       | ap_none | in        | 40       |
| J_6_12       | ap_none | in        | 40       |
| J_6_13       | ap_none | in        | 40       |
| J_6_14       | ap_none | in        | 40       |
| J_6_15       | ap_none | in        | 40       |
| J_6_16       | ap_none | in        | 40       |
| J_6_17       | ap_none | in        | 40       |
| J_6_18       | ap_none | in        | 40       |
| J_6_19       | ap_none | in        | 40       |
| J_6_2        | ap_none | in        | 40       |
| J_6_20       | ap_none | in        | 40       |
| J_6_21       | ap_none | in        | 40       |
| J_6_3        | ap_none | in        | 40       |
| J_6_4        | ap_none | in        | 40       |
| J_6_5        | ap_none | in        | 40       |
| J_6_6        | ap_none | in        | 40       |
| J_6_7        | ap_none | in        | 40       |
| J_6_8        | ap_none | in        | 40       |
| J_6_9        | ap_none | in        | 40       |
| J_7_0        | ap_none | in        | 40       |
| J_7_1        | ap_none | in        | 40       |
| J_7_10       | ap_none | in        | 40       |
| J_7_11       | ap_none | in        | 40       |
| J_7_12       | ap_none | in        | 40       |
| J_7_13       | ap_none | in        | 40       |
| J_7_14       | ap_none | in        | 40       |
| J_7_15       | ap_none | in        | 40       |
| J_7_16       | ap_none | in        | 40       |
| J_7_17       | ap_none | in        | 40       |
| J_7_18       | ap_none | in        | 40       |
| J_7_19       | ap_none | in        | 40       |
| J_7_2        | ap_none | in        | 40       |
| J_7_20       | ap_none | in        | 40       |
| J_7_21       | ap_none | in        | 40       |
| J_7_3        | ap_none | in        | 40       |
| J_7_4        | ap_none | in        | 40       |
| J_7_5        | ap_none | in        | 40       |
| J_7_6        | ap_none | in        | 40       |
| J_7_7        | ap_none | in        | 40       |
| J_7_8        | ap_none | in        | 40       |
| J_7_9        | ap_none | in        | 40       |
| J_8_0        | ap_none | in        | 40       |
| J_8_1        | ap_none | in        | 40       |
| J_8_10       | ap_none | in        | 40       |
| J_8_11       | ap_none | in        | 40       |
| J_8_12       | ap_none | in        | 40       |
| J_8_13       | ap_none | in        | 40       |
| J_8_14       | ap_none | in        | 40       |
| J_8_15       | ap_none | in        | 40       |
| J_8_16       | ap_none | in        | 40       |
| J_8_17       | ap_none | in        | 40       |
| J_8_18       | ap_none | in        | 40       |
| J_8_19       | ap_none | in        | 40       |
| J_8_2        | ap_none | in        | 40       |
| J_8_20       | ap_none | in        | 40       |
| J_8_21       | ap_none | in        | 40       |
| J_8_3        | ap_none | in        | 40       |
| J_8_4        | ap_none | in        | 40       |
| J_8_5        | ap_none | in        | 40       |
| J_8_6        | ap_none | in        | 40       |
| J_8_7        | ap_none | in        | 40       |
| J_8_8        | ap_none | in        | 40       |
| J_8_9        | ap_none | in        | 40       |
| J_9_0        | ap_none | in        | 40       |
| J_9_1        | ap_none | in        | 40       |
| J_9_10       | ap_none | in        | 40       |
| J_9_11       | ap_none | in        | 40       |
| J_9_12       | ap_none | in        | 40       |
| J_9_13       | ap_none | in        | 40       |
| J_9_14       | ap_none | in        | 40       |
| J_9_15       | ap_none | in        | 40       |
| J_9_16       | ap_none | in        | 40       |
| J_9_17       | ap_none | in        | 40       |
| J_9_18       | ap_none | in        | 40       |
| J_9_19       | ap_none | in        | 40       |
| J_9_2        | ap_none | in        | 40       |
| J_9_20       | ap_none | in        | 40       |
| J_9_21       | ap_none | in        | 40       |
| J_9_3        | ap_none | in        | 40       |
| J_9_4        | ap_none | in        | 40       |
| J_9_5        | ap_none | in        | 40       |
| J_9_6        | ap_none | in        | 40       |
| J_9_7        | ap_none | in        | 40       |
| J_9_8        | ap_none | in        | 40       |
| J_9_9        | ap_none | in        | 40       |
| accepted     | ap_vld  | out       | 1        |
| beta         | ap_none | in        | 40       |
| delta_energy | ap_vld  | out       | 40       |
| h_0          | ap_none | in        | 40       |
| h_1          | ap_none | in        | 40       |
| h_10         | ap_none | in        | 40       |
| h_11         | ap_none | in        | 40       |
| h_12         | ap_none | in        | 40       |
| h_13         | ap_none | in        | 40       |
| h_14         | ap_none | in        | 40       |
| h_15         | ap_none | in        | 40       |
| h_16         | ap_none | in        | 40       |
| h_17         | ap_none | in        | 40       |
| h_18         | ap_none | in        | 40       |
| h_19         | ap_none | in        | 40       |
| h_2          | ap_none | in        | 40       |
| h_20         | ap_none | in        | 40       |
| h_21         | ap_none | in        | 40       |
| h_3          | ap_none | in        | 40       |
| h_4          | ap_none | in        | 40       |
| h_5          | ap_none | in        | 40       |
| h_6          | ap_none | in        | 40       |
| h_7          | ap_none | in        | 40       |
| h_8          | ap_none | in        | 40       |
| h_9          | ap_none | in        | 40       |
| new_energy   | ap_vld  | out       | 40       |
| old_energy   | ap_none | in        | 40       |
| u            | ap_none | in        | 40       |
| y_0          | ap_none | in        | 1        |
| y_1          | ap_none | in        | 1        |
| y_10         | ap_none | in        | 1        |
| y_11         | ap_none | in        | 1        |
| y_12         | ap_none | in        | 1        |
| y_13         | ap_none | in        | 1        |
| y_14         | ap_none | in        | 1        |
| y_15         | ap_none | in        | 1        |
| y_16         | ap_none | in        | 1        |
| y_17         | ap_none | in        | 1        |
| y_18         | ap_none | in        | 1        |
| y_19         | ap_none | in        | 1        |
| y_2          | ap_none | in        | 1        |
| y_20         | ap_none | in        | 1        |
| y_21         | ap_none | in        | 1        |
| y_3          | ap_none | in        | 1        |
| y_4          | ap_none | in        | 1        |
| y_5          | ap_none | in        | 1        |
| y_6          | ap_none | in        | 1        |
| y_7          | ap_none | in        | 1        |
| y_8          | ap_none | in        | 1        |
| y_9          | ap_none | in        | 1        |
+--------------+---------+-----------+----------+

* TOP LEVEL CONTROL
+-----------+------------+-----------------------------------+
| Interface | Type       | Ports                             |
+-----------+------------+-----------------------------------+
| ap_clk    | clock      | ap_clk                            |
| ap_rst    | reset      | ap_rst                            |
| ap_ctrl   | ap_ctrl_hs | ap_done ap_idle ap_ready ap_start |
+-----------+------------+-----------------------------------+


================================================================
== SW I/O Information
================================================================
* Top Function Arguments
+--------------+-----------+---------------------------------------------------------+
| Argument     | Direction | Datatype                                                |
+--------------+-----------+---------------------------------------------------------+
| J            | in        | ap_fixed<40, 16, (ap_q_mode)5, (ap_o_mode)3, 0> const * |
| h            | in        | ap_fixed<40, 16, (ap_q_mode)5, (ap_o_mode)3, 0> const * |
| y            | in        | bool const *                                            |
| old_energy   | in        | ap_fixed<40, 16, (ap_q_mode)5, (ap_o_mode)3, 0>         |
| beta         | in        | ap_fixed<40, 16, (ap_q_mode)5, (ap_o_mode)3, 0>         |
| u            | in        | ap_ufixed<40, 1, (ap_q_mode)5, (ap_o_mode)3, 0>         |
| accepted     | out       | bool*                                                   |
| delta_energy | out       | ap_fixed<40, 16, (ap_q_mode)5, (ap_o_mode)3, 0>*        |
| new_energy   | out       | ap_fixed<40, 16, (ap_q_mode)5, (ap_o_mode)3, 0>*        |
+--------------+-----------+---------------------------------------------------------+

* SW-to-HW Mapping
+--------------+---------------------+---------+
| Argument     | HW Interface        | HW Type |
+--------------+---------------------+---------+
| J            | J_0_0               | port    |
| J            | J_0_1               | port    |
| J            | J_0_2               | port    |
| J            | J_0_3               | port    |
| J            | J_0_4               | port    |
| J            | J_0_5               | port    |
| J            | J_0_6               | port    |
| J            | J_0_7               | port    |
| J            | J_0_8               | port    |
| J            | J_0_9               | port    |
| J            | J_0_10              | port    |
| J            | J_0_11              | port    |
| J            | J_0_12              | port    |
| J            | J_0_13              | port    |
| J            | J_0_14              | port    |
| J            | J_0_15              | port    |
| J            | J_0_16              | port    |
| J            | J_0_17              | port    |
| J            | J_0_18              | port    |
| J            | J_0_19              | port    |
| J            | J_0_20              | port    |
| J            | J_0_21              | port    |
| J            | J_1_0               | port    |
| J            | J_1_1               | port    |
| J            | J_1_2               | port    |
| J            | J_1_3               | port    |
| J            | J_1_4               | port    |
| J            | J_1_5               | port    |
| J            | J_1_6               | port    |
| J            | J_1_7               | port    |
| J            | J_1_8               | port    |
| J            | J_1_9               | port    |
| J            | J_1_10              | port    |
| J            | J_1_11              | port    |
| J            | J_1_12              | port    |
| J            | J_1_13              | port    |
| J            | J_1_14              | port    |
| J            | J_1_15              | port    |
| J            | J_1_16              | port    |
| J            | J_1_17              | port    |
| J            | J_1_18              | port    |
| J            | J_1_19              | port    |
| J            | J_1_20              | port    |
| J            | J_1_21              | port    |
| J            | J_2_0               | port    |
| J            | J_2_1               | port    |
| J            | J_2_2               | port    |
| J            | J_2_3               | port    |
| J            | J_2_4               | port    |
| J            | J_2_5               | port    |
| J            | J_2_6               | port    |
| J            | J_2_7               | port    |
| J            | J_2_8               | port    |
| J            | J_2_9               | port    |
| J            | J_2_10              | port    |
| J            | J_2_11              | port    |
| J            | J_2_12              | port    |
| J            | J_2_13              | port    |
| J            | J_2_14              | port    |
| J            | J_2_15              | port    |
| J            | J_2_16              | port    |
| J            | J_2_17              | port    |
| J            | J_2_18              | port    |
| J            | J_2_19              | port    |
| J            | J_2_20              | port    |
| J            | J_2_21              | port    |
| J            | J_3_0               | port    |
| J            | J_3_1               | port    |
| J            | J_3_2               | port    |
| J            | J_3_3               | port    |
| J            | J_3_4               | port    |
| J            | J_3_5               | port    |
| J            | J_3_6               | port    |
| J            | J_3_7               | port    |
| J            | J_3_8               | port    |
| J            | J_3_9               | port    |
| J            | J_3_10              | port    |
| J            | J_3_11              | port    |
| J            | J_3_12              | port    |
| J            | J_3_13              | port    |
| J            | J_3_14              | port    |
| J            | J_3_15              | port    |
| J            | J_3_16              | port    |
| J            | J_3_17              | port    |
| J            | J_3_18              | port    |
| J            | J_3_19              | port    |
| J            | J_3_20              | port    |
| J            | J_3_21              | port    |
| J            | J_4_0               | port    |
| J            | J_4_1               | port    |
| J            | J_4_2               | port    |
| J            | J_4_3               | port    |
| J            | J_4_4               | port    |
| J            | J_4_5               | port    |
| J            | J_4_6               | port    |
| J            | J_4_7               | port    |
| J            | J_4_8               | port    |
| J            | J_4_9               | port    |
| J            | J_4_10              | port    |
| J            | J_4_11              | port    |
| J            | J_4_12              | port    |
| J            | J_4_13              | port    |
| J            | J_4_14              | port    |
| J            | J_4_15              | port    |
| J            | J_4_16              | port    |
| J            | J_4_17              | port    |
| J            | J_4_18              | port    |
| J            | J_4_19              | port    |
| J            | J_4_20              | port    |
| J            | J_4_21              | port    |
| J            | J_5_0               | port    |
| J            | J_5_1               | port    |
| J            | J_5_2               | port    |
| J            | J_5_3               | port    |
| J            | J_5_4               | port    |
| J            | J_5_5               | port    |
| J            | J_5_6               | port    |
| J            | J_5_7               | port    |
| J            | J_5_8               | port    |
| J            | J_5_9               | port    |
| J            | J_5_10              | port    |
| J            | J_5_11              | port    |
| J            | J_5_12              | port    |
| J            | J_5_13              | port    |
| J            | J_5_14              | port    |
| J            | J_5_15              | port    |
| J            | J_5_16              | port    |
| J            | J_5_17              | port    |
| J            | J_5_18              | port    |
| J            | J_5_19              | port    |
| J            | J_5_20              | port    |
| J            | J_5_21              | port    |
| J            | J_6_0               | port    |
| J            | J_6_1               | port    |
| J            | J_6_2               | port    |
| J            | J_6_3               | port    |
| J            | J_6_4               | port    |
| J            | J_6_5               | port    |
| J            | J_6_6               | port    |
| J            | J_6_7               | port    |
| J            | J_6_8               | port    |
| J            | J_6_9               | port    |
| J            | J_6_10              | port    |
| J            | J_6_11              | port    |
| J            | J_6_12              | port    |
| J            | J_6_13              | port    |
| J            | J_6_14              | port    |
| J            | J_6_15              | port    |
| J            | J_6_16              | port    |
| J            | J_6_17              | port    |
| J            | J_6_18              | port    |
| J            | J_6_19              | port    |
| J            | J_6_20              | port    |
| J            | J_6_21              | port    |
| J            | J_7_0               | port    |
| J            | J_7_1               | port    |
| J            | J_7_2               | port    |
| J            | J_7_3               | port    |
| J            | J_7_4               | port    |
| J            | J_7_5               | port    |
| J            | J_7_6               | port    |
| J            | J_7_7               | port    |
| J            | J_7_8               | port    |
| J            | J_7_9               | port    |
| J            | J_7_10              | port    |
| J            | J_7_11              | port    |
| J            | J_7_12              | port    |
| J            | J_7_13              | port    |
| J            | J_7_14              | port    |
| J            | J_7_15              | port    |
| J            | J_7_16              | port    |
| J            | J_7_17              | port    |
| J            | J_7_18              | port    |
| J            | J_7_19              | port    |
| J            | J_7_20              | port    |
| J            | J_7_21              | port    |
| J            | J_8_0               | port    |
| J            | J_8_1               | port    |
| J            | J_8_2               | port    |
| J            | J_8_3               | port    |
| J            | J_8_4               | port    |
| J            | J_8_5               | port    |
| J            | J_8_6               | port    |
| J            | J_8_7               | port    |
| J            | J_8_8               | port    |
| J            | J_8_9               | port    |
| J            | J_8_10              | port    |
| J            | J_8_11              | port    |
| J            | J_8_12              | port    |
| J            | J_8_13              | port    |
| J            | J_8_14              | port    |
| J            | J_8_15              | port    |
| J            | J_8_16              | port    |
| J            | J_8_17              | port    |
| J            | J_8_18              | port    |
| J            | J_8_19              | port    |
| J            | J_8_20              | port    |
| J            | J_8_21              | port    |
| J            | J_9_0               | port    |
| J            | J_9_1               | port    |
| J            | J_9_2               | port    |
| J            | J_9_3               | port    |
| J            | J_9_4               | port    |
| J            | J_9_5               | port    |
| J            | J_9_6               | port    |
| J            | J_9_7               | port    |
| J            | J_9_8               | port    |
| J            | J_9_9               | port    |
| J            | J_9_10              | port    |
| J            | J_9_11              | port    |
| J            | J_9_12              | port    |
| J            | J_9_13              | port    |
| J            | J_9_14              | port    |
| J            | J_9_15              | port    |
| J            | J_9_16              | port    |
| J            | J_9_17              | port    |
| J            | J_9_18              | port    |
| J            | J_9_19              | port    |
| J            | J_9_20              | port    |
| J            | J_9_21              | port    |
| J            | J_10_0              | port    |
| J            | J_10_1              | port    |
| J            | J_10_2              | port    |
| J            | J_10_3              | port    |
| J            | J_10_4              | port    |
| J            | J_10_5              | port    |
| J            | J_10_6              | port    |
| J            | J_10_7              | port    |
| J            | J_10_8              | port    |
| J            | J_10_9              | port    |
| J            | J_10_10             | port    |
| J            | J_10_11             | port    |
| J            | J_10_12             | port    |
| J            | J_10_13             | port    |
| J            | J_10_14             | port    |
| J            | J_10_15             | port    |
| J            | J_10_16             | port    |
| J            | J_10_17             | port    |
| J            | J_10_18             | port    |
| J            | J_10_19             | port    |
| J            | J_10_20             | port    |
| J            | J_10_21             | port    |
| J            | J_11_0              | port    |
| J            | J_11_1              | port    |
| J            | J_11_2              | port    |
| J            | J_11_3              | port    |
| J            | J_11_4              | port    |
| J            | J_11_5              | port    |
| J            | J_11_6              | port    |
| J            | J_11_7              | port    |
| J            | J_11_8              | port    |
| J            | J_11_9              | port    |
| J            | J_11_10             | port    |
| J            | J_11_11             | port    |
| J            | J_11_12             | port    |
| J            | J_11_13             | port    |
| J            | J_11_14             | port    |
| J            | J_11_15             | port    |
| J            | J_11_16             | port    |
| J            | J_11_17             | port    |
| J            | J_11_18             | port    |
| J            | J_11_19             | port    |
| J            | J_11_20             | port    |
| J            | J_11_21             | port    |
| J            | J_12_0              | port    |
| J            | J_12_1              | port    |
| J            | J_12_2              | port    |
| J            | J_12_3              | port    |
| J            | J_12_4              | port    |
| J            | J_12_5              | port    |
| J            | J_12_6              | port    |
| J            | J_12_7              | port    |
| J            | J_12_8              | port    |
| J            | J_12_9              | port    |
| J            | J_12_10             | port    |
| J            | J_12_11             | port    |
| J            | J_12_12             | port    |
| J            | J_12_13             | port    |
| J            | J_12_14             | port    |
| J            | J_12_15             | port    |
| J            | J_12_16             | port    |
| J            | J_12_17             | port    |
| J            | J_12_18             | port    |
| J            | J_12_19             | port    |
| J            | J_12_20             | port    |
| J            | J_12_21             | port    |
| J            | J_13_0              | port    |
| J            | J_13_1              | port    |
| J            | J_13_2              | port    |
| J            | J_13_3              | port    |
| J            | J_13_4              | port    |
| J            | J_13_5              | port    |
| J            | J_13_6              | port    |
| J            | J_13_7              | port    |
| J            | J_13_8              | port    |
| J            | J_13_9              | port    |
| J            | J_13_10             | port    |
| J            | J_13_11             | port    |
| J            | J_13_12             | port    |
| J            | J_13_13             | port    |
| J            | J_13_14             | port    |
| J            | J_13_15             | port    |
| J            | J_13_16             | port    |
| J            | J_13_17             | port    |
| J            | J_13_18             | port    |
| J            | J_13_19             | port    |
| J            | J_13_20             | port    |
| J            | J_13_21             | port    |
| J            | J_14_0              | port    |
| J            | J_14_1              | port    |
| J            | J_14_2              | port    |
| J            | J_14_3              | port    |
| J            | J_14_4              | port    |
| J            | J_14_5              | port    |
| J            | J_14_6              | port    |
| J            | J_14_7              | port    |
| J            | J_14_8              | port    |
| J            | J_14_9              | port    |
| J            | J_14_10             | port    |
| J            | J_14_11             | port    |
| J            | J_14_12             | port    |
| J            | J_14_13             | port    |
| J            | J_14_14             | port    |
| J            | J_14_15             | port    |
| J            | J_14_16             | port    |
| J            | J_14_17             | port    |
| J            | J_14_18             | port    |
| J            | J_14_19             | port    |
| J            | J_14_20             | port    |
| J            | J_14_21             | port    |
| J            | J_15_0              | port    |
| J            | J_15_1              | port    |
| J            | J_15_2              | port    |
| J            | J_15_3              | port    |
| J            | J_15_4              | port    |
| J            | J_15_5              | port    |
| J            | J_15_6              | port    |
| J            | J_15_7              | port    |
| J            | J_15_8              | port    |
| J            | J_15_9              | port    |
| J            | J_15_10             | port    |
| J            | J_15_11             | port    |
| J            | J_15_12             | port    |
| J            | J_15_13             | port    |
| J            | J_15_14             | port    |
| J            | J_15_15             | port    |
| J            | J_15_16             | port    |
| J            | J_15_17             | port    |
| J            | J_15_18             | port    |
| J            | J_15_19             | port    |
| J            | J_15_20             | port    |
| J            | J_15_21             | port    |
| J            | J_16_0              | port    |
| J            | J_16_1              | port    |
| J            | J_16_2              | port    |
| J            | J_16_3              | port    |
| J            | J_16_4              | port    |
| J            | J_16_5              | port    |
| J            | J_16_6              | port    |
| J            | J_16_7              | port    |
| J            | J_16_8              | port    |
| J            | J_16_9              | port    |
| J            | J_16_10             | port    |
| J            | J_16_11             | port    |
| J            | J_16_12             | port    |
| J            | J_16_13             | port    |
| J            | J_16_14             | port    |
| J            | J_16_15             | port    |
| J            | J_16_16             | port    |
| J            | J_16_17             | port    |
| J            | J_16_18             | port    |
| J            | J_16_19             | port    |
| J            | J_16_20             | port    |
| J            | J_16_21             | port    |
| J            | J_17_0              | port    |
| J            | J_17_1              | port    |
| J            | J_17_2              | port    |
| J            | J_17_3              | port    |
| J            | J_17_4              | port    |
| J            | J_17_5              | port    |
| J            | J_17_6              | port    |
| J            | J_17_7              | port    |
| J            | J_17_8              | port    |
| J            | J_17_9              | port    |
| J            | J_17_10             | port    |
| J            | J_17_11             | port    |
| J            | J_17_12             | port    |
| J            | J_17_13             | port    |
| J            | J_17_14             | port    |
| J            | J_17_15             | port    |
| J            | J_17_16             | port    |
| J            | J_17_17             | port    |
| J            | J_17_18             | port    |
| J            | J_17_19             | port    |
| J            | J_17_20             | port    |
| J            | J_17_21             | port    |
| J            | J_18_0              | port    |
| J            | J_18_1              | port    |
| J            | J_18_2              | port    |
| J            | J_18_3              | port    |
| J            | J_18_4              | port    |
| J            | J_18_5              | port    |
| J            | J_18_6              | port    |
| J            | J_18_7              | port    |
| J            | J_18_8              | port    |
| J            | J_18_9              | port    |
| J            | J_18_10             | port    |
| J            | J_18_11             | port    |
| J            | J_18_12             | port    |
| J            | J_18_13             | port    |
| J            | J_18_14             | port    |
| J            | J_18_15             | port    |
| J            | J_18_16             | port    |
| J            | J_18_17             | port    |
| J            | J_18_18             | port    |
| J            | J_18_19             | port    |
| J            | J_18_20             | port    |
| J            | J_18_21             | port    |
| J            | J_19_0              | port    |
| J            | J_19_1              | port    |
| J            | J_19_2              | port    |
| J            | J_19_3              | port    |
| J            | J_19_4              | port    |
| J            | J_19_5              | port    |
| J            | J_19_6              | port    |
| J            | J_19_7              | port    |
| J            | J_19_8              | port    |
| J            | J_19_9              | port    |
| J            | J_19_10             | port    |
| J            | J_19_11             | port    |
| J            | J_19_12             | port    |
| J            | J_19_13             | port    |
| J            | J_19_14             | port    |
| J            | J_19_15             | port    |
| J            | J_19_16             | port    |
| J            | J_19_17             | port    |
| J            | J_19_18             | port    |
| J            | J_19_19             | port    |
| J            | J_19_20             | port    |
| J            | J_19_21             | port    |
| J            | J_20_0              | port    |
| J            | J_20_1              | port    |
| J            | J_20_2              | port    |
| J            | J_20_3              | port    |
| J            | J_20_4              | port    |
| J            | J_20_5              | port    |
| J            | J_20_6              | port    |
| J            | J_20_7              | port    |
| J            | J_20_8              | port    |
| J            | J_20_9              | port    |
| J            | J_20_10             | port    |
| J            | J_20_11             | port    |
| J            | J_20_12             | port    |
| J            | J_20_13             | port    |
| J            | J_20_14             | port    |
| J            | J_20_15             | port    |
| J            | J_20_16             | port    |
| J            | J_20_17             | port    |
| J            | J_20_18             | port    |
| J            | J_20_19             | port    |
| J            | J_20_20             | port    |
| J            | J_20_21             | port    |
| J            | J_21_0              | port    |
| J            | J_21_1              | port    |
| J            | J_21_2              | port    |
| J            | J_21_3              | port    |
| J            | J_21_4              | port    |
| J            | J_21_5              | port    |
| J            | J_21_6              | port    |
| J            | J_21_7              | port    |
| J            | J_21_8              | port    |
| J            | J_21_9              | port    |
| J            | J_21_10             | port    |
| J            | J_21_11             | port    |
| J            | J_21_12             | port    |
| J            | J_21_13             | port    |
| J            | J_21_14             | port    |
| J            | J_21_15             | port    |
| J            | J_21_16             | port    |
| J            | J_21_17             | port    |
| J            | J_21_18             | port    |
| J            | J_21_19             | port    |
| J            | J_21_20             | port    |
| J            | J_21_21             | port    |
| h            | h_0                 | port    |
| h            | h_1                 | port    |
| h            | h_2                 | port    |
| h            | h_3                 | port    |
| h            | h_4                 | port    |
| h            | h_5                 | port    |
| h            | h_6                 | port    |
| h            | h_7                 | port    |
| h            | h_8                 | port    |
| h            | h_9                 | port    |
| h            | h_10                | port    |
| h            | h_11                | port    |
| h            | h_12                | port    |
| h            | h_13                | port    |
| h            | h_14                | port    |
| h            | h_15                | port    |
| h            | h_16                | port    |
| h            | h_17                | port    |
| h            | h_18                | port    |
| h            | h_19                | port    |
| h            | h_20                | port    |
| h            | h_21                | port    |
| y            | y_0                 | port    |
| y            | y_1                 | port    |
| y            | y_2                 | port    |
| y            | y_3                 | port    |
| y            | y_4                 | port    |
| y            | y_5                 | port    |
| y            | y_6                 | port    |
| y            | y_7                 | port    |
| y            | y_8                 | port    |
| y            | y_9                 | port    |
| y            | y_10                | port    |
| y            | y_11                | port    |
| y            | y_12                | port    |
| y            | y_13                | port    |
| y            | y_14                | port    |
| y            | y_15                | port    |
| y            | y_16                | port    |
| y            | y_17                | port    |
| y            | y_18                | port    |
| y            | y_19                | port    |
| y            | y_20                | port    |
| y            | y_21                | port    |
| old_energy   | old_energy          | port    |
| beta         | beta                | port    |
| u            | u                   | port    |
| accepted     | accepted            | port    |
| accepted     | accepted_ap_vld     | port    |
| delta_energy | delta_energy        | port    |
| delta_energy | delta_energy_ap_vld | port    |
| new_energy   | new_energy          | port    |
| new_energy   | new_energy_ap_vld   | port    |
+--------------+---------------------+---------+


================================================================
== Bind Op Report
================================================================
+-----------------------------+-----+--------+---------------+-----------+------------------------+---------+
| Name                        | DSP | Pragma | Variable      | Op        | Impl                   | Latency |
+-----------------------------+-----+--------+---------------+-----------+------------------------+---------+
| + uniform_metropolis_step   | 7   |        |               |           |                        |         |
|   icmp_ln116_fu_3485_p2     |     |        | icmp_ln116    | setlt     | auto                   | 0       |
|   mul_40ns_40s_64_2_1_U278  | 5   |        | mul_ln120     | mul       | auto                   | 1       |
|   icmp_ln59_fu_3537_p2      |     |        | icmp_ln59     | setlt     | auto                   | 0       |
|   sub_ln75_fu_3549_p2       |     |        | sub_ln75      | sub       | fabric                 | 0       |
|   sub_ln75_1_fu_3570_p2     |     |        | sub_ln75_1    | sub       | fabric                 | 0       |
|   select_ln75_fu_3582_p3    |     |        | select_ln75   | select    | auto_sel               | 0       |
|   sub_ln84_fu_3623_p2       |     |        | sub_ln84      | sub       | fabric                 | 0       |
|   add_ln87_fu_3633_p2       |     |        | add_ln87      | add       | fabric                 | 0       |
|   sub_ln89_fu_3669_p2       |     |        | sub_ln89      | sub       | fabric                 | 0       |
|   mul_26s_36s_60_2_1_U277   | 2   |        | mul_ln89      | mul       | auto                   | 1       |
|   add_ln89_fu_3705_p2       |     |        | add_ln89      | add       | fabric                 | 0       |
|   icmp_ln95_fu_3731_p2      |     |        | icmp_ln95     | setgt     | auto                   | 0       |
|   p_fu_3789_p4              |     |        | select_ln95   | select    | auto_sel               | 0       |
|   xor_ln59_fu_3767_p2       |     |        | xor_ln59      | xor       | auto                   | 0       |
|   icmp_ln63_fu_3565_p2      |     |        | icmp_ln63     | setlt     | auto                   | 0       |
|   icmp_ln91_fu_3737_p2      |     |        | icmp_ln91     | setgt     | auto                   | 0       |
|   and_ln91_fu_3772_p2       |     |        | and_ln91      | and       | auto                   | 0       |
|   and_ln91_1_fu_3777_p2     |     |        | and_ln91_1    | and       | auto                   | 0       |
|   sparsemux_7_2_40_1_1_U279 |     |        | p             | sparsemux | onehotencoding_realdef | 0       |
|   icmp_ln123_fu_3809_p2     |     |        | icmp_ln123    | setlt     | auto                   | 0       |
|   xor_ln123_fu_3814_p2      |     |        | xor_ln123     | xor       | auto                   | 0       |
|   add_ln280_fu_3821_p2      |     |        | add_ln280     | add       | fabric                 | 0       |
|  + uniform_delta_energy     | 0   |        |               |           |                        |         |
|    sub_ln42_fu_2214_p2      |     |        | sub_ln42      | sub       | fabric                 | 0       |
|    term_fu_2220_p3          |     |        | term          | select    | auto_sel               | 0       |
|    sub_ln42_1_fu_2228_p2    |     |        | sub_ln42_1    | sub       | fabric                 | 0       |
|    term_1_fu_2234_p3        |     |        | term_1        | select    | auto_sel               | 0       |
|    sub_ln42_2_fu_2242_p2    |     |        | sub_ln42_2    | sub       | fabric                 | 0       |
|    term_2_fu_2248_p3        |     |        | term_2        | select    | auto_sel               | 0       |
|    sub_ln42_3_fu_2256_p2    |     |        | sub_ln42_3    | sub       | fabric                 | 0       |
|    term_3_fu_2262_p3        |     |        | term_3        | select    | auto_sel               | 0       |
|    sub_ln42_4_fu_2270_p2    |     |        | sub_ln42_4    | sub       | fabric                 | 0       |
|    term_4_fu_2276_p3        |     |        | term_4        | select    | auto_sel               | 0       |
|    sub_ln42_5_fu_2284_p2    |     |        | sub_ln42_5    | sub       | fabric                 | 0       |
|    term_5_fu_2290_p3        |     |        | term_5        | select    | auto_sel               | 0       |
|    sub_ln42_6_fu_2298_p2    |     |        | sub_ln42_6    | sub       | fabric                 | 0       |
|    term_6_fu_2304_p3        |     |        | term_6        | select    | auto_sel               | 0       |
|    sub_ln42_7_fu_2312_p2    |     |        | sub_ln42_7    | sub       | fabric                 | 0       |
|    term_7_fu_2318_p3        |     |        | term_7        | select    | auto_sel               | 0       |
|    sub_ln42_8_fu_2326_p2    |     |        | sub_ln42_8    | sub       | fabric                 | 0       |
|    term_8_fu_2332_p3        |     |        | term_8        | select    | auto_sel               | 0       |
|    sub_ln42_9_fu_2340_p2    |     |        | sub_ln42_9    | sub       | fabric                 | 0       |
|    term_9_fu_2346_p3        |     |        | term_9        | select    | auto_sel               | 0       |
|    sub_ln42_10_fu_2354_p2   |     |        | sub_ln42_10   | sub       | fabric                 | 0       |
|    term_10_fu_2360_p3       |     |        | term_10       | select    | auto_sel               | 0       |
|    sub_ln42_11_fu_2368_p2   |     |        | sub_ln42_11   | sub       | fabric                 | 0       |
|    term_11_fu_2374_p3       |     |        | term_11       | select    | auto_sel               | 0       |
|    sub_ln42_12_fu_2382_p2   |     |        | sub_ln42_12   | sub       | fabric                 | 0       |
|    term_12_fu_2388_p3       |     |        | term_12       | select    | auto_sel               | 0       |
|    sub_ln42_13_fu_2396_p2   |     |        | sub_ln42_13   | sub       | fabric                 | 0       |
|    term_13_fu_2402_p3       |     |        | term_13       | select    | auto_sel               | 0       |
|    sub_ln42_14_fu_2410_p2   |     |        | sub_ln42_14   | sub       | fabric                 | 0       |
|    term_14_fu_2416_p3       |     |        | term_14       | select    | auto_sel               | 0       |
|    sub_ln42_15_fu_2424_p2   |     |        | sub_ln42_15   | sub       | fabric                 | 0       |
|    term_15_fu_2430_p3       |     |        | term_15       | select    | auto_sel               | 0       |
|    sub_ln42_16_fu_2438_p2   |     |        | sub_ln42_16   | sub       | fabric                 | 0       |
|    term_16_fu_2444_p3       |     |        | term_16       | select    | auto_sel               | 0       |
|    sub_ln42_17_fu_2452_p2   |     |        | sub_ln42_17   | sub       | fabric                 | 0       |
|    term_17_fu_2458_p3       |     |        | term_17       | select    | auto_sel               | 0       |
|    sub_ln42_18_fu_2466_p2   |     |        | sub_ln42_18   | sub       | fabric                 | 0       |
|    term_18_fu_2472_p3       |     |        | term_18       | select    | auto_sel               | 0       |
|    sub_ln42_19_fu_2480_p2   |     |        | sub_ln42_19   | sub       | fabric                 | 0       |
|    term_19_fu_2486_p3       |     |        | term_19       | select    | auto_sel               | 0       |
|    sub_ln42_20_fu_2494_p2   |     |        | sub_ln42_20   | sub       | fabric                 | 0       |
|    term_20_fu_2500_p3       |     |        | term_20       | select    | auto_sel               | 0       |
|    sub_ln42_21_fu_2508_p2   |     |        | sub_ln42_21   | sub       | fabric                 | 0       |
|    term_21_fu_2514_p3       |     |        | term_21       | select    | auto_sel               | 0       |
|    add_ln183_4_fu_2534_p2   |     |        | add_ln183_4   | add       | fabric                 | 0       |
|    add_ln183_10_fu_2552_p2  |     |        | add_ln183_10  | add       | fabric                 | 0       |
|    add_ln183_14_fu_2570_p2  |     |        | add_ln183_14  | add       | fabric                 | 0       |
|    xor_ln194_fu_2637_p2     |     |        | xor_ln194     | xor       | auto                   | 0       |
|    e_1_fu_2652_p2           |     |        | e_1           | sub       | fabric                 | 0       |
|    e_2_fu_2657_p3           |     |        | e_2           | select    | auto_sel               | 0       |
|    xor_ln194_1_fu_2665_p2   |     |        | xor_ln194_1   | xor       | auto                   | 0       |
|    e_3_fu_2669_p2           |     |        | e_3           | sub       | fabric                 | 0       |
|    e_4_fu_2675_p2           |     |        | e_4           | add       | fabric                 | 0       |
|    e_5_fu_2681_p3           |     |        | e_5           | select    | auto_sel               | 0       |
|    xor_ln194_2_fu_2689_p2   |     |        | xor_ln194_2   | xor       | auto                   | 0       |
|    e_6_fu_2693_p2           |     |        | e_6           | sub       | fabric                 | 0       |
|    e_7_fu_2698_p2           |     |        | e_7           | add       | fabric                 | 0       |
|    e_8_fu_2703_p3           |     |        | e_8           | select    | auto_sel               | 0       |
|    xor_ln194_3_fu_2711_p2   |     |        | xor_ln194_3   | xor       | auto                   | 0       |
|    e_9_fu_2715_p2           |     |        | e_9           | sub       | fabric                 | 0       |
|    e_10_fu_2721_p2          |     |        | e_10          | add       | fabric                 | 0       |
|    e_11_fu_2727_p3          |     |        | e_11          | select    | auto_sel               | 0       |
|    xor_ln194_4_fu_2735_p2   |     |        | xor_ln194_4   | xor       | auto                   | 0       |
|    e_12_fu_2739_p2          |     |        | e_12          | sub       | fabric                 | 0       |
|    e_13_fu_2744_p2          |     |        | e_13          | add       | fabric                 | 0       |
|    e_14_fu_2749_p3          |     |        | e_14          | select    | auto_sel               | 0       |
|    xor_ln194_5_fu_2757_p2   |     |        | xor_ln194_5   | xor       | auto                   | 0       |
|    e_15_fu_2761_p2          |     |        | e_15          | sub       | fabric                 | 0       |
|    e_16_fu_2767_p2          |     |        | e_16          | add       | fabric                 | 0       |
|    e_17_fu_2773_p3          |     |        | e_17          | select    | auto_sel               | 0       |
|    xor_ln194_6_fu_2781_p2   |     |        | xor_ln194_6   | xor       | auto                   | 0       |
|    e_18_fu_2785_p2          |     |        | e_18          | sub       | fabric                 | 0       |
|    e_19_fu_2790_p2          |     |        | e_19          | add       | fabric                 | 0       |
|    e_20_fu_2795_p3          |     |        | e_20          | select    | auto_sel               | 0       |
|    xor_ln194_7_fu_2803_p2   |     |        | xor_ln194_7   | xor       | auto                   | 0       |
|    e_21_fu_2807_p2          |     |        | e_21          | sub       | fabric                 | 0       |
|    e_22_fu_2813_p2          |     |        | e_22          | add       | fabric                 | 0       |
|    e_23_fu_2819_p3          |     |        | e_23          | select    | auto_sel               | 0       |
|    xor_ln194_8_fu_2827_p2   |     |        | xor_ln194_8   | xor       | auto                   | 0       |
|    e_24_fu_2831_p2          |     |        | e_24          | sub       | fabric                 | 0       |
|    e_25_fu_2836_p2          |     |        | e_25          | add       | fabric                 | 0       |
|    e_26_fu_2841_p3          |     |        | e_26          | select    | auto_sel               | 0       |
|    xor_ln194_9_fu_2849_p2   |     |        | xor_ln194_9   | xor       | auto                   | 0       |
|    e_27_fu_2853_p2          |     |        | e_27          | sub       | fabric                 | 0       |
|    e_28_fu_2859_p2          |     |        | e_28          | add       | fabric                 | 0       |
|    e_29_fu_2865_p3          |     |        | e_29          | select    | auto_sel               | 0       |
|    xor_ln194_10_fu_2873_p2  |     |        | xor_ln194_10  | xor       | auto                   | 0       |
|    e_30_fu_2877_p2          |     |        | e_30          | sub       | fabric                 | 0       |
|    e_31_fu_2882_p2          |     |        | e_31          | add       | fabric                 | 0       |
|    e_32_fu_2887_p3          |     |        | e_32          | select    | auto_sel               | 0       |
|    xor_ln194_11_fu_2895_p2  |     |        | xor_ln194_11  | xor       | auto                   | 0       |
|    e_33_fu_2899_p2          |     |        | e_33          | sub       | fabric                 | 0       |
|    e_34_fu_2905_p2          |     |        | e_34          | add       | fabric                 | 0       |
|    e_35_fu_2911_p3          |     |        | e_35          | select    | auto_sel               | 0       |
|    xor_ln194_12_fu_2919_p2  |     |        | xor_ln194_12  | xor       | auto                   | 0       |
|    e_36_fu_2923_p2          |     |        | e_36          | sub       | fabric                 | 0       |
|    e_37_fu_2928_p2          |     |        | e_37          | add       | fabric                 | 0       |
|    e_38_fu_2933_p3          |     |        | e_38          | select    | auto_sel               | 0       |
|    xor_ln194_13_fu_2941_p2  |     |        | xor_ln194_13  | xor       | auto                   | 0       |
|    e_39_fu_2945_p2          |     |        | e_39          | sub       | fabric                 | 0       |
|    e_40_fu_2951_p2          |     |        | e_40          | add       | fabric                 | 0       |
|    e_41_fu_2957_p3          |     |        | e_41          | select    | auto_sel               | 0       |
|    xor_ln194_14_fu_2965_p2  |     |        | xor_ln194_14  | xor       | auto                   | 0       |
|    e_42_fu_2969_p2          |     |        | e_42          | sub       | fabric                 | 0       |
|    e_43_fu_2974_p2          |     |        | e_43          | add       | fabric                 | 0       |
|    e_44_fu_2979_p3          |     |        | e_44          | select    | auto_sel               | 0       |
|    xor_ln194_15_fu_2987_p2  |     |        | xor_ln194_15  | xor       | auto                   | 0       |
|    e_45_fu_2991_p2          |     |        | e_45          | sub       | fabric                 | 0       |
|    e_46_fu_2997_p2          |     |        | e_46          | add       | fabric                 | 0       |
|    e_47_fu_3003_p3          |     |        | e_47          | select    | auto_sel               | 0       |
|    xor_ln194_16_fu_3011_p2  |     |        | xor_ln194_16  | xor       | auto                   | 0       |
|    e_48_fu_3015_p2          |     |        | e_48          | sub       | fabric                 | 0       |
|    e_49_fu_3020_p2          |     |        | e_49          | add       | fabric                 | 0       |
|    e_50_fu_3025_p3          |     |        | e_50          | select    | auto_sel               | 0       |
|    xor_ln194_17_fu_3033_p2  |     |        | xor_ln194_17  | xor       | auto                   | 0       |
|    e_51_fu_3037_p2          |     |        | e_51          | sub       | fabric                 | 0       |
|    e_52_fu_3043_p2          |     |        | e_52          | add       | fabric                 | 0       |
|    e_53_fu_3049_p3          |     |        | e_53          | select    | auto_sel               | 0       |
|    xor_ln194_18_fu_3057_p2  |     |        | xor_ln194_18  | xor       | auto                   | 0       |
|    e_54_fu_3061_p2          |     |        | e_54          | sub       | fabric                 | 0       |
|    e_55_fu_3066_p2          |     |        | e_55          | add       | fabric                 | 0       |
|    e_56_fu_3071_p3          |     |        | e_56          | select    | auto_sel               | 0       |
|    xor_ln194_19_fu_3079_p2  |     |        | xor_ln194_19  | xor       | auto                   | 0       |
|    e_57_fu_3083_p2          |     |        | e_57          | sub       | fabric                 | 0       |
|    e_58_fu_3089_p2          |     |        | e_58          | add       | fabric                 | 0       |
|    e_59_fu_3095_p3          |     |        | e_59          | select    | auto_sel               | 0       |
|    xor_ln194_20_fu_3103_p2  |     |        | xor_ln194_20  | xor       | auto                   | 0       |
|    e_60_fu_3107_p2          |     |        | e_60          | sub       | fabric                 | 0       |
|    e_61_fu_3112_p2          |     |        | e_61          | add       | fabric                 | 0       |
|    e_62_fu_3117_p3          |     |        | e_62          | select    | auto_sel               | 0       |
|    xor_ln194_21_fu_3125_p2  |     |        | xor_ln194_21  | xor       | auto                   | 0       |
|    e_63_fu_3129_p2          |     |        | e_63          | sub       | fabric                 | 0       |
|    e_64_fu_3135_p2          |     |        | e_64          | add       | fabric                 | 0       |
|    e_65_fu_3141_p3          |     |        | e_65          | select    | auto_sel               | 0       |
|    xor_ln194_22_fu_3149_p2  |     |        | xor_ln194_22  | xor       | auto                   | 0       |
|    e_66_fu_3153_p2          |     |        | e_66          | sub       | fabric                 | 0       |
|    e_67_fu_3158_p2          |     |        | e_67          | add       | fabric                 | 0       |
|    e_68_fu_3163_p3          |     |        | e_68          | select    | auto_sel               | 0       |
|    xor_ln194_23_fu_3171_p2  |     |        | xor_ln194_23  | xor       | auto                   | 0       |
|    e_69_fu_3175_p2          |     |        | e_69          | sub       | fabric                 | 0       |
|    e_70_fu_3181_p2          |     |        | e_70          | add       | fabric                 | 0       |
|    e_71_fu_3187_p3          |     |        | e_71          | select    | auto_sel               | 0       |
|    xor_ln194_24_fu_3195_p2  |     |        | xor_ln194_24  | xor       | auto                   | 0       |
|    e_72_fu_3199_p2          |     |        | e_72          | sub       | fabric                 | 0       |
|    e_73_fu_3204_p2          |     |        | e_73          | add       | fabric                 | 0       |
|    e_74_fu_3209_p3          |     |        | e_74          | select    | auto_sel               | 0       |
|    xor_ln194_25_fu_3217_p2  |     |        | xor_ln194_25  | xor       | auto                   | 0       |
|    e_75_fu_3221_p2          |     |        | e_75          | sub       | fabric                 | 0       |
|    e_76_fu_3227_p2          |     |        | e_76          | add       | fabric                 | 0       |
|    e_77_fu_3233_p3          |     |        | e_77          | select    | auto_sel               | 0       |
|    xor_ln194_26_fu_3241_p2  |     |        | xor_ln194_26  | xor       | auto                   | 0       |
|    e_78_fu_3245_p2          |     |        | e_78          | sub       | fabric                 | 0       |
|    e_79_fu_3250_p2          |     |        | e_79          | add       | fabric                 | 0       |
|    e_80_fu_3255_p3          |     |        | e_80          | select    | auto_sel               | 0       |
|    xor_ln194_27_fu_3263_p2  |     |        | xor_ln194_27  | xor       | auto                   | 0       |
|    e_81_fu_3267_p2          |     |        | e_81          | sub       | fabric                 | 0       |
|    e_82_fu_3273_p2          |     |        | e_82          | add       | fabric                 | 0       |
|    e_83_fu_3279_p3          |     |        | e_83          | select    | auto_sel               | 0       |
|    xor_ln194_28_fu_3287_p2  |     |        | xor_ln194_28  | xor       | auto                   | 0       |
|    e_84_fu_3291_p2          |     |        | e_84          | sub       | fabric                 | 0       |
|    e_85_fu_3296_p2          |     |        | e_85          | add       | fabric                 | 0       |
|    e_86_fu_3301_p3          |     |        | e_86          | select    | auto_sel               | 0       |
|    xor_ln194_29_fu_3309_p2  |     |        | xor_ln194_29  | xor       | auto                   | 0       |
|    e_87_fu_3313_p2          |     |        | e_87          | sub       | fabric                 | 0       |
|    e_88_fu_3319_p2          |     |        | e_88          | add       | fabric                 | 0       |
|    e_89_fu_3325_p3          |     |        | e_89          | select    | auto_sel               | 0       |
|    xor_ln194_30_fu_3333_p2  |     |        | xor_ln194_30  | xor       | auto                   | 0       |
|    e_90_fu_3337_p2          |     |        | e_90          | sub       | fabric                 | 0       |
|    e_91_fu_3342_p2          |     |        | e_91          | add       | fabric                 | 0       |
|    e_92_fu_3347_p3          |     |        | e_92          | select    | auto_sel               | 0       |
|    xor_ln194_31_fu_3355_p2  |     |        | xor_ln194_31  | xor       | auto                   | 0       |
|    e_93_fu_3359_p2          |     |        | e_93          | sub       | fabric                 | 0       |
|    e_94_fu_3365_p2          |     |        | e_94          | add       | fabric                 | 0       |
|    e_95_fu_3371_p3          |     |        | e_95          | select    | auto_sel               | 0       |
|    xor_ln194_32_fu_3379_p2  |     |        | xor_ln194_32  | xor       | auto                   | 0       |
|    e_96_fu_3383_p2          |     |        | e_96          | sub       | fabric                 | 0       |
|    e_97_fu_3388_p2          |     |        | e_97          | add       | fabric                 | 0       |
|    e_98_fu_3393_p3          |     |        | e_98          | select    | auto_sel               | 0       |
|    xor_ln194_33_fu_3401_p2  |     |        | xor_ln194_33  | xor       | auto                   | 0       |
|    e_99_fu_3405_p2          |     |        | e_99          | sub       | fabric                 | 0       |
|    e_100_fu_3411_p2         |     |        | e_100         | add       | fabric                 | 0       |
|    e_101_fu_3417_p3         |     |        | e_101         | select    | auto_sel               | 0       |
|    xor_ln194_34_fu_3425_p2  |     |        | xor_ln194_34  | xor       | auto                   | 0       |
|    e_102_fu_3429_p2         |     |        | e_102         | sub       | fabric                 | 0       |
|    e_103_fu_3434_p2         |     |        | e_103         | add       | fabric                 | 0       |
|    e_104_fu_3439_p3         |     |        | e_104         | select    | auto_sel               | 0       |
|    xor_ln194_35_fu_3447_p2  |     |        | xor_ln194_35  | xor       | auto                   | 0       |
|    e_105_fu_3451_p2         |     |        | e_105         | sub       | fabric                 | 0       |
|    e_106_fu_3457_p2         |     |        | e_106         | add       | fabric                 | 0       |
|    e_107_fu_3463_p3         |     |        | e_107         | select    | auto_sel               | 0       |
|    xor_ln194_36_fu_3471_p2  |     |        | xor_ln194_36  | xor       | auto                   | 0       |
|    e_108_fu_3475_p2         |     |        | e_108         | sub       | fabric                 | 0       |
|    e_109_fu_3480_p2         |     |        | e_109         | add       | fabric                 | 0       |
|    e_110_fu_3485_p3         |     |        | e_110         | select    | auto_sel               | 0       |
|    xor_ln194_37_fu_3493_p2  |     |        | xor_ln194_37  | xor       | auto                   | 0       |
|    e_111_fu_3497_p2         |     |        | e_111         | sub       | fabric                 | 0       |
|    e_112_fu_3503_p2         |     |        | e_112         | add       | fabric                 | 0       |
|    e_113_fu_3509_p3         |     |        | e_113         | select    | auto_sel               | 0       |
|    xor_ln194_38_fu_3517_p2  |     |        | xor_ln194_38  | xor       | auto                   | 0       |
|    e_114_fu_3521_p2         |     |        | e_114         | sub       | fabric                 | 0       |
|    e_115_fu_3526_p2         |     |        | e_115         | add       | fabric                 | 0       |
|    e_116_fu_3531_p3         |     |        | e_116         | select    | auto_sel               | 0       |
|    xor_ln194_39_fu_3539_p2  |     |        | xor_ln194_39  | xor       | auto                   | 0       |
|    e_117_fu_3543_p2         |     |        | e_117         | sub       | fabric                 | 0       |
|    e_118_fu_3549_p2         |     |        | e_118         | add       | fabric                 | 0       |
|    e_119_fu_3555_p3         |     |        | e_119         | select    | auto_sel               | 0       |
|    xor_ln194_40_fu_3563_p2  |     |        | xor_ln194_40  | xor       | auto                   | 0       |
|    e_120_fu_3567_p2         |     |        | e_120         | sub       | fabric                 | 0       |
|    e_121_fu_3572_p2         |     |        | e_121         | add       | fabric                 | 0       |
|    e_122_fu_3577_p3         |     |        | e_122         | select    | auto_sel               | 0       |
|    xor_ln194_41_fu_3585_p2  |     |        | xor_ln194_41  | xor       | auto                   | 0       |
|    e_123_fu_3589_p2         |     |        | e_123         | sub       | fabric                 | 0       |
|    e_124_fu_3595_p2         |     |        | e_124         | add       | fabric                 | 0       |
|    e_125_fu_3601_p3         |     |        | e_125         | select    | auto_sel               | 0       |
|    xor_ln194_42_fu_3609_p2  |     |        | xor_ln194_42  | xor       | auto                   | 0       |
|    e_126_fu_3613_p2         |     |        | e_126         | sub       | fabric                 | 0       |
|    e_127_fu_3618_p2         |     |        | e_127         | add       | fabric                 | 0       |
|    e_128_fu_3623_p3         |     |        | e_128         | select    | auto_sel               | 0       |
|    xor_ln194_43_fu_3631_p2  |     |        | xor_ln194_43  | xor       | auto                   | 0       |
|    e_129_fu_3635_p2         |     |        | e_129         | sub       | fabric                 | 0       |
|    e_130_fu_3641_p2         |     |        | e_130         | add       | fabric                 | 0       |
|    e_131_fu_3647_p3         |     |        | e_131         | select    | auto_sel               | 0       |
|    xor_ln194_44_fu_3655_p2  |     |        | xor_ln194_44  | xor       | auto                   | 0       |
|    e_132_fu_3659_p2         |     |        | e_132         | sub       | fabric                 | 0       |
|    e_133_fu_3664_p2         |     |        | e_133         | add       | fabric                 | 0       |
|    e_134_fu_3669_p3         |     |        | e_134         | select    | auto_sel               | 0       |
|    xor_ln194_45_fu_3677_p2  |     |        | xor_ln194_45  | xor       | auto                   | 0       |
|    e_135_fu_3681_p2         |     |        | e_135         | sub       | fabric                 | 0       |
|    e_136_fu_3687_p2         |     |        | e_136         | add       | fabric                 | 0       |
|    e_137_fu_3693_p3         |     |        | e_137         | select    | auto_sel               | 0       |
|    xor_ln194_46_fu_3701_p2  |     |        | xor_ln194_46  | xor       | auto                   | 0       |
|    e_138_fu_3705_p2         |     |        | e_138         | sub       | fabric                 | 0       |
|    e_139_fu_3710_p2         |     |        | e_139         | add       | fabric                 | 0       |
|    e_140_fu_3715_p3         |     |        | e_140         | select    | auto_sel               | 0       |
|    xor_ln194_47_fu_3723_p2  |     |        | xor_ln194_47  | xor       | auto                   | 0       |
|    e_141_fu_3727_p2         |     |        | e_141         | sub       | fabric                 | 0       |
|    e_142_fu_3733_p2         |     |        | e_142         | add       | fabric                 | 0       |
|    e_143_fu_3739_p3         |     |        | e_143         | select    | auto_sel               | 0       |
|    xor_ln194_48_fu_3747_p2  |     |        | xor_ln194_48  | xor       | auto                   | 0       |
|    e_144_fu_3751_p2         |     |        | e_144         | sub       | fabric                 | 0       |
|    e_145_fu_3756_p2         |     |        | e_145         | add       | fabric                 | 0       |
|    e_146_fu_3761_p3         |     |        | e_146         | select    | auto_sel               | 0       |
|    xor_ln194_49_fu_3769_p2  |     |        | xor_ln194_49  | xor       | auto                   | 0       |
|    e_147_fu_3773_p2         |     |        | e_147         | sub       | fabric                 | 0       |
|    e_148_fu_3779_p2         |     |        | e_148         | add       | fabric                 | 0       |
|    e_149_fu_3785_p3         |     |        | e_149         | select    | auto_sel               | 0       |
|    xor_ln194_50_fu_3793_p2  |     |        | xor_ln194_50  | xor       | auto                   | 0       |
|    e_150_fu_3797_p2         |     |        | e_150         | sub       | fabric                 | 0       |
|    e_151_fu_3802_p2         |     |        | e_151         | add       | fabric                 | 0       |
|    e_152_fu_3807_p3         |     |        | e_152         | select    | auto_sel               | 0       |
|    xor_ln194_51_fu_3815_p2  |     |        | xor_ln194_51  | xor       | auto                   | 0       |
|    e_153_fu_3819_p2         |     |        | e_153         | sub       | fabric                 | 0       |
|    e_154_fu_3825_p2         |     |        | e_154         | add       | fabric                 | 0       |
|    e_155_fu_3831_p3         |     |        | e_155         | select    | auto_sel               | 0       |
|    xor_ln194_52_fu_3839_p2  |     |        | xor_ln194_52  | xor       | auto                   | 0       |
|    e_156_fu_3843_p2         |     |        | e_156         | sub       | fabric                 | 0       |
|    e_157_fu_3848_p2         |     |        | e_157         | add       | fabric                 | 0       |
|    e_158_fu_3853_p3         |     |        | e_158         | select    | auto_sel               | 0       |
|    xor_ln194_53_fu_3861_p2  |     |        | xor_ln194_53  | xor       | auto                   | 0       |
|    e_159_fu_3865_p2         |     |        | e_159         | sub       | fabric                 | 0       |
|    e_160_fu_3871_p2         |     |        | e_160         | add       | fabric                 | 0       |
|    e_161_fu_3877_p3         |     |        | e_161         | select    | auto_sel               | 0       |
|    xor_ln194_54_fu_3885_p2  |     |        | xor_ln194_54  | xor       | auto                   | 0       |
|    e_162_fu_3889_p2         |     |        | e_162         | sub       | fabric                 | 0       |
|    e_163_fu_3894_p2         |     |        | e_163         | add       | fabric                 | 0       |
|    e_164_fu_3899_p3         |     |        | e_164         | select    | auto_sel               | 0       |
|    xor_ln194_55_fu_3907_p2  |     |        | xor_ln194_55  | xor       | auto                   | 0       |
|    e_165_fu_3911_p2         |     |        | e_165         | sub       | fabric                 | 0       |
|    e_166_fu_3917_p2         |     |        | e_166         | add       | fabric                 | 0       |
|    e_167_fu_3923_p3         |     |        | e_167         | select    | auto_sel               | 0       |
|    xor_ln194_56_fu_3931_p2  |     |        | xor_ln194_56  | xor       | auto                   | 0       |
|    e_168_fu_3935_p2         |     |        | e_168         | sub       | fabric                 | 0       |
|    e_169_fu_3940_p2         |     |        | e_169         | add       | fabric                 | 0       |
|    e_170_fu_3945_p3         |     |        | e_170         | select    | auto_sel               | 0       |
|    xor_ln194_57_fu_3953_p2  |     |        | xor_ln194_57  | xor       | auto                   | 0       |
|    e_171_fu_3957_p2         |     |        | e_171         | sub       | fabric                 | 0       |
|    e_172_fu_3963_p2         |     |        | e_172         | add       | fabric                 | 0       |
|    e_173_fu_3969_p3         |     |        | e_173         | select    | auto_sel               | 0       |
|    xor_ln194_58_fu_3977_p2  |     |        | xor_ln194_58  | xor       | auto                   | 0       |
|    e_174_fu_3981_p2         |     |        | e_174         | sub       | fabric                 | 0       |
|    e_175_fu_3986_p2         |     |        | e_175         | add       | fabric                 | 0       |
|    e_176_fu_3991_p3         |     |        | e_176         | select    | auto_sel               | 0       |
|    xor_ln194_59_fu_3999_p2  |     |        | xor_ln194_59  | xor       | auto                   | 0       |
|    e_177_fu_4003_p2         |     |        | e_177         | sub       | fabric                 | 0       |
|    e_178_fu_4009_p2         |     |        | e_178         | add       | fabric                 | 0       |
|    e_179_fu_4015_p3         |     |        | e_179         | select    | auto_sel               | 0       |
|    xor_ln194_60_fu_4023_p2  |     |        | xor_ln194_60  | xor       | auto                   | 0       |
|    e_180_fu_4027_p2         |     |        | e_180         | sub       | fabric                 | 0       |
|    e_181_fu_4032_p2         |     |        | e_181         | add       | fabric                 | 0       |
|    e_182_fu_4037_p3         |     |        | e_182         | select    | auto_sel               | 0       |
|    xor_ln194_61_fu_4045_p2  |     |        | xor_ln194_61  | xor       | auto                   | 0       |
|    e_183_fu_4049_p2         |     |        | e_183         | sub       | fabric                 | 0       |
|    e_184_fu_4055_p2         |     |        | e_184         | add       | fabric                 | 0       |
|    e_185_fu_4061_p3         |     |        | e_185         | select    | auto_sel               | 0       |
|    xor_ln194_62_fu_4069_p2  |     |        | xor_ln194_62  | xor       | auto                   | 0       |
|    e_186_fu_4073_p2         |     |        | e_186         | sub       | fabric                 | 0       |
|    e_187_fu_4078_p2         |     |        | e_187         | add       | fabric                 | 0       |
|    e_188_fu_4083_p3         |     |        | e_188         | select    | auto_sel               | 0       |
|    xor_ln194_63_fu_4091_p2  |     |        | xor_ln194_63  | xor       | auto                   | 0       |
|    e_189_fu_4095_p2         |     |        | e_189         | sub       | fabric                 | 0       |
|    e_190_fu_4101_p2         |     |        | e_190         | add       | fabric                 | 0       |
|    e_191_fu_4107_p3         |     |        | e_191         | select    | auto_sel               | 0       |
|    xor_ln194_64_fu_4115_p2  |     |        | xor_ln194_64  | xor       | auto                   | 0       |
|    e_192_fu_4119_p2         |     |        | e_192         | sub       | fabric                 | 0       |
|    e_193_fu_4124_p2         |     |        | e_193         | add       | fabric                 | 0       |
|    e_194_fu_4129_p3         |     |        | e_194         | select    | auto_sel               | 0       |
|    xor_ln194_65_fu_4137_p2  |     |        | xor_ln194_65  | xor       | auto                   | 0       |
|    e_195_fu_4141_p2         |     |        | e_195         | sub       | fabric                 | 0       |
|    e_196_fu_4147_p2         |     |        | e_196         | add       | fabric                 | 0       |
|    e_197_fu_4153_p3         |     |        | e_197         | select    | auto_sel               | 0       |
|    xor_ln194_66_fu_4161_p2  |     |        | xor_ln194_66  | xor       | auto                   | 0       |
|    e_198_fu_4165_p2         |     |        | e_198         | sub       | fabric                 | 0       |
|    e_199_fu_4170_p2         |     |        | e_199         | add       | fabric                 | 0       |
|    e_200_fu_4175_p3         |     |        | e_200         | select    | auto_sel               | 0       |
|    xor_ln194_67_fu_4183_p2  |     |        | xor_ln194_67  | xor       | auto                   | 0       |
|    e_201_fu_4187_p2         |     |        | e_201         | sub       | fabric                 | 0       |
|    e_202_fu_4193_p2         |     |        | e_202         | add       | fabric                 | 0       |
|    e_203_fu_4199_p3         |     |        | e_203         | select    | auto_sel               | 0       |
|    xor_ln194_68_fu_4207_p2  |     |        | xor_ln194_68  | xor       | auto                   | 0       |
|    e_204_fu_4211_p2         |     |        | e_204         | sub       | fabric                 | 0       |
|    e_205_fu_4216_p2         |     |        | e_205         | add       | fabric                 | 0       |
|    e_206_fu_4221_p3         |     |        | e_206         | select    | auto_sel               | 0       |
|    xor_ln194_69_fu_4229_p2  |     |        | xor_ln194_69  | xor       | auto                   | 0       |
|    e_207_fu_4233_p2         |     |        | e_207         | sub       | fabric                 | 0       |
|    e_208_fu_4239_p2         |     |        | e_208         | add       | fabric                 | 0       |
|    e_209_fu_4245_p3         |     |        | e_209         | select    | auto_sel               | 0       |
|    xor_ln194_70_fu_4253_p2  |     |        | xor_ln194_70  | xor       | auto                   | 0       |
|    e_210_fu_4257_p2         |     |        | e_210         | sub       | fabric                 | 0       |
|    e_211_fu_4262_p2         |     |        | e_211         | add       | fabric                 | 0       |
|    e_212_fu_4267_p3         |     |        | e_212         | select    | auto_sel               | 0       |
|    xor_ln194_71_fu_4275_p2  |     |        | xor_ln194_71  | xor       | auto                   | 0       |
|    e_213_fu_4279_p2         |     |        | e_213         | sub       | fabric                 | 0       |
|    e_214_fu_4285_p2         |     |        | e_214         | add       | fabric                 | 0       |
|    e_215_fu_4291_p3         |     |        | e_215         | select    | auto_sel               | 0       |
|    xor_ln194_72_fu_4299_p2  |     |        | xor_ln194_72  | xor       | auto                   | 0       |
|    e_216_fu_4303_p2         |     |        | e_216         | sub       | fabric                 | 0       |
|    e_217_fu_4308_p2         |     |        | e_217         | add       | fabric                 | 0       |
|    e_218_fu_4313_p3         |     |        | e_218         | select    | auto_sel               | 0       |
|    xor_ln194_73_fu_4321_p2  |     |        | xor_ln194_73  | xor       | auto                   | 0       |
|    e_219_fu_4325_p2         |     |        | e_219         | sub       | fabric                 | 0       |
|    e_220_fu_4331_p2         |     |        | e_220         | add       | fabric                 | 0       |
|    e_221_fu_4337_p3         |     |        | e_221         | select    | auto_sel               | 0       |
|    xor_ln194_74_fu_4345_p2  |     |        | xor_ln194_74  | xor       | auto                   | 0       |
|    e_222_fu_4349_p2         |     |        | e_222         | sub       | fabric                 | 0       |
|    e_223_fu_4354_p2         |     |        | e_223         | add       | fabric                 | 0       |
|    e_224_fu_4359_p3         |     |        | e_224         | select    | auto_sel               | 0       |
|    xor_ln194_75_fu_4367_p2  |     |        | xor_ln194_75  | xor       | auto                   | 0       |
|    e_225_fu_4371_p2         |     |        | e_225         | sub       | fabric                 | 0       |
|    e_226_fu_4377_p2         |     |        | e_226         | add       | fabric                 | 0       |
|    e_227_fu_4383_p3         |     |        | e_227         | select    | auto_sel               | 0       |
|    xor_ln194_76_fu_4391_p2  |     |        | xor_ln194_76  | xor       | auto                   | 0       |
|    e_228_fu_4395_p2         |     |        | e_228         | sub       | fabric                 | 0       |
|    e_229_fu_4400_p2         |     |        | e_229         | add       | fabric                 | 0       |
|    e_230_fu_4405_p3         |     |        | e_230         | select    | auto_sel               | 0       |
|    xor_ln194_77_fu_4413_p2  |     |        | xor_ln194_77  | xor       | auto                   | 0       |
|    e_231_fu_4417_p2         |     |        | e_231         | sub       | fabric                 | 0       |
|    e_232_fu_4423_p2         |     |        | e_232         | add       | fabric                 | 0       |
|    e_233_fu_4429_p3         |     |        | e_233         | select    | auto_sel               | 0       |
|    xor_ln194_78_fu_4437_p2  |     |        | xor_ln194_78  | xor       | auto                   | 0       |
|    e_234_fu_4441_p2         |     |        | e_234         | sub       | fabric                 | 0       |
|    e_235_fu_4446_p2         |     |        | e_235         | add       | fabric                 | 0       |
|    e_236_fu_4451_p3         |     |        | e_236         | select    | auto_sel               | 0       |
|    xor_ln194_79_fu_4459_p2  |     |        | xor_ln194_79  | xor       | auto                   | 0       |
|    e_237_fu_4463_p2         |     |        | e_237         | sub       | fabric                 | 0       |
|    e_238_fu_4469_p2         |     |        | e_238         | add       | fabric                 | 0       |
|    e_239_fu_4475_p3         |     |        | e_239         | select    | auto_sel               | 0       |
|    xor_ln194_80_fu_4483_p2  |     |        | xor_ln194_80  | xor       | auto                   | 0       |
|    e_240_fu_4487_p2         |     |        | e_240         | sub       | fabric                 | 0       |
|    e_241_fu_4492_p2         |     |        | e_241         | add       | fabric                 | 0       |
|    e_242_fu_4497_p3         |     |        | e_242         | select    | auto_sel               | 0       |
|    xor_ln194_81_fu_4505_p2  |     |        | xor_ln194_81  | xor       | auto                   | 0       |
|    e_243_fu_4509_p2         |     |        | e_243         | sub       | fabric                 | 0       |
|    e_244_fu_4515_p2         |     |        | e_244         | add       | fabric                 | 0       |
|    e_245_fu_4521_p3         |     |        | e_245         | select    | auto_sel               | 0       |
|    xor_ln194_82_fu_4529_p2  |     |        | xor_ln194_82  | xor       | auto                   | 0       |
|    e_246_fu_4533_p2         |     |        | e_246         | sub       | fabric                 | 0       |
|    e_247_fu_4538_p2         |     |        | e_247         | add       | fabric                 | 0       |
|    e_248_fu_4543_p3         |     |        | e_248         | select    | auto_sel               | 0       |
|    xor_ln194_83_fu_4551_p2  |     |        | xor_ln194_83  | xor       | auto                   | 0       |
|    e_249_fu_4555_p2         |     |        | e_249         | sub       | fabric                 | 0       |
|    e_250_fu_4561_p2         |     |        | e_250         | add       | fabric                 | 0       |
|    e_251_fu_4567_p3         |     |        | e_251         | select    | auto_sel               | 0       |
|    xor_ln194_84_fu_4575_p2  |     |        | xor_ln194_84  | xor       | auto                   | 0       |
|    e_252_fu_4579_p2         |     |        | e_252         | sub       | fabric                 | 0       |
|    e_253_fu_4584_p2         |     |        | e_253         | add       | fabric                 | 0       |
|    e_254_fu_4589_p3         |     |        | e_254         | select    | auto_sel               | 0       |
|    xor_ln194_85_fu_4597_p2  |     |        | xor_ln194_85  | xor       | auto                   | 0       |
|    e_255_fu_4601_p2         |     |        | e_255         | sub       | fabric                 | 0       |
|    e_256_fu_4607_p2         |     |        | e_256         | add       | fabric                 | 0       |
|    e_257_fu_4613_p3         |     |        | e_257         | select    | auto_sel               | 0       |
|    xor_ln194_86_fu_4621_p2  |     |        | xor_ln194_86  | xor       | auto                   | 0       |
|    e_258_fu_4625_p2         |     |        | e_258         | sub       | fabric                 | 0       |
|    e_259_fu_4630_p2         |     |        | e_259         | add       | fabric                 | 0       |
|    e_260_fu_4635_p3         |     |        | e_260         | select    | auto_sel               | 0       |
|    xor_ln194_87_fu_4643_p2  |     |        | xor_ln194_87  | xor       | auto                   | 0       |
|    e_261_fu_4647_p2         |     |        | e_261         | sub       | fabric                 | 0       |
|    e_262_fu_4653_p2         |     |        | e_262         | add       | fabric                 | 0       |
|    e_263_fu_4659_p3         |     |        | e_263         | select    | auto_sel               | 0       |
|    xor_ln194_88_fu_4667_p2  |     |        | xor_ln194_88  | xor       | auto                   | 0       |
|    e_264_fu_4671_p2         |     |        | e_264         | sub       | fabric                 | 0       |
|    e_265_fu_4676_p2         |     |        | e_265         | add       | fabric                 | 0       |
|    e_266_fu_4681_p3         |     |        | e_266         | select    | auto_sel               | 0       |
|    xor_ln194_89_fu_4689_p2  |     |        | xor_ln194_89  | xor       | auto                   | 0       |
|    e_267_fu_4693_p2         |     |        | e_267         | sub       | fabric                 | 0       |
|    e_268_fu_4699_p2         |     |        | e_268         | add       | fabric                 | 0       |
|    e_269_fu_4705_p3         |     |        | e_269         | select    | auto_sel               | 0       |
|    xor_ln194_90_fu_4713_p2  |     |        | xor_ln194_90  | xor       | auto                   | 0       |
|    e_270_fu_4717_p2         |     |        | e_270         | sub       | fabric                 | 0       |
|    e_271_fu_4722_p2         |     |        | e_271         | add       | fabric                 | 0       |
|    e_272_fu_4727_p3         |     |        | e_272         | select    | auto_sel               | 0       |
|    xor_ln194_91_fu_4735_p2  |     |        | xor_ln194_91  | xor       | auto                   | 0       |
|    e_273_fu_4739_p2         |     |        | e_273         | sub       | fabric                 | 0       |
|    e_274_fu_4745_p2         |     |        | e_274         | add       | fabric                 | 0       |
|    e_275_fu_4751_p3         |     |        | e_275         | select    | auto_sel               | 0       |
|    xor_ln194_92_fu_4759_p2  |     |        | xor_ln194_92  | xor       | auto                   | 0       |
|    e_276_fu_4763_p2         |     |        | e_276         | sub       | fabric                 | 0       |
|    e_277_fu_4768_p2         |     |        | e_277         | add       | fabric                 | 0       |
|    e_278_fu_4773_p3         |     |        | e_278         | select    | auto_sel               | 0       |
|    xor_ln194_93_fu_4781_p2  |     |        | xor_ln194_93  | xor       | auto                   | 0       |
|    e_279_fu_4785_p2         |     |        | e_279         | sub       | fabric                 | 0       |
|    e_280_fu_4791_p2         |     |        | e_280         | add       | fabric                 | 0       |
|    e_281_fu_4797_p3         |     |        | e_281         | select    | auto_sel               | 0       |
|    xor_ln194_94_fu_4805_p2  |     |        | xor_ln194_94  | xor       | auto                   | 0       |
|    e_282_fu_4809_p2         |     |        | e_282         | sub       | fabric                 | 0       |
|    e_283_fu_4814_p2         |     |        | e_283         | add       | fabric                 | 0       |
|    e_284_fu_4819_p3         |     |        | e_284         | select    | auto_sel               | 0       |
|    xor_ln194_95_fu_4827_p2  |     |        | xor_ln194_95  | xor       | auto                   | 0       |
|    e_285_fu_4831_p2         |     |        | e_285         | sub       | fabric                 | 0       |
|    e_286_fu_4837_p2         |     |        | e_286         | add       | fabric                 | 0       |
|    e_287_fu_4843_p3         |     |        | e_287         | select    | auto_sel               | 0       |
|    xor_ln194_96_fu_4851_p2  |     |        | xor_ln194_96  | xor       | auto                   | 0       |
|    e_288_fu_4855_p2         |     |        | e_288         | sub       | fabric                 | 0       |
|    e_289_fu_4860_p2         |     |        | e_289         | add       | fabric                 | 0       |
|    e_290_fu_4865_p3         |     |        | e_290         | select    | auto_sel               | 0       |
|    xor_ln194_97_fu_4873_p2  |     |        | xor_ln194_97  | xor       | auto                   | 0       |
|    e_291_fu_4877_p2         |     |        | e_291         | sub       | fabric                 | 0       |
|    e_292_fu_4883_p2         |     |        | e_292         | add       | fabric                 | 0       |
|    e_293_fu_4889_p3         |     |        | e_293         | select    | auto_sel               | 0       |
|    xor_ln194_98_fu_4897_p2  |     |        | xor_ln194_98  | xor       | auto                   | 0       |
|    e_294_fu_4901_p2         |     |        | e_294         | sub       | fabric                 | 0       |
|    e_295_fu_4906_p2         |     |        | e_295         | add       | fabric                 | 0       |
|    e_296_fu_4911_p3         |     |        | e_296         | select    | auto_sel               | 0       |
|    xor_ln194_99_fu_4919_p2  |     |        | xor_ln194_99  | xor       | auto                   | 0       |
|    e_297_fu_4923_p2         |     |        | e_297         | sub       | fabric                 | 0       |
|    e_298_fu_4929_p2         |     |        | e_298         | add       | fabric                 | 0       |
|    e_299_fu_4935_p3         |     |        | e_299         | select    | auto_sel               | 0       |
|    xor_ln194_100_fu_4943_p2 |     |        | xor_ln194_100 | xor       | auto                   | 0       |
|    e_300_fu_4947_p2         |     |        | e_300         | sub       | fabric                 | 0       |
|    e_301_fu_4952_p2         |     |        | e_301         | add       | fabric                 | 0       |
|    e_302_fu_4957_p3         |     |        | e_302         | select    | auto_sel               | 0       |
|    xor_ln194_101_fu_4965_p2 |     |        | xor_ln194_101 | xor       | auto                   | 0       |
|    e_303_fu_4969_p2         |     |        | e_303         | sub       | fabric                 | 0       |
|    e_304_fu_4975_p2         |     |        | e_304         | add       | fabric                 | 0       |
|    e_305_fu_4981_p3         |     |        | e_305         | select    | auto_sel               | 0       |
|    xor_ln194_102_fu_4989_p2 |     |        | xor_ln194_102 | xor       | auto                   | 0       |
|    e_306_fu_4993_p2         |     |        | e_306         | sub       | fabric                 | 0       |
|    e_307_fu_4998_p2         |     |        | e_307         | add       | fabric                 | 0       |
|    e_308_fu_5003_p3         |     |        | e_308         | select    | auto_sel               | 0       |
|    xor_ln194_103_fu_5011_p2 |     |        | xor_ln194_103 | xor       | auto                   | 0       |
|    e_309_fu_5015_p2         |     |        | e_309         | sub       | fabric                 | 0       |
|    e_310_fu_5021_p2         |     |        | e_310         | add       | fabric                 | 0       |
|    e_311_fu_5027_p3         |     |        | e_311         | select    | auto_sel               | 0       |
|    xor_ln194_104_fu_5035_p2 |     |        | xor_ln194_104 | xor       | auto                   | 0       |
|    e_312_fu_5039_p2         |     |        | e_312         | sub       | fabric                 | 0       |
|    e_313_fu_5044_p2         |     |        | e_313         | add       | fabric                 | 0       |
|    e_314_fu_5049_p3         |     |        | e_314         | select    | auto_sel               | 0       |
|    xor_ln194_105_fu_5057_p2 |     |        | xor_ln194_105 | xor       | auto                   | 0       |
|    e_315_fu_5061_p2         |     |        | e_315         | sub       | fabric                 | 0       |
|    e_316_fu_5067_p2         |     |        | e_316         | add       | fabric                 | 0       |
|    e_317_fu_5073_p3         |     |        | e_317         | select    | auto_sel               | 0       |
|    xor_ln194_106_fu_5081_p2 |     |        | xor_ln194_106 | xor       | auto                   | 0       |
|    e_318_fu_5085_p2         |     |        | e_318         | sub       | fabric                 | 0       |
|    e_319_fu_5090_p2         |     |        | e_319         | add       | fabric                 | 0       |
|    e_320_fu_5095_p3         |     |        | e_320         | select    | auto_sel               | 0       |
|    xor_ln194_107_fu_5103_p2 |     |        | xor_ln194_107 | xor       | auto                   | 0       |
|    e_321_fu_5107_p2         |     |        | e_321         | sub       | fabric                 | 0       |
|    e_322_fu_5113_p2         |     |        | e_322         | add       | fabric                 | 0       |
|    e_323_fu_5119_p3         |     |        | e_323         | select    | auto_sel               | 0       |
|    xor_ln194_108_fu_5127_p2 |     |        | xor_ln194_108 | xor       | auto                   | 0       |
|    e_324_fu_5131_p2         |     |        | e_324         | sub       | fabric                 | 0       |
|    e_325_fu_5136_p2         |     |        | e_325         | add       | fabric                 | 0       |
|    e_326_fu_5141_p3         |     |        | e_326         | select    | auto_sel               | 0       |
|    xor_ln194_109_fu_5149_p2 |     |        | xor_ln194_109 | xor       | auto                   | 0       |
|    e_327_fu_5153_p2         |     |        | e_327         | sub       | fabric                 | 0       |
|    e_328_fu_5159_p2         |     |        | e_328         | add       | fabric                 | 0       |
|    e_329_fu_5165_p3         |     |        | e_329         | select    | auto_sel               | 0       |
|    xor_ln194_110_fu_5173_p2 |     |        | xor_ln194_110 | xor       | auto                   | 0       |
|    e_330_fu_5177_p2         |     |        | e_330         | sub       | fabric                 | 0       |
|    e_331_fu_5182_p2         |     |        | e_331         | add       | fabric                 | 0       |
|    e_332_fu_5187_p3         |     |        | e_332         | select    | auto_sel               | 0       |
|    xor_ln194_111_fu_5195_p2 |     |        | xor_ln194_111 | xor       | auto                   | 0       |
|    e_333_fu_5199_p2         |     |        | e_333         | sub       | fabric                 | 0       |
|    e_334_fu_5205_p2         |     |        | e_334         | add       | fabric                 | 0       |
|    e_335_fu_5211_p3         |     |        | e_335         | select    | auto_sel               | 0       |
|    xor_ln194_112_fu_5219_p2 |     |        | xor_ln194_112 | xor       | auto                   | 0       |
|    e_336_fu_5223_p2         |     |        | e_336         | sub       | fabric                 | 0       |
|    e_337_fu_5228_p2         |     |        | e_337         | add       | fabric                 | 0       |
|    e_338_fu_5233_p3         |     |        | e_338         | select    | auto_sel               | 0       |
|    xor_ln194_113_fu_5241_p2 |     |        | xor_ln194_113 | xor       | auto                   | 0       |
|    e_339_fu_5245_p2         |     |        | e_339         | sub       | fabric                 | 0       |
|    e_340_fu_5251_p2         |     |        | e_340         | add       | fabric                 | 0       |
|    e_341_fu_5257_p3         |     |        | e_341         | select    | auto_sel               | 0       |
|    xor_ln194_114_fu_5265_p2 |     |        | xor_ln194_114 | xor       | auto                   | 0       |
|    e_342_fu_5269_p2         |     |        | e_342         | sub       | fabric                 | 0       |
|    e_343_fu_5274_p2         |     |        | e_343         | add       | fabric                 | 0       |
|    e_344_fu_5279_p3         |     |        | e_344         | select    | auto_sel               | 0       |
|    xor_ln194_115_fu_5287_p2 |     |        | xor_ln194_115 | xor       | auto                   | 0       |
|    e_345_fu_5291_p2         |     |        | e_345         | sub       | fabric                 | 0       |
|    e_346_fu_5297_p2         |     |        | e_346         | add       | fabric                 | 0       |
|    e_347_fu_5303_p3         |     |        | e_347         | select    | auto_sel               | 0       |
|    xor_ln194_116_fu_5311_p2 |     |        | xor_ln194_116 | xor       | auto                   | 0       |
|    e_348_fu_5315_p2         |     |        | e_348         | sub       | fabric                 | 0       |
|    e_349_fu_5320_p2         |     |        | e_349         | add       | fabric                 | 0       |
|    e_350_fu_5325_p3         |     |        | e_350         | select    | auto_sel               | 0       |
|    xor_ln194_117_fu_5333_p2 |     |        | xor_ln194_117 | xor       | auto                   | 0       |
|    e_351_fu_5337_p2         |     |        | e_351         | sub       | fabric                 | 0       |
|    e_352_fu_5343_p2         |     |        | e_352         | add       | fabric                 | 0       |
|    e_353_fu_5349_p3         |     |        | e_353         | select    | auto_sel               | 0       |
|    xor_ln194_118_fu_5357_p2 |     |        | xor_ln194_118 | xor       | auto                   | 0       |
|    e_354_fu_5361_p2         |     |        | e_354         | sub       | fabric                 | 0       |
|    e_355_fu_5366_p2         |     |        | e_355         | add       | fabric                 | 0       |
|    e_356_fu_5371_p3         |     |        | e_356         | select    | auto_sel               | 0       |
|    xor_ln194_119_fu_5379_p2 |     |        | xor_ln194_119 | xor       | auto                   | 0       |
|    e_357_fu_5383_p2         |     |        | e_357         | sub       | fabric                 | 0       |
|    e_358_fu_5389_p2         |     |        | e_358         | add       | fabric                 | 0       |
|    e_359_fu_5395_p3         |     |        | e_359         | select    | auto_sel               | 0       |
|    xor_ln194_120_fu_5403_p2 |     |        | xor_ln194_120 | xor       | auto                   | 0       |
|    e_360_fu_5407_p2         |     |        | e_360         | sub       | fabric                 | 0       |
|    e_361_fu_5412_p2         |     |        | e_361         | add       | fabric                 | 0       |
|    e_362_fu_5417_p3         |     |        | e_362         | select    | auto_sel               | 0       |
|    xor_ln194_121_fu_5425_p2 |     |        | xor_ln194_121 | xor       | auto                   | 0       |
|    e_363_fu_5429_p2         |     |        | e_363         | sub       | fabric                 | 0       |
|    e_364_fu_5435_p2         |     |        | e_364         | add       | fabric                 | 0       |
|    e_365_fu_5441_p3         |     |        | e_365         | select    | auto_sel               | 0       |
|    xor_ln194_122_fu_5449_p2 |     |        | xor_ln194_122 | xor       | auto                   | 0       |
|    e_366_fu_5453_p2         |     |        | e_366         | sub       | fabric                 | 0       |
|    e_367_fu_5458_p2         |     |        | e_367         | add       | fabric                 | 0       |
|    e_368_fu_5463_p3         |     |        | e_368         | select    | auto_sel               | 0       |
|    xor_ln194_123_fu_5471_p2 |     |        | xor_ln194_123 | xor       | auto                   | 0       |
|    e_369_fu_5475_p2         |     |        | e_369         | sub       | fabric                 | 0       |
|    e_370_fu_5481_p2         |     |        | e_370         | add       | fabric                 | 0       |
|    e_371_fu_5487_p3         |     |        | e_371         | select    | auto_sel               | 0       |
|    xor_ln194_124_fu_5495_p2 |     |        | xor_ln194_124 | xor       | auto                   | 0       |
|    e_372_fu_5499_p2         |     |        | e_372         | sub       | fabric                 | 0       |
|    e_373_fu_5504_p2         |     |        | e_373         | add       | fabric                 | 0       |
|    e_374_fu_5509_p3         |     |        | e_374         | select    | auto_sel               | 0       |
|    xor_ln194_125_fu_5517_p2 |     |        | xor_ln194_125 | xor       | auto                   | 0       |
|    e_375_fu_5521_p2         |     |        | e_375         | sub       | fabric                 | 0       |
|    e_376_fu_5527_p2         |     |        | e_376         | add       | fabric                 | 0       |
|    e_377_fu_5533_p3         |     |        | e_377         | select    | auto_sel               | 0       |
|    xor_ln194_126_fu_5541_p2 |     |        | xor_ln194_126 | xor       | auto                   | 0       |
|    e_378_fu_5545_p2         |     |        | e_378         | sub       | fabric                 | 0       |
|    e_379_fu_5550_p2         |     |        | e_379         | add       | fabric                 | 0       |
|    e_380_fu_5555_p3         |     |        | e_380         | select    | auto_sel               | 0       |
|    xor_ln194_127_fu_5563_p2 |     |        | xor_ln194_127 | xor       | auto                   | 0       |
|    e_381_fu_5567_p2         |     |        | e_381         | sub       | fabric                 | 0       |
|    e_382_fu_5573_p2         |     |        | e_382         | add       | fabric                 | 0       |
|    e_383_fu_5579_p3         |     |        | e_383         | select    | auto_sel               | 0       |
|    xor_ln194_128_fu_5587_p2 |     |        | xor_ln194_128 | xor       | auto                   | 0       |
|    e_384_fu_5591_p2         |     |        | e_384         | sub       | fabric                 | 0       |
|    e_385_fu_5596_p2         |     |        | e_385         | add       | fabric                 | 0       |
|    e_386_fu_5601_p3         |     |        | e_386         | select    | auto_sel               | 0       |
|    xor_ln194_129_fu_5609_p2 |     |        | xor_ln194_129 | xor       | auto                   | 0       |
|    e_387_fu_5613_p2         |     |        | e_387         | sub       | fabric                 | 0       |
|    e_388_fu_5619_p2         |     |        | e_388         | add       | fabric                 | 0       |
|    e_389_fu_5625_p3         |     |        | e_389         | select    | auto_sel               | 0       |
|    xor_ln194_130_fu_5633_p2 |     |        | xor_ln194_130 | xor       | auto                   | 0       |
|    e_390_fu_5637_p2         |     |        | e_390         | sub       | fabric                 | 0       |
|    e_391_fu_5642_p2         |     |        | e_391         | add       | fabric                 | 0       |
|    e_392_fu_5647_p3         |     |        | e_392         | select    | auto_sel               | 0       |
|    xor_ln194_131_fu_5655_p2 |     |        | xor_ln194_131 | xor       | auto                   | 0       |
|    e_393_fu_5659_p2         |     |        | e_393         | sub       | fabric                 | 0       |
|    e_394_fu_5665_p2         |     |        | e_394         | add       | fabric                 | 0       |
|    e_395_fu_5671_p3         |     |        | e_395         | select    | auto_sel               | 0       |
|    xor_ln194_132_fu_5679_p2 |     |        | xor_ln194_132 | xor       | auto                   | 0       |
|    e_396_fu_5683_p2         |     |        | e_396         | sub       | fabric                 | 0       |
|    e_397_fu_5688_p2         |     |        | e_397         | add       | fabric                 | 0       |
|    e_398_fu_5693_p3         |     |        | e_398         | select    | auto_sel               | 0       |
|    xor_ln194_133_fu_5701_p2 |     |        | xor_ln194_133 | xor       | auto                   | 0       |
|    e_399_fu_5705_p2         |     |        | e_399         | sub       | fabric                 | 0       |
|    e_400_fu_5711_p2         |     |        | e_400         | add       | fabric                 | 0       |
|    e_401_fu_5717_p3         |     |        | e_401         | select    | auto_sel               | 0       |
|    xor_ln194_134_fu_5725_p2 |     |        | xor_ln194_134 | xor       | auto                   | 0       |
|    e_402_fu_5729_p2         |     |        | e_402         | sub       | fabric                 | 0       |
|    e_403_fu_5734_p2         |     |        | e_403         | add       | fabric                 | 0       |
|    e_404_fu_5739_p3         |     |        | e_404         | select    | auto_sel               | 0       |
|    xor_ln194_135_fu_5747_p2 |     |        | xor_ln194_135 | xor       | auto                   | 0       |
|    e_405_fu_5751_p2         |     |        | e_405         | sub       | fabric                 | 0       |
|    e_406_fu_5757_p2         |     |        | e_406         | add       | fabric                 | 0       |
|    e_407_fu_5763_p3         |     |        | e_407         | select    | auto_sel               | 0       |
|    xor_ln194_136_fu_5771_p2 |     |        | xor_ln194_136 | xor       | auto                   | 0       |
|    e_408_fu_5775_p2         |     |        | e_408         | sub       | fabric                 | 0       |
|    e_409_fu_5780_p2         |     |        | e_409         | add       | fabric                 | 0       |
|    e_410_fu_5785_p3         |     |        | e_410         | select    | auto_sel               | 0       |
|    xor_ln194_137_fu_5793_p2 |     |        | xor_ln194_137 | xor       | auto                   | 0       |
|    e_411_fu_5797_p2         |     |        | e_411         | sub       | fabric                 | 0       |
|    e_412_fu_5803_p2         |     |        | e_412         | add       | fabric                 | 0       |
|    e_413_fu_5809_p3         |     |        | e_413         | select    | auto_sel               | 0       |
|    xor_ln194_138_fu_5817_p2 |     |        | xor_ln194_138 | xor       | auto                   | 0       |
|    e_414_fu_5821_p2         |     |        | e_414         | sub       | fabric                 | 0       |
|    e_415_fu_5826_p2         |     |        | e_415         | add       | fabric                 | 0       |
|    e_416_fu_5831_p3         |     |        | e_416         | select    | auto_sel               | 0       |
|    xor_ln194_139_fu_5839_p2 |     |        | xor_ln194_139 | xor       | auto                   | 0       |
|    e_417_fu_5843_p2         |     |        | e_417         | sub       | fabric                 | 0       |
|    e_418_fu_5849_p2         |     |        | e_418         | add       | fabric                 | 0       |
|    e_419_fu_5855_p3         |     |        | e_419         | select    | auto_sel               | 0       |
|    xor_ln194_140_fu_5863_p2 |     |        | xor_ln194_140 | xor       | auto                   | 0       |
|    e_420_fu_5867_p2         |     |        | e_420         | sub       | fabric                 | 0       |
|    e_421_fu_5872_p2         |     |        | e_421         | add       | fabric                 | 0       |
|    e_422_fu_5877_p3         |     |        | e_422         | select    | auto_sel               | 0       |
|    xor_ln194_141_fu_5885_p2 |     |        | xor_ln194_141 | xor       | auto                   | 0       |
|    e_423_fu_5889_p2         |     |        | e_423         | sub       | fabric                 | 0       |
|    e_424_fu_5895_p2         |     |        | e_424         | add       | fabric                 | 0       |
|    e_425_fu_5901_p3         |     |        | e_425         | select    | auto_sel               | 0       |
|    xor_ln194_142_fu_5909_p2 |     |        | xor_ln194_142 | xor       | auto                   | 0       |
|    e_426_fu_5913_p2         |     |        | e_426         | sub       | fabric                 | 0       |
|    e_427_fu_5918_p2         |     |        | e_427         | add       | fabric                 | 0       |
|    e_428_fu_5923_p3         |     |        | e_428         | select    | auto_sel               | 0       |
|    xor_ln194_143_fu_5931_p2 |     |        | xor_ln194_143 | xor       | auto                   | 0       |
|    e_429_fu_5935_p2         |     |        | e_429         | sub       | fabric                 | 0       |
|    e_430_fu_5941_p2         |     |        | e_430         | add       | fabric                 | 0       |
|    e_431_fu_5947_p3         |     |        | e_431         | select    | auto_sel               | 0       |
|    xor_ln194_144_fu_5955_p2 |     |        | xor_ln194_144 | xor       | auto                   | 0       |
|    e_432_fu_5959_p2         |     |        | e_432         | sub       | fabric                 | 0       |
|    e_433_fu_5964_p2         |     |        | e_433         | add       | fabric                 | 0       |
|    e_434_fu_5969_p3         |     |        | e_434         | select    | auto_sel               | 0       |
|    xor_ln194_145_fu_5977_p2 |     |        | xor_ln194_145 | xor       | auto                   | 0       |
|    e_435_fu_5981_p2         |     |        | e_435         | sub       | fabric                 | 0       |
|    e_436_fu_5987_p2         |     |        | e_436         | add       | fabric                 | 0       |
|    e_437_fu_5993_p3         |     |        | e_437         | select    | auto_sel               | 0       |
|    xor_ln194_146_fu_6001_p2 |     |        | xor_ln194_146 | xor       | auto                   | 0       |
|    e_438_fu_6005_p2         |     |        | e_438         | sub       | fabric                 | 0       |
|    e_439_fu_6010_p2         |     |        | e_439         | add       | fabric                 | 0       |
|    e_440_fu_6015_p3         |     |        | e_440         | select    | auto_sel               | 0       |
|    xor_ln194_147_fu_6023_p2 |     |        | xor_ln194_147 | xor       | auto                   | 0       |
|    e_441_fu_6027_p2         |     |        | e_441         | sub       | fabric                 | 0       |
|    e_442_fu_6033_p2         |     |        | e_442         | add       | fabric                 | 0       |
|    e_443_fu_6039_p3         |     |        | e_443         | select    | auto_sel               | 0       |
|    xor_ln194_148_fu_6047_p2 |     |        | xor_ln194_148 | xor       | auto                   | 0       |
|    e_444_fu_6051_p2         |     |        | e_444         | sub       | fabric                 | 0       |
|    e_445_fu_6056_p2         |     |        | e_445         | add       | fabric                 | 0       |
|    e_446_fu_6061_p3         |     |        | e_446         | select    | auto_sel               | 0       |
|    xor_ln194_149_fu_6069_p2 |     |        | xor_ln194_149 | xor       | auto                   | 0       |
|    e_447_fu_6073_p2         |     |        | e_447         | sub       | fabric                 | 0       |
|    e_448_fu_6079_p2         |     |        | e_448         | add       | fabric                 | 0       |
|    e_449_fu_6085_p3         |     |        | e_449         | select    | auto_sel               | 0       |
|    xor_ln194_150_fu_6093_p2 |     |        | xor_ln194_150 | xor       | auto                   | 0       |
|    e_450_fu_6097_p2         |     |        | e_450         | sub       | fabric                 | 0       |
|    e_451_fu_6102_p2         |     |        | e_451         | add       | fabric                 | 0       |
|    e_452_fu_6107_p3         |     |        | e_452         | select    | auto_sel               | 0       |
|    xor_ln194_151_fu_6115_p2 |     |        | xor_ln194_151 | xor       | auto                   | 0       |
|    e_453_fu_6119_p2         |     |        | e_453         | sub       | fabric                 | 0       |
|    e_454_fu_6125_p2         |     |        | e_454         | add       | fabric                 | 0       |
|    e_455_fu_6131_p3         |     |        | e_455         | select    | auto_sel               | 0       |
|    xor_ln194_152_fu_6139_p2 |     |        | xor_ln194_152 | xor       | auto                   | 0       |
|    e_456_fu_6143_p2         |     |        | e_456         | sub       | fabric                 | 0       |
|    e_457_fu_6148_p2         |     |        | e_457         | add       | fabric                 | 0       |
|    e_458_fu_6153_p3         |     |        | e_458         | select    | auto_sel               | 0       |
|    xor_ln194_153_fu_6161_p2 |     |        | xor_ln194_153 | xor       | auto                   | 0       |
|    e_459_fu_6165_p2         |     |        | e_459         | sub       | fabric                 | 0       |
|    e_460_fu_6171_p2         |     |        | e_460         | add       | fabric                 | 0       |
|    e_461_fu_6177_p3         |     |        | e_461         | select    | auto_sel               | 0       |
|    xor_ln194_154_fu_6185_p2 |     |        | xor_ln194_154 | xor       | auto                   | 0       |
|    e_462_fu_6189_p2         |     |        | e_462         | sub       | fabric                 | 0       |
|    e_463_fu_6194_p2         |     |        | e_463         | add       | fabric                 | 0       |
|    e_464_fu_6199_p3         |     |        | e_464         | select    | auto_sel               | 0       |
|    xor_ln194_155_fu_6207_p2 |     |        | xor_ln194_155 | xor       | auto                   | 0       |
|    e_465_fu_6211_p2         |     |        | e_465         | sub       | fabric                 | 0       |
|    e_466_fu_6217_p2         |     |        | e_466         | add       | fabric                 | 0       |
|    e_467_fu_6223_p3         |     |        | e_467         | select    | auto_sel               | 0       |
|    xor_ln194_156_fu_6231_p2 |     |        | xor_ln194_156 | xor       | auto                   | 0       |
|    e_468_fu_6235_p2         |     |        | e_468         | sub       | fabric                 | 0       |
|    e_469_fu_6240_p2         |     |        | e_469         | add       | fabric                 | 0       |
|    e_470_fu_6245_p3         |     |        | e_470         | select    | auto_sel               | 0       |
|    xor_ln194_157_fu_6253_p2 |     |        | xor_ln194_157 | xor       | auto                   | 0       |
|    e_471_fu_6257_p2         |     |        | e_471         | sub       | fabric                 | 0       |
|    e_472_fu_6263_p2         |     |        | e_472         | add       | fabric                 | 0       |
|    e_473_fu_6269_p3         |     |        | e_473         | select    | auto_sel               | 0       |
|    xor_ln194_158_fu_6277_p2 |     |        | xor_ln194_158 | xor       | auto                   | 0       |
|    e_474_fu_6281_p2         |     |        | e_474         | sub       | fabric                 | 0       |
|    e_475_fu_6286_p2         |     |        | e_475         | add       | fabric                 | 0       |
|    e_476_fu_6291_p3         |     |        | e_476         | select    | auto_sel               | 0       |
|    xor_ln194_159_fu_6299_p2 |     |        | xor_ln194_159 | xor       | auto                   | 0       |
|    e_477_fu_6303_p2         |     |        | e_477         | sub       | fabric                 | 0       |
|    e_478_fu_6309_p2         |     |        | e_478         | add       | fabric                 | 0       |
|    e_479_fu_6315_p3         |     |        | e_479         | select    | auto_sel               | 0       |
|    xor_ln194_160_fu_6323_p2 |     |        | xor_ln194_160 | xor       | auto                   | 0       |
|    e_480_fu_6327_p2         |     |        | e_480         | sub       | fabric                 | 0       |
|    e_481_fu_6332_p2         |     |        | e_481         | add       | fabric                 | 0       |
|    e_482_fu_6337_p3         |     |        | e_482         | select    | auto_sel               | 0       |
|    xor_ln194_161_fu_6345_p2 |     |        | xor_ln194_161 | xor       | auto                   | 0       |
|    e_483_fu_6349_p2         |     |        | e_483         | sub       | fabric                 | 0       |
|    e_484_fu_6355_p2         |     |        | e_484         | add       | fabric                 | 0       |
|    e_485_fu_6361_p3         |     |        | e_485         | select    | auto_sel               | 0       |
|    xor_ln194_162_fu_6369_p2 |     |        | xor_ln194_162 | xor       | auto                   | 0       |
|    e_486_fu_6373_p2         |     |        | e_486         | sub       | fabric                 | 0       |
|    e_487_fu_6378_p2         |     |        | e_487         | add       | fabric                 | 0       |
|    e_488_fu_6383_p3         |     |        | e_488         | select    | auto_sel               | 0       |
|    xor_ln194_163_fu_6391_p2 |     |        | xor_ln194_163 | xor       | auto                   | 0       |
|    e_489_fu_6395_p2         |     |        | e_489         | sub       | fabric                 | 0       |
|    e_490_fu_6401_p2         |     |        | e_490         | add       | fabric                 | 0       |
|    e_491_fu_6407_p3         |     |        | e_491         | select    | auto_sel               | 0       |
|    xor_ln194_164_fu_6415_p2 |     |        | xor_ln194_164 | xor       | auto                   | 0       |
|    e_492_fu_6419_p2         |     |        | e_492         | sub       | fabric                 | 0       |
|    e_493_fu_6424_p2         |     |        | e_493         | add       | fabric                 | 0       |
|    e_494_fu_6429_p3         |     |        | e_494         | select    | auto_sel               | 0       |
|    xor_ln194_165_fu_6437_p2 |     |        | xor_ln194_165 | xor       | auto                   | 0       |
|    e_495_fu_6441_p2         |     |        | e_495         | sub       | fabric                 | 0       |
|    e_496_fu_6447_p2         |     |        | e_496         | add       | fabric                 | 0       |
|    e_497_fu_6453_p3         |     |        | e_497         | select    | auto_sel               | 0       |
|    xor_ln194_166_fu_6461_p2 |     |        | xor_ln194_166 | xor       | auto                   | 0       |
|    e_498_fu_6465_p2         |     |        | e_498         | sub       | fabric                 | 0       |
|    e_499_fu_6470_p2         |     |        | e_499         | add       | fabric                 | 0       |
|    e_500_fu_6475_p3         |     |        | e_500         | select    | auto_sel               | 0       |
|    xor_ln194_167_fu_6483_p2 |     |        | xor_ln194_167 | xor       | auto                   | 0       |
|    e_501_fu_6487_p2         |     |        | e_501         | sub       | fabric                 | 0       |
|    e_502_fu_6493_p2         |     |        | e_502         | add       | fabric                 | 0       |
|    e_503_fu_6499_p3         |     |        | e_503         | select    | auto_sel               | 0       |
|    xor_ln194_168_fu_6507_p2 |     |        | xor_ln194_168 | xor       | auto                   | 0       |
|    e_504_fu_6511_p2         |     |        | e_504         | sub       | fabric                 | 0       |
|    e_505_fu_6516_p2         |     |        | e_505         | add       | fabric                 | 0       |
|    e_506_fu_6521_p3         |     |        | e_506         | select    | auto_sel               | 0       |
|    xor_ln194_169_fu_6529_p2 |     |        | xor_ln194_169 | xor       | auto                   | 0       |
|    e_507_fu_6533_p2         |     |        | e_507         | sub       | fabric                 | 0       |
|    e_508_fu_6539_p2         |     |        | e_508         | add       | fabric                 | 0       |
|    e_509_fu_6545_p3         |     |        | e_509         | select    | auto_sel               | 0       |
|    xor_ln194_170_fu_6553_p2 |     |        | xor_ln194_170 | xor       | auto                   | 0       |
|    e_510_fu_6557_p2         |     |        | e_510         | sub       | fabric                 | 0       |
|    e_511_fu_6562_p2         |     |        | e_511         | add       | fabric                 | 0       |
|    e_512_fu_6567_p3         |     |        | e_512         | select    | auto_sel               | 0       |
|    xor_ln194_171_fu_6575_p2 |     |        | xor_ln194_171 | xor       | auto                   | 0       |
|    e_513_fu_6579_p2         |     |        | e_513         | sub       | fabric                 | 0       |
|    e_514_fu_6585_p2         |     |        | e_514         | add       | fabric                 | 0       |
|    e_515_fu_6591_p3         |     |        | e_515         | select    | auto_sel               | 0       |
|    xor_ln194_172_fu_6599_p2 |     |        | xor_ln194_172 | xor       | auto                   | 0       |
|    e_516_fu_6603_p2         |     |        | e_516         | sub       | fabric                 | 0       |
|    e_517_fu_6608_p2         |     |        | e_517         | add       | fabric                 | 0       |
|    e_518_fu_6613_p3         |     |        | e_518         | select    | auto_sel               | 0       |
|    xor_ln194_173_fu_6621_p2 |     |        | xor_ln194_173 | xor       | auto                   | 0       |
|    e_519_fu_6625_p2         |     |        | e_519         | sub       | fabric                 | 0       |
|    e_520_fu_6631_p2         |     |        | e_520         | add       | fabric                 | 0       |
|    e_521_fu_6637_p3         |     |        | e_521         | select    | auto_sel               | 0       |
|    xor_ln194_174_fu_6645_p2 |     |        | xor_ln194_174 | xor       | auto                   | 0       |
|    e_522_fu_6649_p2         |     |        | e_522         | sub       | fabric                 | 0       |
|    e_523_fu_6654_p2         |     |        | e_523         | add       | fabric                 | 0       |
|    e_524_fu_6659_p3         |     |        | e_524         | select    | auto_sel               | 0       |
|    xor_ln194_175_fu_6667_p2 |     |        | xor_ln194_175 | xor       | auto                   | 0       |
|    e_525_fu_6671_p2         |     |        | e_525         | sub       | fabric                 | 0       |
|    e_526_fu_6677_p2         |     |        | e_526         | add       | fabric                 | 0       |
|    e_527_fu_6683_p3         |     |        | e_527         | select    | auto_sel               | 0       |
|    xor_ln194_176_fu_6691_p2 |     |        | xor_ln194_176 | xor       | auto                   | 0       |
|    e_528_fu_6695_p2         |     |        | e_528         | sub       | fabric                 | 0       |
|    e_529_fu_6700_p2         |     |        | e_529         | add       | fabric                 | 0       |
|    e_530_fu_6705_p3         |     |        | e_530         | select    | auto_sel               | 0       |
|    xor_ln194_177_fu_6713_p2 |     |        | xor_ln194_177 | xor       | auto                   | 0       |
|    e_531_fu_6717_p2         |     |        | e_531         | sub       | fabric                 | 0       |
|    e_532_fu_6723_p2         |     |        | e_532         | add       | fabric                 | 0       |
|    e_533_fu_6729_p3         |     |        | e_533         | select    | auto_sel               | 0       |
|    xor_ln194_178_fu_6737_p2 |     |        | xor_ln194_178 | xor       | auto                   | 0       |
|    e_534_fu_6741_p2         |     |        | e_534         | sub       | fabric                 | 0       |
|    e_535_fu_6746_p2         |     |        | e_535         | add       | fabric                 | 0       |
|    e_536_fu_6751_p3         |     |        | e_536         | select    | auto_sel               | 0       |
|    xor_ln194_179_fu_6759_p2 |     |        | xor_ln194_179 | xor       | auto                   | 0       |
|    e_537_fu_6763_p2         |     |        | e_537         | sub       | fabric                 | 0       |
|    e_538_fu_6769_p2         |     |        | e_538         | add       | fabric                 | 0       |
|    e_539_fu_6775_p3         |     |        | e_539         | select    | auto_sel               | 0       |
|    xor_ln194_180_fu_6783_p2 |     |        | xor_ln194_180 | xor       | auto                   | 0       |
|    e_540_fu_6787_p2         |     |        | e_540         | sub       | fabric                 | 0       |
|    e_541_fu_6792_p2         |     |        | e_541         | add       | fabric                 | 0       |
|    e_542_fu_6797_p3         |     |        | e_542         | select    | auto_sel               | 0       |
|    xor_ln194_181_fu_6805_p2 |     |        | xor_ln194_181 | xor       | auto                   | 0       |
|    e_543_fu_6809_p2         |     |        | e_543         | sub       | fabric                 | 0       |
|    e_544_fu_6815_p2         |     |        | e_544         | add       | fabric                 | 0       |
|    e_545_fu_6821_p3         |     |        | e_545         | select    | auto_sel               | 0       |
|    xor_ln194_182_fu_6829_p2 |     |        | xor_ln194_182 | xor       | auto                   | 0       |
|    e_546_fu_6833_p2         |     |        | e_546         | sub       | fabric                 | 0       |
|    e_547_fu_6838_p2         |     |        | e_547         | add       | fabric                 | 0       |
|    e_548_fu_6843_p3         |     |        | e_548         | select    | auto_sel               | 0       |
|    xor_ln194_183_fu_6851_p2 |     |        | xor_ln194_183 | xor       | auto                   | 0       |
|    e_549_fu_6855_p2         |     |        | e_549         | sub       | fabric                 | 0       |
|    e_550_fu_6861_p2         |     |        | e_550         | add       | fabric                 | 0       |
|    e_551_fu_6867_p3         |     |        | e_551         | select    | auto_sel               | 0       |
|    xor_ln194_184_fu_6875_p2 |     |        | xor_ln194_184 | xor       | auto                   | 0       |
|    e_552_fu_6879_p2         |     |        | e_552         | sub       | fabric                 | 0       |
|    e_553_fu_6884_p2         |     |        | e_553         | add       | fabric                 | 0       |
|    e_554_fu_6889_p3         |     |        | e_554         | select    | auto_sel               | 0       |
|    xor_ln194_185_fu_6897_p2 |     |        | xor_ln194_185 | xor       | auto                   | 0       |
|    e_555_fu_6901_p2         |     |        | e_555         | sub       | fabric                 | 0       |
|    e_556_fu_6907_p2         |     |        | e_556         | add       | fabric                 | 0       |
|    e_557_fu_6913_p3         |     |        | e_557         | select    | auto_sel               | 0       |
|    xor_ln194_186_fu_6921_p2 |     |        | xor_ln194_186 | xor       | auto                   | 0       |
|    e_558_fu_6925_p2         |     |        | e_558         | sub       | fabric                 | 0       |
|    e_559_fu_6930_p2         |     |        | e_559         | add       | fabric                 | 0       |
|    e_560_fu_6935_p3         |     |        | e_560         | select    | auto_sel               | 0       |
|    xor_ln194_187_fu_6943_p2 |     |        | xor_ln194_187 | xor       | auto                   | 0       |
|    e_561_fu_6947_p2         |     |        | e_561         | sub       | fabric                 | 0       |
|    e_562_fu_6953_p2         |     |        | e_562         | add       | fabric                 | 0       |
|    e_563_fu_6959_p3         |     |        | e_563         | select    | auto_sel               | 0       |
|    xor_ln194_188_fu_6967_p2 |     |        | xor_ln194_188 | xor       | auto                   | 0       |
|    e_564_fu_6971_p2         |     |        | e_564         | sub       | fabric                 | 0       |
|    e_565_fu_6976_p2         |     |        | e_565         | add       | fabric                 | 0       |
|    e_566_fu_6981_p3         |     |        | e_566         | select    | auto_sel               | 0       |
|    xor_ln194_189_fu_6989_p2 |     |        | xor_ln194_189 | xor       | auto                   | 0       |
|    e_567_fu_6993_p2         |     |        | e_567         | sub       | fabric                 | 0       |
|    e_568_fu_6999_p2         |     |        | e_568         | add       | fabric                 | 0       |
|    e_569_fu_7005_p3         |     |        | e_569         | select    | auto_sel               | 0       |
|    xor_ln194_190_fu_7013_p2 |     |        | xor_ln194_190 | xor       | auto                   | 0       |
|    e_570_fu_7017_p2         |     |        | e_570         | sub       | fabric                 | 0       |
|    e_571_fu_7022_p2         |     |        | e_571         | add       | fabric                 | 0       |
|    e_572_fu_7027_p3         |     |        | e_572         | select    | auto_sel               | 0       |
|    xor_ln194_191_fu_7035_p2 |     |        | xor_ln194_191 | xor       | auto                   | 0       |
|    e_573_fu_7039_p2         |     |        | e_573         | sub       | fabric                 | 0       |
|    e_574_fu_7045_p2         |     |        | e_574         | add       | fabric                 | 0       |
|    e_575_fu_7051_p3         |     |        | e_575         | select    | auto_sel               | 0       |
|    xor_ln194_192_fu_7059_p2 |     |        | xor_ln194_192 | xor       | auto                   | 0       |
|    e_576_fu_7063_p2         |     |        | e_576         | sub       | fabric                 | 0       |
|    e_577_fu_7068_p2         |     |        | e_577         | add       | fabric                 | 0       |
|    e_578_fu_7073_p3         |     |        | e_578         | select    | auto_sel               | 0       |
|    xor_ln194_193_fu_7081_p2 |     |        | xor_ln194_193 | xor       | auto                   | 0       |
|    e_579_fu_7085_p2         |     |        | e_579         | sub       | fabric                 | 0       |
|    e_580_fu_7091_p2         |     |        | e_580         | add       | fabric                 | 0       |
|    e_581_fu_7097_p3         |     |        | e_581         | select    | auto_sel               | 0       |
|    xor_ln194_194_fu_7105_p2 |     |        | xor_ln194_194 | xor       | auto                   | 0       |
|    e_582_fu_7109_p2         |     |        | e_582         | sub       | fabric                 | 0       |
|    e_583_fu_7114_p2         |     |        | e_583         | add       | fabric                 | 0       |
|    e_584_fu_7119_p3         |     |        | e_584         | select    | auto_sel               | 0       |
|    xor_ln194_195_fu_7127_p2 |     |        | xor_ln194_195 | xor       | auto                   | 0       |
|    e_585_fu_7131_p2         |     |        | e_585         | sub       | fabric                 | 0       |
|    e_586_fu_7137_p2         |     |        | e_586         | add       | fabric                 | 0       |
|    e_587_fu_7143_p3         |     |        | e_587         | select    | auto_sel               | 0       |
|    xor_ln194_196_fu_7151_p2 |     |        | xor_ln194_196 | xor       | auto                   | 0       |
|    e_588_fu_7155_p2         |     |        | e_588         | sub       | fabric                 | 0       |
|    e_589_fu_7160_p2         |     |        | e_589         | add       | fabric                 | 0       |
|    e_590_fu_7165_p3         |     |        | e_590         | select    | auto_sel               | 0       |
|    xor_ln194_197_fu_7173_p2 |     |        | xor_ln194_197 | xor       | auto                   | 0       |
|    e_591_fu_7177_p2         |     |        | e_591         | sub       | fabric                 | 0       |
|    e_592_fu_7183_p2         |     |        | e_592         | add       | fabric                 | 0       |
|    e_593_fu_7189_p3         |     |        | e_593         | select    | auto_sel               | 0       |
|    xor_ln194_198_fu_7197_p2 |     |        | xor_ln194_198 | xor       | auto                   | 0       |
|    e_594_fu_7201_p2         |     |        | e_594         | sub       | fabric                 | 0       |
|    e_595_fu_7206_p2         |     |        | e_595         | add       | fabric                 | 0       |
|    e_596_fu_7211_p3         |     |        | e_596         | select    | auto_sel               | 0       |
|    xor_ln194_199_fu_7219_p2 |     |        | xor_ln194_199 | xor       | auto                   | 0       |
|    e_597_fu_7223_p2         |     |        | e_597         | sub       | fabric                 | 0       |
|    e_598_fu_7229_p2         |     |        | e_598         | add       | fabric                 | 0       |
|    e_599_fu_7235_p3         |     |        | e_599         | select    | auto_sel               | 0       |
|    xor_ln194_200_fu_7243_p2 |     |        | xor_ln194_200 | xor       | auto                   | 0       |
|    e_600_fu_7247_p2         |     |        | e_600         | sub       | fabric                 | 0       |
|    e_601_fu_7252_p2         |     |        | e_601         | add       | fabric                 | 0       |
|    e_602_fu_7257_p3         |     |        | e_602         | select    | auto_sel               | 0       |
|    xor_ln194_201_fu_7265_p2 |     |        | xor_ln194_201 | xor       | auto                   | 0       |
|    e_603_fu_7269_p2         |     |        | e_603         | sub       | fabric                 | 0       |
|    e_604_fu_7275_p2         |     |        | e_604         | add       | fabric                 | 0       |
|    e_605_fu_7281_p3         |     |        | e_605         | select    | auto_sel               | 0       |
|    xor_ln194_202_fu_7289_p2 |     |        | xor_ln194_202 | xor       | auto                   | 0       |
|    e_606_fu_7293_p2         |     |        | e_606         | sub       | fabric                 | 0       |
|    e_607_fu_7298_p2         |     |        | e_607         | add       | fabric                 | 0       |
|    e_608_fu_7303_p3         |     |        | e_608         | select    | auto_sel               | 0       |
|    xor_ln194_203_fu_7311_p2 |     |        | xor_ln194_203 | xor       | auto                   | 0       |
|    e_609_fu_7315_p2         |     |        | e_609         | sub       | fabric                 | 0       |
|    e_610_fu_7321_p2         |     |        | e_610         | add       | fabric                 | 0       |
|    e_611_fu_7327_p3         |     |        | e_611         | select    | auto_sel               | 0       |
|    xor_ln194_204_fu_7335_p2 |     |        | xor_ln194_204 | xor       | auto                   | 0       |
|    e_612_fu_7339_p2         |     |        | e_612         | sub       | fabric                 | 0       |
|    e_613_fu_7344_p2         |     |        | e_613         | add       | fabric                 | 0       |
|    e_614_fu_7349_p3         |     |        | e_614         | select    | auto_sel               | 0       |
|    xor_ln194_205_fu_7357_p2 |     |        | xor_ln194_205 | xor       | auto                   | 0       |
|    e_615_fu_7361_p2         |     |        | e_615         | sub       | fabric                 | 0       |
|    e_616_fu_7367_p2         |     |        | e_616         | add       | fabric                 | 0       |
|    e_617_fu_7373_p3         |     |        | e_617         | select    | auto_sel               | 0       |
|    xor_ln194_206_fu_7381_p2 |     |        | xor_ln194_206 | xor       | auto                   | 0       |
|    e_618_fu_7385_p2         |     |        | e_618         | sub       | fabric                 | 0       |
|    e_619_fu_7390_p2         |     |        | e_619         | add       | fabric                 | 0       |
|    e_620_fu_7395_p3         |     |        | e_620         | select    | auto_sel               | 0       |
|    xor_ln194_207_fu_7403_p2 |     |        | xor_ln194_207 | xor       | auto                   | 0       |
|    e_621_fu_7407_p2         |     |        | e_621         | sub       | fabric                 | 0       |
|    e_622_fu_7413_p2         |     |        | e_622         | add       | fabric                 | 0       |
|    e_623_fu_7419_p3         |     |        | e_623         | select    | auto_sel               | 0       |
|    xor_ln194_208_fu_7427_p2 |     |        | xor_ln194_208 | xor       | auto                   | 0       |
|    e_624_fu_7431_p2         |     |        | e_624         | sub       | fabric                 | 0       |
|    e_625_fu_7436_p2         |     |        | e_625         | add       | fabric                 | 0       |
|    e_626_fu_7441_p3         |     |        | e_626         | select    | auto_sel               | 0       |
|    xor_ln194_209_fu_7449_p2 |     |        | xor_ln194_209 | xor       | auto                   | 0       |
|    e_627_fu_7453_p2         |     |        | e_627         | sub       | fabric                 | 0       |
|    e_628_fu_7459_p2         |     |        | e_628         | add       | fabric                 | 0       |
|    e_629_fu_7465_p3         |     |        | e_629         | select    | auto_sel               | 0       |
|    xor_ln194_210_fu_7473_p2 |     |        | xor_ln194_210 | xor       | auto                   | 0       |
|    e_630_fu_7477_p2         |     |        | e_630         | sub       | fabric                 | 0       |
|    e_631_fu_7482_p2         |     |        | e_631         | add       | fabric                 | 0       |
|    e_632_fu_7487_p3         |     |        | e_632         | select    | auto_sel               | 0       |
|    xor_ln194_211_fu_7495_p2 |     |        | xor_ln194_211 | xor       | auto                   | 0       |
|    e_633_fu_7499_p2         |     |        | e_633         | sub       | fabric                 | 0       |
|    e_634_fu_7505_p2         |     |        | e_634         | add       | fabric                 | 0       |
|    e_635_fu_7511_p3         |     |        | e_635         | select    | auto_sel               | 0       |
|    xor_ln194_212_fu_7519_p2 |     |        | xor_ln194_212 | xor       | auto                   | 0       |
|    e_636_fu_7523_p2         |     |        | e_636         | sub       | fabric                 | 0       |
|    e_637_fu_7528_p2         |     |        | e_637         | add       | fabric                 | 0       |
|    e_638_fu_7533_p3         |     |        | e_638         | select    | auto_sel               | 0       |
|    xor_ln194_213_fu_7541_p2 |     |        | xor_ln194_213 | xor       | auto                   | 0       |
|    e_639_fu_7545_p2         |     |        | e_639         | sub       | fabric                 | 0       |
|    e_640_fu_7551_p2         |     |        | e_640         | add       | fabric                 | 0       |
|    e_641_fu_7557_p3         |     |        | e_641         | select    | auto_sel               | 0       |
|    xor_ln194_214_fu_7565_p2 |     |        | xor_ln194_214 | xor       | auto                   | 0       |
|    e_642_fu_7569_p2         |     |        | e_642         | sub       | fabric                 | 0       |
|    e_643_fu_7574_p2         |     |        | e_643         | add       | fabric                 | 0       |
|    e_644_fu_7579_p3         |     |        | e_644         | select    | auto_sel               | 0       |
|    xor_ln194_215_fu_7587_p2 |     |        | xor_ln194_215 | xor       | auto                   | 0       |
|    e_645_fu_7591_p2         |     |        | e_645         | sub       | fabric                 | 0       |
|    e_646_fu_7597_p2         |     |        | e_646         | add       | fabric                 | 0       |
|    e_647_fu_7603_p3         |     |        | e_647         | select    | auto_sel               | 0       |
|    xor_ln194_216_fu_7611_p2 |     |        | xor_ln194_216 | xor       | auto                   | 0       |
|    e_648_fu_7615_p2         |     |        | e_648         | sub       | fabric                 | 0       |
|    e_649_fu_7620_p2         |     |        | e_649         | add       | fabric                 | 0       |
|    e_650_fu_7625_p3         |     |        | e_650         | select    | auto_sel               | 0       |
|    xor_ln194_217_fu_7633_p2 |     |        | xor_ln194_217 | xor       | auto                   | 0       |
|    e_651_fu_7637_p2         |     |        | e_651         | sub       | fabric                 | 0       |
|    e_652_fu_7643_p2         |     |        | e_652         | add       | fabric                 | 0       |
|    e_653_fu_7649_p3         |     |        | e_653         | select    | auto_sel               | 0       |
|    xor_ln194_218_fu_7657_p2 |     |        | xor_ln194_218 | xor       | auto                   | 0       |
|    e_654_fu_7661_p2         |     |        | e_654         | sub       | fabric                 | 0       |
|    e_655_fu_7666_p2         |     |        | e_655         | add       | fabric                 | 0       |
|    e_656_fu_7671_p3         |     |        | e_656         | select    | auto_sel               | 0       |
|    xor_ln194_219_fu_7679_p2 |     |        | xor_ln194_219 | xor       | auto                   | 0       |
|    e_657_fu_7683_p2         |     |        | e_657         | sub       | fabric                 | 0       |
|    e_658_fu_7689_p2         |     |        | e_658         | add       | fabric                 | 0       |
|    e_659_fu_7695_p3         |     |        | e_659         | select    | auto_sel               | 0       |
|    xor_ln194_220_fu_7703_p2 |     |        | xor_ln194_220 | xor       | auto                   | 0       |
|    e_660_fu_7707_p2         |     |        | e_660         | sub       | fabric                 | 0       |
|    e_661_fu_7712_p2         |     |        | e_661         | add       | fabric                 | 0       |
|    e_662_fu_7717_p3         |     |        | e_662         | select    | auto_sel               | 0       |
|    xor_ln194_221_fu_7725_p2 |     |        | xor_ln194_221 | xor       | auto                   | 0       |
|    e_663_fu_7729_p2         |     |        | e_663         | sub       | fabric                 | 0       |
|    e_664_fu_7735_p2         |     |        | e_664         | add       | fabric                 | 0       |
|    e_665_fu_7741_p3         |     |        | e_665         | select    | auto_sel               | 0       |
|    xor_ln194_222_fu_7749_p2 |     |        | xor_ln194_222 | xor       | auto                   | 0       |
|    e_666_fu_7753_p2         |     |        | e_666         | sub       | fabric                 | 0       |
|    e_667_fu_7758_p2         |     |        | e_667         | add       | fabric                 | 0       |
|    e_668_fu_7763_p3         |     |        | e_668         | select    | auto_sel               | 0       |
|    xor_ln194_223_fu_7771_p2 |     |        | xor_ln194_223 | xor       | auto                   | 0       |
|    e_669_fu_7775_p2         |     |        | e_669         | sub       | fabric                 | 0       |
|    e_670_fu_7781_p2         |     |        | e_670         | add       | fabric                 | 0       |
|    e_671_fu_7787_p3         |     |        | e_671         | select    | auto_sel               | 0       |
|    xor_ln194_224_fu_7795_p2 |     |        | xor_ln194_224 | xor       | auto                   | 0       |
|    e_672_fu_7799_p2         |     |        | e_672         | sub       | fabric                 | 0       |
|    e_673_fu_7804_p2         |     |        | e_673         | add       | fabric                 | 0       |
|    e_674_fu_7809_p3         |     |        | e_674         | select    | auto_sel               | 0       |
|    xor_ln194_225_fu_7817_p2 |     |        | xor_ln194_225 | xor       | auto                   | 0       |
|    e_675_fu_7821_p2         |     |        | e_675         | sub       | fabric                 | 0       |
|    e_676_fu_7827_p2         |     |        | e_676         | add       | fabric                 | 0       |
|    e_677_fu_7833_p3         |     |        | e_677         | select    | auto_sel               | 0       |
|    xor_ln194_226_fu_7841_p2 |     |        | xor_ln194_226 | xor       | auto                   | 0       |
|    e_678_fu_7845_p2         |     |        | e_678         | sub       | fabric                 | 0       |
|    e_679_fu_7850_p2         |     |        | e_679         | add       | fabric                 | 0       |
|    e_680_fu_7855_p3         |     |        | e_680         | select    | auto_sel               | 0       |
|    xor_ln194_227_fu_7863_p2 |     |        | xor_ln194_227 | xor       | auto                   | 0       |
|    e_681_fu_7867_p2         |     |        | e_681         | sub       | fabric                 | 0       |
|    e_682_fu_7873_p2         |     |        | e_682         | add       | fabric                 | 0       |
|    e_683_fu_7879_p3         |     |        | e_683         | select    | auto_sel               | 0       |
|    xor_ln194_228_fu_7887_p2 |     |        | xor_ln194_228 | xor       | auto                   | 0       |
|    e_684_fu_7891_p2         |     |        | e_684         | sub       | fabric                 | 0       |
|    e_685_fu_7896_p2         |     |        | e_685         | add       | fabric                 | 0       |
|    e_686_fu_7901_p3         |     |        | e_686         | select    | auto_sel               | 0       |
|    xor_ln194_229_fu_7909_p2 |     |        | xor_ln194_229 | xor       | auto                   | 0       |
|    e_687_fu_7913_p2         |     |        | e_687         | sub       | fabric                 | 0       |
|    e_688_fu_7919_p2         |     |        | e_688         | add       | fabric                 | 0       |
|    e_689_fu_7925_p3         |     |        | e_689         | select    | auto_sel               | 0       |
|    xor_ln194_230_fu_7933_p2 |     |        | xor_ln194_230 | xor       | auto                   | 0       |
|    e_690_fu_7937_p2         |     |        | e_690         | sub       | fabric                 | 0       |
|    e_691_fu_7942_p2         |     |        | e_691         | add       | fabric                 | 0       |
|    e_692_fu_7947_p3         |     |        | e_692         | select    | auto_sel               | 0       |
|    out_fu_7955_p2           |     |        | out           | sub       | fabric                 | 0       |
+-----------------------------+-----+--------+---------------+-----------+------------------------+---------+


================================================================
== Storage Report
================================================================
+---------------------------+--------+------+------+------+--------+-------------+------+---------+------------------+
| Name                      | Usage  | Type | BRAM | URAM | Pragma | Variable    | Impl | Latency | Bitwidth, Depth, |
|                           |        |      |      |      |        |             |      |         | Banks            |
+---------------------------+--------+------+------+------+--------+-------------+------+---------+------------------+
| + uniform_metropolis_step |        |      | 0    | 0    |        |             |      |         |                  |
|   EXP_NEG_LUT_U           | rom_2p |      |      |      |        | EXP_NEG_LUT | auto | 1       | 40, 1025, 1      |
+---------------------------+--------+------+------+------+--------+-------------+------+---------+------------------+


================================================================
== Pragma Report
================================================================
* Valid Pragma Syntax
+-----------------+---------------------------+--------------------------------------------------+
| Type            | Options                   | Location                                         |
+-----------------+---------------------------+--------------------------------------------------+
| ARRAY_PARTITION | variable=J complete dim=0 | in local_delta_energy (src/sk_step.cpp:139)      |
| ARRAY_PARTITION | variable=h complete dim=1 | in local_delta_energy (src/sk_step.cpp:140)      |
| ARRAY_PARTITION | variable=s complete dim=1 | in local_delta_energy (src/sk_step.cpp:141)      |
| UNROLL          |                           | in local_delta_energy (src/sk_step.cpp:146)      |
| ARRAY_PARTITION | variable=J complete dim=0 | in uniform_delta_energy (src/sk_step.cpp:174)    |
| ARRAY_PARTITION | variable=h complete dim=1 | in uniform_delta_energy (src/sk_step.cpp:175)    |
| ARRAY_PARTITION | variable=y complete dim=1 | in uniform_delta_energy (src/sk_step.cpp:176)    |
| UNROLL          |                           | in uniform_delta_energy (src/sk_step.cpp:181)    |
| UNROLL          |                           | in uniform_delta_energy (src/sk_step.cpp:187)    |
| UNROLL          |                           | in uniform_delta_energy (src/sk_step.cpp:189)    |
| ARRAY_PARTITION | variable=J complete dim=0 | in local_metropolis_step (src/sk_step.cpp:229)   |
| ARRAY_PARTITION | variable=h complete dim=1 | in local_metropolis_step (src/sk_step.cpp:230)   |
| ARRAY_PARTITION | variable=s complete dim=1 | in local_metropolis_step (src/sk_step.cpp:231)   |
| ARRAY_PARTITION | variable=J complete dim=0 | in uniform_metropolis_step (src/sk_step.cpp:269) |
| ARRAY_PARTITION | variable=h complete dim=1 | in uniform_metropolis_step (src/sk_step.cpp:270) |
| ARRAY_PARTITION | variable=y complete dim=1 | in uniform_metropolis_step (src/sk_step.cpp:271) |
+-----------------+---------------------------+--------------------------------------------------+


