

================================================================
== Vitis HLS Report for 'local_spin_flip_operation'
================================================================
* Date:           Fri May 29 18:04:20 2026

* Version:        2025.2 (Build 6295257 on Nov 14 2025)
* Project:        hls_local_spin_flip_operation_N32_FRAC31
* Solution:       hls (Vivado IP Flow Target)
* Product family: virtexuplus
* Target device:  xcvu19p-fsva3824-2-e


================================================================
== Performance Estimates
================================================================
+ Timing: 
    * Summary: 
    +--------+---------+----------+------------+
    |  Clock |  Target | Estimated| Uncertainty|
    +--------+---------+----------+------------+
    |ap_clk  |  3.00 ns|  2.389 ns|     0.81 ns|
    +--------+---------+----------+------------+

+ Latency: 
    * Summary: 
    +---------+---------+----------+----------+-----+-----+---------+
    |  Latency (cycles) |  Latency (absolute) |  Interval | Pipeline|
    |   min   |   max   |    min   |    max   | min | max |   Type  |
    +---------+---------+----------+----------+-----+-----+---------+
    |       92|       92|  0.276 us|  0.276 us|   93|   93|       no|
    +---------+---------+----------+----------+-----+-----+---------+

    + Detail: 
        * Instance: 
        N/A

        * Loop: 
        N/A



================================================================
== Utilization Estimates
================================================================
* Summary: 
+---------------------+---------+------+---------+---------+-----+
|         Name        | BRAM_18K|  DSP |    FF   |   LUT   | URAM|
+---------------------+---------+------+---------+---------+-----+
|DSP                  |        -|     -|        -|        -|    -|
|Expression           |        -|     -|        0|    50440|    -|
|FIFO                 |        -|     -|        -|        -|    -|
|Instance             |        -|   274|    11461|     3559|    -|
|Memory               |        -|     -|        -|        -|    -|
|Multiplexer          |        -|     -|        0|      541|    -|
|Register             |        -|     -|     9513|        -|    -|
+---------------------+---------+------+---------+---------+-----+
|Total                |        0|   274|    20974|    54540|    0|
+---------------------+---------+------+---------+---------+-----+
|Available SLR        |     1080|   960|  2042880|  1021440|   80|
+---------------------+---------+------+---------+---------+-----+
|Utilization SLR (%)  |        0|    28|        1|        5|    0|
+---------------------+---------+------+---------+---------+-----+
|Available            |     4320|  3840|  8171520|  4085760|  320|
+---------------------+---------+------+---------+---------+-----+
|Utilization (%)      |        0|     7|       ~0|        1|    0|
+---------------------+---------+------+---------+---------+-----+

+ Detail: 
    * Instance: 
    +--------------------------+----------------------+---------+----+-----+-----+-----+
    |         Instance         |        Module        | BRAM_18K| DSP|  FF | LUT | URAM|
    +--------------------------+----------------------+---------+----+-----+-----+-----+
    |mul_32ns_40ns_71_3_1_U1   |mul_32ns_40ns_71_3_1  |        0|   4|  198|   80|    0|
    |mul_32s_32ns_64_3_1_U2    |mul_32s_32ns_64_3_1   |        0|   4|  166|   49|    0|
    |mul_32s_32ns_64_3_1_U3    |mul_32s_32ns_64_3_1   |        0|   4|  166|   49|    0|
    |mul_32s_32ns_64_3_1_U4    |mul_32s_32ns_64_3_1   |        0|   4|  166|   49|    0|
    |mul_32s_32ns_64_3_1_U5    |mul_32s_32ns_64_3_1   |        0|   4|  166|   49|    0|
    |mul_32s_32ns_64_3_1_U6    |mul_32s_32ns_64_3_1   |        0|   4|  166|   49|    0|
    |mul_32s_32ns_64_3_1_U7    |mul_32s_32ns_64_3_1   |        0|   4|  166|   49|    0|
    |mul_32s_32ns_64_3_1_U8    |mul_32s_32ns_64_3_1   |        0|   4|  166|   49|    0|
    |mul_32s_32ns_64_3_1_U9    |mul_32s_32ns_64_3_1   |        0|   4|  166|   49|    0|
    |mul_32s_32ns_64_3_1_U10   |mul_32s_32ns_64_3_1   |        0|   4|  166|   49|    0|
    |mul_32s_32ns_64_3_1_U11   |mul_32s_32ns_64_3_1   |        0|   4|  166|   49|    0|
    |mul_32s_32ns_64_3_1_U12   |mul_32s_32ns_64_3_1   |        0|   4|  166|   49|    0|
    |mul_32s_32ns_64_3_1_U13   |mul_32s_32ns_64_3_1   |        0|   4|  166|   49|    0|
    |mul_32s_32ns_64_3_1_U14   |mul_32s_32ns_64_3_1   |        0|   4|  166|   49|    0|
    |mul_32s_32ns_64_3_1_U15   |mul_32s_32ns_64_3_1   |        0|   4|  166|   49|    0|
    |mul_32s_32ns_64_3_1_U16   |mul_32s_32ns_64_3_1   |        0|   4|  166|   49|    0|
    |mul_32s_32ns_64_3_1_U17   |mul_32s_32ns_64_3_1   |        0|   4|  166|   49|    0|
    |mul_32s_32ns_64_3_1_U18   |mul_32s_32ns_64_3_1   |        0|   4|  166|   49|    0|
    |mul_32s_32ns_64_3_1_U19   |mul_32s_32ns_64_3_1   |        0|   4|  166|   49|    0|
    |mul_32s_32ns_64_3_1_U20   |mul_32s_32ns_64_3_1   |        0|   4|  166|   49|    0|
    |mul_32s_32ns_64_3_1_U21   |mul_32s_32ns_64_3_1   |        0|   4|  166|   49|    0|
    |mul_32s_32ns_64_3_1_U22   |mul_32s_32ns_64_3_1   |        0|   4|  166|   49|    0|
    |mul_32s_32ns_64_3_1_U23   |mul_32s_32ns_64_3_1   |        0|   4|  166|   49|    0|
    |mul_32s_32ns_64_3_1_U24   |mul_32s_32ns_64_3_1   |        0|   4|  166|   49|    0|
    |mul_32s_32ns_64_3_1_U25   |mul_32s_32ns_64_3_1   |        0|   4|  166|   49|    0|
    |mul_32s_32ns_64_3_1_U26   |mul_32s_32ns_64_3_1   |        0|   4|  166|   49|    0|
    |mul_32s_32ns_64_3_1_U27   |mul_32s_32ns_64_3_1   |        0|   4|  166|   49|    0|
    |mul_32s_32ns_64_3_1_U28   |mul_32s_32ns_64_3_1   |        0|   4|  166|   49|    0|
    |mul_32s_32ns_64_3_1_U29   |mul_32s_32ns_64_3_1   |        0|   4|  166|   49|    0|
    |mul_32s_32ns_64_3_1_U30   |mul_32s_32ns_64_3_1   |        0|   4|  166|   49|    0|
    |mul_32s_32ns_64_3_1_U31   |mul_32s_32ns_64_3_1   |        0|   4|  166|   49|    0|
    |mul_32s_32ns_64_3_1_U32   |mul_32s_32ns_64_3_1   |        0|   4|  166|   49|    0|
    |mul_32s_32ns_64_3_1_U33   |mul_32s_32ns_64_3_1   |        0|   4|  166|   49|    0|
    |mul_32s_32s_64_3_1_U34    |mul_32s_32s_64_3_1    |        0|   4|  166|   49|    0|
    |mul_32s_32s_64_3_1_U35    |mul_32s_32s_64_3_1    |        0|   4|  166|   49|    0|
    |mul_32s_32s_64_3_1_U36    |mul_32s_32s_64_3_1    |        0|   4|  166|   49|    0|
    |mul_32s_32s_64_3_1_U37    |mul_32s_32s_64_3_1    |        0|   4|  166|   49|    0|
    |mul_32s_32s_64_3_1_U38    |mul_32s_32s_64_3_1    |        0|   4|  166|   49|    0|
    |mul_32s_32s_64_3_1_U39    |mul_32s_32s_64_3_1    |        0|   4|  166|   49|    0|
    |mul_32s_32s_64_3_1_U40    |mul_32s_32s_64_3_1    |        0|   4|  166|   49|    0|
    |mul_32s_32s_64_3_1_U41    |mul_32s_32s_64_3_1    |        0|   4|  166|   49|    0|
    |mul_32s_32s_64_3_1_U42    |mul_32s_32s_64_3_1    |        0|   4|  166|   49|    0|
    |mul_32s_32s_64_3_1_U43    |mul_32s_32s_64_3_1    |        0|   4|  166|   49|    0|
    |mul_32s_32s_64_3_1_U44    |mul_32s_32s_64_3_1    |        0|   4|  166|   49|    0|
    |mul_32s_32s_64_3_1_U45    |mul_32s_32s_64_3_1    |        0|   4|  166|   49|    0|
    |mul_32s_32s_64_3_1_U46    |mul_32s_32s_64_3_1    |        0|   4|  166|   49|    0|
    |mul_32s_32s_64_3_1_U47    |mul_32s_32s_64_3_1    |        0|   4|  166|   49|    0|
    |mul_32s_32s_64_3_1_U48    |mul_32s_32s_64_3_1    |        0|   4|  166|   49|    0|
    |mul_32s_32s_64_3_1_U49    |mul_32s_32s_64_3_1    |        0|   4|  166|   49|    0|
    |mul_32s_32s_64_3_1_U50    |mul_32s_32s_64_3_1    |        0|   4|  166|   49|    0|
    |mul_32s_32s_64_3_1_U51    |mul_32s_32s_64_3_1    |        0|   4|  166|   49|    0|
    |mul_32s_32s_64_3_1_U52    |mul_32s_32s_64_3_1    |        0|   4|  166|   49|    0|
    |mul_32s_32s_64_3_1_U53    |mul_32s_32s_64_3_1    |        0|   4|  166|   49|    0|
    |mul_32s_32s_64_3_1_U54    |mul_32s_32s_64_3_1    |        0|   4|  166|   49|    0|
    |mul_32s_32s_64_3_1_U55    |mul_32s_32s_64_3_1    |        0|   4|  166|   49|    0|
    |mul_32s_32s_64_3_1_U56    |mul_32s_32s_64_3_1    |        0|   4|  166|   49|    0|
    |mul_32s_32s_64_3_1_U57    |mul_32s_32s_64_3_1    |        0|   4|  166|   49|    0|
    |mul_32s_32s_64_3_1_U58    |mul_32s_32s_64_3_1    |        0|   4|  166|   49|    0|
    |mul_32s_32s_64_3_1_U59    |mul_32s_32s_64_3_1    |        0|   4|  166|   49|    0|
    |mul_32s_32s_64_3_1_U60    |mul_32s_32s_64_3_1    |        0|   4|  166|   49|    0|
    |mul_32s_32s_64_3_1_U61    |mul_32s_32s_64_3_1    |        0|   4|  166|   49|    0|
    |mul_32s_32s_64_3_1_U62    |mul_32s_32s_64_3_1    |        0|   4|  166|   49|    0|
    |mul_32s_32s_64_3_1_U63    |mul_32s_32s_64_3_1    |        0|   4|  166|   49|    0|
    |mul_32s_32s_64_3_1_U64    |mul_32s_32s_64_3_1    |        0|   4|  166|   49|    0|
    |mul_32s_32s_64_3_1_U65    |mul_32s_32s_64_3_1    |        0|   4|  166|   49|    0|
    |mul_40s_40s_80_3_1_U66    |mul_40s_40s_80_3_1    |        0|   5|  198|   80|    0|
    |mul_77s_40s_117_5_1_U67   |mul_77s_40s_117_5_1   |        0|   9|  441|  249|    0|
    |sparsemux_9_3_32_1_1_U68  |sparsemux_9_3_32_1_1  |        0|   0|    0|   14|    0|
    +--------------------------+----------------------+---------+----+-----+-----+-----+
    |Total                     |                      |        0| 274|11461| 3559|    0|
    +--------------------------+----------------------+---------+----+-----+-----+-----+

    * DSP: 
    N/A

    * Memory: 
    N/A

    * FIFO: 
    N/A

    * Expression: 
    +--------------------------------+----------+----+---+-----+------------+------------+
    |          Variable Name         | Operation| DSP| FF| LUT | Bitwidth P0| Bitwidth P1|
    +--------------------------------+----------+----+---+-----+------------+------------+
    |add_ln104_10_fu_20321_p2        |         +|   0|  0|   40|          33|          33|
    |add_ln104_11_fu_20387_p2        |         +|   0|  0|   40|          33|          33|
    |add_ln104_12_fu_20453_p2        |         +|   0|  0|   40|          33|          33|
    |add_ln104_13_fu_20519_p2        |         +|   0|  0|   40|          33|          33|
    |add_ln104_14_fu_20585_p2        |         +|   0|  0|   40|          33|          33|
    |add_ln104_15_fu_20651_p2        |         +|   0|  0|   40|          33|          33|
    |add_ln104_16_fu_20721_p2        |         +|   0|  0|   40|          33|          33|
    |add_ln104_17_fu_20757_p2        |         +|   0|  0|   40|          33|          33|
    |add_ln104_18_fu_20793_p2        |         +|   0|  0|   40|          33|          33|
    |add_ln104_19_fu_20829_p2        |         +|   0|  0|   40|          33|          33|
    |add_ln104_1_fu_19727_p2         |         +|   0|  0|   40|          33|          33|
    |add_ln104_20_fu_20865_p2        |         +|   0|  0|   40|          33|          33|
    |add_ln104_21_fu_20901_p2        |         +|   0|  0|   40|          33|          33|
    |add_ln104_22_fu_20937_p2        |         +|   0|  0|   40|          33|          33|
    |add_ln104_23_fu_20973_p2        |         +|   0|  0|   40|          33|          33|
    |add_ln104_24_fu_21241_p2        |         +|   0|  0|   40|          33|          33|
    |add_ln104_25_fu_21311_p2        |         +|   0|  0|   40|          33|          33|
    |add_ln104_26_fu_21381_p2        |         +|   0|  0|   40|          33|          33|
    |add_ln104_27_fu_21451_p2        |         +|   0|  0|   40|          33|          33|
    |add_ln104_28_fu_21517_p2        |         +|   0|  0|   40|          33|          33|
    |add_ln104_29_fu_21583_p2        |         +|   0|  0|   40|          33|          33|
    |add_ln104_2_fu_19793_p2         |         +|   0|  0|   40|          33|          33|
    |add_ln104_30_fu_21653_p2        |         +|   0|  0|   40|          33|          33|
    |add_ln104_31_fu_21716_p2        |         +|   0|  0|   40|          33|          33|
    |add_ln104_32_fu_19657_p2        |         +|   0|  0|   39|          32|          32|
    |add_ln104_33_fu_19723_p2        |         +|   0|  0|   39|          32|          32|
    |add_ln104_34_fu_19789_p2        |         +|   0|  0|   39|          32|          32|
    |add_ln104_35_fu_19855_p2        |         +|   0|  0|   39|          32|          32|
    |add_ln104_36_fu_19921_p2        |         +|   0|  0|   39|          32|          32|
    |add_ln104_37_fu_19987_p2        |         +|   0|  0|   39|          32|          32|
    |add_ln104_38_fu_20053_p2        |         +|   0|  0|   39|          32|          32|
    |add_ln104_39_fu_20119_p2        |         +|   0|  0|   39|          32|          32|
    |add_ln104_3_fu_19859_p2         |         +|   0|  0|   40|          33|          33|
    |add_ln104_40_fu_20185_p2        |         +|   0|  0|   39|          32|          32|
    |add_ln104_41_fu_20251_p2        |         +|   0|  0|   39|          32|          32|
    |add_ln104_42_fu_20317_p2        |         +|   0|  0|   39|          32|          32|
    |add_ln104_43_fu_20383_p2        |         +|   0|  0|   39|          32|          32|
    |add_ln104_44_fu_20449_p2        |         +|   0|  0|   39|          32|          32|
    |add_ln104_45_fu_20515_p2        |         +|   0|  0|   39|          32|          32|
    |add_ln104_46_fu_20581_p2        |         +|   0|  0|   39|          32|          32|
    |add_ln104_47_fu_20647_p2        |         +|   0|  0|   39|          32|          32|
    |add_ln104_48_fu_20715_p2        |         +|   0|  0|   39|          32|          32|
    |add_ln104_49_fu_20751_p2        |         +|   0|  0|   39|          32|          32|
    |add_ln104_4_fu_19925_p2         |         +|   0|  0|   40|          33|          33|
    |add_ln104_50_fu_20787_p2        |         +|   0|  0|   39|          32|          32|
    |add_ln104_51_fu_20823_p2        |         +|   0|  0|   39|          32|          32|
    |add_ln104_52_fu_20859_p2        |         +|   0|  0|   39|          32|          32|
    |add_ln104_53_fu_20895_p2        |         +|   0|  0|   39|          32|          32|
    |add_ln104_54_fu_20931_p2        |         +|   0|  0|   39|          32|          32|
    |add_ln104_55_fu_20967_p2        |         +|   0|  0|   39|          32|          32|
    |add_ln104_56_fu_21235_p2        |         +|   0|  0|   39|          32|          32|
    |add_ln104_57_fu_21305_p2        |         +|   0|  0|   39|          32|          32|
    |add_ln104_58_fu_21375_p2        |         +|   0|  0|   39|          32|          32|
    |add_ln104_59_fu_21445_p2        |         +|   0|  0|   39|          32|          32|
    |add_ln104_5_fu_19991_p2         |         +|   0|  0|   40|          33|          33|
    |add_ln104_60_fu_21513_p2        |         +|   0|  0|   39|          32|          32|
    |add_ln104_61_fu_21579_p2        |         +|   0|  0|   39|          32|          32|
    |add_ln104_62_fu_21647_p2        |         +|   0|  0|   39|          32|          32|
    |add_ln104_63_fu_21711_p2        |         +|   0|  0|   39|          32|          32|
    |add_ln104_6_fu_20057_p2         |         +|   0|  0|   40|          33|          33|
    |add_ln104_7_fu_20123_p2         |         +|   0|  0|   40|          33|          33|
    |add_ln104_8_fu_20189_p2         |         +|   0|  0|   40|          33|          33|
    |add_ln104_9_fu_20255_p2         |         +|   0|  0|   40|          33|          33|
    |add_ln104_fu_19661_p2           |         +|   0|  0|   40|          33|          33|
    |add_ln204_10_fu_16152_p2        |         +|   0|  0|   39|          32|          32|
    |add_ln204_11_fu_16313_p2        |         +|   0|  0|   39|          32|          32|
    |add_ln204_12_fu_16474_p2        |         +|   0|  0|   39|          32|          32|
    |add_ln204_13_fu_16635_p2        |         +|   0|  0|   39|          32|          32|
    |add_ln204_14_fu_16796_p2        |         +|   0|  0|   39|          32|          32|
    |add_ln204_15_fu_16957_p2        |         +|   0|  0|   39|          32|          32|
    |add_ln204_16_fu_17118_p2        |         +|   0|  0|   39|          32|          32|
    |add_ln204_17_fu_17279_p2        |         +|   0|  0|   39|          32|          32|
    |add_ln204_18_fu_17440_p2        |         +|   0|  0|   39|          32|          32|
    |add_ln204_19_fu_17601_p2        |         +|   0|  0|   39|          32|          32|
    |add_ln204_1_fu_14703_p2         |         +|   0|  0|   39|          32|          32|
    |add_ln204_20_fu_17762_p2        |         +|   0|  0|   39|          32|          32|
    |add_ln204_21_fu_17923_p2        |         +|   0|  0|   39|          32|          32|
    |add_ln204_22_fu_18084_p2        |         +|   0|  0|   39|          32|          32|
    |add_ln204_23_fu_18245_p2        |         +|   0|  0|   39|          32|          32|
    |add_ln204_24_fu_18406_p2        |         +|   0|  0|   39|          32|          32|
    |add_ln204_25_fu_18567_p2        |         +|   0|  0|   39|          32|          32|
    |add_ln204_26_fu_18728_p2        |         +|   0|  0|   39|          32|          32|
    |add_ln204_27_fu_18889_p2        |         +|   0|  0|   39|          32|          32|
    |add_ln204_28_fu_19050_p2        |         +|   0|  0|   39|          32|          32|
    |add_ln204_29_fu_19211_p2        |         +|   0|  0|   39|          32|          32|
    |add_ln204_2_fu_14864_p2         |         +|   0|  0|   39|          32|          32|
    |add_ln204_30_fu_19372_p2        |         +|   0|  0|   39|          32|          32|
    |add_ln204_31_fu_19533_p2        |         +|   0|  0|   39|          32|          32|
    |add_ln204_3_fu_15025_p2         |         +|   0|  0|   39|          32|          32|
    |add_ln204_4_fu_15186_p2         |         +|   0|  0|   39|          32|          32|
    |add_ln204_5_fu_15347_p2         |         +|   0|  0|   39|          32|          32|
    |add_ln204_6_fu_15508_p2         |         +|   0|  0|   39|          32|          32|
    |add_ln204_7_fu_15669_p2         |         +|   0|  0|   39|          32|          32|
    |add_ln204_8_fu_15830_p2         |         +|   0|  0|   39|          32|          32|
    |add_ln204_9_fu_15991_p2         |         +|   0|  0|   39|          32|          32|
    |add_ln204_fu_14542_p2           |         +|   0|  0|   39|          32|          32|
    |add_ln253_fu_22061_p2           |         +|   0|  0|  101|          78|          74|
    |add_ln263_10_fu_23388_p2        |         +|   0|  0|  117|         117|         102|
    |add_ln263_12_fu_23615_p2        |         +|   0|  0|  117|         117|         104|
    |add_ln263_14_fu_23842_p2        |         +|   0|  0|  117|         117|         105|
    |add_ln263_16_fu_24069_p2        |         +|   0|  0|  117|         117|         107|
    |add_ln263_18_fu_24296_p2        |         +|   0|  0|  117|         117|         106|
    |add_ln263_1_fu_22203_p2         |         +|   0|  0|   95|          95|          95|
    |add_ln263_20_fu_24523_p2        |         +|   0|  0|  117|         117|         108|
    |add_ln263_2_fu_22477_p2         |         +|   0|  0|  124|         117|          94|
    |add_ln263_3_fu_22220_p2         |         +|   0|  0|   95|          95|          95|
    |add_ln263_4_fu_22707_p2         |         +|   0|  0|  117|         117|          98|
    |add_ln263_5_fu_22254_p2         |         +|   0|  0|   95|          95|          95|
    |add_ln263_6_fu_22934_p2         |         +|   0|  0|  117|         117|          98|
    |add_ln263_7_fu_22304_p2         |         +|   0|  0|   95|          95|          95|
    |add_ln263_8_fu_23161_p2         |         +|   0|  0|  117|         117|         101|
    |add_ln263_fu_22310_p2           |         +|   0|  0|   95|          95|          93|
    |add_ln269_fu_24737_p2           |         +|   0|  0|   80|          80|          70|
    |b0_10_fu_22978_p2               |         +|   0|  0|   47|          40|          40|
    |b0_13_fu_23205_p2               |         +|   0|  0|   47|          40|          40|
    |b0_16_fu_23432_p2               |         +|   0|  0|   47|          40|          40|
    |b0_19_fu_23659_p2               |         +|   0|  0|   47|          40|          40|
    |b0_1_fu_22348_p2                |         +|   0|  0|   31|          24|          24|
    |b0_22_fu_23886_p2               |         +|   0|  0|   47|          40|          40|
    |b0_25_fu_24113_p2               |         +|   0|  0|   47|          40|          40|
    |b0_28_fu_24340_p2               |         +|   0|  0|   47|          40|          40|
    |b0_31_fu_24567_p2               |         +|   0|  0|   47|          40|          40|
    |b0_4_fu_22557_p2                |         +|   0|  0|   47|          40|          40|
    |b0_7_fu_22751_p2                |         +|   0|  0|   47|          40|          40|
    |p_1_fu_24797_p2                 |         +|   0|  0|   47|          40|          40|
    |p_4_fu_25019_p2                 |         +|   0|  0|   39|          32|          32|
    |z_fu_21997_p2                   |         +|   0|  0|   46|          39|          39|
    |sub_ln209_fu_21775_p2           |         -|   0|  0|   40|           1|          33|
    |sub_ln263_10_fu_22271_p2        |         -|   0|  0|   95|          95|          95|
    |sub_ln263_11_fu_22287_p2        |         -|   0|  0|   95|          95|          95|
    |sub_ln263_1_fu_22928_p2         |         -|   0|  0|  117|         117|         117|
    |sub_ln263_2_fu_23155_p2         |         -|   0|  0|  117|         117|         117|
    |sub_ln263_3_fu_23382_p2         |         -|   0|  0|  117|         117|         117|
    |sub_ln263_4_fu_23609_p2         |         -|   0|  0|  117|         117|         117|
    |sub_ln263_5_fu_23836_p2         |         -|   0|  0|  117|         117|         117|
    |sub_ln263_6_fu_24063_p2         |         -|   0|  0|  117|         117|         117|
    |sub_ln263_7_fu_24290_p2         |         -|   0|  0|  117|         117|         117|
    |sub_ln263_8_fu_24517_p2         |         -|   0|  0|  117|         117|         117|
    |sub_ln263_9_fu_22237_p2         |         -|   0|  0|   95|          95|          95|
    |sub_ln263_fu_22701_p2           |         -|   0|  0|  117|         117|         117|
    |sub_ln269_fu_24753_p2           |         -|   0|  0|   80|          80|          80|
    |and_ln104_10_fu_20349_p2        |       and|   0|  0|    2|           1|           1|
    |and_ln104_11_fu_20415_p2        |       and|   0|  0|    2|           1|           1|
    |and_ln104_12_fu_20481_p2        |       and|   0|  0|    2|           1|           1|
    |and_ln104_13_fu_20547_p2        |       and|   0|  0|    2|           1|           1|
    |and_ln104_14_fu_20613_p2        |       and|   0|  0|    2|           1|           1|
    |and_ln104_15_fu_20679_p2        |       and|   0|  0|    2|           1|           1|
    |and_ln104_16_fu_21000_p2        |       and|   0|  0|    2|           1|           1|
    |and_ln104_17_fu_21029_p2        |       and|   0|  0|    2|           1|           1|
    |and_ln104_18_fu_21058_p2        |       and|   0|  0|    2|           1|           1|
    |and_ln104_19_fu_21087_p2        |       and|   0|  0|    2|           1|           1|
    |and_ln104_1_fu_19755_p2         |       and|   0|  0|    2|           1|           1|
    |and_ln104_20_fu_21116_p2        |       and|   0|  0|    2|           1|           1|
    |and_ln104_21_fu_21145_p2        |       and|   0|  0|    2|           1|           1|
    |and_ln104_22_fu_21174_p2        |       and|   0|  0|    2|           1|           1|
    |and_ln104_23_fu_21203_p2        |       and|   0|  0|    2|           1|           1|
    |and_ln104_24_fu_21269_p2        |       and|   0|  0|    2|           1|           1|
    |and_ln104_25_fu_21339_p2        |       and|   0|  0|    2|           1|           1|
    |and_ln104_26_fu_21409_p2        |       and|   0|  0|    2|           1|           1|
    |and_ln104_27_fu_21479_p2        |       and|   0|  0|    2|           1|           1|
    |and_ln104_28_fu_21545_p2        |       and|   0|  0|    2|           1|           1|
    |and_ln104_29_fu_21611_p2        |       and|   0|  0|    2|           1|           1|
    |and_ln104_2_fu_19821_p2         |       and|   0|  0|    2|           1|           1|
    |and_ln104_30_fu_21680_p2        |       and|   0|  0|    2|           1|           1|
    |and_ln104_31_fu_21744_p2        |       and|   0|  0|    2|           1|           1|
    |and_ln104_3_fu_19887_p2         |       and|   0|  0|    2|           1|           1|
    |and_ln104_4_fu_19953_p2         |       and|   0|  0|    2|           1|           1|
    |and_ln104_5_fu_20019_p2         |       and|   0|  0|    2|           1|           1|
    |and_ln104_6_fu_20085_p2         |       and|   0|  0|    2|           1|           1|
    |and_ln104_7_fu_20151_p2         |       and|   0|  0|    2|           1|           1|
    |and_ln104_8_fu_20217_p2         |       and|   0|  0|    2|           1|           1|
    |and_ln104_9_fu_20283_p2         |       and|   0|  0|    2|           1|           1|
    |and_ln104_fu_19689_p2           |       and|   0|  0|    2|           1|           1|
    |and_ln204_100_fu_18587_p2       |       and|   0|  0|    2|           1|           1|
    |and_ln204_101_fu_18639_p2       |       and|   0|  0|    2|           1|           1|
    |and_ln204_102_fu_18645_p2       |       and|   0|  0|    2|           1|           1|
    |and_ln204_103_fu_18657_p2       |       and|   0|  0|    2|           1|           1|
    |and_ln204_104_fu_18748_p2       |       and|   0|  0|    2|           1|           1|
    |and_ln204_105_fu_18800_p2       |       and|   0|  0|    2|           1|           1|
    |and_ln204_106_fu_18806_p2       |       and|   0|  0|    2|           1|           1|
    |and_ln204_107_fu_18818_p2       |       and|   0|  0|    2|           1|           1|
    |and_ln204_108_fu_18909_p2       |       and|   0|  0|    2|           1|           1|
    |and_ln204_109_fu_18961_p2       |       and|   0|  0|    2|           1|           1|
    |and_ln204_10_fu_14942_p2        |       and|   0|  0|    2|           1|           1|
    |and_ln204_110_fu_18967_p2       |       and|   0|  0|    2|           1|           1|
    |and_ln204_111_fu_18979_p2       |       and|   0|  0|    2|           1|           1|
    |and_ln204_112_fu_19070_p2       |       and|   0|  0|    2|           1|           1|
    |and_ln204_113_fu_19122_p2       |       and|   0|  0|    2|           1|           1|
    |and_ln204_114_fu_19128_p2       |       and|   0|  0|    2|           1|           1|
    |and_ln204_115_fu_19140_p2       |       and|   0|  0|    2|           1|           1|
    |and_ln204_116_fu_19231_p2       |       and|   0|  0|    2|           1|           1|
    |and_ln204_117_fu_19283_p2       |       and|   0|  0|    2|           1|           1|
    |and_ln204_118_fu_19289_p2       |       and|   0|  0|    2|           1|           1|
    |and_ln204_119_fu_19301_p2       |       and|   0|  0|    2|           1|           1|
    |and_ln204_11_fu_14954_p2        |       and|   0|  0|    2|           1|           1|
    |and_ln204_120_fu_19392_p2       |       and|   0|  0|    2|           1|           1|
    |and_ln204_121_fu_19444_p2       |       and|   0|  0|    2|           1|           1|
    |and_ln204_122_fu_19450_p2       |       and|   0|  0|    2|           1|           1|
    |and_ln204_123_fu_19462_p2       |       and|   0|  0|    2|           1|           1|
    |and_ln204_124_fu_19553_p2       |       and|   0|  0|    2|           1|           1|
    |and_ln204_125_fu_19605_p2       |       and|   0|  0|    2|           1|           1|
    |and_ln204_126_fu_19611_p2       |       and|   0|  0|    2|           1|           1|
    |and_ln204_127_fu_19623_p2       |       and|   0|  0|    2|           1|           1|
    |and_ln204_12_fu_15045_p2        |       and|   0|  0|    2|           1|           1|
    |and_ln204_13_fu_15097_p2        |       and|   0|  0|    2|           1|           1|
    |and_ln204_14_fu_15103_p2        |       and|   0|  0|    2|           1|           1|
    |and_ln204_15_fu_15115_p2        |       and|   0|  0|    2|           1|           1|
    |and_ln204_16_fu_15206_p2        |       and|   0|  0|    2|           1|           1|
    |and_ln204_17_fu_15258_p2        |       and|   0|  0|    2|           1|           1|
    |and_ln204_18_fu_15264_p2        |       and|   0|  0|    2|           1|           1|
    |and_ln204_19_fu_15276_p2        |       and|   0|  0|    2|           1|           1|
    |and_ln204_1_fu_14614_p2         |       and|   0|  0|    2|           1|           1|
    |and_ln204_20_fu_15367_p2        |       and|   0|  0|    2|           1|           1|
    |and_ln204_21_fu_15419_p2        |       and|   0|  0|    2|           1|           1|
    |and_ln204_22_fu_15425_p2        |       and|   0|  0|    2|           1|           1|
    |and_ln204_23_fu_15437_p2        |       and|   0|  0|    2|           1|           1|
    |and_ln204_24_fu_15528_p2        |       and|   0|  0|    2|           1|           1|
    |and_ln204_25_fu_15580_p2        |       and|   0|  0|    2|           1|           1|
    |and_ln204_26_fu_15586_p2        |       and|   0|  0|    2|           1|           1|
    |and_ln204_27_fu_15598_p2        |       and|   0|  0|    2|           1|           1|
    |and_ln204_28_fu_15689_p2        |       and|   0|  0|    2|           1|           1|
    |and_ln204_29_fu_15741_p2        |       and|   0|  0|    2|           1|           1|
    |and_ln204_2_fu_14620_p2         |       and|   0|  0|    2|           1|           1|
    |and_ln204_30_fu_15747_p2        |       and|   0|  0|    2|           1|           1|
    |and_ln204_31_fu_15759_p2        |       and|   0|  0|    2|           1|           1|
    |and_ln204_32_fu_15850_p2        |       and|   0|  0|    2|           1|           1|
    |and_ln204_33_fu_15902_p2        |       and|   0|  0|    2|           1|           1|
    |and_ln204_34_fu_15908_p2        |       and|   0|  0|    2|           1|           1|
    |and_ln204_35_fu_15920_p2        |       and|   0|  0|    2|           1|           1|
    |and_ln204_36_fu_16011_p2        |       and|   0|  0|    2|           1|           1|
    |and_ln204_37_fu_16063_p2        |       and|   0|  0|    2|           1|           1|
    |and_ln204_38_fu_16069_p2        |       and|   0|  0|    2|           1|           1|
    |and_ln204_39_fu_16081_p2        |       and|   0|  0|    2|           1|           1|
    |and_ln204_3_fu_14632_p2         |       and|   0|  0|    2|           1|           1|
    |and_ln204_40_fu_16172_p2        |       and|   0|  0|    2|           1|           1|
    |and_ln204_41_fu_16224_p2        |       and|   0|  0|    2|           1|           1|
    |and_ln204_42_fu_16230_p2        |       and|   0|  0|    2|           1|           1|
    |and_ln204_43_fu_16242_p2        |       and|   0|  0|    2|           1|           1|
    |and_ln204_44_fu_16333_p2        |       and|   0|  0|    2|           1|           1|
    |and_ln204_45_fu_16385_p2        |       and|   0|  0|    2|           1|           1|
    |and_ln204_46_fu_16391_p2        |       and|   0|  0|    2|           1|           1|
    |and_ln204_47_fu_16403_p2        |       and|   0|  0|    2|           1|           1|
    |and_ln204_48_fu_16494_p2        |       and|   0|  0|    2|           1|           1|
    |and_ln204_49_fu_16546_p2        |       and|   0|  0|    2|           1|           1|
    |and_ln204_4_fu_14723_p2         |       and|   0|  0|    2|           1|           1|
    |and_ln204_50_fu_16552_p2        |       and|   0|  0|    2|           1|           1|
    |and_ln204_51_fu_16564_p2        |       and|   0|  0|    2|           1|           1|
    |and_ln204_52_fu_16655_p2        |       and|   0|  0|    2|           1|           1|
    |and_ln204_53_fu_16707_p2        |       and|   0|  0|    2|           1|           1|
    |and_ln204_54_fu_16713_p2        |       and|   0|  0|    2|           1|           1|
    |and_ln204_55_fu_16725_p2        |       and|   0|  0|    2|           1|           1|
    |and_ln204_56_fu_16816_p2        |       and|   0|  0|    2|           1|           1|
    |and_ln204_57_fu_16868_p2        |       and|   0|  0|    2|           1|           1|
    |and_ln204_58_fu_16874_p2        |       and|   0|  0|    2|           1|           1|
    |and_ln204_59_fu_16886_p2        |       and|   0|  0|    2|           1|           1|
    |and_ln204_5_fu_14775_p2         |       and|   0|  0|    2|           1|           1|
    |and_ln204_60_fu_16977_p2        |       and|   0|  0|    2|           1|           1|
    |and_ln204_61_fu_17029_p2        |       and|   0|  0|    2|           1|           1|
    |and_ln204_62_fu_17035_p2        |       and|   0|  0|    2|           1|           1|
    |and_ln204_63_fu_17047_p2        |       and|   0|  0|    2|           1|           1|
    |and_ln204_64_fu_17138_p2        |       and|   0|  0|    2|           1|           1|
    |and_ln204_65_fu_17190_p2        |       and|   0|  0|    2|           1|           1|
    |and_ln204_66_fu_17196_p2        |       and|   0|  0|    2|           1|           1|
    |and_ln204_67_fu_17208_p2        |       and|   0|  0|    2|           1|           1|
    |and_ln204_68_fu_17299_p2        |       and|   0|  0|    2|           1|           1|
    |and_ln204_69_fu_17351_p2        |       and|   0|  0|    2|           1|           1|
    |and_ln204_6_fu_14781_p2         |       and|   0|  0|    2|           1|           1|
    |and_ln204_70_fu_17357_p2        |       and|   0|  0|    2|           1|           1|
    |and_ln204_71_fu_17369_p2        |       and|   0|  0|    2|           1|           1|
    |and_ln204_72_fu_17460_p2        |       and|   0|  0|    2|           1|           1|
    |and_ln204_73_fu_17512_p2        |       and|   0|  0|    2|           1|           1|
    |and_ln204_74_fu_17518_p2        |       and|   0|  0|    2|           1|           1|
    |and_ln204_75_fu_17530_p2        |       and|   0|  0|    2|           1|           1|
    |and_ln204_76_fu_17621_p2        |       and|   0|  0|    2|           1|           1|
    |and_ln204_77_fu_17673_p2        |       and|   0|  0|    2|           1|           1|
    |and_ln204_78_fu_17679_p2        |       and|   0|  0|    2|           1|           1|
    |and_ln204_79_fu_17691_p2        |       and|   0|  0|    2|           1|           1|
    |and_ln204_7_fu_14793_p2         |       and|   0|  0|    2|           1|           1|
    |and_ln204_80_fu_17782_p2        |       and|   0|  0|    2|           1|           1|
    |and_ln204_81_fu_17834_p2        |       and|   0|  0|    2|           1|           1|
    |and_ln204_82_fu_17840_p2        |       and|   0|  0|    2|           1|           1|
    |and_ln204_83_fu_17852_p2        |       and|   0|  0|    2|           1|           1|
    |and_ln204_84_fu_17943_p2        |       and|   0|  0|    2|           1|           1|
    |and_ln204_85_fu_17995_p2        |       and|   0|  0|    2|           1|           1|
    |and_ln204_86_fu_18001_p2        |       and|   0|  0|    2|           1|           1|
    |and_ln204_87_fu_18013_p2        |       and|   0|  0|    2|           1|           1|
    |and_ln204_88_fu_18104_p2        |       and|   0|  0|    2|           1|           1|
    |and_ln204_89_fu_18156_p2        |       and|   0|  0|    2|           1|           1|
    |and_ln204_8_fu_14884_p2         |       and|   0|  0|    2|           1|           1|
    |and_ln204_90_fu_18162_p2        |       and|   0|  0|    2|           1|           1|
    |and_ln204_91_fu_18174_p2        |       and|   0|  0|    2|           1|           1|
    |and_ln204_92_fu_18265_p2        |       and|   0|  0|    2|           1|           1|
    |and_ln204_93_fu_18317_p2        |       and|   0|  0|    2|           1|           1|
    |and_ln204_94_fu_18323_p2        |       and|   0|  0|    2|           1|           1|
    |and_ln204_95_fu_18335_p2        |       and|   0|  0|    2|           1|           1|
    |and_ln204_96_fu_18426_p2        |       and|   0|  0|    2|           1|           1|
    |and_ln204_97_fu_18478_p2        |       and|   0|  0|    2|           1|           1|
    |and_ln204_98_fu_18484_p2        |       and|   0|  0|    2|           1|           1|
    |and_ln204_99_fu_18496_p2        |       and|   0|  0|    2|           1|           1|
    |and_ln204_9_fu_14936_p2         |       and|   0|  0|    2|           1|           1|
    |and_ln204_fu_14562_p2           |       and|   0|  0|    2|           1|           1|
    |and_ln209_1_fu_21819_p2         |       and|   0|  0|    2|           1|           1|
    |and_ln209_fu_21807_p2           |       and|   0|  0|    2|           1|           1|
    |and_ln212_fu_14237_p2           |       and|   0|  0|   32|          32|          32|
    |and_ln214_fu_21901_p2           |       and|   0|  0|    2|           1|           1|
    |and_ln253_1_fu_22141_p2         |       and|   0|  0|    2|           1|           1|
    |and_ln253_2_fu_22153_p2         |       and|   0|  0|    2|           1|           1|
    |and_ln253_fu_22135_p2           |       and|   0|  0|    2|           1|           1|
    |and_ln263_10_fu_22771_p2        |       and|   0|  0|    2|           1|           1|
    |and_ln263_11_fu_22833_p2        |       and|   0|  0|    2|           1|           1|
    |and_ln263_12_fu_22844_p2        |       and|   0|  0|    2|           1|           1|
    |and_ln263_13_fu_22864_p2        |       and|   0|  0|    2|           1|           1|
    |and_ln263_14_fu_22870_p2        |       and|   0|  0|    2|           1|           1|
    |and_ln263_15_fu_22887_p2        |       and|   0|  0|    2|           1|           1|
    |and_ln263_16_fu_22998_p2        |       and|   0|  0|    2|           1|           1|
    |and_ln263_17_fu_23060_p2        |       and|   0|  0|    2|           1|           1|
    |and_ln263_18_fu_23071_p2        |       and|   0|  0|    2|           1|           1|
    |and_ln263_19_fu_23091_p2        |       and|   0|  0|    2|           1|           1|
    |and_ln263_1_fu_22410_p2         |       and|   0|  0|    2|           1|           1|
    |and_ln263_20_fu_23097_p2        |       and|   0|  0|    2|           1|           1|
    |and_ln263_21_fu_23114_p2        |       and|   0|  0|    2|           1|           1|
    |and_ln263_22_fu_23225_p2        |       and|   0|  0|    2|           1|           1|
    |and_ln263_23_fu_23287_p2        |       and|   0|  0|    2|           1|           1|
    |and_ln263_24_fu_23298_p2        |       and|   0|  0|    2|           1|           1|
    |and_ln263_25_fu_23318_p2        |       and|   0|  0|    2|           1|           1|
    |and_ln263_26_fu_23324_p2        |       and|   0|  0|    2|           1|           1|
    |and_ln263_27_fu_23341_p2        |       and|   0|  0|    2|           1|           1|
    |and_ln263_28_fu_23452_p2        |       and|   0|  0|    2|           1|           1|
    |and_ln263_29_fu_23514_p2        |       and|   0|  0|    2|           1|           1|
    |and_ln263_2_fu_22416_p2         |       and|   0|  0|    2|           1|           1|
    |and_ln263_30_fu_23525_p2        |       and|   0|  0|    2|           1|           1|
    |and_ln263_31_fu_23545_p2        |       and|   0|  0|    2|           1|           1|
    |and_ln263_32_fu_23551_p2        |       and|   0|  0|    2|           1|           1|
    |and_ln263_33_fu_23568_p2        |       and|   0|  0|    2|           1|           1|
    |and_ln263_34_fu_23679_p2        |       and|   0|  0|    2|           1|           1|
    |and_ln263_35_fu_23741_p2        |       and|   0|  0|    2|           1|           1|
    |and_ln263_36_fu_23752_p2        |       and|   0|  0|    2|           1|           1|
    |and_ln263_37_fu_23772_p2        |       and|   0|  0|    2|           1|           1|
    |and_ln263_38_fu_23778_p2        |       and|   0|  0|    2|           1|           1|
    |and_ln263_39_fu_23795_p2        |       and|   0|  0|    2|           1|           1|
    |and_ln263_3_fu_22434_p2         |       and|   0|  0|    2|           1|           1|
    |and_ln263_40_fu_23906_p2        |       and|   0|  0|    2|           1|           1|
    |and_ln263_41_fu_23968_p2        |       and|   0|  0|    2|           1|           1|
    |and_ln263_42_fu_23979_p2        |       and|   0|  0|    2|           1|           1|
    |and_ln263_43_fu_23999_p2        |       and|   0|  0|    2|           1|           1|
    |and_ln263_44_fu_24005_p2        |       and|   0|  0|    2|           1|           1|
    |and_ln263_45_fu_24022_p2        |       and|   0|  0|    2|           1|           1|
    |and_ln263_46_fu_24133_p2        |       and|   0|  0|    2|           1|           1|
    |and_ln263_47_fu_24195_p2        |       and|   0|  0|    2|           1|           1|
    |and_ln263_48_fu_24206_p2        |       and|   0|  0|    2|           1|           1|
    |and_ln263_49_fu_24226_p2        |       and|   0|  0|    2|           1|           1|
    |and_ln263_4_fu_22576_p2         |       and|   0|  0|    2|           1|           1|
    |and_ln263_50_fu_24232_p2        |       and|   0|  0|    2|           1|           1|
    |and_ln263_51_fu_24249_p2        |       and|   0|  0|    2|           1|           1|
    |and_ln263_52_fu_24360_p2        |       and|   0|  0|    2|           1|           1|
    |and_ln263_53_fu_24422_p2        |       and|   0|  0|    2|           1|           1|
    |and_ln263_54_fu_24433_p2        |       and|   0|  0|    2|           1|           1|
    |and_ln263_55_fu_24453_p2        |       and|   0|  0|    2|           1|           1|
    |and_ln263_56_fu_24459_p2        |       and|   0|  0|    2|           1|           1|
    |and_ln263_57_fu_24476_p2        |       and|   0|  0|    2|           1|           1|
    |and_ln263_58_fu_24587_p2        |       and|   0|  0|    2|           1|           1|
    |and_ln263_59_fu_24649_p2        |       and|   0|  0|    2|           1|           1|
    |and_ln263_5_fu_22601_p2         |       and|   0|  0|    2|           1|           1|
    |and_ln263_60_fu_24660_p2        |       and|   0|  0|    2|           1|           1|
    |and_ln263_61_fu_24680_p2        |       and|   0|  0|    2|           1|           1|
    |and_ln263_62_fu_24686_p2        |       and|   0|  0|    2|           1|           1|
    |and_ln263_63_fu_24703_p2        |       and|   0|  0|    2|           1|           1|
    |and_ln263_6_fu_22613_p2         |       and|   0|  0|    2|           1|           1|
    |and_ln263_7_fu_22635_p2         |       and|   0|  0|    2|           1|           1|
    |and_ln263_8_fu_22641_p2         |       and|   0|  0|    2|           1|           1|
    |and_ln263_9_fu_22659_p2         |       and|   0|  0|    2|           1|           1|
    |and_ln263_fu_22372_p2           |       and|   0|  0|    2|           1|           1|
    |and_ln269_1_fu_24879_p2         |       and|   0|  0|    2|           1|           1|
    |and_ln269_2_fu_24890_p2         |       and|   0|  0|    2|           1|           1|
    |and_ln269_3_fu_24910_p2         |       and|   0|  0|    2|           1|           1|
    |and_ln269_4_fu_24916_p2         |       and|   0|  0|    2|           1|           1|
    |and_ln269_5_fu_24933_p2         |       and|   0|  0|    2|           1|           1|
    |and_ln269_fu_24817_p2           |       and|   0|  0|    2|           1|           1|
    |and_ln272_fu_25112_p2           |       and|   0|  0|    2|           1|           1|
    |and_ln276_fu_25096_p2           |       and|   0|  0|    2|           1|           1|
    |and_ln280_1_fu_25140_p2         |       and|   0|  0|    2|           1|           1|
    |and_ln280_fu_25057_p2           |       and|   0|  0|    2|           1|           1|
    |icmp_ln238_fu_21954_p2          |      icmp|   0|  0|   38|          31|           1|
    |icmp_ln244_fu_21959_p2          |      icmp|   0|  0|   38|          31|          25|
    |icmp_ln253_1_fu_22111_p2        |      icmp|   0|  0|    9|           2|           2|
    |icmp_ln253_2_fu_22117_p2        |      icmp|   0|  0|    9|           2|           1|
    |icmp_ln253_fu_22012_p2          |      icmp|   0|  0|   10|           3|           1|
    |icmp_ln263_10_fu_23257_p2       |      icmp|   0|  0|   12|           5|           2|
    |icmp_ln263_11_fu_23263_p2       |      icmp|   0|  0|   12|           5|           1|
    |icmp_ln263_12_fu_23468_p2       |      icmp|   0|  0|   12|           4|           2|
    |icmp_ln263_13_fu_23484_p2       |      icmp|   0|  0|   12|           5|           2|
    |icmp_ln263_14_fu_23490_p2       |      icmp|   0|  0|   12|           5|           1|
    |icmp_ln263_15_fu_23695_p2       |      icmp|   0|  0|   12|           4|           2|
    |icmp_ln263_16_fu_23711_p2       |      icmp|   0|  0|   12|           5|           2|
    |icmp_ln263_17_fu_23717_p2       |      icmp|   0|  0|   12|           5|           1|
    |icmp_ln263_18_fu_23922_p2       |      icmp|   0|  0|   12|           4|           2|
    |icmp_ln263_19_fu_23938_p2       |      icmp|   0|  0|   12|           5|           2|
    |icmp_ln263_1_fu_22535_p2        |      icmp|   0|  0|   12|           5|           2|
    |icmp_ln263_20_fu_23944_p2       |      icmp|   0|  0|   12|           5|           1|
    |icmp_ln263_21_fu_24149_p2       |      icmp|   0|  0|   12|           4|           2|
    |icmp_ln263_22_fu_24165_p2       |      icmp|   0|  0|   12|           5|           2|
    |icmp_ln263_23_fu_24171_p2       |      icmp|   0|  0|   12|           5|           1|
    |icmp_ln263_24_fu_24376_p2       |      icmp|   0|  0|   12|           4|           2|
    |icmp_ln263_25_fu_24392_p2       |      icmp|   0|  0|   12|           5|           2|
    |icmp_ln263_26_fu_24398_p2       |      icmp|   0|  0|   12|           5|           1|
    |icmp_ln263_27_fu_24603_p2       |      icmp|   0|  0|   12|           4|           2|
    |icmp_ln263_28_fu_24619_p2       |      icmp|   0|  0|   12|           5|           2|
    |icmp_ln263_29_fu_24625_p2       |      icmp|   0|  0|   12|           5|           1|
    |icmp_ln263_2_fu_22541_p2        |      icmp|   0|  0|   12|           5|           1|
    |icmp_ln263_3_fu_22787_p2        |      icmp|   0|  0|   12|           4|           2|
    |icmp_ln263_4_fu_22803_p2        |      icmp|   0|  0|   12|           5|           2|
    |icmp_ln263_5_fu_22809_p2        |      icmp|   0|  0|   12|           5|           1|
    |icmp_ln263_6_fu_23014_p2        |      icmp|   0|  0|   12|           4|           2|
    |icmp_ln263_7_fu_23030_p2        |      icmp|   0|  0|   12|           5|           2|
    |icmp_ln263_8_fu_23036_p2        |      icmp|   0|  0|   12|           5|           1|
    |icmp_ln263_9_fu_23241_p2        |      icmp|   0|  0|   12|           4|           2|
    |icmp_ln263_fu_22519_p2          |      icmp|   0|  0|   12|           4|           2|
    |icmp_ln269_1_fu_24849_p2        |      icmp|   0|  0|   12|           4|           2|
    |icmp_ln269_2_fu_24855_p2        |      icmp|   0|  0|   12|           4|           1|
    |icmp_ln269_fu_24833_p2          |      icmp|   0|  0|   10|           3|           2|
    |icmp_ln272_fu_24959_p2          |      icmp|   0|  0|   47|          40|           1|
    |icmp_ln276_fu_24975_p2          |      icmp|   0|  0|   12|           4|           1|
    |selected_bit_fu_14243_p2        |      icmp|   0|  0|   39|          32|           1|
    |empty_fu_25039_p2               |        or|   0|  0|    2|           1|           1|
    |or_ln157_100_fu_12581_p2        |        or|   0|  0|    2|           1|           1|
    |or_ln157_101_fu_12707_p2        |        or|   0|  0|    2|           1|           1|
    |or_ln157_102_fu_12769_p2        |        or|   0|  0|    2|           1|           1|
    |or_ln157_103_fu_12807_p2        |        or|   0|  0|    2|           1|           1|
    |or_ln157_104_fu_12861_p2        |        or|   0|  0|    2|           1|           1|
    |or_ln157_105_fu_12987_p2        |        or|   0|  0|    2|           1|           1|
    |or_ln157_106_fu_13049_p2        |        or|   0|  0|    2|           1|           1|
    |or_ln157_107_fu_13087_p2        |        or|   0|  0|    2|           1|           1|
    |or_ln157_108_fu_13133_p2        |        or|   0|  0|    2|           1|           1|
    |or_ln157_109_fu_13259_p2        |        or|   0|  0|    2|           1|           1|
    |or_ln157_10_fu_5453_p2          |        or|   0|  0|    2|           1|           1|
    |or_ln157_110_fu_13329_p2        |        or|   0|  0|    2|           1|           1|
    |or_ln157_111_fu_13367_p2        |        or|   0|  0|    2|           1|           1|
    |or_ln157_112_fu_13413_p2        |        or|   0|  0|    2|           1|           1|
    |or_ln157_113_fu_13539_p2        |        or|   0|  0|    2|           1|           1|
    |or_ln157_114_fu_13609_p2        |        or|   0|  0|    2|           1|           1|
    |or_ln157_115_fu_13647_p2        |        or|   0|  0|    2|           1|           1|
    |or_ln157_116_fu_13685_p2        |        or|   0|  0|    2|           1|           1|
    |or_ln157_117_fu_13819_p2        |        or|   0|  0|    2|           1|           1|
    |or_ln157_118_fu_13889_p2        |        or|   0|  0|    2|           1|           1|
    |or_ln157_119_fu_13927_p2        |        or|   0|  0|    2|           1|           1|
    |or_ln157_11_fu_5467_p2          |        or|   0|  0|    2|           1|           1|
    |or_ln157_120_fu_13965_p2        |        or|   0|  0|    2|           1|           1|
    |or_ln157_121_fu_14099_p2        |        or|   0|  0|    2|           1|           1|
    |or_ln157_122_fu_14169_p2        |        or|   0|  0|    2|           1|           1|
    |or_ln157_123_fu_14207_p2        |        or|   0|  0|    2|           1|           1|
    |or_ln157_12_fu_5481_p2          |        or|   0|  0|    2|           1|           1|
    |or_ln157_13_fu_5495_p2          |        or|   0|  0|    2|           1|           1|
    |or_ln157_14_fu_5509_p2          |        or|   0|  0|    2|           1|           1|
    |or_ln157_15_fu_5531_p2          |        or|   0|  0|    2|           1|           1|
    |or_ln157_16_fu_5545_p2          |        or|   0|  0|    2|           1|           1|
    |or_ln157_17_fu_5559_p2          |        or|   0|  0|    2|           1|           1|
    |or_ln157_18_fu_5573_p2          |        or|   0|  0|    2|           1|           1|
    |or_ln157_19_fu_5587_p2          |        or|   0|  0|    2|           1|           1|
    |or_ln157_1_fu_5327_p2           |        or|   0|  0|    2|           1|           1|
    |or_ln157_20_fu_5601_p2          |        or|   0|  0|    2|           1|           1|
    |or_ln157_21_fu_5615_p2          |        or|   0|  0|    2|           1|           1|
    |or_ln157_22_fu_5637_p2          |        or|   0|  0|    2|           1|           1|
    |or_ln157_23_fu_5651_p2          |        or|   0|  0|    2|           1|           1|
    |or_ln157_24_fu_5665_p2          |        or|   0|  0|    2|           1|           1|
    |or_ln157_25_fu_5687_p2          |        or|   0|  0|    2|           1|           1|
    |or_ln157_26_fu_6089_p2          |        or|   0|  0|    2|           1|           1|
    |or_ln157_27_fu_6351_p2          |        or|   0|  0|    2|           1|           1|
    |or_ln157_28_fu_6605_p2          |        or|   0|  0|    2|           1|           1|
    |or_ln157_29_fu_6683_p2          |        or|   0|  0|    2|           1|           1|
    |or_ln157_2_fu_5341_p2           |        or|   0|  0|    2|           1|           1|
    |or_ln157_30_fu_6873_p2          |        or|   0|  0|    2|           1|           1|
    |or_ln157_31_fu_6951_p2          |        or|   0|  0|    2|           1|           1|
    |or_ln157_32_fu_7133_p2          |        or|   0|  0|    2|           1|           1|
    |or_ln157_33_fu_7219_p2          |        or|   0|  0|    2|           1|           1|
    |or_ln157_34_fu_7401_p2          |        or|   0|  0|    2|           1|           1|
    |or_ln157_35_fu_7487_p2          |        or|   0|  0|    2|           1|           1|
    |or_ln157_36_fu_7661_p2          |        or|   0|  0|    2|           1|           1|
    |or_ln157_37_fu_7747_p2          |        or|   0|  0|    2|           1|           1|
    |or_ln157_38_fu_7793_p2          |        or|   0|  0|    2|           1|           1|
    |or_ln157_39_fu_7935_p2          |        or|   0|  0|    2|           1|           1|
    |or_ln157_3_fu_5355_p2           |        or|   0|  0|    2|           1|           1|
    |or_ln157_40_fu_8021_p2          |        or|   0|  0|    2|           1|           1|
    |or_ln157_41_fu_8067_p2          |        or|   0|  0|    2|           1|           1|
    |or_ln157_42_fu_8201_p2          |        or|   0|  0|    2|           1|           1|
    |or_ln157_43_fu_8295_p2          |        or|   0|  0|    2|           1|           1|
    |or_ln157_44_fu_8341_p2          |        or|   0|  0|    2|           1|           1|
    |or_ln157_45_fu_8475_p2          |        or|   0|  0|    2|           1|           1|
    |or_ln157_46_fu_8569_p2          |        or|   0|  0|    2|           1|           1|
    |or_ln157_47_fu_8615_p2          |        or|   0|  0|    2|           1|           1|
    |or_ln157_48_fu_8741_p2          |        or|   0|  0|    2|           1|           1|
    |or_ln157_49_fu_8835_p2          |        or|   0|  0|    2|           1|           1|
    |or_ln157_4_fu_5369_p2           |        or|   0|  0|    2|           1|           1|
    |or_ln157_50_fu_8889_p2          |        or|   0|  0|    2|           1|           1|
    |or_ln157_51_fu_9015_p2          |        or|   0|  0|    2|           1|           1|
    |or_ln157_52_fu_9109_p2          |        or|   0|  0|    2|           1|           1|
    |or_ln157_53_fu_9163_p2          |        or|   0|  0|    2|           1|           1|
    |or_ln157_54_fu_9281_p2          |        or|   0|  0|    2|           1|           1|
    |or_ln157_55_fu_9383_p2          |        or|   0|  0|    2|           1|           1|
    |or_ln157_56_fu_9437_p2          |        or|   0|  0|    2|           1|           1|
    |or_ln157_57_fu_9555_p2          |        or|   0|  0|    2|           1|           1|
    |or_ln157_58_fu_9657_p2          |        or|   0|  0|    2|           1|           1|
    |or_ln157_59_fu_9711_p2          |        or|   0|  0|    2|           1|           1|
    |or_ln157_5_fu_5383_p2           |        or|   0|  0|    2|           1|           1|
    |or_ln157_60_fu_9821_p2          |        or|   0|  0|    2|           1|           1|
    |or_ln157_61_fu_9923_p2          |        or|   0|  0|    2|           1|           1|
    |or_ln157_62_fu_9977_p2          |        or|   0|  0|    2|           1|           1|
    |or_ln157_63_fu_10007_p2         |        or|   0|  0|    2|           1|           1|
    |or_ln157_64_fu_10101_p2         |        or|   0|  0|    2|           1|           1|
    |or_ln157_65_fu_10203_p2         |        or|   0|  0|    2|           1|           1|
    |or_ln157_66_fu_10257_p2         |        or|   0|  0|    2|           1|           1|
    |or_ln157_67_fu_10287_p2         |        or|   0|  0|    2|           1|           1|
    |or_ln157_68_fu_10373_p2         |        or|   0|  0|    2|           1|           1|
    |or_ln157_69_fu_10483_p2         |        or|   0|  0|    2|           1|           1|
    |or_ln157_6_fu_5397_p2           |        or|   0|  0|    2|           1|           1|
    |or_ln157_70_fu_10537_p2         |        or|   0|  0|    2|           1|           1|
    |or_ln157_71_fu_10567_p2         |        or|   0|  0|    2|           1|           1|
    |or_ln157_72_fu_10653_p2         |        or|   0|  0|    2|           1|           1|
    |or_ln157_73_fu_10763_p2         |        or|   0|  0|    2|           1|           1|
    |or_ln157_74_fu_10817_p2         |        or|   0|  0|    2|           1|           1|
    |or_ln157_75_fu_10847_p2         |        or|   0|  0|    2|           1|           1|
    |or_ln157_76_fu_10925_p2         |        or|   0|  0|    2|           1|           1|
    |or_ln157_77_fu_11035_p2         |        or|   0|  0|    2|           1|           1|
    |or_ln157_78_fu_11097_p2         |        or|   0|  0|    2|           1|           1|
    |or_ln157_79_fu_11127_p2         |        or|   0|  0|    2|           1|           1|
    |or_ln157_7_fu_5411_p2           |        or|   0|  0|    2|           1|           1|
    |or_ln157_80_fu_11205_p2         |        or|   0|  0|    2|           1|           1|
    |or_ln157_81_fu_11315_p2         |        or|   0|  0|    2|           1|           1|
    |or_ln157_82_fu_11377_p2         |        or|   0|  0|    2|           1|           1|
    |or_ln157_83_fu_11407_p2         |        or|   0|  0|    2|           1|           1|
    |or_ln157_84_fu_11477_p2         |        or|   0|  0|    2|           1|           1|
    |or_ln157_85_fu_11595_p2         |        or|   0|  0|    2|           1|           1|
    |or_ln157_86_fu_11657_p2         |        or|   0|  0|    2|           1|           1|
    |or_ln157_87_fu_11687_p2         |        or|   0|  0|    2|           1|           1|
    |or_ln157_88_fu_11757_p2         |        or|   0|  0|    2|           1|           1|
    |or_ln157_89_fu_11875_p2         |        or|   0|  0|    2|           1|           1|
    |or_ln157_8_fu_5425_p2           |        or|   0|  0|    2|           1|           1|
    |or_ln157_90_fu_11937_p2         |        or|   0|  0|    2|           1|           1|
    |or_ln157_91_fu_11967_p2         |        or|   0|  0|    2|           1|           1|
    |or_ln157_92_fu_12029_p2         |        or|   0|  0|    2|           1|           1|
    |or_ln157_93_fu_12147_p2         |        or|   0|  0|    2|           1|           1|
    |or_ln157_94_fu_12209_p2         |        or|   0|  0|    2|           1|           1|
    |or_ln157_95_fu_12247_p2         |        or|   0|  0|    2|           1|           1|
    |or_ln157_96_fu_12309_p2         |        or|   0|  0|    2|           1|           1|
    |or_ln157_97_fu_12427_p2         |        or|   0|  0|    2|           1|           1|
    |or_ln157_98_fu_12489_p2         |        or|   0|  0|    2|           1|           1|
    |or_ln157_99_fu_12527_p2         |        or|   0|  0|    2|           1|           1|
    |or_ln157_9_fu_5439_p2           |        or|   0|  0|    2|           1|           1|
    |or_ln157_fu_5313_p2             |        or|   0|  0|    2|           1|           1|
    |or_ln204_10_fu_15091_p2         |        or|   0|  0|    2|           1|           1|
    |or_ln204_11_fu_15129_p2         |        or|   0|  0|    2|           1|           1|
    |or_ln204_12_fu_15240_p2         |        or|   0|  0|    2|           1|           1|
    |or_ln204_13_fu_15252_p2         |        or|   0|  0|    2|           1|           1|
    |or_ln204_14_fu_15290_p2         |        or|   0|  0|    2|           1|           1|
    |or_ln204_15_fu_15401_p2         |        or|   0|  0|    2|           1|           1|
    |or_ln204_16_fu_15413_p2         |        or|   0|  0|    2|           1|           1|
    |or_ln204_17_fu_15451_p2         |        or|   0|  0|    2|           1|           1|
    |or_ln204_18_fu_15562_p2         |        or|   0|  0|    2|           1|           1|
    |or_ln204_19_fu_15574_p2         |        or|   0|  0|    2|           1|           1|
    |or_ln204_1_fu_14608_p2          |        or|   0|  0|    2|           1|           1|
    |or_ln204_20_fu_15612_p2         |        or|   0|  0|    2|           1|           1|
    |or_ln204_21_fu_15723_p2         |        or|   0|  0|    2|           1|           1|
    |or_ln204_22_fu_15735_p2         |        or|   0|  0|    2|           1|           1|
    |or_ln204_23_fu_15773_p2         |        or|   0|  0|    2|           1|           1|
    |or_ln204_24_fu_15884_p2         |        or|   0|  0|    2|           1|           1|
    |or_ln204_25_fu_15896_p2         |        or|   0|  0|    2|           1|           1|
    |or_ln204_26_fu_15934_p2         |        or|   0|  0|    2|           1|           1|
    |or_ln204_27_fu_16045_p2         |        or|   0|  0|    2|           1|           1|
    |or_ln204_28_fu_16057_p2         |        or|   0|  0|    2|           1|           1|
    |or_ln204_29_fu_16095_p2         |        or|   0|  0|    2|           1|           1|
    |or_ln204_2_fu_14646_p2          |        or|   0|  0|    2|           1|           1|
    |or_ln204_30_fu_16206_p2         |        or|   0|  0|    2|           1|           1|
    |or_ln204_31_fu_16218_p2         |        or|   0|  0|    2|           1|           1|
    |or_ln204_32_fu_16256_p2         |        or|   0|  0|    2|           1|           1|
    |or_ln204_33_fu_16367_p2         |        or|   0|  0|    2|           1|           1|
    |or_ln204_34_fu_16379_p2         |        or|   0|  0|    2|           1|           1|
    |or_ln204_35_fu_16417_p2         |        or|   0|  0|    2|           1|           1|
    |or_ln204_36_fu_16528_p2         |        or|   0|  0|    2|           1|           1|
    |or_ln204_37_fu_16540_p2         |        or|   0|  0|    2|           1|           1|
    |or_ln204_38_fu_16578_p2         |        or|   0|  0|    2|           1|           1|
    |or_ln204_39_fu_16689_p2         |        or|   0|  0|    2|           1|           1|
    |or_ln204_3_fu_14757_p2          |        or|   0|  0|    2|           1|           1|
    |or_ln204_40_fu_16701_p2         |        or|   0|  0|    2|           1|           1|
    |or_ln204_41_fu_16739_p2         |        or|   0|  0|    2|           1|           1|
    |or_ln204_42_fu_16850_p2         |        or|   0|  0|    2|           1|           1|
    |or_ln204_43_fu_16862_p2         |        or|   0|  0|    2|           1|           1|
    |or_ln204_44_fu_16900_p2         |        or|   0|  0|    2|           1|           1|
    |or_ln204_45_fu_17011_p2         |        or|   0|  0|    2|           1|           1|
    |or_ln204_46_fu_17023_p2         |        or|   0|  0|    2|           1|           1|
    |or_ln204_47_fu_17061_p2         |        or|   0|  0|    2|           1|           1|
    |or_ln204_48_fu_17172_p2         |        or|   0|  0|    2|           1|           1|
    |or_ln204_49_fu_17184_p2         |        or|   0|  0|    2|           1|           1|
    |or_ln204_4_fu_14769_p2          |        or|   0|  0|    2|           1|           1|
    |or_ln204_50_fu_17222_p2         |        or|   0|  0|    2|           1|           1|
    |or_ln204_51_fu_17333_p2         |        or|   0|  0|    2|           1|           1|
    |or_ln204_52_fu_17345_p2         |        or|   0|  0|    2|           1|           1|
    |or_ln204_53_fu_17383_p2         |        or|   0|  0|    2|           1|           1|
    |or_ln204_54_fu_17494_p2         |        or|   0|  0|    2|           1|           1|
    |or_ln204_55_fu_17506_p2         |        or|   0|  0|    2|           1|           1|
    |or_ln204_56_fu_17544_p2         |        or|   0|  0|    2|           1|           1|
    |or_ln204_57_fu_17655_p2         |        or|   0|  0|    2|           1|           1|
    |or_ln204_58_fu_17667_p2         |        or|   0|  0|    2|           1|           1|
    |or_ln204_59_fu_17705_p2         |        or|   0|  0|    2|           1|           1|
    |or_ln204_5_fu_14807_p2          |        or|   0|  0|    2|           1|           1|
    |or_ln204_60_fu_17816_p2         |        or|   0|  0|    2|           1|           1|
    |or_ln204_61_fu_17828_p2         |        or|   0|  0|    2|           1|           1|
    |or_ln204_62_fu_17866_p2         |        or|   0|  0|    2|           1|           1|
    |or_ln204_63_fu_17977_p2         |        or|   0|  0|    2|           1|           1|
    |or_ln204_64_fu_17989_p2         |        or|   0|  0|    2|           1|           1|
    |or_ln204_65_fu_18027_p2         |        or|   0|  0|    2|           1|           1|
    |or_ln204_66_fu_18138_p2         |        or|   0|  0|    2|           1|           1|
    |or_ln204_67_fu_18150_p2         |        or|   0|  0|    2|           1|           1|
    |or_ln204_68_fu_18188_p2         |        or|   0|  0|    2|           1|           1|
    |or_ln204_69_fu_18299_p2         |        or|   0|  0|    2|           1|           1|
    |or_ln204_6_fu_14918_p2          |        or|   0|  0|    2|           1|           1|
    |or_ln204_70_fu_18311_p2         |        or|   0|  0|    2|           1|           1|
    |or_ln204_71_fu_18349_p2         |        or|   0|  0|    2|           1|           1|
    |or_ln204_72_fu_18460_p2         |        or|   0|  0|    2|           1|           1|
    |or_ln204_73_fu_18472_p2         |        or|   0|  0|    2|           1|           1|
    |or_ln204_74_fu_18510_p2         |        or|   0|  0|    2|           1|           1|
    |or_ln204_75_fu_18621_p2         |        or|   0|  0|    2|           1|           1|
    |or_ln204_76_fu_18633_p2         |        or|   0|  0|    2|           1|           1|
    |or_ln204_77_fu_18671_p2         |        or|   0|  0|    2|           1|           1|
    |or_ln204_78_fu_18782_p2         |        or|   0|  0|    2|           1|           1|
    |or_ln204_79_fu_18794_p2         |        or|   0|  0|    2|           1|           1|
    |or_ln204_7_fu_14930_p2          |        or|   0|  0|    2|           1|           1|
    |or_ln204_80_fu_18832_p2         |        or|   0|  0|    2|           1|           1|
    |or_ln204_81_fu_18943_p2         |        or|   0|  0|    2|           1|           1|
    |or_ln204_82_fu_18955_p2         |        or|   0|  0|    2|           1|           1|
    |or_ln204_83_fu_18993_p2         |        or|   0|  0|    2|           1|           1|
    |or_ln204_84_fu_19104_p2         |        or|   0|  0|    2|           1|           1|
    |or_ln204_85_fu_19116_p2         |        or|   0|  0|    2|           1|           1|
    |or_ln204_86_fu_19154_p2         |        or|   0|  0|    2|           1|           1|
    |or_ln204_87_fu_19265_p2         |        or|   0|  0|    2|           1|           1|
    |or_ln204_88_fu_19277_p2         |        or|   0|  0|    2|           1|           1|
    |or_ln204_89_fu_19315_p2         |        or|   0|  0|    2|           1|           1|
    |or_ln204_8_fu_14968_p2          |        or|   0|  0|    2|           1|           1|
    |or_ln204_90_fu_19426_p2         |        or|   0|  0|    2|           1|           1|
    |or_ln204_91_fu_19438_p2         |        or|   0|  0|    2|           1|           1|
    |or_ln204_92_fu_19476_p2         |        or|   0|  0|    2|           1|           1|
    |or_ln204_93_fu_19587_p2         |        or|   0|  0|    2|           1|           1|
    |or_ln204_94_fu_19599_p2         |        or|   0|  0|    2|           1|           1|
    |or_ln204_95_fu_19637_p2         |        or|   0|  0|    2|           1|           1|
    |or_ln204_9_fu_15079_p2          |        or|   0|  0|    2|           1|           1|
    |or_ln204_fu_14596_p2            |        or|   0|  0|    2|           1|           1|
    |or_ln209_fu_21837_p2            |        or|   0|  0|    2|           1|           1|
    |or_ln253_1_fu_22123_p2          |        or|   0|  0|    2|           1|           1|
    |or_ln253_2_fu_22167_p2          |        or|   0|  0|    2|           1|           1|
    |or_ln253_fu_22036_p2            |        or|   0|  0|    2|           1|           1|
    |or_ln263_10_fu_23535_p2         |        or|   0|  0|    2|           1|           1|
    |or_ln263_11_fu_23581_p2         |        or|   0|  0|    2|           1|           1|
    |or_ln263_12_fu_23762_p2         |        or|   0|  0|    2|           1|           1|
    |or_ln263_13_fu_23808_p2         |        or|   0|  0|    2|           1|           1|
    |or_ln263_14_fu_23989_p2         |        or|   0|  0|    2|           1|           1|
    |or_ln263_15_fu_24035_p2         |        or|   0|  0|    2|           1|           1|
    |or_ln263_16_fu_24216_p2         |        or|   0|  0|    2|           1|           1|
    |or_ln263_17_fu_24262_p2         |        or|   0|  0|    2|           1|           1|
    |or_ln263_18_fu_24443_p2         |        or|   0|  0|    2|           1|           1|
    |or_ln263_19_fu_24489_p2         |        or|   0|  0|    2|           1|           1|
    |or_ln263_1_fu_22447_p2          |        or|   0|  0|    2|           1|           1|
    |or_ln263_20_fu_24670_p2         |        or|   0|  0|    2|           1|           1|
    |or_ln263_21_fu_24716_p2         |        or|   0|  0|    2|           1|           1|
    |or_ln263_22_fu_22382_p2         |        or|   0|  0|    2|           1|           1|
    |or_ln263_23_fu_22422_p2         |        or|   0|  0|    2|           1|           1|
    |or_ln263_24_fu_22647_p2         |        or|   0|  0|    2|           1|           1|
    |or_ln263_25_fu_22875_p2         |        or|   0|  0|    2|           1|           1|
    |or_ln263_26_fu_23102_p2         |        or|   0|  0|    2|           1|           1|
    |or_ln263_27_fu_23329_p2         |        or|   0|  0|    2|           1|           1|
    |or_ln263_28_fu_23556_p2         |        or|   0|  0|    2|           1|           1|
    |or_ln263_29_fu_23783_p2         |        or|   0|  0|    2|           1|           1|
    |or_ln263_2_fu_22624_p2          |        or|   0|  0|    2|           1|           1|
    |or_ln263_30_fu_24010_p2         |        or|   0|  0|    2|           1|           1|
    |or_ln263_31_fu_24237_p2         |        or|   0|  0|    2|           1|           1|
    |or_ln263_32_fu_24464_p2         |        or|   0|  0|    2|           1|           1|
    |or_ln263_33_fu_24691_p2         |        or|   0|  0|    2|           1|           1|
    |or_ln263_3_fu_22672_p2          |        or|   0|  0|    2|           1|           1|
    |or_ln263_4_fu_22854_p2          |        or|   0|  0|    2|           1|           1|
    |or_ln263_5_fu_22900_p2          |        or|   0|  0|    2|           1|           1|
    |or_ln263_6_fu_23081_p2          |        or|   0|  0|    2|           1|           1|
    |or_ln263_7_fu_23127_p2          |        or|   0|  0|    2|           1|           1|
    |or_ln263_8_fu_23308_p2          |        or|   0|  0|    2|           1|           1|
    |or_ln263_9_fu_23354_p2          |        or|   0|  0|    2|           1|           1|
    |or_ln263_fu_22404_p2            |        or|   0|  0|    2|           1|           1|
    |or_ln269_1_fu_24946_p2          |        or|   0|  0|    2|           1|           1|
    |or_ln269_2_fu_24921_p2          |        or|   0|  0|    2|           1|           1|
    |or_ln269_fu_24900_p2            |        or|   0|  0|    2|           1|           1|
    |or_ln272_fu_25085_p2            |        or|   0|  0|    2|           1|           1|
    |or_ln276_1_fu_25118_p2          |        or|   0|  0|    2|           1|           1|
    |or_ln276_2_fu_25122_p2          |        or|   0|  0|    2|           1|           1|
    |or_ln276_3_fu_25128_p2          |        or|   0|  0|    2|           1|           1|
    |or_ln276_fu_25102_p2            |        or|   0|  0|    2|           1|           1|
    |or_ln280_1_fu_25063_p2          |        or|   0|  0|    2|           1|           1|
    |or_ln280_fu_25045_p2            |        or|   0|  0|    2|           1|           1|
    |b0_33_fu_22453_p3               |    select|   0|  0|   40|           1|          40|
    |b0_34_fu_22678_p3               |    select|   0|  0|   40|           1|          40|
    |b0_35_fu_22906_p3               |    select|   0|  0|   40|           1|          40|
    |b0_36_fu_23133_p3               |    select|   0|  0|   40|           1|          40|
    |b0_37_fu_23360_p3               |    select|   0|  0|   40|           1|          40|
    |b0_38_fu_23587_p3               |    select|   0|  0|   40|           1|          40|
    |b0_39_fu_23814_p3               |    select|   0|  0|   40|           1|          40|
    |b0_40_fu_24041_p3               |    select|   0|  0|   40|           1|          40|
    |b0_41_fu_24268_p3               |    select|   0|  0|   40|           1|          40|
    |b0_42_fu_24495_p3               |    select|   0|  0|   40|           1|          40|
    |b0_43_fu_24722_p3               |    select|   0|  0|   40|           1|          40|
    |delta_over_alpha_1_fu_21921_p3  |    select|   0|  0|   32|           1|          32|
    |field_over_alpha_fu_21764_p3    |    select|   0|  0|   32|           1|          32|
    |out_11_fu_4985_p3               |    select|   0|  0|   32|           1|          32|
    |out_13_fu_5001_p3               |    select|   0|  0|   32|           1|          32|
    |out_15_fu_5017_p3               |    select|   0|  0|   32|           1|          32|
    |out_17_fu_5033_p3               |    select|   0|  0|   32|           1|          32|
    |out_19_fu_5049_p3               |    select|   0|  0|   32|           1|          32|
    |out_1_fu_4905_p3                |    select|   0|  0|   32|           1|          32|
    |out_21_fu_5065_p3               |    select|   0|  0|   32|           1|          32|
    |out_23_fu_5081_p3               |    select|   0|  0|   32|           1|          32|
    |out_25_fu_5097_p3               |    select|   0|  0|   32|           1|          32|
    |out_27_fu_5113_p3               |    select|   0|  0|   32|           1|          32|
    |out_29_fu_5129_p3               |    select|   0|  0|   32|           1|          32|
    |out_31_fu_5145_p3               |    select|   0|  0|   32|           1|          32|
    |out_33_fu_5161_p3               |    select|   0|  0|   32|           1|          32|
    |out_35_fu_5177_p3               |    select|   0|  0|   32|           1|          32|
    |out_37_fu_5193_p3               |    select|   0|  0|   32|           1|          32|
    |out_39_fu_14249_p3              |    select|   0|  0|   32|           1|          32|
    |out_3_fu_4921_p3                |    select|   0|  0|   32|           1|          32|
    |out_41_fu_14255_p3              |    select|   0|  0|   32|           1|          32|
    |out_43_fu_14262_p3              |    select|   0|  0|   32|           1|          32|
    |out_45_fu_14269_p3              |    select|   0|  0|   32|           1|          32|
    |out_47_fu_14276_p3              |    select|   0|  0|   32|           1|          32|
    |out_49_fu_14283_p3              |    select|   0|  0|   32|           1|          32|
    |out_51_fu_14290_p3              |    select|   0|  0|   32|           1|          32|
    |out_53_fu_14297_p3              |    select|   0|  0|   32|           1|          32|
    |out_55_fu_14304_p3              |    select|   0|  0|   32|           1|          32|
    |out_57_fu_14311_p3              |    select|   0|  0|   32|           1|          32|
    |out_591_fu_14332_p3             |    select|   0|  0|   32|           1|          32|
    |out_59_fu_14318_p3              |    select|   0|  0|   32|           1|          32|
    |out_5_fu_4937_p3                |    select|   0|  0|   32|           1|          32|
    |out_61_fu_14325_p3              |    select|   0|  0|   32|           1|          32|
    |out_7_fu_4953_p3                |    select|   0|  0|   32|           1|          32|
    |out_9_fu_4969_p3                |    select|   0|  0|   32|           1|          32|
    |p_2_fu_24952_p3                 |    select|   0|  0|   40|           1|          40|
    |p_5_fu_25156_p6                 |    select|   0|  0|   32|           1|          32|
    |select_ln104_10_fu_20031_p3     |    select|   0|  0|   33|           1|          31|
    |select_ln104_11_fu_20039_p3     |    select|   0|  0|   32|           1|          32|
    |select_ln104_12_fu_20097_p3     |    select|   0|  0|   33|           1|          31|
    |select_ln104_13_fu_20105_p3     |    select|   0|  0|   32|           1|          32|
    |select_ln104_14_fu_20163_p3     |    select|   0|  0|   33|           1|          31|
    |select_ln104_15_fu_20171_p3     |    select|   0|  0|   32|           1|          32|
    |select_ln104_16_fu_20229_p3     |    select|   0|  0|   33|           1|          31|
    |select_ln104_17_fu_20237_p3     |    select|   0|  0|   32|           1|          32|
    |select_ln104_18_fu_20295_p3     |    select|   0|  0|   33|           1|          31|
    |select_ln104_19_fu_20303_p3     |    select|   0|  0|   32|           1|          32|
    |select_ln104_1_fu_19709_p3      |    select|   0|  0|   32|           1|          32|
    |select_ln104_20_fu_20361_p3     |    select|   0|  0|   33|           1|          31|
    |select_ln104_21_fu_20369_p3     |    select|   0|  0|   32|           1|          32|
    |select_ln104_22_fu_20427_p3     |    select|   0|  0|   33|           1|          31|
    |select_ln104_23_fu_20435_p3     |    select|   0|  0|   32|           1|          32|
    |select_ln104_24_fu_20493_p3     |    select|   0|  0|   33|           1|          31|
    |select_ln104_25_fu_20501_p3     |    select|   0|  0|   32|           1|          32|
    |select_ln104_26_fu_20559_p3     |    select|   0|  0|   33|           1|          31|
    |select_ln104_27_fu_20567_p3     |    select|   0|  0|   32|           1|          32|
    |select_ln104_28_fu_20625_p3     |    select|   0|  0|   33|           1|          31|
    |select_ln104_29_fu_20633_p3     |    select|   0|  0|   32|           1|          32|
    |select_ln104_2_fu_19767_p3      |    select|   0|  0|   33|           1|          31|
    |select_ln104_30_fu_20691_p3     |    select|   0|  0|   33|           1|          31|
    |select_ln104_31_fu_20699_p3     |    select|   0|  0|   32|           1|          32|
    |select_ln104_32_fu_21009_p3     |    select|   0|  0|   33|           1|          31|
    |select_ln104_33_fu_21017_p3     |    select|   0|  0|   32|           1|          32|
    |select_ln104_34_fu_21038_p3     |    select|   0|  0|   33|           1|          31|
    |select_ln104_35_fu_21046_p3     |    select|   0|  0|   32|           1|          32|
    |select_ln104_36_fu_21067_p3     |    select|   0|  0|   33|           1|          31|
    |select_ln104_37_fu_21075_p3     |    select|   0|  0|   32|           1|          32|
    |select_ln104_38_fu_21096_p3     |    select|   0|  0|   33|           1|          31|
    |select_ln104_39_fu_21104_p3     |    select|   0|  0|   32|           1|          32|
    |select_ln104_3_fu_19775_p3      |    select|   0|  0|   32|           1|          32|
    |select_ln104_40_fu_21125_p3     |    select|   0|  0|   33|           1|          31|
    |select_ln104_41_fu_21133_p3     |    select|   0|  0|   32|           1|          32|
    |select_ln104_42_fu_21154_p3     |    select|   0|  0|   33|           1|          31|
    |select_ln104_43_fu_21162_p3     |    select|   0|  0|   32|           1|          32|
    |select_ln104_44_fu_21183_p3     |    select|   0|  0|   33|           1|          31|
    |select_ln104_45_fu_21191_p3     |    select|   0|  0|   32|           1|          32|
    |select_ln104_46_fu_21212_p3     |    select|   0|  0|   33|           1|          31|
    |select_ln104_47_fu_21220_p3     |    select|   0|  0|   32|           1|          32|
    |select_ln104_48_fu_21281_p3     |    select|   0|  0|   33|           1|          31|
    |select_ln104_49_fu_21289_p3     |    select|   0|  0|   32|           1|          32|
    |select_ln104_4_fu_19833_p3      |    select|   0|  0|   33|           1|          31|
    |select_ln104_50_fu_21351_p3     |    select|   0|  0|   33|           1|          31|
    |select_ln104_51_fu_21359_p3     |    select|   0|  0|   32|           1|          32|
    |select_ln104_52_fu_21421_p3     |    select|   0|  0|   33|           1|          31|
    |select_ln104_53_fu_21429_p3     |    select|   0|  0|   32|           1|          32|
    |select_ln104_54_fu_21491_p3     |    select|   0|  0|   33|           1|          31|
    |select_ln104_55_fu_21499_p3     |    select|   0|  0|   32|           1|          32|
    |select_ln104_56_fu_21557_p3     |    select|   0|  0|   33|           1|          31|
    |select_ln104_57_fu_21565_p3     |    select|   0|  0|   32|           1|          32|
    |select_ln104_58_fu_21623_p3     |    select|   0|  0|   33|           1|          31|
    |select_ln104_59_fu_21631_p3     |    select|   0|  0|   32|           1|          32|
    |select_ln104_5_fu_19841_p3      |    select|   0|  0|   32|           1|          32|
    |select_ln104_60_fu_21689_p3     |    select|   0|  0|   33|           1|          31|
    |select_ln104_61_fu_21697_p3     |    select|   0|  0|   32|           1|          32|
    |select_ln104_62_fu_21756_p3     |    select|   0|  0|   33|           1|          31|
    |select_ln104_6_fu_19899_p3      |    select|   0|  0|   33|           1|          31|
    |select_ln104_7_fu_19907_p3      |    select|   0|  0|   32|           1|          32|
    |select_ln104_8_fu_19965_p3      |    select|   0|  0|   33|           1|          31|
    |select_ln104_9_fu_19973_p3      |    select|   0|  0|   32|           1|          32|
    |select_ln104_fu_19701_p3        |    select|   0|  0|   33|           1|          31|
    |select_ln157_100_fu_6287_p3     |    select|   0|  0|   32|           1|          32|
    |select_ln157_101_fu_6295_p3     |    select|   0|  0|   32|           1|          32|
    |select_ln157_102_fu_6303_p3     |    select|   0|  0|   32|           1|          32|
    |select_ln157_103_fu_6311_p3     |    select|   0|  0|   32|           1|          32|
    |select_ln157_104_fu_6319_p3     |    select|   0|  0|   32|           1|          32|
    |select_ln157_105_fu_6327_p3     |    select|   0|  0|   32|           1|          32|
    |select_ln157_106_fu_6335_p3     |    select|   0|  0|   32|           1|          32|
    |select_ln157_107_fu_6343_p3     |    select|   0|  0|   32|           1|          32|
    |select_ln157_108_fu_6357_p3     |    select|   0|  0|   32|           1|          32|
    |select_ln157_109_fu_6365_p3     |    select|   0|  0|   32|           1|          32|
    |select_ln157_10_fu_5445_p3      |    select|   0|  0|   32|           1|          32|
    |select_ln157_110_fu_6373_p3     |    select|   0|  0|   32|           1|          32|
    |select_ln157_111_fu_6381_p3     |    select|   0|  0|   32|           1|          32|
    |select_ln157_112_fu_6389_p3     |    select|   0|  0|   32|           1|          32|
    |select_ln157_113_fu_6397_p3     |    select|   0|  0|   32|           1|          32|
    |select_ln157_114_fu_6405_p3     |    select|   0|  0|   32|           1|          32|
    |select_ln157_115_fu_6413_p3     |    select|   0|  0|   32|           1|          32|
    |select_ln157_116_fu_6421_p3     |    select|   0|  0|   32|           1|          32|
    |select_ln157_117_fu_6429_p3     |    select|   0|  0|   32|           1|          32|
    |select_ln157_118_fu_6437_p3     |    select|   0|  0|   32|           1|          32|
    |select_ln157_119_fu_6445_p3     |    select|   0|  0|   32|           1|          32|
    |select_ln157_11_fu_5459_p3      |    select|   0|  0|   32|           1|          32|
    |select_ln157_120_fu_6453_p3     |    select|   0|  0|   32|           1|          32|
    |select_ln157_121_fu_6461_p3     |    select|   0|  0|   32|           1|          32|
    |select_ln157_122_fu_6469_p3     |    select|   0|  0|   32|           1|          32|
    |select_ln157_124_fu_6493_p3     |    select|   0|  0|   32|           1|          32|
    |select_ln157_125_fu_6501_p3     |    select|   0|  0|   32|           1|          32|
    |select_ln157_126_fu_6509_p3     |    select|   0|  0|   32|           1|          32|
    |select_ln157_127_fu_6517_p3     |    select|   0|  0|   32|           1|          32|
    |select_ln157_128_fu_6525_p3     |    select|   0|  0|   32|           1|          32|
    |select_ln157_129_fu_6533_p3     |    select|   0|  0|   32|           1|          32|
    |select_ln157_12_fu_5473_p3      |    select|   0|  0|   32|           1|          32|
    |select_ln157_130_fu_6541_p3     |    select|   0|  0|   32|           1|          32|
    |select_ln157_131_fu_6549_p3     |    select|   0|  0|   32|           1|          32|
    |select_ln157_132_fu_6557_p3     |    select|   0|  0|   32|           1|          32|
    |select_ln157_133_fu_6565_p3     |    select|   0|  0|   32|           1|          32|
    |select_ln157_134_fu_6573_p3     |    select|   0|  0|   32|           1|          32|
    |select_ln157_135_fu_6581_p3     |    select|   0|  0|   32|           1|          32|
    |select_ln157_136_fu_6589_p3     |    select|   0|  0|   32|           1|          32|
    |select_ln157_137_fu_6597_p3     |    select|   0|  0|   32|           1|          32|
    |select_ln157_138_fu_6611_p3     |    select|   0|  0|   32|           1|          32|
    |select_ln157_139_fu_6619_p3     |    select|   0|  0|   32|           1|          32|
    |select_ln157_13_fu_5487_p3      |    select|   0|  0|   32|           1|          32|
    |select_ln157_140_fu_6627_p3     |    select|   0|  0|   32|           1|          32|
    |select_ln157_141_fu_6635_p3     |    select|   0|  0|   32|           1|          32|
    |select_ln157_142_fu_6643_p3     |    select|   0|  0|   32|           1|          32|
    |select_ln157_143_fu_6651_p3     |    select|   0|  0|   32|           1|          32|
    |select_ln157_144_fu_6659_p3     |    select|   0|  0|   32|           1|          32|
    |select_ln157_145_fu_6667_p3     |    select|   0|  0|   32|           1|          32|
    |select_ln157_146_fu_6675_p3     |    select|   0|  0|   32|           1|          32|
    |select_ln157_147_fu_6689_p3     |    select|   0|  0|   32|           1|          32|
    |select_ln157_148_fu_6697_p3     |    select|   0|  0|   32|           1|          32|
    |select_ln157_149_fu_6705_p3     |    select|   0|  0|   32|           1|          32|
    |select_ln157_14_fu_5501_p3      |    select|   0|  0|   32|           1|          32|
    |select_ln157_150_fu_6713_p3     |    select|   0|  0|   32|           1|          32|
    |select_ln157_151_fu_6721_p3     |    select|   0|  0|   32|           1|          32|
    |select_ln157_152_fu_6729_p3     |    select|   0|  0|   32|           1|          32|
    |select_ln157_153_fu_6737_p3     |    select|   0|  0|   32|           1|          32|
    |select_ln157_155_fu_6761_p3     |    select|   0|  0|   32|           1|          32|
    |select_ln157_156_fu_6769_p3     |    select|   0|  0|   32|           1|          32|
    |select_ln157_157_fu_6777_p3     |    select|   0|  0|   32|           1|          32|
    |select_ln157_158_fu_6785_p3     |    select|   0|  0|   32|           1|          32|
    |select_ln157_159_fu_6793_p3     |    select|   0|  0|   32|           1|          32|
    |select_ln157_15_fu_5515_p3      |    select|   0|  0|   32|           1|          32|
    |select_ln157_160_fu_6801_p3     |    select|   0|  0|   32|           1|          32|
    |select_ln157_161_fu_6809_p3     |    select|   0|  0|   32|           1|          32|
    |select_ln157_162_fu_6817_p3     |    select|   0|  0|   32|           1|          32|
    |select_ln157_163_fu_6825_p3     |    select|   0|  0|   32|           1|          32|
    |select_ln157_164_fu_6833_p3     |    select|   0|  0|   32|           1|          32|
    |select_ln157_165_fu_6841_p3     |    select|   0|  0|   32|           1|          32|
    |select_ln157_166_fu_6849_p3     |    select|   0|  0|   32|           1|          32|
    |select_ln157_167_fu_6857_p3     |    select|   0|  0|   32|           1|          32|
    |select_ln157_168_fu_6865_p3     |    select|   0|  0|   32|           1|          32|
    |select_ln157_169_fu_6879_p3     |    select|   0|  0|   32|           1|          32|
    |select_ln157_16_fu_5523_p3      |    select|   0|  0|   32|           1|          32|
    |select_ln157_170_fu_6887_p3     |    select|   0|  0|   32|           1|          32|
    |select_ln157_171_fu_6895_p3     |    select|   0|  0|   32|           1|          32|
    |select_ln157_172_fu_6903_p3     |    select|   0|  0|   32|           1|          32|
    |select_ln157_173_fu_6911_p3     |    select|   0|  0|   32|           1|          32|
    |select_ln157_174_fu_6919_p3     |    select|   0|  0|   32|           1|          32|
    |select_ln157_175_fu_6927_p3     |    select|   0|  0|   32|           1|          32|
    |select_ln157_176_fu_6935_p3     |    select|   0|  0|   32|           1|          32|
    |select_ln157_177_fu_6943_p3     |    select|   0|  0|   32|           1|          32|
    |select_ln157_178_fu_6957_p3     |    select|   0|  0|   32|           1|          32|
    |select_ln157_179_fu_6965_p3     |    select|   0|  0|   32|           1|          32|
    |select_ln157_17_fu_5537_p3      |    select|   0|  0|   32|           1|          32|
    |select_ln157_180_fu_6973_p3     |    select|   0|  0|   32|           1|          32|
    |select_ln157_181_fu_6981_p3     |    select|   0|  0|   32|           1|          32|
    |select_ln157_182_fu_6989_p3     |    select|   0|  0|   32|           1|          32|
    |select_ln157_183_fu_6997_p3     |    select|   0|  0|   32|           1|          32|
    |select_ln157_184_fu_7005_p3     |    select|   0|  0|   32|           1|          32|
    |select_ln157_186_fu_7029_p3     |    select|   0|  0|   32|           1|          32|
    |select_ln157_187_fu_7037_p3     |    select|   0|  0|   32|           1|          32|
    |select_ln157_188_fu_7045_p3     |    select|   0|  0|   32|           1|          32|
    |select_ln157_189_fu_7053_p3     |    select|   0|  0|   32|           1|          32|
    |select_ln157_18_fu_5551_p3      |    select|   0|  0|   32|           1|          32|
    |select_ln157_190_fu_7061_p3     |    select|   0|  0|   32|           1|          32|
    |select_ln157_191_fu_7069_p3     |    select|   0|  0|   32|           1|          32|
    |select_ln157_192_fu_7077_p3     |    select|   0|  0|   32|           1|          32|
    |select_ln157_193_fu_7085_p3     |    select|   0|  0|   32|           1|          32|
    |select_ln157_194_fu_7093_p3     |    select|   0|  0|   32|           1|          32|
    |select_ln157_195_fu_7101_p3     |    select|   0|  0|   32|           1|          32|
    |select_ln157_196_fu_7109_p3     |    select|   0|  0|   32|           1|          32|
    |select_ln157_197_fu_7117_p3     |    select|   0|  0|   32|           1|          32|
    |select_ln157_198_fu_7125_p3     |    select|   0|  0|   32|           1|          32|
    |select_ln157_199_fu_7139_p3     |    select|   0|  0|   32|           1|          32|
    |select_ln157_19_fu_5565_p3      |    select|   0|  0|   32|           1|          32|
    |select_ln157_1_fu_5319_p3       |    select|   0|  0|   32|           1|          32|
    |select_ln157_200_fu_7147_p3     |    select|   0|  0|   32|           1|          32|
    |select_ln157_201_fu_7155_p3     |    select|   0|  0|   32|           1|          32|
    |select_ln157_202_fu_7163_p3     |    select|   0|  0|   32|           1|          32|
    |select_ln157_203_fu_7171_p3     |    select|   0|  0|   32|           1|          32|
    |select_ln157_204_fu_7179_p3     |    select|   0|  0|   32|           1|          32|
    |select_ln157_205_fu_7187_p3     |    select|   0|  0|   32|           1|          32|
    |select_ln157_206_fu_7195_p3     |    select|   0|  0|   32|           1|          32|
    |select_ln157_207_fu_7203_p3     |    select|   0|  0|   32|           1|          32|
    |select_ln157_208_fu_7211_p3     |    select|   0|  0|   32|           1|          32|
    |select_ln157_209_fu_7225_p3     |    select|   0|  0|   32|           1|          32|
    |select_ln157_20_fu_5579_p3      |    select|   0|  0|   32|           1|          32|
    |select_ln157_210_fu_7233_p3     |    select|   0|  0|   32|           1|          32|
    |select_ln157_211_fu_7241_p3     |    select|   0|  0|   32|           1|          32|
    |select_ln157_212_fu_7249_p3     |    select|   0|  0|   32|           1|          32|
    |select_ln157_213_fu_7257_p3     |    select|   0|  0|   32|           1|          32|
    |select_ln157_214_fu_7265_p3     |    select|   0|  0|   32|           1|          32|
    |select_ln157_215_fu_7273_p3     |    select|   0|  0|   32|           1|          32|
    |select_ln157_217_fu_7297_p3     |    select|   0|  0|   32|           1|          32|
    |select_ln157_218_fu_7305_p3     |    select|   0|  0|   32|           1|          32|
    |select_ln157_219_fu_7313_p3     |    select|   0|  0|   32|           1|          32|
    |select_ln157_21_fu_5593_p3      |    select|   0|  0|   32|           1|          32|
    |select_ln157_220_fu_7321_p3     |    select|   0|  0|   32|           1|          32|
    |select_ln157_221_fu_7329_p3     |    select|   0|  0|   32|           1|          32|
    |select_ln157_222_fu_7337_p3     |    select|   0|  0|   32|           1|          32|
    |select_ln157_223_fu_7345_p3     |    select|   0|  0|   32|           1|          32|
    |select_ln157_224_fu_7353_p3     |    select|   0|  0|   32|           1|          32|
    |select_ln157_225_fu_7361_p3     |    select|   0|  0|   32|           1|          32|
    |select_ln157_226_fu_7369_p3     |    select|   0|  0|   32|           1|          32|
    |select_ln157_227_fu_7377_p3     |    select|   0|  0|   32|           1|          32|
    |select_ln157_228_fu_7385_p3     |    select|   0|  0|   32|           1|          32|
    |select_ln157_229_fu_7393_p3     |    select|   0|  0|   32|           1|          32|
    |select_ln157_22_fu_5607_p3      |    select|   0|  0|   32|           1|          32|
    |select_ln157_230_fu_7407_p3     |    select|   0|  0|   32|           1|          32|
    |select_ln157_231_fu_7415_p3     |    select|   0|  0|   32|           1|          32|
    |select_ln157_232_fu_7423_p3     |    select|   0|  0|   32|           1|          32|
    |select_ln157_233_fu_7431_p3     |    select|   0|  0|   32|           1|          32|
    |select_ln157_234_fu_7439_p3     |    select|   0|  0|   32|           1|          32|
    |select_ln157_235_fu_7447_p3     |    select|   0|  0|   32|           1|          32|
    |select_ln157_236_fu_7455_p3     |    select|   0|  0|   32|           1|          32|
    |select_ln157_237_fu_7463_p3     |    select|   0|  0|   32|           1|          32|
    |select_ln157_238_fu_7471_p3     |    select|   0|  0|   32|           1|          32|
    |select_ln157_239_fu_7479_p3     |    select|   0|  0|   32|           1|          32|
    |select_ln157_23_fu_5621_p3      |    select|   0|  0|   32|           1|          32|
    |select_ln157_240_fu_7493_p3     |    select|   0|  0|   32|           1|          32|
    |select_ln157_241_fu_7501_p3     |    select|   0|  0|   32|           1|          32|
    |select_ln157_242_fu_7509_p3     |    select|   0|  0|   32|           1|          32|
    |select_ln157_243_fu_7517_p3     |    select|   0|  0|   32|           1|          32|
    |select_ln157_244_fu_7525_p3     |    select|   0|  0|   32|           1|          32|
    |select_ln157_245_fu_7533_p3     |    select|   0|  0|   32|           1|          32|
    |select_ln157_246_fu_7541_p3     |    select|   0|  0|   32|           1|          32|
    |select_ln157_248_fu_7565_p3     |    select|   0|  0|   32|           1|          32|
    |select_ln157_249_fu_7573_p3     |    select|   0|  0|   32|           1|          32|
    |select_ln157_24_fu_5629_p3      |    select|   0|  0|   32|           1|          32|
    |select_ln157_250_fu_7581_p3     |    select|   0|  0|   32|           1|          32|
    |select_ln157_251_fu_7589_p3     |    select|   0|  0|   32|           1|          32|
    |select_ln157_252_fu_7597_p3     |    select|   0|  0|   32|           1|          32|
    |select_ln157_253_fu_7605_p3     |    select|   0|  0|   32|           1|          32|
    |select_ln157_254_fu_7613_p3     |    select|   0|  0|   32|           1|          32|
    |select_ln157_255_fu_7621_p3     |    select|   0|  0|   32|           1|          32|
    |select_ln157_256_fu_7629_p3     |    select|   0|  0|   32|           1|          32|
    |select_ln157_257_fu_7637_p3     |    select|   0|  0|   32|           1|          32|
    |select_ln157_258_fu_7645_p3     |    select|   0|  0|   32|           1|          32|
    |select_ln157_259_fu_7653_p3     |    select|   0|  0|   32|           1|          32|
    |select_ln157_25_fu_5643_p3      |    select|   0|  0|   32|           1|          32|
    |select_ln157_260_fu_7667_p3     |    select|   0|  0|   32|           1|          32|
    |select_ln157_261_fu_7675_p3     |    select|   0|  0|   32|           1|          32|
    |select_ln157_262_fu_7683_p3     |    select|   0|  0|   32|           1|          32|
    |select_ln157_263_fu_7691_p3     |    select|   0|  0|   32|           1|          32|
    |select_ln157_264_fu_7699_p3     |    select|   0|  0|   32|           1|          32|
    |select_ln157_265_fu_7707_p3     |    select|   0|  0|   32|           1|          32|
    |select_ln157_266_fu_7715_p3     |    select|   0|  0|   32|           1|          32|
    |select_ln157_267_fu_7723_p3     |    select|   0|  0|   32|           1|          32|
    |select_ln157_268_fu_7731_p3     |    select|   0|  0|   32|           1|          32|
    |select_ln157_269_fu_7739_p3     |    select|   0|  0|   32|           1|          32|
    |select_ln157_26_fu_5657_p3      |    select|   0|  0|   32|           1|          32|
    |select_ln157_270_fu_7753_p3     |    select|   0|  0|   32|           1|          32|
    |select_ln157_271_fu_7761_p3     |    select|   0|  0|   32|           1|          32|
    |select_ln157_272_fu_7769_p3     |    select|   0|  0|   32|           1|          32|
    |select_ln157_273_fu_7777_p3     |    select|   0|  0|   32|           1|          32|
    |select_ln157_274_fu_7785_p3     |    select|   0|  0|   32|           1|          32|
    |select_ln157_275_fu_7799_p3     |    select|   0|  0|   32|           1|          32|
    |select_ln157_276_fu_7807_p3     |    select|   0|  0|   32|           1|          32|
    |select_ln157_277_fu_7815_p3     |    select|   0|  0|   32|           1|          32|
    |select_ln157_279_fu_7839_p3     |    select|   0|  0|   32|           1|          32|
    |select_ln157_27_fu_5671_p3      |    select|   0|  0|   32|           1|          32|
    |select_ln157_280_fu_7847_p3     |    select|   0|  0|   32|           1|          32|
    |select_ln157_281_fu_7855_p3     |    select|   0|  0|   32|           1|          32|
    |select_ln157_282_fu_7863_p3     |    select|   0|  0|   32|           1|          32|
    |select_ln157_283_fu_7871_p3     |    select|   0|  0|   32|           1|          32|
    |select_ln157_284_fu_7879_p3     |    select|   0|  0|   32|           1|          32|
    |select_ln157_285_fu_7887_p3     |    select|   0|  0|   32|           1|          32|
    |select_ln157_286_fu_7895_p3     |    select|   0|  0|   32|           1|          32|
    |select_ln157_287_fu_7903_p3     |    select|   0|  0|   32|           1|          32|
    |select_ln157_288_fu_7911_p3     |    select|   0|  0|   32|           1|          32|
    |select_ln157_289_fu_7919_p3     |    select|   0|  0|   32|           1|          32|
    |select_ln157_28_fu_5679_p3      |    select|   0|  0|   32|           1|          32|
    |select_ln157_290_fu_7927_p3     |    select|   0|  0|   32|           1|          32|
    |select_ln157_291_fu_7941_p3     |    select|   0|  0|   32|           1|          32|
    |select_ln157_292_fu_7949_p3     |    select|   0|  0|   32|           1|          32|
    |select_ln157_293_fu_7957_p3     |    select|   0|  0|   32|           1|          32|
    |select_ln157_294_fu_7965_p3     |    select|   0|  0|   32|           1|          32|
    |select_ln157_295_fu_7973_p3     |    select|   0|  0|   32|           1|          32|
    |select_ln157_296_fu_7981_p3     |    select|   0|  0|   32|           1|          32|
    |select_ln157_297_fu_7989_p3     |    select|   0|  0|   32|           1|          32|
    |select_ln157_298_fu_7997_p3     |    select|   0|  0|   32|           1|          32|
    |select_ln157_299_fu_8005_p3     |    select|   0|  0|   32|           1|          32|
    |select_ln157_29_fu_5693_p3      |    select|   0|  0|   32|           1|          32|
    |select_ln157_2_fu_5333_p3       |    select|   0|  0|   32|           1|          32|
    |select_ln157_300_fu_8013_p3     |    select|   0|  0|   32|           1|          32|
    |select_ln157_301_fu_8027_p3     |    select|   0|  0|   32|           1|          32|
    |select_ln157_302_fu_8035_p3     |    select|   0|  0|   32|           1|          32|
    |select_ln157_303_fu_8043_p3     |    select|   0|  0|   32|           1|          32|
    |select_ln157_304_fu_8051_p3     |    select|   0|  0|   32|           1|          32|
    |select_ln157_305_fu_8059_p3     |    select|   0|  0|   32|           1|          32|
    |select_ln157_306_fu_8073_p3     |    select|   0|  0|   32|           1|          32|
    |select_ln157_307_fu_8081_p3     |    select|   0|  0|   32|           1|          32|
    |select_ln157_308_fu_8089_p3     |    select|   0|  0|   32|           1|          32|
    |select_ln157_310_fu_8113_p3     |    select|   0|  0|   32|           1|          32|
    |select_ln157_311_fu_8121_p3     |    select|   0|  0|   32|           1|          32|
    |select_ln157_312_fu_8129_p3     |    select|   0|  0|   32|           1|          32|
    |select_ln157_313_fu_8137_p3     |    select|   0|  0|   32|           1|          32|
    |select_ln157_314_fu_8145_p3     |    select|   0|  0|   32|           1|          32|
    |select_ln157_315_fu_8153_p3     |    select|   0|  0|   32|           1|          32|
    |select_ln157_316_fu_8161_p3     |    select|   0|  0|   32|           1|          32|
    |select_ln157_317_fu_8169_p3     |    select|   0|  0|   32|           1|          32|
    |select_ln157_318_fu_8177_p3     |    select|   0|  0|   32|           1|          32|
    |select_ln157_319_fu_8185_p3     |    select|   0|  0|   32|           1|          32|
    |select_ln157_31_fu_5713_p3      |    select|   0|  0|   32|           1|          32|
    |select_ln157_320_fu_8193_p3     |    select|   0|  0|   32|           1|          32|
    |select_ln157_321_fu_8207_p3     |    select|   0|  0|   32|           1|          32|
    |select_ln157_322_fu_8215_p3     |    select|   0|  0|   32|           1|          32|
    |select_ln157_323_fu_8223_p3     |    select|   0|  0|   32|           1|          32|
    |select_ln157_324_fu_8231_p3     |    select|   0|  0|   32|           1|          32|
    |select_ln157_325_fu_8239_p3     |    select|   0|  0|   32|           1|          32|
    |select_ln157_326_fu_8247_p3     |    select|   0|  0|   32|           1|          32|
    |select_ln157_327_fu_8255_p3     |    select|   0|  0|   32|           1|          32|
    |select_ln157_328_fu_8263_p3     |    select|   0|  0|   32|           1|          32|
    |select_ln157_329_fu_8271_p3     |    select|   0|  0|   32|           1|          32|
    |select_ln157_32_fu_5721_p3      |    select|   0|  0|   32|           1|          32|
    |select_ln157_330_fu_8279_p3     |    select|   0|  0|   32|           1|          32|
    |select_ln157_331_fu_8287_p3     |    select|   0|  0|   32|           1|          32|
    |select_ln157_332_fu_8301_p3     |    select|   0|  0|   32|           1|          32|
    |select_ln157_333_fu_8309_p3     |    select|   0|  0|   32|           1|          32|
    |select_ln157_334_fu_8317_p3     |    select|   0|  0|   32|           1|          32|
    |select_ln157_335_fu_8325_p3     |    select|   0|  0|   32|           1|          32|
    |select_ln157_336_fu_8333_p3     |    select|   0|  0|   32|           1|          32|
    |select_ln157_337_fu_8347_p3     |    select|   0|  0|   32|           1|          32|
    |select_ln157_338_fu_8355_p3     |    select|   0|  0|   32|           1|          32|
    |select_ln157_339_fu_8363_p3     |    select|   0|  0|   32|           1|          32|
    |select_ln157_33_fu_5729_p3      |    select|   0|  0|   32|           1|          32|
    |select_ln157_341_fu_8387_p3     |    select|   0|  0|   32|           1|          32|
    |select_ln157_342_fu_8395_p3     |    select|   0|  0|   32|           1|          32|
    |select_ln157_343_fu_8403_p3     |    select|   0|  0|   32|           1|          32|
    |select_ln157_344_fu_8411_p3     |    select|   0|  0|   32|           1|          32|
    |select_ln157_345_fu_8419_p3     |    select|   0|  0|   32|           1|          32|
    |select_ln157_346_fu_8427_p3     |    select|   0|  0|   32|           1|          32|
    |select_ln157_347_fu_8435_p3     |    select|   0|  0|   32|           1|          32|
    |select_ln157_348_fu_8443_p3     |    select|   0|  0|   32|           1|          32|
    |select_ln157_349_fu_8451_p3     |    select|   0|  0|   32|           1|          32|
    |select_ln157_34_fu_5737_p3      |    select|   0|  0|   32|           1|          32|
    |select_ln157_350_fu_8459_p3     |    select|   0|  0|   32|           1|          32|
    |select_ln157_351_fu_8467_p3     |    select|   0|  0|   32|           1|          32|
    |select_ln157_352_fu_8481_p3     |    select|   0|  0|   32|           1|          32|
    |select_ln157_353_fu_8489_p3     |    select|   0|  0|   32|           1|          32|
    |select_ln157_354_fu_8497_p3     |    select|   0|  0|   32|           1|          32|
    |select_ln157_355_fu_8505_p3     |    select|   0|  0|   32|           1|          32|
    |select_ln157_356_fu_8513_p3     |    select|   0|  0|   32|           1|          32|
    |select_ln157_357_fu_8521_p3     |    select|   0|  0|   32|           1|          32|
    |select_ln157_358_fu_8529_p3     |    select|   0|  0|   32|           1|          32|
    |select_ln157_359_fu_8537_p3     |    select|   0|  0|   32|           1|          32|
    |select_ln157_35_fu_5745_p3      |    select|   0|  0|   32|           1|          32|
    |select_ln157_360_fu_8545_p3     |    select|   0|  0|   32|           1|          32|
    |select_ln157_361_fu_8553_p3     |    select|   0|  0|   32|           1|          32|
    |select_ln157_362_fu_8561_p3     |    select|   0|  0|   32|           1|          32|
    |select_ln157_363_fu_8575_p3     |    select|   0|  0|   32|           1|          32|
    |select_ln157_364_fu_8583_p3     |    select|   0|  0|   32|           1|          32|
    |select_ln157_365_fu_8591_p3     |    select|   0|  0|   32|           1|          32|
    |select_ln157_366_fu_8599_p3     |    select|   0|  0|   32|           1|          32|
    |select_ln157_367_fu_8607_p3     |    select|   0|  0|   32|           1|          32|
    |select_ln157_368_fu_8621_p3     |    select|   0|  0|   32|           1|          32|
    |select_ln157_369_fu_8629_p3     |    select|   0|  0|   32|           1|          32|
    |select_ln157_36_fu_5753_p3      |    select|   0|  0|   32|           1|          32|
    |select_ln157_370_fu_8637_p3     |    select|   0|  0|   32|           1|          32|
    |select_ln157_372_fu_8661_p3     |    select|   0|  0|   32|           1|          32|
    |select_ln157_373_fu_8669_p3     |    select|   0|  0|   32|           1|          32|
    |select_ln157_374_fu_8677_p3     |    select|   0|  0|   32|           1|          32|
    |select_ln157_375_fu_8685_p3     |    select|   0|  0|   32|           1|          32|
    |select_ln157_376_fu_8693_p3     |    select|   0|  0|   32|           1|          32|
    |select_ln157_377_fu_8701_p3     |    select|   0|  0|   32|           1|          32|
    |select_ln157_378_fu_8709_p3     |    select|   0|  0|   32|           1|          32|
    |select_ln157_379_fu_8717_p3     |    select|   0|  0|   32|           1|          32|
    |select_ln157_37_fu_5761_p3      |    select|   0|  0|   32|           1|          32|
    |select_ln157_380_fu_8725_p3     |    select|   0|  0|   32|           1|          32|
    |select_ln157_381_fu_8733_p3     |    select|   0|  0|   32|           1|          32|
    |select_ln157_382_fu_8747_p3     |    select|   0|  0|   32|           1|          32|
    |select_ln157_383_fu_8755_p3     |    select|   0|  0|   32|           1|          32|
    |select_ln157_384_fu_8763_p3     |    select|   0|  0|   32|           1|          32|
    |select_ln157_385_fu_8771_p3     |    select|   0|  0|   32|           1|          32|
    |select_ln157_386_fu_8779_p3     |    select|   0|  0|   32|           1|          32|
    |select_ln157_387_fu_8787_p3     |    select|   0|  0|   32|           1|          32|
    |select_ln157_388_fu_8795_p3     |    select|   0|  0|   32|           1|          32|
    |select_ln157_389_fu_8803_p3     |    select|   0|  0|   32|           1|          32|
    |select_ln157_38_fu_5769_p3      |    select|   0|  0|   32|           1|          32|
    |select_ln157_390_fu_8811_p3     |    select|   0|  0|   32|           1|          32|
    |select_ln157_391_fu_8819_p3     |    select|   0|  0|   32|           1|          32|
    |select_ln157_392_fu_8827_p3     |    select|   0|  0|   32|           1|          32|
    |select_ln157_393_fu_8841_p3     |    select|   0|  0|   32|           1|          32|
    |select_ln157_394_fu_8849_p3     |    select|   0|  0|   32|           1|          32|
    |select_ln157_395_fu_8857_p3     |    select|   0|  0|   32|           1|          32|
    |select_ln157_396_fu_8865_p3     |    select|   0|  0|   32|           1|          32|
    |select_ln157_397_fu_8873_p3     |    select|   0|  0|   32|           1|          32|
    |select_ln157_398_fu_8881_p3     |    select|   0|  0|   32|           1|          32|
    |select_ln157_399_fu_8895_p3     |    select|   0|  0|   32|           1|          32|
    |select_ln157_39_fu_5777_p3      |    select|   0|  0|   32|           1|          32|
    |select_ln157_3_fu_5347_p3       |    select|   0|  0|   32|           1|          32|
    |select_ln157_400_fu_8903_p3     |    select|   0|  0|   32|           1|          32|
    |select_ln157_401_fu_8911_p3     |    select|   0|  0|   32|           1|          32|
    |select_ln157_403_fu_8935_p3     |    select|   0|  0|   32|           1|          32|
    |select_ln157_404_fu_8943_p3     |    select|   0|  0|   32|           1|          32|
    |select_ln157_405_fu_8951_p3     |    select|   0|  0|   32|           1|          32|
    |select_ln157_406_fu_8959_p3     |    select|   0|  0|   32|           1|          32|
    |select_ln157_407_fu_8967_p3     |    select|   0|  0|   32|           1|          32|
    |select_ln157_408_fu_8975_p3     |    select|   0|  0|   32|           1|          32|
    |select_ln157_409_fu_8983_p3     |    select|   0|  0|   32|           1|          32|
    |select_ln157_40_fu_5785_p3      |    select|   0|  0|   32|           1|          32|
    |select_ln157_410_fu_8991_p3     |    select|   0|  0|   32|           1|          32|
    |select_ln157_411_fu_8999_p3     |    select|   0|  0|   32|           1|          32|
    |select_ln157_412_fu_9007_p3     |    select|   0|  0|   32|           1|          32|
    |select_ln157_413_fu_9021_p3     |    select|   0|  0|   32|           1|          32|
    |select_ln157_414_fu_9029_p3     |    select|   0|  0|   32|           1|          32|
    |select_ln157_415_fu_9037_p3     |    select|   0|  0|   32|           1|          32|
    |select_ln157_416_fu_9045_p3     |    select|   0|  0|   32|           1|          32|
    |select_ln157_417_fu_9053_p3     |    select|   0|  0|   32|           1|          32|
    |select_ln157_418_fu_9061_p3     |    select|   0|  0|   32|           1|          32|
    |select_ln157_419_fu_9069_p3     |    select|   0|  0|   32|           1|          32|
    |select_ln157_41_fu_5793_p3      |    select|   0|  0|   32|           1|          32|
    |select_ln157_420_fu_9077_p3     |    select|   0|  0|   32|           1|          32|
    |select_ln157_421_fu_9085_p3     |    select|   0|  0|   32|           1|          32|
    |select_ln157_422_fu_9093_p3     |    select|   0|  0|   32|           1|          32|
    |select_ln157_423_fu_9101_p3     |    select|   0|  0|   32|           1|          32|
    |select_ln157_424_fu_9115_p3     |    select|   0|  0|   32|           1|          32|
    |select_ln157_425_fu_9123_p3     |    select|   0|  0|   32|           1|          32|
    |select_ln157_426_fu_9131_p3     |    select|   0|  0|   32|           1|          32|
    |select_ln157_427_fu_9139_p3     |    select|   0|  0|   32|           1|          32|
    |select_ln157_428_fu_9147_p3     |    select|   0|  0|   32|           1|          32|
    |select_ln157_429_fu_9155_p3     |    select|   0|  0|   32|           1|          32|
    |select_ln157_42_fu_5801_p3      |    select|   0|  0|   32|           1|          32|
    |select_ln157_430_fu_9169_p3     |    select|   0|  0|   32|           1|          32|
    |select_ln157_431_fu_9177_p3     |    select|   0|  0|   32|           1|          32|
    |select_ln157_432_fu_9185_p3     |    select|   0|  0|   32|           1|          32|
    |select_ln157_434_fu_9209_p3     |    select|   0|  0|   32|           1|          32|
    |select_ln157_435_fu_9217_p3     |    select|   0|  0|   32|           1|          32|
    |select_ln157_436_fu_9225_p3     |    select|   0|  0|   32|           1|          32|
    |select_ln157_437_fu_9233_p3     |    select|   0|  0|   32|           1|          32|
    |select_ln157_438_fu_9241_p3     |    select|   0|  0|   32|           1|          32|
    |select_ln157_439_fu_9249_p3     |    select|   0|  0|   32|           1|          32|
    |select_ln157_43_fu_5809_p3      |    select|   0|  0|   32|           1|          32|
    |select_ln157_440_fu_9257_p3     |    select|   0|  0|   32|           1|          32|
    |select_ln157_441_fu_9265_p3     |    select|   0|  0|   32|           1|          32|
    |select_ln157_442_fu_9273_p3     |    select|   0|  0|   32|           1|          32|
    |select_ln157_443_fu_9287_p3     |    select|   0|  0|   32|           1|          32|
    |select_ln157_444_fu_9295_p3     |    select|   0|  0|   32|           1|          32|
    |select_ln157_445_fu_9303_p3     |    select|   0|  0|   32|           1|          32|
    |select_ln157_446_fu_9311_p3     |    select|   0|  0|   32|           1|          32|
    |select_ln157_447_fu_9319_p3     |    select|   0|  0|   32|           1|          32|
    |select_ln157_448_fu_9327_p3     |    select|   0|  0|   32|           1|          32|
    |select_ln157_449_fu_9335_p3     |    select|   0|  0|   32|           1|          32|
    |select_ln157_44_fu_5817_p3      |    select|   0|  0|   32|           1|          32|
    |select_ln157_450_fu_9343_p3     |    select|   0|  0|   32|           1|          32|
    |select_ln157_451_fu_9351_p3     |    select|   0|  0|   32|           1|          32|
    |select_ln157_452_fu_9359_p3     |    select|   0|  0|   32|           1|          32|
    |select_ln157_453_fu_9367_p3     |    select|   0|  0|   32|           1|          32|
    |select_ln157_454_fu_9375_p3     |    select|   0|  0|   32|           1|          32|
    |select_ln157_455_fu_9389_p3     |    select|   0|  0|   32|           1|          32|
    |select_ln157_456_fu_9397_p3     |    select|   0|  0|   32|           1|          32|
    |select_ln157_457_fu_9405_p3     |    select|   0|  0|   32|           1|          32|
    |select_ln157_458_fu_9413_p3     |    select|   0|  0|   32|           1|          32|
    |select_ln157_459_fu_9421_p3     |    select|   0|  0|   32|           1|          32|
    |select_ln157_45_fu_5825_p3      |    select|   0|  0|   32|           1|          32|
    |select_ln157_460_fu_9429_p3     |    select|   0|  0|   32|           1|          32|
    |select_ln157_461_fu_9443_p3     |    select|   0|  0|   32|           1|          32|
    |select_ln157_462_fu_9451_p3     |    select|   0|  0|   32|           1|          32|
    |select_ln157_463_fu_9459_p3     |    select|   0|  0|   32|           1|          32|
    |select_ln157_465_fu_9483_p3     |    select|   0|  0|   32|           1|          32|
    |select_ln157_466_fu_9491_p3     |    select|   0|  0|   32|           1|          32|
    |select_ln157_467_fu_9499_p3     |    select|   0|  0|   32|           1|          32|
    |select_ln157_468_fu_9507_p3     |    select|   0|  0|   32|           1|          32|
    |select_ln157_469_fu_9515_p3     |    select|   0|  0|   32|           1|          32|
    |select_ln157_46_fu_5833_p3      |    select|   0|  0|   32|           1|          32|
    |select_ln157_470_fu_9523_p3     |    select|   0|  0|   32|           1|          32|
    |select_ln157_471_fu_9531_p3     |    select|   0|  0|   32|           1|          32|
    |select_ln157_472_fu_9539_p3     |    select|   0|  0|   32|           1|          32|
    |select_ln157_473_fu_9547_p3     |    select|   0|  0|   32|           1|          32|
    |select_ln157_474_fu_9561_p3     |    select|   0|  0|   32|           1|          32|
    |select_ln157_475_fu_9569_p3     |    select|   0|  0|   32|           1|          32|
    |select_ln157_476_fu_9577_p3     |    select|   0|  0|   32|           1|          32|
    |select_ln157_477_fu_9585_p3     |    select|   0|  0|   32|           1|          32|
    |select_ln157_478_fu_9593_p3     |    select|   0|  0|   32|           1|          32|
    |select_ln157_479_fu_9601_p3     |    select|   0|  0|   32|           1|          32|
    |select_ln157_47_fu_5841_p3      |    select|   0|  0|   32|           1|          32|
    |select_ln157_480_fu_9609_p3     |    select|   0|  0|   32|           1|          32|
    |select_ln157_481_fu_9617_p3     |    select|   0|  0|   32|           1|          32|
    |select_ln157_482_fu_9625_p3     |    select|   0|  0|   32|           1|          32|
    |select_ln157_483_fu_9633_p3     |    select|   0|  0|   32|           1|          32|
    |select_ln157_484_fu_9641_p3     |    select|   0|  0|   32|           1|          32|
    |select_ln157_485_fu_9649_p3     |    select|   0|  0|   32|           1|          32|
    |select_ln157_486_fu_9663_p3     |    select|   0|  0|   32|           1|          32|
    |select_ln157_487_fu_9671_p3     |    select|   0|  0|   32|           1|          32|
    |select_ln157_488_fu_9679_p3     |    select|   0|  0|   32|           1|          32|
    |select_ln157_489_fu_9687_p3     |    select|   0|  0|   32|           1|          32|
    |select_ln157_48_fu_5849_p3      |    select|   0|  0|   32|           1|          32|
    |select_ln157_490_fu_9695_p3     |    select|   0|  0|   32|           1|          32|
    |select_ln157_491_fu_9703_p3     |    select|   0|  0|   32|           1|          32|
    |select_ln157_492_fu_9717_p3     |    select|   0|  0|   32|           1|          32|
    |select_ln157_493_fu_9725_p3     |    select|   0|  0|   32|           1|          32|
    |select_ln157_494_fu_9733_p3     |    select|   0|  0|   32|           1|          32|
    |select_ln157_496_fu_9757_p3     |    select|   0|  0|   32|           1|          32|
    |select_ln157_497_fu_9765_p3     |    select|   0|  0|   32|           1|          32|
    |select_ln157_498_fu_9773_p3     |    select|   0|  0|   32|           1|          32|
    |select_ln157_499_fu_9781_p3     |    select|   0|  0|   32|           1|          32|
    |select_ln157_49_fu_5857_p3      |    select|   0|  0|   32|           1|          32|
    |select_ln157_4_fu_5361_p3       |    select|   0|  0|   32|           1|          32|
    |select_ln157_500_fu_9789_p3     |    select|   0|  0|   32|           1|          32|
    |select_ln157_501_fu_9797_p3     |    select|   0|  0|   32|           1|          32|
    |select_ln157_502_fu_9805_p3     |    select|   0|  0|   32|           1|          32|
    |select_ln157_503_fu_9813_p3     |    select|   0|  0|   32|           1|          32|
    |select_ln157_504_fu_9827_p3     |    select|   0|  0|   32|           1|          32|
    |select_ln157_505_fu_9835_p3     |    select|   0|  0|   32|           1|          32|
    |select_ln157_506_fu_9843_p3     |    select|   0|  0|   32|           1|          32|
    |select_ln157_507_fu_9851_p3     |    select|   0|  0|   32|           1|          32|
    |select_ln157_508_fu_9859_p3     |    select|   0|  0|   32|           1|          32|
    |select_ln157_509_fu_9867_p3     |    select|   0|  0|   32|           1|          32|
    |select_ln157_50_fu_5865_p3      |    select|   0|  0|   32|           1|          32|
    |select_ln157_510_fu_9875_p3     |    select|   0|  0|   32|           1|          32|
    |select_ln157_511_fu_9883_p3     |    select|   0|  0|   32|           1|          32|
    |select_ln157_512_fu_9891_p3     |    select|   0|  0|   32|           1|          32|
    |select_ln157_513_fu_9899_p3     |    select|   0|  0|   32|           1|          32|
    |select_ln157_514_fu_9907_p3     |    select|   0|  0|   32|           1|          32|
    |select_ln157_515_fu_9915_p3     |    select|   0|  0|   32|           1|          32|
    |select_ln157_516_fu_9929_p3     |    select|   0|  0|   32|           1|          32|
    |select_ln157_517_fu_9937_p3     |    select|   0|  0|   32|           1|          32|
    |select_ln157_518_fu_9945_p3     |    select|   0|  0|   32|           1|          32|
    |select_ln157_519_fu_9953_p3     |    select|   0|  0|   32|           1|          32|
    |select_ln157_51_fu_5873_p3      |    select|   0|  0|   32|           1|          32|
    |select_ln157_520_fu_9961_p3     |    select|   0|  0|   32|           1|          32|
    |select_ln157_521_fu_9969_p3     |    select|   0|  0|   32|           1|          32|
    |select_ln157_522_fu_9983_p3     |    select|   0|  0|   32|           1|          32|
    |select_ln157_523_fu_9991_p3     |    select|   0|  0|   32|           1|          32|
    |select_ln157_524_fu_9999_p3     |    select|   0|  0|   32|           1|          32|
    |select_ln157_525_fu_10013_p3    |    select|   0|  0|   32|           1|          32|
    |select_ln157_527_fu_10037_p3    |    select|   0|  0|   32|           1|          32|
    |select_ln157_528_fu_10045_p3    |    select|   0|  0|   32|           1|          32|
    |select_ln157_529_fu_10053_p3    |    select|   0|  0|   32|           1|          32|
    |select_ln157_52_fu_5881_p3      |    select|   0|  0|   32|           1|          32|
    |select_ln157_530_fu_10061_p3    |    select|   0|  0|   32|           1|          32|
    |select_ln157_531_fu_10069_p3    |    select|   0|  0|   32|           1|          32|
    |select_ln157_532_fu_10077_p3    |    select|   0|  0|   32|           1|          32|
    |select_ln157_533_fu_10085_p3    |    select|   0|  0|   32|           1|          32|
    |select_ln157_534_fu_10093_p3    |    select|   0|  0|   32|           1|          32|
    |select_ln157_535_fu_10107_p3    |    select|   0|  0|   32|           1|          32|
    |select_ln157_536_fu_10115_p3    |    select|   0|  0|   32|           1|          32|
    |select_ln157_537_fu_10123_p3    |    select|   0|  0|   32|           1|          32|
    |select_ln157_538_fu_10131_p3    |    select|   0|  0|   32|           1|          32|
    |select_ln157_539_fu_10139_p3    |    select|   0|  0|   32|           1|          32|
    |select_ln157_53_fu_5889_p3      |    select|   0|  0|   32|           1|          32|
    |select_ln157_540_fu_10147_p3    |    select|   0|  0|   32|           1|          32|
    |select_ln157_541_fu_10155_p3    |    select|   0|  0|   32|           1|          32|
    |select_ln157_542_fu_10163_p3    |    select|   0|  0|   32|           1|          32|
    |select_ln157_543_fu_10171_p3    |    select|   0|  0|   32|           1|          32|
    |select_ln157_544_fu_10179_p3    |    select|   0|  0|   32|           1|          32|
    |select_ln157_545_fu_10187_p3    |    select|   0|  0|   32|           1|          32|
    |select_ln157_546_fu_10195_p3    |    select|   0|  0|   32|           1|          32|
    |select_ln157_547_fu_10209_p3    |    select|   0|  0|   32|           1|          32|
    |select_ln157_548_fu_10217_p3    |    select|   0|  0|   32|           1|          32|
    |select_ln157_549_fu_10225_p3    |    select|   0|  0|   32|           1|          32|
    |select_ln157_54_fu_5897_p3      |    select|   0|  0|   32|           1|          32|
    |select_ln157_550_fu_10233_p3    |    select|   0|  0|   32|           1|          32|
    |select_ln157_551_fu_10241_p3    |    select|   0|  0|   32|           1|          32|
    |select_ln157_552_fu_10249_p3    |    select|   0|  0|   32|           1|          32|
    |select_ln157_553_fu_10263_p3    |    select|   0|  0|   32|           1|          32|
    |select_ln157_554_fu_10271_p3    |    select|   0|  0|   32|           1|          32|
    |select_ln157_555_fu_10279_p3    |    select|   0|  0|   32|           1|          32|
    |select_ln157_556_fu_10293_p3    |    select|   0|  0|   32|           1|          32|
    |select_ln157_558_fu_10317_p3    |    select|   0|  0|   32|           1|          32|
    |select_ln157_559_fu_10325_p3    |    select|   0|  0|   32|           1|          32|
    |select_ln157_55_fu_5905_p3      |    select|   0|  0|   32|           1|          32|
    |select_ln157_560_fu_10333_p3    |    select|   0|  0|   32|           1|          32|
    |select_ln157_561_fu_10341_p3    |    select|   0|  0|   32|           1|          32|
    |select_ln157_562_fu_10349_p3    |    select|   0|  0|   32|           1|          32|
    |select_ln157_563_fu_10357_p3    |    select|   0|  0|   32|           1|          32|
    |select_ln157_564_fu_10365_p3    |    select|   0|  0|   32|           1|          32|
    |select_ln157_565_fu_10379_p3    |    select|   0|  0|   32|           1|          32|
    |select_ln157_566_fu_10387_p3    |    select|   0|  0|   32|           1|          32|
    |select_ln157_567_fu_10395_p3    |    select|   0|  0|   32|           1|          32|
    |select_ln157_568_fu_10403_p3    |    select|   0|  0|   32|           1|          32|
    |select_ln157_569_fu_10411_p3    |    select|   0|  0|   32|           1|          32|
    |select_ln157_56_fu_5913_p3      |    select|   0|  0|   32|           1|          32|
    |select_ln157_570_fu_10419_p3    |    select|   0|  0|   32|           1|          32|
    |select_ln157_571_fu_10427_p3    |    select|   0|  0|   32|           1|          32|
    |select_ln157_572_fu_10435_p3    |    select|   0|  0|   32|           1|          32|
    |select_ln157_573_fu_10443_p3    |    select|   0|  0|   32|           1|          32|
    |select_ln157_574_fu_10451_p3    |    select|   0|  0|   32|           1|          32|
    |select_ln157_575_fu_10459_p3    |    select|   0|  0|   32|           1|          32|
    |select_ln157_576_fu_10467_p3    |    select|   0|  0|   32|           1|          32|
    |select_ln157_577_fu_10475_p3    |    select|   0|  0|   32|           1|          32|
    |select_ln157_578_fu_10489_p3    |    select|   0|  0|   32|           1|          32|
    |select_ln157_579_fu_10497_p3    |    select|   0|  0|   32|           1|          32|
    |select_ln157_57_fu_5921_p3      |    select|   0|  0|   32|           1|          32|
    |select_ln157_580_fu_10505_p3    |    select|   0|  0|   32|           1|          32|
    |select_ln157_581_fu_10513_p3    |    select|   0|  0|   32|           1|          32|
    |select_ln157_582_fu_10521_p3    |    select|   0|  0|   32|           1|          32|
    |select_ln157_583_fu_10529_p3    |    select|   0|  0|   32|           1|          32|
    |select_ln157_584_fu_10543_p3    |    select|   0|  0|   32|           1|          32|
    |select_ln157_585_fu_10551_p3    |    select|   0|  0|   32|           1|          32|
    |select_ln157_586_fu_10559_p3    |    select|   0|  0|   32|           1|          32|
    |select_ln157_587_fu_10573_p3    |    select|   0|  0|   32|           1|          32|
    |select_ln157_589_fu_10597_p3    |    select|   0|  0|   32|           1|          32|
    |select_ln157_58_fu_5929_p3      |    select|   0|  0|   32|           1|          32|
    |select_ln157_590_fu_10605_p3    |    select|   0|  0|   32|           1|          32|
    |select_ln157_591_fu_10613_p3    |    select|   0|  0|   32|           1|          32|
    |select_ln157_592_fu_10621_p3    |    select|   0|  0|   32|           1|          32|
    |select_ln157_593_fu_10629_p3    |    select|   0|  0|   32|           1|          32|
    |select_ln157_594_fu_10637_p3    |    select|   0|  0|   32|           1|          32|
    |select_ln157_595_fu_10645_p3    |    select|   0|  0|   32|           1|          32|
    |select_ln157_596_fu_10659_p3    |    select|   0|  0|   32|           1|          32|
    |select_ln157_597_fu_10667_p3    |    select|   0|  0|   32|           1|          32|
    |select_ln157_598_fu_10675_p3    |    select|   0|  0|   32|           1|          32|
    |select_ln157_599_fu_10683_p3    |    select|   0|  0|   32|           1|          32|
    |select_ln157_59_fu_5937_p3      |    select|   0|  0|   32|           1|          32|
    |select_ln157_5_fu_5375_p3       |    select|   0|  0|   32|           1|          32|
    |select_ln157_600_fu_10691_p3    |    select|   0|  0|   32|           1|          32|
    |select_ln157_601_fu_10699_p3    |    select|   0|  0|   32|           1|          32|
    |select_ln157_602_fu_10707_p3    |    select|   0|  0|   32|           1|          32|
    |select_ln157_603_fu_10715_p3    |    select|   0|  0|   32|           1|          32|
    |select_ln157_604_fu_10723_p3    |    select|   0|  0|   32|           1|          32|
    |select_ln157_605_fu_10731_p3    |    select|   0|  0|   32|           1|          32|
    |select_ln157_606_fu_10739_p3    |    select|   0|  0|   32|           1|          32|
    |select_ln157_607_fu_10747_p3    |    select|   0|  0|   32|           1|          32|
    |select_ln157_608_fu_10755_p3    |    select|   0|  0|   32|           1|          32|
    |select_ln157_609_fu_10769_p3    |    select|   0|  0|   32|           1|          32|
    |select_ln157_60_fu_5945_p3      |    select|   0|  0|   32|           1|          32|
    |select_ln157_610_fu_10777_p3    |    select|   0|  0|   32|           1|          32|
    |select_ln157_611_fu_10785_p3    |    select|   0|  0|   32|           1|          32|
    |select_ln157_612_fu_10793_p3    |    select|   0|  0|   32|           1|          32|
    |select_ln157_613_fu_10801_p3    |    select|   0|  0|   32|           1|          32|
    |select_ln157_614_fu_10809_p3    |    select|   0|  0|   32|           1|          32|
    |select_ln157_615_fu_10823_p3    |    select|   0|  0|   32|           1|          32|
    |select_ln157_616_fu_10831_p3    |    select|   0|  0|   32|           1|          32|
    |select_ln157_617_fu_10839_p3    |    select|   0|  0|   32|           1|          32|
    |select_ln157_618_fu_10853_p3    |    select|   0|  0|   32|           1|          32|
    |select_ln157_620_fu_10877_p3    |    select|   0|  0|   32|           1|          32|
    |select_ln157_621_fu_10885_p3    |    select|   0|  0|   32|           1|          32|
    |select_ln157_622_fu_10893_p3    |    select|   0|  0|   32|           1|          32|
    |select_ln157_623_fu_10901_p3    |    select|   0|  0|   32|           1|          32|
    |select_ln157_624_fu_10909_p3    |    select|   0|  0|   32|           1|          32|
    |select_ln157_625_fu_10917_p3    |    select|   0|  0|   32|           1|          32|
    |select_ln157_626_fu_10931_p3    |    select|   0|  0|   32|           1|          32|
    |select_ln157_627_fu_10939_p3    |    select|   0|  0|   32|           1|          32|
    |select_ln157_628_fu_10947_p3    |    select|   0|  0|   32|           1|          32|
    |select_ln157_629_fu_10955_p3    |    select|   0|  0|   32|           1|          32|
    |select_ln157_62_fu_5969_p3      |    select|   0|  0|   32|           1|          32|
    |select_ln157_630_fu_10963_p3    |    select|   0|  0|   32|           1|          32|
    |select_ln157_631_fu_10971_p3    |    select|   0|  0|   32|           1|          32|
    |select_ln157_632_fu_10979_p3    |    select|   0|  0|   32|           1|          32|
    |select_ln157_633_fu_10987_p3    |    select|   0|  0|   32|           1|          32|
    |select_ln157_634_fu_10995_p3    |    select|   0|  0|   32|           1|          32|
    |select_ln157_635_fu_11003_p3    |    select|   0|  0|   32|           1|          32|
    |select_ln157_636_fu_11011_p3    |    select|   0|  0|   32|           1|          32|
    |select_ln157_637_fu_11019_p3    |    select|   0|  0|   32|           1|          32|
    |select_ln157_638_fu_11027_p3    |    select|   0|  0|   32|           1|          32|
    |select_ln157_639_fu_11041_p3    |    select|   0|  0|   32|           1|          32|
    |select_ln157_63_fu_5977_p3      |    select|   0|  0|   32|           1|          32|
    |select_ln157_640_fu_11049_p3    |    select|   0|  0|   32|           1|          32|
    |select_ln157_641_fu_11057_p3    |    select|   0|  0|   32|           1|          32|
    |select_ln157_642_fu_11065_p3    |    select|   0|  0|   32|           1|          32|
    |select_ln157_643_fu_11073_p3    |    select|   0|  0|   32|           1|          32|
    |select_ln157_644_fu_11081_p3    |    select|   0|  0|   32|           1|          32|
    |select_ln157_645_fu_11089_p3    |    select|   0|  0|   32|           1|          32|
    |select_ln157_646_fu_11103_p3    |    select|   0|  0|   32|           1|          32|
    |select_ln157_647_fu_11111_p3    |    select|   0|  0|   32|           1|          32|
    |select_ln157_648_fu_11119_p3    |    select|   0|  0|   32|           1|          32|
    |select_ln157_649_fu_11133_p3    |    select|   0|  0|   32|           1|          32|
    |select_ln157_64_fu_5985_p3      |    select|   0|  0|   32|           1|          32|
    |select_ln157_651_fu_11157_p3    |    select|   0|  0|   32|           1|          32|
    |select_ln157_652_fu_11165_p3    |    select|   0|  0|   32|           1|          32|
    |select_ln157_653_fu_11173_p3    |    select|   0|  0|   32|           1|          32|
    |select_ln157_654_fu_11181_p3    |    select|   0|  0|   32|           1|          32|
    |select_ln157_655_fu_11189_p3    |    select|   0|  0|   32|           1|          32|
    |select_ln157_656_fu_11197_p3    |    select|   0|  0|   32|           1|          32|
    |select_ln157_657_fu_11211_p3    |    select|   0|  0|   32|           1|          32|
    |select_ln157_658_fu_11219_p3    |    select|   0|  0|   32|           1|          32|
    |select_ln157_659_fu_11227_p3    |    select|   0|  0|   32|           1|          32|
    |select_ln157_65_fu_5993_p3      |    select|   0|  0|   32|           1|          32|
    |select_ln157_660_fu_11235_p3    |    select|   0|  0|   32|           1|          32|
    |select_ln157_661_fu_11243_p3    |    select|   0|  0|   32|           1|          32|
    |select_ln157_662_fu_11251_p3    |    select|   0|  0|   32|           1|          32|
    |select_ln157_663_fu_11259_p3    |    select|   0|  0|   32|           1|          32|
    |select_ln157_664_fu_11267_p3    |    select|   0|  0|   32|           1|          32|
    |select_ln157_665_fu_11275_p3    |    select|   0|  0|   32|           1|          32|
    |select_ln157_666_fu_11283_p3    |    select|   0|  0|   32|           1|          32|
    |select_ln157_667_fu_11291_p3    |    select|   0|  0|   32|           1|          32|
    |select_ln157_668_fu_11299_p3    |    select|   0|  0|   32|           1|          32|
    |select_ln157_669_fu_11307_p3    |    select|   0|  0|   32|           1|          32|
    |select_ln157_66_fu_6001_p3      |    select|   0|  0|   32|           1|          32|
    |select_ln157_670_fu_11321_p3    |    select|   0|  0|   32|           1|          32|
    |select_ln157_671_fu_11329_p3    |    select|   0|  0|   32|           1|          32|
    |select_ln157_672_fu_11337_p3    |    select|   0|  0|   32|           1|          32|
    |select_ln157_673_fu_11345_p3    |    select|   0|  0|   32|           1|          32|
    |select_ln157_674_fu_11353_p3    |    select|   0|  0|   32|           1|          32|
    |select_ln157_675_fu_11361_p3    |    select|   0|  0|   32|           1|          32|
    |select_ln157_676_fu_11369_p3    |    select|   0|  0|   32|           1|          32|
    |select_ln157_677_fu_11383_p3    |    select|   0|  0|   32|           1|          32|
    |select_ln157_678_fu_11391_p3    |    select|   0|  0|   32|           1|          32|
    |select_ln157_679_fu_11399_p3    |    select|   0|  0|   32|           1|          32|
    |select_ln157_67_fu_6009_p3      |    select|   0|  0|   32|           1|          32|
    |select_ln157_680_fu_11413_p3    |    select|   0|  0|   32|           1|          32|
    |select_ln157_682_fu_11437_p3    |    select|   0|  0|   32|           1|          32|
    |select_ln157_683_fu_11445_p3    |    select|   0|  0|   32|           1|          32|
    |select_ln157_684_fu_11453_p3    |    select|   0|  0|   32|           1|          32|
    |select_ln157_685_fu_11461_p3    |    select|   0|  0|   32|           1|          32|
    |select_ln157_686_fu_11469_p3    |    select|   0|  0|   32|           1|          32|
    |select_ln157_687_fu_11483_p3    |    select|   0|  0|   32|           1|          32|
    |select_ln157_688_fu_11491_p3    |    select|   0|  0|   32|           1|          32|
    |select_ln157_689_fu_11499_p3    |    select|   0|  0|   32|           1|          32|
    |select_ln157_68_fu_6017_p3      |    select|   0|  0|   32|           1|          32|
    |select_ln157_690_fu_11507_p3    |    select|   0|  0|   32|           1|          32|
    |select_ln157_691_fu_11515_p3    |    select|   0|  0|   32|           1|          32|
    |select_ln157_692_fu_11523_p3    |    select|   0|  0|   32|           1|          32|
    |select_ln157_693_fu_11531_p3    |    select|   0|  0|   32|           1|          32|
    |select_ln157_694_fu_11539_p3    |    select|   0|  0|   32|           1|          32|
    |select_ln157_695_fu_11547_p3    |    select|   0|  0|   32|           1|          32|
    |select_ln157_696_fu_11555_p3    |    select|   0|  0|   32|           1|          32|
    |select_ln157_697_fu_11563_p3    |    select|   0|  0|   32|           1|          32|
    |select_ln157_698_fu_11571_p3    |    select|   0|  0|   32|           1|          32|
    |select_ln157_699_fu_11579_p3    |    select|   0|  0|   32|           1|          32|
    |select_ln157_69_fu_6025_p3      |    select|   0|  0|   32|           1|          32|
    |select_ln157_6_fu_5389_p3       |    select|   0|  0|   32|           1|          32|
    |select_ln157_700_fu_11587_p3    |    select|   0|  0|   32|           1|          32|
    |select_ln157_701_fu_11601_p3    |    select|   0|  0|   32|           1|          32|
    |select_ln157_702_fu_11609_p3    |    select|   0|  0|   32|           1|          32|
    |select_ln157_703_fu_11617_p3    |    select|   0|  0|   32|           1|          32|
    |select_ln157_704_fu_11625_p3    |    select|   0|  0|   32|           1|          32|
    |select_ln157_705_fu_11633_p3    |    select|   0|  0|   32|           1|          32|
    |select_ln157_706_fu_11641_p3    |    select|   0|  0|   32|           1|          32|
    |select_ln157_707_fu_11649_p3    |    select|   0|  0|   32|           1|          32|
    |select_ln157_708_fu_11663_p3    |    select|   0|  0|   32|           1|          32|
    |select_ln157_709_fu_11671_p3    |    select|   0|  0|   32|           1|          32|
    |select_ln157_70_fu_6033_p3      |    select|   0|  0|   32|           1|          32|
    |select_ln157_710_fu_11679_p3    |    select|   0|  0|   32|           1|          32|
    |select_ln157_711_fu_11693_p3    |    select|   0|  0|   32|           1|          32|
    |select_ln157_713_fu_11717_p3    |    select|   0|  0|   32|           1|          32|
    |select_ln157_714_fu_11725_p3    |    select|   0|  0|   32|           1|          32|
    |select_ln157_715_fu_11733_p3    |    select|   0|  0|   32|           1|          32|
    |select_ln157_716_fu_11741_p3    |    select|   0|  0|   32|           1|          32|
    |select_ln157_717_fu_11749_p3    |    select|   0|  0|   32|           1|          32|
    |select_ln157_718_fu_11763_p3    |    select|   0|  0|   32|           1|          32|
    |select_ln157_719_fu_11771_p3    |    select|   0|  0|   32|           1|          32|
    |select_ln157_71_fu_6041_p3      |    select|   0|  0|   32|           1|          32|
    |select_ln157_720_fu_11779_p3    |    select|   0|  0|   32|           1|          32|
    |select_ln157_721_fu_11787_p3    |    select|   0|  0|   32|           1|          32|
    |select_ln157_722_fu_11795_p3    |    select|   0|  0|   32|           1|          32|
    |select_ln157_723_fu_11803_p3    |    select|   0|  0|   32|           1|          32|
    |select_ln157_724_fu_11811_p3    |    select|   0|  0|   32|           1|          32|
    |select_ln157_725_fu_11819_p3    |    select|   0|  0|   32|           1|          32|
    |select_ln157_726_fu_11827_p3    |    select|   0|  0|   32|           1|          32|
    |select_ln157_727_fu_11835_p3    |    select|   0|  0|   32|           1|          32|
    |select_ln157_728_fu_11843_p3    |    select|   0|  0|   32|           1|          32|
    |select_ln157_729_fu_11851_p3    |    select|   0|  0|   32|           1|          32|
    |select_ln157_72_fu_6049_p3      |    select|   0|  0|   32|           1|          32|
    |select_ln157_730_fu_11859_p3    |    select|   0|  0|   32|           1|          32|
    |select_ln157_731_fu_11867_p3    |    select|   0|  0|   32|           1|          32|
    |select_ln157_732_fu_11881_p3    |    select|   0|  0|   32|           1|          32|
    |select_ln157_733_fu_11889_p3    |    select|   0|  0|   32|           1|          32|
    |select_ln157_734_fu_11897_p3    |    select|   0|  0|   32|           1|          32|
    |select_ln157_735_fu_11905_p3    |    select|   0|  0|   32|           1|          32|
    |select_ln157_736_fu_11913_p3    |    select|   0|  0|   32|           1|          32|
    |select_ln157_737_fu_11921_p3    |    select|   0|  0|   32|           1|          32|
    |select_ln157_738_fu_11929_p3    |    select|   0|  0|   32|           1|          32|
    |select_ln157_739_fu_11943_p3    |    select|   0|  0|   32|           1|          32|
    |select_ln157_73_fu_6057_p3      |    select|   0|  0|   32|           1|          32|
    |select_ln157_740_fu_11951_p3    |    select|   0|  0|   32|           1|          32|
    |select_ln157_741_fu_11959_p3    |    select|   0|  0|   32|           1|          32|
    |select_ln157_742_fu_11973_p3    |    select|   0|  0|   32|           1|          32|
    |select_ln157_744_fu_11997_p3    |    select|   0|  0|   32|           1|          32|
    |select_ln157_745_fu_12005_p3    |    select|   0|  0|   32|           1|          32|
    |select_ln157_746_fu_12013_p3    |    select|   0|  0|   32|           1|          32|
    |select_ln157_747_fu_12021_p3    |    select|   0|  0|   32|           1|          32|
    |select_ln157_748_fu_12035_p3    |    select|   0|  0|   32|           1|          32|
    |select_ln157_749_fu_12043_p3    |    select|   0|  0|   32|           1|          32|
    |select_ln157_74_fu_6065_p3      |    select|   0|  0|   32|           1|          32|
    |select_ln157_750_fu_12051_p3    |    select|   0|  0|   32|           1|          32|
    |select_ln157_751_fu_12059_p3    |    select|   0|  0|   32|           1|          32|
    |select_ln157_752_fu_12067_p3    |    select|   0|  0|   32|           1|          32|
    |select_ln157_753_fu_12075_p3    |    select|   0|  0|   32|           1|          32|
    |select_ln157_754_fu_12083_p3    |    select|   0|  0|   32|           1|          32|
    |select_ln157_755_fu_12091_p3    |    select|   0|  0|   32|           1|          32|
    |select_ln157_756_fu_12099_p3    |    select|   0|  0|   32|           1|          32|
    |select_ln157_757_fu_12107_p3    |    select|   0|  0|   32|           1|          32|
    |select_ln157_758_fu_12115_p3    |    select|   0|  0|   32|           1|          32|
    |select_ln157_759_fu_12123_p3    |    select|   0|  0|   32|           1|          32|
    |select_ln157_75_fu_6073_p3      |    select|   0|  0|   32|           1|          32|
    |select_ln157_760_fu_12131_p3    |    select|   0|  0|   32|           1|          32|
    |select_ln157_761_fu_12139_p3    |    select|   0|  0|   32|           1|          32|
    |select_ln157_762_fu_12153_p3    |    select|   0|  0|   32|           1|          32|
    |select_ln157_763_fu_12161_p3    |    select|   0|  0|   32|           1|          32|
    |select_ln157_764_fu_12169_p3    |    select|   0|  0|   32|           1|          32|
    |select_ln157_765_fu_12177_p3    |    select|   0|  0|   32|           1|          32|
    |select_ln157_766_fu_12185_p3    |    select|   0|  0|   32|           1|          32|
    |select_ln157_767_fu_12193_p3    |    select|   0|  0|   32|           1|          32|
    |select_ln157_768_fu_12201_p3    |    select|   0|  0|   32|           1|          32|
    |select_ln157_769_fu_12215_p3    |    select|   0|  0|   32|           1|          32|
    |select_ln157_76_fu_6081_p3      |    select|   0|  0|   32|           1|          32|
    |select_ln157_770_fu_12223_p3    |    select|   0|  0|   32|           1|          32|
    |select_ln157_771_fu_12231_p3    |    select|   0|  0|   32|           1|          32|
    |select_ln157_772_fu_12239_p3    |    select|   0|  0|   32|           1|          32|
    |select_ln157_773_fu_12253_p3    |    select|   0|  0|   32|           1|          32|
    |select_ln157_775_fu_12277_p3    |    select|   0|  0|   32|           1|          32|
    |select_ln157_776_fu_12285_p3    |    select|   0|  0|   32|           1|          32|
    |select_ln157_777_fu_12293_p3    |    select|   0|  0|   32|           1|          32|
    |select_ln157_778_fu_12301_p3    |    select|   0|  0|   32|           1|          32|
    |select_ln157_779_fu_12315_p3    |    select|   0|  0|   32|           1|          32|
    |select_ln157_77_fu_6095_p3      |    select|   0|  0|   32|           1|          32|
    |select_ln157_780_fu_12323_p3    |    select|   0|  0|   32|           1|          32|
    |select_ln157_781_fu_12331_p3    |    select|   0|  0|   32|           1|          32|
    |select_ln157_782_fu_12339_p3    |    select|   0|  0|   32|           1|          32|
    |select_ln157_783_fu_12347_p3    |    select|   0|  0|   32|           1|          32|
    |select_ln157_784_fu_12355_p3    |    select|   0|  0|   32|           1|          32|
    |select_ln157_785_fu_12363_p3    |    select|   0|  0|   32|           1|          32|
    |select_ln157_786_fu_12371_p3    |    select|   0|  0|   32|           1|          32|
    |select_ln157_787_fu_12379_p3    |    select|   0|  0|   32|           1|          32|
    |select_ln157_788_fu_12387_p3    |    select|   0|  0|   32|           1|          32|
    |select_ln157_789_fu_12395_p3    |    select|   0|  0|   32|           1|          32|
    |select_ln157_78_fu_6103_p3      |    select|   0|  0|   32|           1|          32|
    |select_ln157_790_fu_12403_p3    |    select|   0|  0|   32|           1|          32|
    |select_ln157_791_fu_12411_p3    |    select|   0|  0|   32|           1|          32|
    |select_ln157_792_fu_12419_p3    |    select|   0|  0|   32|           1|          32|
    |select_ln157_793_fu_12433_p3    |    select|   0|  0|   32|           1|          32|
    |select_ln157_794_fu_12441_p3    |    select|   0|  0|   32|           1|          32|
    |select_ln157_795_fu_12449_p3    |    select|   0|  0|   32|           1|          32|
    |select_ln157_796_fu_12457_p3    |    select|   0|  0|   32|           1|          32|
    |select_ln157_797_fu_12465_p3    |    select|   0|  0|   32|           1|          32|
    |select_ln157_798_fu_12473_p3    |    select|   0|  0|   32|           1|          32|
    |select_ln157_799_fu_12481_p3    |    select|   0|  0|   32|           1|          32|
    |select_ln157_79_fu_6111_p3      |    select|   0|  0|   32|           1|          32|
    |select_ln157_7_fu_5403_p3       |    select|   0|  0|   32|           1|          32|
    |select_ln157_800_fu_12495_p3    |    select|   0|  0|   32|           1|          32|
    |select_ln157_801_fu_12503_p3    |    select|   0|  0|   32|           1|          32|
    |select_ln157_802_fu_12511_p3    |    select|   0|  0|   32|           1|          32|
    |select_ln157_803_fu_12519_p3    |    select|   0|  0|   32|           1|          32|
    |select_ln157_804_fu_12533_p3    |    select|   0|  0|   32|           1|          32|
    |select_ln157_806_fu_12557_p3    |    select|   0|  0|   32|           1|          32|
    |select_ln157_807_fu_12565_p3    |    select|   0|  0|   32|           1|          32|
    |select_ln157_808_fu_12573_p3    |    select|   0|  0|   32|           1|          32|
    |select_ln157_809_fu_12587_p3    |    select|   0|  0|   32|           1|          32|
    |select_ln157_80_fu_6119_p3      |    select|   0|  0|   32|           1|          32|
    |select_ln157_810_fu_12595_p3    |    select|   0|  0|   32|           1|          32|
    |select_ln157_811_fu_12603_p3    |    select|   0|  0|   32|           1|          32|
    |select_ln157_812_fu_12611_p3    |    select|   0|  0|   32|           1|          32|
    |select_ln157_813_fu_12619_p3    |    select|   0|  0|   32|           1|          32|
    |select_ln157_814_fu_12627_p3    |    select|   0|  0|   32|           1|          32|
    |select_ln157_815_fu_12635_p3    |    select|   0|  0|   32|           1|          32|
    |select_ln157_816_fu_12643_p3    |    select|   0|  0|   32|           1|          32|
    |select_ln157_817_fu_12651_p3    |    select|   0|  0|   32|           1|          32|
    |select_ln157_818_fu_12659_p3    |    select|   0|  0|   32|           1|          32|
    |select_ln157_819_fu_12667_p3    |    select|   0|  0|   32|           1|          32|
    |select_ln157_81_fu_6127_p3      |    select|   0|  0|   32|           1|          32|
    |select_ln157_820_fu_12675_p3    |    select|   0|  0|   32|           1|          32|
    |select_ln157_821_fu_12683_p3    |    select|   0|  0|   32|           1|          32|
    |select_ln157_822_fu_12691_p3    |    select|   0|  0|   32|           1|          32|
    |select_ln157_823_fu_12699_p3    |    select|   0|  0|   32|           1|          32|
    |select_ln157_824_fu_12713_p3    |    select|   0|  0|   32|           1|          32|
    |select_ln157_825_fu_12721_p3    |    select|   0|  0|   32|           1|          32|
    |select_ln157_826_fu_12729_p3    |    select|   0|  0|   32|           1|          32|
    |select_ln157_827_fu_12737_p3    |    select|   0|  0|   32|           1|          32|
    |select_ln157_828_fu_12745_p3    |    select|   0|  0|   32|           1|          32|
    |select_ln157_829_fu_12753_p3    |    select|   0|  0|   32|           1|          32|
    |select_ln157_82_fu_6135_p3      |    select|   0|  0|   32|           1|          32|
    |select_ln157_830_fu_12761_p3    |    select|   0|  0|   32|           1|          32|
    |select_ln157_831_fu_12775_p3    |    select|   0|  0|   32|           1|          32|
    |select_ln157_832_fu_12783_p3    |    select|   0|  0|   32|           1|          32|
    |select_ln157_833_fu_12791_p3    |    select|   0|  0|   32|           1|          32|
    |select_ln157_834_fu_12799_p3    |    select|   0|  0|   32|           1|          32|
    |select_ln157_835_fu_12813_p3    |    select|   0|  0|   32|           1|          32|
    |select_ln157_837_fu_12837_p3    |    select|   0|  0|   32|           1|          32|
    |select_ln157_838_fu_12845_p3    |    select|   0|  0|   32|           1|          32|
    |select_ln157_839_fu_12853_p3    |    select|   0|  0|   32|           1|          32|
    |select_ln157_83_fu_6143_p3      |    select|   0|  0|   32|           1|          32|
    |select_ln157_840_fu_12867_p3    |    select|   0|  0|   32|           1|          32|
    |select_ln157_841_fu_12875_p3    |    select|   0|  0|   32|           1|          32|
    |select_ln157_842_fu_12883_p3    |    select|   0|  0|   32|           1|          32|
    |select_ln157_843_fu_12891_p3    |    select|   0|  0|   32|           1|          32|
    |select_ln157_844_fu_12899_p3    |    select|   0|  0|   32|           1|          32|
    |select_ln157_845_fu_12907_p3    |    select|   0|  0|   32|           1|          32|
    |select_ln157_846_fu_12915_p3    |    select|   0|  0|   32|           1|          32|
    |select_ln157_847_fu_12923_p3    |    select|   0|  0|   32|           1|          32|
    |select_ln157_848_fu_12931_p3    |    select|   0|  0|   32|           1|          32|
    |select_ln157_849_fu_12939_p3    |    select|   0|  0|   32|           1|          32|
    |select_ln157_84_fu_6151_p3      |    select|   0|  0|   32|           1|          32|
    |select_ln157_850_fu_12947_p3    |    select|   0|  0|   32|           1|          32|
    |select_ln157_851_fu_12955_p3    |    select|   0|  0|   32|           1|          32|
    |select_ln157_852_fu_12963_p3    |    select|   0|  0|   32|           1|          32|
    |select_ln157_853_fu_12971_p3    |    select|   0|  0|   32|           1|          32|
    |select_ln157_854_fu_12979_p3    |    select|   0|  0|   32|           1|          32|
    |select_ln157_855_fu_12993_p3    |    select|   0|  0|   32|           1|          32|
    |select_ln157_856_fu_13001_p3    |    select|   0|  0|   32|           1|          32|
    |select_ln157_857_fu_13009_p3    |    select|   0|  0|   32|           1|          32|
    |select_ln157_858_fu_13017_p3    |    select|   0|  0|   32|           1|          32|
    |select_ln157_859_fu_13025_p3    |    select|   0|  0|   32|           1|          32|
    |select_ln157_85_fu_6159_p3      |    select|   0|  0|   32|           1|          32|
    |select_ln157_860_fu_13033_p3    |    select|   0|  0|   32|           1|          32|
    |select_ln157_861_fu_13041_p3    |    select|   0|  0|   32|           1|          32|
    |select_ln157_862_fu_13055_p3    |    select|   0|  0|   32|           1|          32|
    |select_ln157_863_fu_13063_p3    |    select|   0|  0|   32|           1|          32|
    |select_ln157_864_fu_13071_p3    |    select|   0|  0|   32|           1|          32|
    |select_ln157_865_fu_13079_p3    |    select|   0|  0|   32|           1|          32|
    |select_ln157_866_fu_13093_p3    |    select|   0|  0|   32|           1|          32|
    |select_ln157_868_fu_13117_p3    |    select|   0|  0|   32|           1|          32|
    |select_ln157_869_fu_13125_p3    |    select|   0|  0|   32|           1|          32|
    |select_ln157_86_fu_6167_p3      |    select|   0|  0|   32|           1|          32|
    |select_ln157_870_fu_13139_p3    |    select|   0|  0|   32|           1|          32|
    |select_ln157_871_fu_13147_p3    |    select|   0|  0|   32|           1|          32|
    |select_ln157_872_fu_13155_p3    |    select|   0|  0|   32|           1|          32|
    |select_ln157_873_fu_13163_p3    |    select|   0|  0|   32|           1|          32|
    |select_ln157_874_fu_13171_p3    |    select|   0|  0|   32|           1|          32|
    |select_ln157_875_fu_13179_p3    |    select|   0|  0|   32|           1|          32|
    |select_ln157_876_fu_13187_p3    |    select|   0|  0|   32|           1|          32|
    |select_ln157_877_fu_13195_p3    |    select|   0|  0|   32|           1|          32|
    |select_ln157_878_fu_13203_p3    |    select|   0|  0|   32|           1|          32|
    |select_ln157_879_fu_13211_p3    |    select|   0|  0|   32|           1|          32|
    |select_ln157_87_fu_6175_p3      |    select|   0|  0|   32|           1|          32|
    |select_ln157_880_fu_13219_p3    |    select|   0|  0|   32|           1|          32|
    |select_ln157_881_fu_13227_p3    |    select|   0|  0|   32|           1|          32|
    |select_ln157_882_fu_13235_p3    |    select|   0|  0|   32|           1|          32|
    |select_ln157_883_fu_13243_p3    |    select|   0|  0|   32|           1|          32|
    |select_ln157_884_fu_13251_p3    |    select|   0|  0|   32|           1|          32|
    |select_ln157_885_fu_13265_p3    |    select|   0|  0|   32|           1|          32|
    |select_ln157_886_fu_13273_p3    |    select|   0|  0|   32|           1|          32|
    |select_ln157_887_fu_13281_p3    |    select|   0|  0|   32|           1|          32|
    |select_ln157_888_fu_13289_p3    |    select|   0|  0|   32|           1|          32|
    |select_ln157_889_fu_13297_p3    |    select|   0|  0|   32|           1|          32|
    |select_ln157_88_fu_6183_p3      |    select|   0|  0|   32|           1|          32|
    |select_ln157_890_fu_13305_p3    |    select|   0|  0|   32|           1|          32|
    |select_ln157_891_fu_13313_p3    |    select|   0|  0|   32|           1|          32|
    |select_ln157_892_fu_13321_p3    |    select|   0|  0|   32|           1|          32|
    |select_ln157_893_fu_13335_p3    |    select|   0|  0|   32|           1|          32|
    |select_ln157_894_fu_13343_p3    |    select|   0|  0|   32|           1|          32|
    |select_ln157_895_fu_13351_p3    |    select|   0|  0|   32|           1|          32|
    |select_ln157_896_fu_13359_p3    |    select|   0|  0|   32|           1|          32|
    |select_ln157_897_fu_13373_p3    |    select|   0|  0|   32|           1|          32|
    |select_ln157_899_fu_13397_p3    |    select|   0|  0|   32|           1|          32|
    |select_ln157_89_fu_6191_p3      |    select|   0|  0|   32|           1|          32|
    |select_ln157_8_fu_5417_p3       |    select|   0|  0|   32|           1|          32|
    |select_ln157_900_fu_13405_p3    |    select|   0|  0|   32|           1|          32|
    |select_ln157_901_fu_13419_p3    |    select|   0|  0|   32|           1|          32|
    |select_ln157_902_fu_13427_p3    |    select|   0|  0|   32|           1|          32|
    |select_ln157_903_fu_13435_p3    |    select|   0|  0|   32|           1|          32|
    |select_ln157_904_fu_13443_p3    |    select|   0|  0|   32|           1|          32|
    |select_ln157_905_fu_13451_p3    |    select|   0|  0|   32|           1|          32|
    |select_ln157_906_fu_13459_p3    |    select|   0|  0|   32|           1|          32|
    |select_ln157_907_fu_13467_p3    |    select|   0|  0|   32|           1|          32|
    |select_ln157_908_fu_13475_p3    |    select|   0|  0|   32|           1|          32|
    |select_ln157_909_fu_13483_p3    |    select|   0|  0|   32|           1|          32|
    |select_ln157_90_fu_6199_p3      |    select|   0|  0|   32|           1|          32|
    |select_ln157_910_fu_13491_p3    |    select|   0|  0|   32|           1|          32|
    |select_ln157_911_fu_13499_p3    |    select|   0|  0|   32|           1|          32|
    |select_ln157_912_fu_13507_p3    |    select|   0|  0|   32|           1|          32|
    |select_ln157_913_fu_13515_p3    |    select|   0|  0|   32|           1|          32|
    |select_ln157_914_fu_13523_p3    |    select|   0|  0|   32|           1|          32|
    |select_ln157_915_fu_13531_p3    |    select|   0|  0|   32|           1|          32|
    |select_ln157_916_fu_13545_p3    |    select|   0|  0|   32|           1|          32|
    |select_ln157_917_fu_13553_p3    |    select|   0|  0|   32|           1|          32|
    |select_ln157_918_fu_13561_p3    |    select|   0|  0|   32|           1|          32|
    |select_ln157_919_fu_13569_p3    |    select|   0|  0|   32|           1|          32|
    |select_ln157_91_fu_6207_p3      |    select|   0|  0|   32|           1|          32|
    |select_ln157_920_fu_13577_p3    |    select|   0|  0|   32|           1|          32|
    |select_ln157_921_fu_13585_p3    |    select|   0|  0|   32|           1|          32|
    |select_ln157_922_fu_13593_p3    |    select|   0|  0|   32|           1|          32|
    |select_ln157_923_fu_13601_p3    |    select|   0|  0|   32|           1|          32|
    |select_ln157_924_fu_13615_p3    |    select|   0|  0|   32|           1|          32|
    |select_ln157_925_fu_13623_p3    |    select|   0|  0|   32|           1|          32|
    |select_ln157_926_fu_13631_p3    |    select|   0|  0|   32|           1|          32|
    |select_ln157_927_fu_13639_p3    |    select|   0|  0|   32|           1|          32|
    |select_ln157_928_fu_13653_p3    |    select|   0|  0|   32|           1|          32|
    |select_ln157_930_fu_13677_p3    |    select|   0|  0|   32|           1|          32|
    |select_ln157_931_fu_13691_p3    |    select|   0|  0|   32|           1|          32|
    |select_ln157_932_fu_13699_p3    |    select|   0|  0|   32|           1|          32|
    |select_ln157_933_fu_13707_p3    |    select|   0|  0|   32|           1|          32|
    |select_ln157_934_fu_13715_p3    |    select|   0|  0|   32|           1|          32|
    |select_ln157_935_fu_13723_p3    |    select|   0|  0|   32|           1|          32|
    |select_ln157_936_fu_13731_p3    |    select|   0|  0|   32|           1|          32|
    |select_ln157_937_fu_13739_p3    |    select|   0|  0|   32|           1|          32|
    |select_ln157_938_fu_13747_p3    |    select|   0|  0|   32|           1|          32|
    |select_ln157_939_fu_13755_p3    |    select|   0|  0|   32|           1|          32|
    |select_ln157_93_fu_6231_p3      |    select|   0|  0|   32|           1|          32|
    |select_ln157_940_fu_13763_p3    |    select|   0|  0|   32|           1|          32|
    |select_ln157_941_fu_13771_p3    |    select|   0|  0|   32|           1|          32|
    |select_ln157_942_fu_13779_p3    |    select|   0|  0|   32|           1|          32|
    |select_ln157_943_fu_13787_p3    |    select|   0|  0|   32|           1|          32|
    |select_ln157_944_fu_13795_p3    |    select|   0|  0|   32|           1|          32|
    |select_ln157_945_fu_13803_p3    |    select|   0|  0|   32|           1|          32|
    |select_ln157_946_fu_13811_p3    |    select|   0|  0|   32|           1|          32|
    |select_ln157_947_fu_13825_p3    |    select|   0|  0|   32|           1|          32|
    |select_ln157_948_fu_13833_p3    |    select|   0|  0|   32|           1|          32|
    |select_ln157_949_fu_13841_p3    |    select|   0|  0|   32|           1|          32|
    |select_ln157_94_fu_6239_p3      |    select|   0|  0|   32|           1|          32|
    |select_ln157_950_fu_13849_p3    |    select|   0|  0|   32|           1|          32|
    |select_ln157_951_fu_13857_p3    |    select|   0|  0|   32|           1|          32|
    |select_ln157_952_fu_13865_p3    |    select|   0|  0|   32|           1|          32|
    |select_ln157_953_fu_13873_p3    |    select|   0|  0|   32|           1|          32|
    |select_ln157_954_fu_13881_p3    |    select|   0|  0|   32|           1|          32|
    |select_ln157_955_fu_13895_p3    |    select|   0|  0|   32|           1|          32|
    |select_ln157_956_fu_13903_p3    |    select|   0|  0|   32|           1|          32|
    |select_ln157_957_fu_13911_p3    |    select|   0|  0|   32|           1|          32|
    |select_ln157_958_fu_13919_p3    |    select|   0|  0|   32|           1|          32|
    |select_ln157_959_fu_13933_p3    |    select|   0|  0|   32|           1|          32|
    |select_ln157_95_fu_6247_p3      |    select|   0|  0|   32|           1|          32|
    |select_ln157_961_fu_13957_p3    |    select|   0|  0|   32|           1|          32|
    |select_ln157_962_fu_13971_p3    |    select|   0|  0|   32|           1|          32|
    |select_ln157_963_fu_13979_p3    |    select|   0|  0|   32|           1|          32|
    |select_ln157_964_fu_13987_p3    |    select|   0|  0|   32|           1|          32|
    |select_ln157_965_fu_13995_p3    |    select|   0|  0|   32|           1|          32|
    |select_ln157_966_fu_14003_p3    |    select|   0|  0|   32|           1|          32|
    |select_ln157_967_fu_14011_p3    |    select|   0|  0|   32|           1|          32|
    |select_ln157_968_fu_14019_p3    |    select|   0|  0|   32|           1|          32|
    |select_ln157_969_fu_14027_p3    |    select|   0|  0|   32|           1|          32|
    |select_ln157_96_fu_6255_p3      |    select|   0|  0|   32|           1|          32|
    |select_ln157_970_fu_14035_p3    |    select|   0|  0|   32|           1|          32|
    |select_ln157_971_fu_14043_p3    |    select|   0|  0|   32|           1|          32|
    |select_ln157_972_fu_14051_p3    |    select|   0|  0|   32|           1|          32|
    |select_ln157_973_fu_14059_p3    |    select|   0|  0|   32|           1|          32|
    |select_ln157_974_fu_14067_p3    |    select|   0|  0|   32|           1|          32|
    |select_ln157_975_fu_14075_p3    |    select|   0|  0|   32|           1|          32|
    |select_ln157_976_fu_14083_p3    |    select|   0|  0|   32|           1|          32|
    |select_ln157_977_fu_14091_p3    |    select|   0|  0|   32|           1|          32|
    |select_ln157_978_fu_14105_p3    |    select|   0|  0|   32|           1|          32|
    |select_ln157_979_fu_14113_p3    |    select|   0|  0|   32|           1|          32|
    |select_ln157_97_fu_6263_p3      |    select|   0|  0|   32|           1|          32|
    |select_ln157_980_fu_14121_p3    |    select|   0|  0|   32|           1|          32|
    |select_ln157_981_fu_14129_p3    |    select|   0|  0|   32|           1|          32|
    |select_ln157_982_fu_14137_p3    |    select|   0|  0|   32|           1|          32|
    |select_ln157_983_fu_14145_p3    |    select|   0|  0|   32|           1|          32|
    |select_ln157_984_fu_14153_p3    |    select|   0|  0|   32|           1|          32|
    |select_ln157_985_fu_14161_p3    |    select|   0|  0|   32|           1|          32|
    |select_ln157_986_fu_14175_p3    |    select|   0|  0|   32|           1|          32|
    |select_ln157_987_fu_14183_p3    |    select|   0|  0|   32|           1|          32|
    |select_ln157_988_fu_14191_p3    |    select|   0|  0|   32|           1|          32|
    |select_ln157_989_fu_14199_p3    |    select|   0|  0|   32|           1|          32|
    |select_ln157_98_fu_6271_p3      |    select|   0|  0|   32|           1|          32|
    |select_ln157_990_fu_14213_p3    |    select|   0|  0|   32|           1|          32|
    |select_ln157_99_fu_6279_p3      |    select|   0|  0|   32|           1|          32|
    |select_ln157_9_fu_5431_p3       |    select|   0|  0|   32|           1|          32|
    |select_ln157_fu_5305_p3         |    select|   0|  0|   32|           1|          32|
    |select_ln204_100_fu_17719_p3    |    select|   0|  0|   63|           1|          64|
    |select_ln204_101_fu_17794_p3    |    select|   0|  0|    2|           1|           1|
    |select_ln204_102_fu_17802_p3    |    select|   0|  0|    2|           1|           1|
    |select_ln204_103_fu_17858_p3    |    select|   0|  0|   33|           1|          31|
    |select_ln204_105_fu_17880_p3    |    select|   0|  0|   63|           1|          64|
    |select_ln204_106_fu_17955_p3    |    select|   0|  0|    2|           1|           1|
    |select_ln204_107_fu_17963_p3    |    select|   0|  0|    2|           1|           1|
    |select_ln204_108_fu_18019_p3    |    select|   0|  0|   33|           1|          31|
    |select_ln204_10_fu_14821_p3     |    select|   0|  0|   63|           1|          64|
    |select_ln204_110_fu_18041_p3    |    select|   0|  0|   63|           1|          64|
    |select_ln204_111_fu_18116_p3    |    select|   0|  0|    2|           1|           1|
    |select_ln204_112_fu_18124_p3    |    select|   0|  0|    2|           1|           1|
    |select_ln204_113_fu_18180_p3    |    select|   0|  0|   33|           1|          31|
    |select_ln204_115_fu_18202_p3    |    select|   0|  0|   63|           1|          64|
    |select_ln204_116_fu_18277_p3    |    select|   0|  0|    2|           1|           1|
    |select_ln204_117_fu_18285_p3    |    select|   0|  0|    2|           1|           1|
    |select_ln204_118_fu_18341_p3    |    select|   0|  0|   33|           1|          31|
    |select_ln204_11_fu_14896_p3     |    select|   0|  0|    2|           1|           1|
    |select_ln204_120_fu_18363_p3    |    select|   0|  0|   63|           1|          64|
    |select_ln204_121_fu_18438_p3    |    select|   0|  0|    2|           1|           1|
    |select_ln204_122_fu_18446_p3    |    select|   0|  0|    2|           1|           1|
    |select_ln204_123_fu_18502_p3    |    select|   0|  0|   33|           1|          31|
    |select_ln204_125_fu_18524_p3    |    select|   0|  0|   63|           1|          64|
    |select_ln204_126_fu_18599_p3    |    select|   0|  0|    2|           1|           1|
    |select_ln204_127_fu_18607_p3    |    select|   0|  0|    2|           1|           1|
    |select_ln204_128_fu_18663_p3    |    select|   0|  0|   33|           1|          31|
    |select_ln204_12_fu_14904_p3     |    select|   0|  0|    2|           1|           1|
    |select_ln204_130_fu_18685_p3    |    select|   0|  0|   63|           1|          64|
    |select_ln204_131_fu_18760_p3    |    select|   0|  0|    2|           1|           1|
    |select_ln204_132_fu_18768_p3    |    select|   0|  0|    2|           1|           1|
    |select_ln204_133_fu_18824_p3    |    select|   0|  0|   33|           1|          31|
    |select_ln204_135_fu_18846_p3    |    select|   0|  0|   63|           1|          64|
    |select_ln204_136_fu_18921_p3    |    select|   0|  0|    2|           1|           1|
    |select_ln204_137_fu_18929_p3    |    select|   0|  0|    2|           1|           1|
    |select_ln204_138_fu_18985_p3    |    select|   0|  0|   33|           1|          31|
    |select_ln204_13_fu_14960_p3     |    select|   0|  0|   33|           1|          31|
    |select_ln204_140_fu_19007_p3    |    select|   0|  0|   63|           1|          64|
    |select_ln204_141_fu_19082_p3    |    select|   0|  0|    2|           1|           1|
    |select_ln204_142_fu_19090_p3    |    select|   0|  0|    2|           1|           1|
    |select_ln204_143_fu_19146_p3    |    select|   0|  0|   33|           1|          31|
    |select_ln204_145_fu_19168_p3    |    select|   0|  0|   63|           1|          64|
    |select_ln204_146_fu_19243_p3    |    select|   0|  0|    2|           1|           1|
    |select_ln204_147_fu_19251_p3    |    select|   0|  0|    2|           1|           1|
    |select_ln204_148_fu_19307_p3    |    select|   0|  0|   33|           1|          31|
    |select_ln204_150_fu_19329_p3    |    select|   0|  0|   63|           1|          64|
    |select_ln204_151_fu_19404_p3    |    select|   0|  0|    2|           1|           1|
    |select_ln204_152_fu_19412_p3    |    select|   0|  0|    2|           1|           1|
    |select_ln204_153_fu_19468_p3    |    select|   0|  0|   33|           1|          31|
    |select_ln204_155_fu_19490_p3    |    select|   0|  0|   63|           1|          64|
    |select_ln204_156_fu_19565_p3    |    select|   0|  0|    2|           1|           1|
    |select_ln204_157_fu_19573_p3    |    select|   0|  0|    2|           1|           1|
    |select_ln204_158_fu_19629_p3    |    select|   0|  0|   33|           1|          31|
    |select_ln204_15_fu_14982_p3     |    select|   0|  0|   63|           1|          64|
    |select_ln204_16_fu_15057_p3     |    select|   0|  0|    2|           1|           1|
    |select_ln204_17_fu_15065_p3     |    select|   0|  0|    2|           1|           1|
    |select_ln204_18_fu_15121_p3     |    select|   0|  0|   33|           1|          31|
    |select_ln204_1_fu_14574_p3      |    select|   0|  0|    2|           1|           1|
    |select_ln204_20_fu_15143_p3     |    select|   0|  0|   63|           1|          64|
    |select_ln204_21_fu_15218_p3     |    select|   0|  0|    2|           1|           1|
    |select_ln204_22_fu_15226_p3     |    select|   0|  0|    2|           1|           1|
    |select_ln204_23_fu_15282_p3     |    select|   0|  0|   33|           1|          31|
    |select_ln204_25_fu_15304_p3     |    select|   0|  0|   63|           1|          64|
    |select_ln204_26_fu_15379_p3     |    select|   0|  0|    2|           1|           1|
    |select_ln204_27_fu_15387_p3     |    select|   0|  0|    2|           1|           1|
    |select_ln204_28_fu_15443_p3     |    select|   0|  0|   33|           1|          31|
    |select_ln204_2_fu_14582_p3      |    select|   0|  0|    2|           1|           1|
    |select_ln204_30_fu_15465_p3     |    select|   0|  0|   63|           1|          64|
    |select_ln204_31_fu_15540_p3     |    select|   0|  0|    2|           1|           1|
    |select_ln204_32_fu_15548_p3     |    select|   0|  0|    2|           1|           1|
    |select_ln204_33_fu_15604_p3     |    select|   0|  0|   33|           1|          31|
    |select_ln204_35_fu_15626_p3     |    select|   0|  0|   63|           1|          64|
    |select_ln204_36_fu_15701_p3     |    select|   0|  0|    2|           1|           1|
    |select_ln204_37_fu_15709_p3     |    select|   0|  0|    2|           1|           1|
    |select_ln204_38_fu_15765_p3     |    select|   0|  0|   33|           1|          31|
    |select_ln204_3_fu_14638_p3      |    select|   0|  0|   33|           1|          31|
    |select_ln204_40_fu_15787_p3     |    select|   0|  0|   63|           1|          64|
    |select_ln204_41_fu_15862_p3     |    select|   0|  0|    2|           1|           1|
    |select_ln204_42_fu_15870_p3     |    select|   0|  0|    2|           1|           1|
    |select_ln204_43_fu_15926_p3     |    select|   0|  0|   33|           1|          31|
    |select_ln204_45_fu_15948_p3     |    select|   0|  0|   63|           1|          64|
    |select_ln204_46_fu_16023_p3     |    select|   0|  0|    2|           1|           1|
    |select_ln204_47_fu_16031_p3     |    select|   0|  0|    2|           1|           1|
    |select_ln204_48_fu_16087_p3     |    select|   0|  0|   33|           1|          31|
    |select_ln204_50_fu_16109_p3     |    select|   0|  0|   63|           1|          64|
    |select_ln204_51_fu_16184_p3     |    select|   0|  0|    2|           1|           1|
    |select_ln204_52_fu_16192_p3     |    select|   0|  0|    2|           1|           1|
    |select_ln204_53_fu_16248_p3     |    select|   0|  0|   33|           1|          31|
    |select_ln204_55_fu_16270_p3     |    select|   0|  0|   63|           1|          64|
    |select_ln204_56_fu_16345_p3     |    select|   0|  0|    2|           1|           1|
    |select_ln204_57_fu_16353_p3     |    select|   0|  0|    2|           1|           1|
    |select_ln204_58_fu_16409_p3     |    select|   0|  0|   33|           1|          31|
    |select_ln204_5_fu_14660_p3      |    select|   0|  0|   63|           1|          64|
    |select_ln204_60_fu_16431_p3     |    select|   0|  0|   63|           1|          64|
    |select_ln204_61_fu_16506_p3     |    select|   0|  0|    2|           1|           1|
    |select_ln204_62_fu_16514_p3     |    select|   0|  0|    2|           1|           1|
    |select_ln204_63_fu_16570_p3     |    select|   0|  0|   33|           1|          31|
    |select_ln204_65_fu_16592_p3     |    select|   0|  0|   63|           1|          64|
    |select_ln204_66_fu_16667_p3     |    select|   0|  0|    2|           1|           1|
    |select_ln204_67_fu_16675_p3     |    select|   0|  0|    2|           1|           1|
    |select_ln204_68_fu_16731_p3     |    select|   0|  0|   33|           1|          31|
    |select_ln204_6_fu_14735_p3      |    select|   0|  0|    2|           1|           1|
    |select_ln204_70_fu_16753_p3     |    select|   0|  0|   63|           1|          64|
    |select_ln204_71_fu_16828_p3     |    select|   0|  0|    2|           1|           1|
    |select_ln204_72_fu_16836_p3     |    select|   0|  0|    2|           1|           1|
    |select_ln204_73_fu_16892_p3     |    select|   0|  0|   33|           1|          31|
    |select_ln204_75_fu_16914_p3     |    select|   0|  0|   63|           1|          64|
    |select_ln204_76_fu_16989_p3     |    select|   0|  0|    2|           1|           1|
    |select_ln204_77_fu_16997_p3     |    select|   0|  0|    2|           1|           1|
    |select_ln204_78_fu_17053_p3     |    select|   0|  0|   33|           1|          31|
    |select_ln204_7_fu_14743_p3      |    select|   0|  0|    2|           1|           1|
    |select_ln204_80_fu_17075_p3     |    select|   0|  0|   63|           1|          64|
    |select_ln204_81_fu_17150_p3     |    select|   0|  0|    2|           1|           1|
    |select_ln204_82_fu_17158_p3     |    select|   0|  0|    2|           1|           1|
    |select_ln204_83_fu_17214_p3     |    select|   0|  0|   33|           1|          31|
    |select_ln204_85_fu_17236_p3     |    select|   0|  0|   63|           1|          64|
    |select_ln204_86_fu_17311_p3     |    select|   0|  0|    2|           1|           1|
    |select_ln204_87_fu_17319_p3     |    select|   0|  0|    2|           1|           1|
    |select_ln204_88_fu_17375_p3     |    select|   0|  0|   33|           1|          31|
    |select_ln204_8_fu_14799_p3      |    select|   0|  0|   33|           1|          31|
    |select_ln204_90_fu_17397_p3     |    select|   0|  0|   63|           1|          64|
    |select_ln204_91_fu_17472_p3     |    select|   0|  0|    2|           1|           1|
    |select_ln204_92_fu_17480_p3     |    select|   0|  0|    2|           1|           1|
    |select_ln204_93_fu_17536_p3     |    select|   0|  0|   33|           1|          31|
    |select_ln204_95_fu_17558_p3     |    select|   0|  0|   63|           1|          64|
    |select_ln204_96_fu_17633_p3     |    select|   0|  0|    2|           1|           1|
    |select_ln204_97_fu_17641_p3     |    select|   0|  0|    2|           1|           1|
    |select_ln204_98_fu_17697_p3     |    select|   0|  0|   33|           1|          31|
    |select_ln204_fu_14499_p3        |    select|   0|  0|   63|           1|          64|
    |select_ln209_1_fu_21851_p3      |    select|   0|  0|   33|           1|          33|
    |select_ln209_2_fu_21859_p3      |    select|   0|  0|   32|           1|          32|
    |select_ln209_fu_21843_p3        |    select|   0|  0|   32|           1|          31|
    |select_ln214_fu_21913_p3        |    select|   0|  0|   33|           1|          31|
    |select_ln253_1_fu_22159_p3      |    select|   0|  0|   41|           1|          39|
    |select_ln253_fu_22041_p3        |    select|   0|  0|   40|           1|          39|
    |select_ln263_10_fu_23049_p3     |    select|   0|  0|    2|           1|           1|
    |select_ln263_11_fu_23065_p3     |    select|   0|  0|    2|           1|           1|
    |select_ln263_12_fu_23119_p3     |    select|   0|  0|   41|           1|          39|
    |select_ln263_14_fu_23276_p3     |    select|   0|  0|    2|           1|           1|
    |select_ln263_15_fu_23292_p3     |    select|   0|  0|    2|           1|           1|
    |select_ln263_16_fu_23346_p3     |    select|   0|  0|   41|           1|          39|
    |select_ln263_18_fu_23503_p3     |    select|   0|  0|    2|           1|           1|
    |select_ln263_19_fu_23519_p3     |    select|   0|  0|    2|           1|           1|
    |select_ln263_20_fu_23573_p3     |    select|   0|  0|   41|           1|          39|
    |select_ln263_22_fu_23730_p3     |    select|   0|  0|    2|           1|           1|
    |select_ln263_23_fu_23746_p3     |    select|   0|  0|    2|           1|           1|
    |select_ln263_24_fu_23800_p3     |    select|   0|  0|   41|           1|          39|
    |select_ln263_26_fu_23957_p3     |    select|   0|  0|    2|           1|           1|
    |select_ln263_27_fu_23973_p3     |    select|   0|  0|    2|           1|           1|
    |select_ln263_28_fu_24027_p3     |    select|   0|  0|   41|           1|          39|
    |select_ln263_2_fu_22589_p3      |    select|   0|  0|    2|           1|           1|
    |select_ln263_30_fu_24184_p3     |    select|   0|  0|    2|           1|           1|
    |select_ln263_31_fu_24200_p3     |    select|   0|  0|    2|           1|           1|
    |select_ln263_32_fu_24254_p3     |    select|   0|  0|   41|           1|          39|
    |select_ln263_34_fu_24411_p3     |    select|   0|  0|    2|           1|           1|
    |select_ln263_35_fu_24427_p3     |    select|   0|  0|    2|           1|           1|
    |select_ln263_36_fu_24481_p3     |    select|   0|  0|   41|           1|          39|
    |select_ln263_38_fu_24638_p3     |    select|   0|  0|    2|           1|           1|
    |select_ln263_39_fu_24654_p3     |    select|   0|  0|    2|           1|           1|
    |select_ln263_3_fu_22606_p3      |    select|   0|  0|    2|           1|           1|
    |select_ln263_40_fu_24708_p3     |    select|   0|  0|   41|           1|          39|
    |select_ln263_4_fu_22664_p3      |    select|   0|  0|   41|           1|          39|
    |select_ln263_6_fu_22822_p3      |    select|   0|  0|    2|           1|           1|
    |select_ln263_7_fu_22838_p3      |    select|   0|  0|    2|           1|           1|
    |select_ln263_8_fu_22892_p3      |    select|   0|  0|   41|           1|          39|
    |select_ln263_fu_22439_p3        |    select|   0|  0|   41|           1|          39|
    |select_ln269_1_fu_24884_p3      |    select|   0|  0|    2|           1|           1|
    |select_ln269_2_fu_24938_p3      |    select|   0|  0|   41|           1|          39|
    |select_ln269_fu_24868_p3        |    select|   0|  0|    2|           1|           1|
    |select_ln280_fu_25069_p3        |    select|   0|  0|   32|           1|           1|
    |selected_Jij_526_fu_5701_p3     |    select|   0|  0|   32|           1|          32|
    |selected_Jij_527_fu_5953_p3     |    select|   0|  0|   32|           1|          32|
    |selected_Jij_528_fu_6477_p3     |    select|   0|  0|   32|           1|          32|
    |selected_Jij_529_fu_6745_p3     |    select|   0|  0|   32|           1|          32|
    |selected_Jij_530_fu_7013_p3     |    select|   0|  0|   32|           1|          32|
    |selected_Jij_531_fu_7281_p3     |    select|   0|  0|   32|           1|          32|
    |selected_Jij_532_fu_7549_p3     |    select|   0|  0|   32|           1|          32|
    |selected_Jij_533_fu_7823_p3     |    select|   0|  0|   32|           1|          32|
    |selected_Jij_534_fu_8097_p3     |    select|   0|  0|   32|           1|          32|
    |selected_Jij_535_fu_8371_p3     |    select|   0|  0|   32|           1|          32|
    |selected_Jij_536_fu_8645_p3     |    select|   0|  0|   32|           1|          32|
    |selected_Jij_537_fu_8919_p3     |    select|   0|  0|   32|           1|          32|
    |selected_Jij_538_fu_9193_p3     |    select|   0|  0|   32|           1|          32|
    |selected_Jij_539_fu_9467_p3     |    select|   0|  0|   32|           1|          32|
    |selected_Jij_540_fu_9741_p3     |    select|   0|  0|   32|           1|          32|
    |selected_Jij_541_fu_10021_p3    |    select|   0|  0|   32|           1|          32|
    |selected_Jij_542_fu_10301_p3    |    select|   0|  0|   32|           1|          32|
    |selected_Jij_543_fu_10581_p3    |    select|   0|  0|   32|           1|          32|
    |selected_Jij_544_fu_10861_p3    |    select|   0|  0|   32|           1|          32|
    |selected_Jij_545_fu_11141_p3    |    select|   0|  0|   32|           1|          32|
    |selected_Jij_546_fu_11421_p3    |    select|   0|  0|   32|           1|          32|
    |selected_Jij_547_fu_11701_p3    |    select|   0|  0|   32|           1|          32|
    |selected_Jij_548_fu_11981_p3    |    select|   0|  0|   32|           1|          32|
    |selected_Jij_549_fu_12261_p3    |    select|   0|  0|   32|           1|          32|
    |selected_Jij_550_fu_12541_p3    |    select|   0|  0|   32|           1|          32|
    |selected_Jij_551_fu_12821_p3    |    select|   0|  0|   32|           1|          32|
    |selected_Jij_552_fu_13101_p3    |    select|   0|  0|   32|           1|          32|
    |selected_Jij_553_fu_13381_p3    |    select|   0|  0|   32|           1|          32|
    |selected_Jij_554_fu_13661_p3    |    select|   0|  0|   32|           1|          32|
    |selected_Jij_555_fu_13941_p3    |    select|   0|  0|   32|           1|          32|
    |selected_Jij_556_fu_14221_p3    |    select|   0|  0|   32|           1|          32|
    |selected_Jij_fu_6215_p3         |    select|   0|  0|   32|           1|          32|
    |signed_field_fu_21867_p3        |    select|   0|  0|   32|           1|          32|
    |terms_10_fu_16101_p3            |    select|   0|  0|   32|           1|          32|
    |terms_11_fu_16262_p3            |    select|   0|  0|   32|           1|          32|
    |terms_12_fu_16423_p3            |    select|   0|  0|   32|           1|          32|
    |terms_13_fu_16584_p3            |    select|   0|  0|   32|           1|          32|
    |terms_14_fu_16745_p3            |    select|   0|  0|   32|           1|          32|
    |terms_15_fu_16906_p3            |    select|   0|  0|   32|           1|          32|
    |terms_16_fu_17067_p3            |    select|   0|  0|   32|           1|          32|
    |terms_17_fu_17228_p3            |    select|   0|  0|   32|           1|          32|
    |terms_18_fu_17389_p3            |    select|   0|  0|   32|           1|          32|
    |terms_19_fu_17550_p3            |    select|   0|  0|   32|           1|          32|
    |terms_1_fu_14652_p3             |    select|   0|  0|   32|           1|          32|
    |terms_20_fu_17711_p3            |    select|   0|  0|   32|           1|          32|
    |terms_21_fu_17872_p3            |    select|   0|  0|   32|           1|          32|
    |terms_22_fu_18033_p3            |    select|   0|  0|   32|           1|          32|
    |terms_23_fu_18194_p3            |    select|   0|  0|   32|           1|          32|
    |terms_24_fu_18355_p3            |    select|   0|  0|   32|           1|          32|
    |terms_25_fu_18516_p3            |    select|   0|  0|   32|           1|          32|
    |terms_26_fu_18677_p3            |    select|   0|  0|   32|           1|          32|
    |terms_27_fu_18838_p3            |    select|   0|  0|   32|           1|          32|
    |terms_28_fu_18999_p3            |    select|   0|  0|   32|           1|          32|
    |terms_29_fu_19160_p3            |    select|   0|  0|   32|           1|          32|
    |terms_2_fu_14813_p3             |    select|   0|  0|   32|           1|          32|
    |terms_30_fu_19321_p3            |    select|   0|  0|   32|           1|          32|
    |terms_31_fu_19482_p3            |    select|   0|  0|   32|           1|          32|
    |terms_32_fu_19643_p3            |    select|   0|  0|   32|           1|          32|
    |terms_3_fu_14974_p3             |    select|   0|  0|   32|           1|          32|
    |terms_4_fu_15135_p3             |    select|   0|  0|   32|           1|          32|
    |terms_5_fu_15296_p3             |    select|   0|  0|   32|           1|          32|
    |terms_6_fu_15457_p3             |    select|   0|  0|   32|           1|          32|
    |terms_7_fu_15618_p3             |    select|   0|  0|   32|           1|          32|
    |terms_8_fu_15779_p3             |    select|   0|  0|   32|           1|          32|
    |terms_9_fu_15940_p3             |    select|   0|  0|   32|           1|          32|
    |x_fu_21941_p3                   |    select|   0|  0|   31|           1|           1|
    |y_1_fu_22173_p3                 |    select|   0|  0|   40|           1|          40|
    |not_tmp_322_fu_25033_p2         |       xor|   0|  0|    2|           1|           2|
    |xor_ln104_10_fu_20013_p2        |       xor|   0|  0|    2|           1|           2|
    |xor_ln104_11_fu_20025_p2        |       xor|   0|  0|    2|           1|           1|
    |xor_ln104_12_fu_20079_p2        |       xor|   0|  0|    2|           1|           2|
    |xor_ln104_13_fu_20091_p2        |       xor|   0|  0|    2|           1|           1|
    |xor_ln104_14_fu_20145_p2        |       xor|   0|  0|    2|           1|           2|
    |xor_ln104_15_fu_20157_p2        |       xor|   0|  0|    2|           1|           1|
    |xor_ln104_16_fu_20211_p2        |       xor|   0|  0|    2|           1|           2|
    |xor_ln104_17_fu_20223_p2        |       xor|   0|  0|    2|           1|           1|
    |xor_ln104_18_fu_20277_p2        |       xor|   0|  0|    2|           1|           2|
    |xor_ln104_19_fu_20289_p2        |       xor|   0|  0|    2|           1|           1|
    |xor_ln104_1_fu_19695_p2         |       xor|   0|  0|    2|           1|           1|
    |xor_ln104_20_fu_20343_p2        |       xor|   0|  0|    2|           1|           2|
    |xor_ln104_21_fu_20355_p2        |       xor|   0|  0|    2|           1|           1|
    |xor_ln104_22_fu_20409_p2        |       xor|   0|  0|    2|           1|           2|
    |xor_ln104_23_fu_20421_p2        |       xor|   0|  0|    2|           1|           1|
    |xor_ln104_24_fu_20475_p2        |       xor|   0|  0|    2|           1|           2|
    |xor_ln104_25_fu_20487_p2        |       xor|   0|  0|    2|           1|           1|
    |xor_ln104_26_fu_20541_p2        |       xor|   0|  0|    2|           1|           2|
    |xor_ln104_27_fu_20553_p2        |       xor|   0|  0|    2|           1|           1|
    |xor_ln104_28_fu_20607_p2        |       xor|   0|  0|    2|           1|           2|
    |xor_ln104_29_fu_20619_p2        |       xor|   0|  0|    2|           1|           1|
    |xor_ln104_2_fu_19749_p2         |       xor|   0|  0|    2|           1|           2|
    |xor_ln104_30_fu_20673_p2        |       xor|   0|  0|    2|           1|           2|
    |xor_ln104_31_fu_20685_p2        |       xor|   0|  0|    2|           1|           1|
    |xor_ln104_32_fu_20995_p2        |       xor|   0|  0|    2|           1|           2|
    |xor_ln104_33_fu_21005_p2        |       xor|   0|  0|    2|           1|           1|
    |xor_ln104_34_fu_21024_p2        |       xor|   0|  0|    2|           1|           2|
    |xor_ln104_35_fu_21034_p2        |       xor|   0|  0|    2|           1|           1|
    |xor_ln104_36_fu_21053_p2        |       xor|   0|  0|    2|           1|           2|
    |xor_ln104_37_fu_21063_p2        |       xor|   0|  0|    2|           1|           1|
    |xor_ln104_38_fu_21082_p2        |       xor|   0|  0|    2|           1|           2|
    |xor_ln104_39_fu_21092_p2        |       xor|   0|  0|    2|           1|           1|
    |xor_ln104_3_fu_19761_p2         |       xor|   0|  0|    2|           1|           1|
    |xor_ln104_40_fu_21111_p2        |       xor|   0|  0|    2|           1|           2|
    |xor_ln104_41_fu_21121_p2        |       xor|   0|  0|    2|           1|           1|
    |xor_ln104_42_fu_21140_p2        |       xor|   0|  0|    2|           1|           2|
    |xor_ln104_43_fu_21150_p2        |       xor|   0|  0|    2|           1|           1|
    |xor_ln104_44_fu_21169_p2        |       xor|   0|  0|    2|           1|           2|
    |xor_ln104_45_fu_21179_p2        |       xor|   0|  0|    2|           1|           1|
    |xor_ln104_46_fu_21198_p2        |       xor|   0|  0|    2|           1|           2|
    |xor_ln104_47_fu_21208_p2        |       xor|   0|  0|    2|           1|           1|
    |xor_ln104_48_fu_21263_p2        |       xor|   0|  0|    2|           1|           2|
    |xor_ln104_49_fu_21275_p2        |       xor|   0|  0|    2|           1|           1|
    |xor_ln104_4_fu_19815_p2         |       xor|   0|  0|    2|           1|           2|
    |xor_ln104_50_fu_21333_p2        |       xor|   0|  0|    2|           1|           2|
    |xor_ln104_51_fu_21345_p2        |       xor|   0|  0|    2|           1|           1|
    |xor_ln104_52_fu_21403_p2        |       xor|   0|  0|    2|           1|           2|
    |xor_ln104_53_fu_21415_p2        |       xor|   0|  0|    2|           1|           1|
    |xor_ln104_54_fu_21473_p2        |       xor|   0|  0|    2|           1|           2|
    |xor_ln104_55_fu_21485_p2        |       xor|   0|  0|    2|           1|           1|
    |xor_ln104_56_fu_21539_p2        |       xor|   0|  0|    2|           1|           2|
    |xor_ln104_57_fu_21551_p2        |       xor|   0|  0|    2|           1|           1|
    |xor_ln104_58_fu_21605_p2        |       xor|   0|  0|    2|           1|           2|
    |xor_ln104_59_fu_21617_p2        |       xor|   0|  0|    2|           1|           1|
    |xor_ln104_5_fu_19827_p2         |       xor|   0|  0|    2|           1|           1|
    |xor_ln104_60_fu_21675_p2        |       xor|   0|  0|    2|           1|           2|
    |xor_ln104_61_fu_21685_p2        |       xor|   0|  0|    2|           1|           1|
    |xor_ln104_62_fu_21738_p2        |       xor|   0|  0|    2|           1|           2|
    |xor_ln104_63_fu_21750_p2        |       xor|   0|  0|    2|           1|           1|
    |xor_ln104_6_fu_19881_p2         |       xor|   0|  0|    2|           1|           2|
    |xor_ln104_7_fu_19893_p2         |       xor|   0|  0|    2|           1|           1|
    |xor_ln104_8_fu_19947_p2         |       xor|   0|  0|    2|           1|           2|
    |xor_ln104_9_fu_19959_p2         |       xor|   0|  0|    2|           1|           1|
    |xor_ln104_fu_19683_p2           |       xor|   0|  0|    2|           1|           2|
    |xor_ln204_100_fu_17776_p2       |       xor|   0|  0|    2|           1|           2|
    |xor_ln204_101_fu_17788_p2       |       xor|   0|  0|    2|           1|           2|
    |xor_ln204_102_fu_17810_p2       |       xor|   0|  0|    2|           1|           2|
    |xor_ln204_103_fu_17822_p2       |       xor|   0|  0|    2|           1|           2|
    |xor_ln204_104_fu_17846_p2       |       xor|   0|  0|    2|           1|           1|
    |xor_ln204_105_fu_17937_p2       |       xor|   0|  0|    2|           1|           2|
    |xor_ln204_106_fu_17949_p2       |       xor|   0|  0|    2|           1|           2|
    |xor_ln204_107_fu_17971_p2       |       xor|   0|  0|    2|           1|           2|
    |xor_ln204_108_fu_17983_p2       |       xor|   0|  0|    2|           1|           2|
    |xor_ln204_109_fu_18007_p2       |       xor|   0|  0|    2|           1|           1|
    |xor_ln204_10_fu_14878_p2        |       xor|   0|  0|    2|           1|           2|
    |xor_ln204_110_fu_18098_p2       |       xor|   0|  0|    2|           1|           2|
    |xor_ln204_111_fu_18110_p2       |       xor|   0|  0|    2|           1|           2|
    |xor_ln204_112_fu_18132_p2       |       xor|   0|  0|    2|           1|           2|
    |xor_ln204_113_fu_18144_p2       |       xor|   0|  0|    2|           1|           2|
    |xor_ln204_114_fu_18168_p2       |       xor|   0|  0|    2|           1|           1|
    |xor_ln204_115_fu_18259_p2       |       xor|   0|  0|    2|           1|           2|
    |xor_ln204_116_fu_18271_p2       |       xor|   0|  0|    2|           1|           2|
    |xor_ln204_117_fu_18293_p2       |       xor|   0|  0|    2|           1|           2|
    |xor_ln204_118_fu_18305_p2       |       xor|   0|  0|    2|           1|           2|
    |xor_ln204_119_fu_18329_p2       |       xor|   0|  0|    2|           1|           1|
    |xor_ln204_11_fu_14890_p2        |       xor|   0|  0|    2|           1|           2|
    |xor_ln204_120_fu_18420_p2       |       xor|   0|  0|    2|           1|           2|
    |xor_ln204_121_fu_18432_p2       |       xor|   0|  0|    2|           1|           2|
    |xor_ln204_122_fu_18454_p2       |       xor|   0|  0|    2|           1|           2|
    |xor_ln204_123_fu_18466_p2       |       xor|   0|  0|    2|           1|           2|
    |xor_ln204_124_fu_18490_p2       |       xor|   0|  0|    2|           1|           1|
    |xor_ln204_125_fu_18581_p2       |       xor|   0|  0|    2|           1|           2|
    |xor_ln204_126_fu_18593_p2       |       xor|   0|  0|    2|           1|           2|
    |xor_ln204_127_fu_18615_p2       |       xor|   0|  0|    2|           1|           2|
    |xor_ln204_128_fu_18627_p2       |       xor|   0|  0|    2|           1|           2|
    |xor_ln204_129_fu_18651_p2       |       xor|   0|  0|    2|           1|           1|
    |xor_ln204_12_fu_14912_p2        |       xor|   0|  0|    2|           1|           2|
    |xor_ln204_130_fu_18742_p2       |       xor|   0|  0|    2|           1|           2|
    |xor_ln204_131_fu_18754_p2       |       xor|   0|  0|    2|           1|           2|
    |xor_ln204_132_fu_18776_p2       |       xor|   0|  0|    2|           1|           2|
    |xor_ln204_133_fu_18788_p2       |       xor|   0|  0|    2|           1|           2|
    |xor_ln204_134_fu_18812_p2       |       xor|   0|  0|    2|           1|           1|
    |xor_ln204_135_fu_18903_p2       |       xor|   0|  0|    2|           1|           2|
    |xor_ln204_136_fu_18915_p2       |       xor|   0|  0|    2|           1|           2|
    |xor_ln204_137_fu_18937_p2       |       xor|   0|  0|    2|           1|           2|
    |xor_ln204_138_fu_18949_p2       |       xor|   0|  0|    2|           1|           2|
    |xor_ln204_139_fu_18973_p2       |       xor|   0|  0|    2|           1|           1|
    |xor_ln204_13_fu_14924_p2        |       xor|   0|  0|    2|           1|           2|
    |xor_ln204_140_fu_19064_p2       |       xor|   0|  0|    2|           1|           2|
    |xor_ln204_141_fu_19076_p2       |       xor|   0|  0|    2|           1|           2|
    |xor_ln204_142_fu_19098_p2       |       xor|   0|  0|    2|           1|           2|
    |xor_ln204_143_fu_19110_p2       |       xor|   0|  0|    2|           1|           2|
    |xor_ln204_144_fu_19134_p2       |       xor|   0|  0|    2|           1|           1|
    |xor_ln204_145_fu_19225_p2       |       xor|   0|  0|    2|           1|           2|
    |xor_ln204_146_fu_19237_p2       |       xor|   0|  0|    2|           1|           2|
    |xor_ln204_147_fu_19259_p2       |       xor|   0|  0|    2|           1|           2|
    |xor_ln204_148_fu_19271_p2       |       xor|   0|  0|    2|           1|           2|
    |xor_ln204_149_fu_19295_p2       |       xor|   0|  0|    2|           1|           1|
    |xor_ln204_14_fu_14948_p2        |       xor|   0|  0|    2|           1|           1|
    |xor_ln204_150_fu_19386_p2       |       xor|   0|  0|    2|           1|           2|
    |xor_ln204_151_fu_19398_p2       |       xor|   0|  0|    2|           1|           2|
    |xor_ln204_152_fu_19420_p2       |       xor|   0|  0|    2|           1|           2|
    |xor_ln204_153_fu_19432_p2       |       xor|   0|  0|    2|           1|           2|
    |xor_ln204_154_fu_19456_p2       |       xor|   0|  0|    2|           1|           1|
    |xor_ln204_155_fu_19547_p2       |       xor|   0|  0|    2|           1|           2|
    |xor_ln204_156_fu_19559_p2       |       xor|   0|  0|    2|           1|           2|
    |xor_ln204_157_fu_19581_p2       |       xor|   0|  0|    2|           1|           2|
    |xor_ln204_158_fu_19593_p2       |       xor|   0|  0|    2|           1|           2|
    |xor_ln204_159_fu_19617_p2       |       xor|   0|  0|    2|           1|           1|
    |xor_ln204_15_fu_15039_p2        |       xor|   0|  0|    2|           1|           2|
    |xor_ln204_16_fu_15051_p2        |       xor|   0|  0|    2|           1|           2|
    |xor_ln204_17_fu_15073_p2        |       xor|   0|  0|    2|           1|           2|
    |xor_ln204_18_fu_15085_p2        |       xor|   0|  0|    2|           1|           2|
    |xor_ln204_19_fu_15109_p2        |       xor|   0|  0|    2|           1|           1|
    |xor_ln204_1_fu_14568_p2         |       xor|   0|  0|    2|           1|           2|
    |xor_ln204_20_fu_15200_p2        |       xor|   0|  0|    2|           1|           2|
    |xor_ln204_21_fu_15212_p2        |       xor|   0|  0|    2|           1|           2|
    |xor_ln204_22_fu_15234_p2        |       xor|   0|  0|    2|           1|           2|
    |xor_ln204_23_fu_15246_p2        |       xor|   0|  0|    2|           1|           2|
    |xor_ln204_24_fu_15270_p2        |       xor|   0|  0|    2|           1|           1|
    |xor_ln204_25_fu_15361_p2        |       xor|   0|  0|    2|           1|           2|
    |xor_ln204_26_fu_15373_p2        |       xor|   0|  0|    2|           1|           2|
    |xor_ln204_27_fu_15395_p2        |       xor|   0|  0|    2|           1|           2|
    |xor_ln204_28_fu_15407_p2        |       xor|   0|  0|    2|           1|           2|
    |xor_ln204_29_fu_15431_p2        |       xor|   0|  0|    2|           1|           1|
    |xor_ln204_2_fu_14590_p2         |       xor|   0|  0|    2|           1|           2|
    |xor_ln204_30_fu_15522_p2        |       xor|   0|  0|    2|           1|           2|
    |xor_ln204_31_fu_15534_p2        |       xor|   0|  0|    2|           1|           2|
    |xor_ln204_32_fu_15556_p2        |       xor|   0|  0|    2|           1|           2|
    |xor_ln204_33_fu_15568_p2        |       xor|   0|  0|    2|           1|           2|
    |xor_ln204_34_fu_15592_p2        |       xor|   0|  0|    2|           1|           1|
    |xor_ln204_35_fu_15683_p2        |       xor|   0|  0|    2|           1|           2|
    |xor_ln204_36_fu_15695_p2        |       xor|   0|  0|    2|           1|           2|
    |xor_ln204_37_fu_15717_p2        |       xor|   0|  0|    2|           1|           2|
    |xor_ln204_38_fu_15729_p2        |       xor|   0|  0|    2|           1|           2|
    |xor_ln204_39_fu_15753_p2        |       xor|   0|  0|    2|           1|           1|
    |xor_ln204_3_fu_14602_p2         |       xor|   0|  0|    2|           1|           2|
    |xor_ln204_40_fu_15844_p2        |       xor|   0|  0|    2|           1|           2|
    |xor_ln204_41_fu_15856_p2        |       xor|   0|  0|    2|           1|           2|
    |xor_ln204_42_fu_15878_p2        |       xor|   0|  0|    2|           1|           2|
    |xor_ln204_43_fu_15890_p2        |       xor|   0|  0|    2|           1|           2|
    |xor_ln204_44_fu_15914_p2        |       xor|   0|  0|    2|           1|           1|
    |xor_ln204_45_fu_16005_p2        |       xor|   0|  0|    2|           1|           2|
    |xor_ln204_46_fu_16017_p2        |       xor|   0|  0|    2|           1|           2|
    |xor_ln204_47_fu_16039_p2        |       xor|   0|  0|    2|           1|           2|
    |xor_ln204_48_fu_16051_p2        |       xor|   0|  0|    2|           1|           2|
    |xor_ln204_49_fu_16075_p2        |       xor|   0|  0|    2|           1|           1|
    |xor_ln204_4_fu_14626_p2         |       xor|   0|  0|    2|           1|           1|
    |xor_ln204_50_fu_16166_p2        |       xor|   0|  0|    2|           1|           2|
    |xor_ln204_51_fu_16178_p2        |       xor|   0|  0|    2|           1|           2|
    |xor_ln204_52_fu_16200_p2        |       xor|   0|  0|    2|           1|           2|
    |xor_ln204_53_fu_16212_p2        |       xor|   0|  0|    2|           1|           2|
    |xor_ln204_54_fu_16236_p2        |       xor|   0|  0|    2|           1|           1|
    |xor_ln204_55_fu_16327_p2        |       xor|   0|  0|    2|           1|           2|
    |xor_ln204_56_fu_16339_p2        |       xor|   0|  0|    2|           1|           2|
    |xor_ln204_57_fu_16361_p2        |       xor|   0|  0|    2|           1|           2|
    |xor_ln204_58_fu_16373_p2        |       xor|   0|  0|    2|           1|           2|
    |xor_ln204_59_fu_16397_p2        |       xor|   0|  0|    2|           1|           1|
    |xor_ln204_5_fu_14717_p2         |       xor|   0|  0|    2|           1|           2|
    |xor_ln204_60_fu_16488_p2        |       xor|   0|  0|    2|           1|           2|
    |xor_ln204_61_fu_16500_p2        |       xor|   0|  0|    2|           1|           2|
    |xor_ln204_62_fu_16522_p2        |       xor|   0|  0|    2|           1|           2|
    |xor_ln204_63_fu_16534_p2        |       xor|   0|  0|    2|           1|           2|
    |xor_ln204_64_fu_16558_p2        |       xor|   0|  0|    2|           1|           1|
    |xor_ln204_65_fu_16649_p2        |       xor|   0|  0|    2|           1|           2|
    |xor_ln204_66_fu_16661_p2        |       xor|   0|  0|    2|           1|           2|
    |xor_ln204_67_fu_16683_p2        |       xor|   0|  0|    2|           1|           2|
    |xor_ln204_68_fu_16695_p2        |       xor|   0|  0|    2|           1|           2|
    |xor_ln204_69_fu_16719_p2        |       xor|   0|  0|    2|           1|           1|
    |xor_ln204_6_fu_14729_p2         |       xor|   0|  0|    2|           1|           2|
    |xor_ln204_70_fu_16810_p2        |       xor|   0|  0|    2|           1|           2|
    |xor_ln204_71_fu_16822_p2        |       xor|   0|  0|    2|           1|           2|
    |xor_ln204_72_fu_16844_p2        |       xor|   0|  0|    2|           1|           2|
    |xor_ln204_73_fu_16856_p2        |       xor|   0|  0|    2|           1|           2|
    |xor_ln204_74_fu_16880_p2        |       xor|   0|  0|    2|           1|           1|
    |xor_ln204_75_fu_16971_p2        |       xor|   0|  0|    2|           1|           2|
    |xor_ln204_76_fu_16983_p2        |       xor|   0|  0|    2|           1|           2|
    |xor_ln204_77_fu_17005_p2        |       xor|   0|  0|    2|           1|           2|
    |xor_ln204_78_fu_17017_p2        |       xor|   0|  0|    2|           1|           2|
    |xor_ln204_79_fu_17041_p2        |       xor|   0|  0|    2|           1|           1|
    |xor_ln204_7_fu_14751_p2         |       xor|   0|  0|    2|           1|           2|
    |xor_ln204_80_fu_17132_p2        |       xor|   0|  0|    2|           1|           2|
    |xor_ln204_81_fu_17144_p2        |       xor|   0|  0|    2|           1|           2|
    |xor_ln204_82_fu_17166_p2        |       xor|   0|  0|    2|           1|           2|
    |xor_ln204_83_fu_17178_p2        |       xor|   0|  0|    2|           1|           2|
    |xor_ln204_84_fu_17202_p2        |       xor|   0|  0|    2|           1|           1|
    |xor_ln204_85_fu_17293_p2        |       xor|   0|  0|    2|           1|           2|
    |xor_ln204_86_fu_17305_p2        |       xor|   0|  0|    2|           1|           2|
    |xor_ln204_87_fu_17327_p2        |       xor|   0|  0|    2|           1|           2|
    |xor_ln204_88_fu_17339_p2        |       xor|   0|  0|    2|           1|           2|
    |xor_ln204_89_fu_17363_p2        |       xor|   0|  0|    2|           1|           1|
    |xor_ln204_8_fu_14763_p2         |       xor|   0|  0|    2|           1|           2|
    |xor_ln204_90_fu_17454_p2        |       xor|   0|  0|    2|           1|           2|
    |xor_ln204_91_fu_17466_p2        |       xor|   0|  0|    2|           1|           2|
    |xor_ln204_92_fu_17488_p2        |       xor|   0|  0|    2|           1|           2|
    |xor_ln204_93_fu_17500_p2        |       xor|   0|  0|    2|           1|           2|
    |xor_ln204_94_fu_17524_p2        |       xor|   0|  0|    2|           1|           1|
    |xor_ln204_95_fu_17615_p2        |       xor|   0|  0|    2|           1|           2|
    |xor_ln204_96_fu_17627_p2        |       xor|   0|  0|    2|           1|           2|
    |xor_ln204_97_fu_17649_p2        |       xor|   0|  0|    2|           1|           2|
    |xor_ln204_98_fu_17661_p2        |       xor|   0|  0|    2|           1|           2|
    |xor_ln204_99_fu_17685_p2        |       xor|   0|  0|    2|           1|           1|
    |xor_ln204_9_fu_14787_p2         |       xor|   0|  0|    2|           1|           1|
    |xor_ln204_fu_14556_p2           |       xor|   0|  0|    2|           1|           2|
    |xor_ln209_1_fu_21813_p2         |       xor|   0|  0|    2|           1|           2|
    |xor_ln209_2_fu_21825_p2         |       xor|   0|  0|    2|           1|           1|
    |xor_ln209_3_fu_21831_p2         |       xor|   0|  0|    2|           1|           2|
    |xor_ln209_fu_21801_p2           |       xor|   0|  0|    2|           1|           2|
    |xor_ln214_1_fu_21907_p2         |       xor|   0|  0|    2|           1|           1|
    |xor_ln214_fu_21895_p2           |       xor|   0|  0|    2|           1|           2|
    |xor_ln238_fu_25107_p2           |       xor|   0|  0|    2|           1|           2|
    |xor_ln253_1_fu_22147_p2         |       xor|   0|  0|    2|           2|           1|
    |xor_ln253_fu_22129_p2           |       xor|   0|  0|    2|           1|           2|
    |xor_ln263_10_fu_22653_p2        |       xor|   0|  0|    2|           1|           2|
    |xor_ln263_11_fu_22765_p2        |       xor|   0|  0|    2|           1|           2|
    |xor_ln263_12_fu_22827_p2        |       xor|   0|  0|    2|           1|           2|
    |xor_ln263_13_fu_22848_p2        |       xor|   0|  0|    2|           1|           2|
    |xor_ln263_14_fu_22859_p2        |       xor|   0|  0|    2|           1|           2|
    |xor_ln263_15_fu_22881_p2        |       xor|   0|  0|    2|           1|           2|
    |xor_ln263_16_fu_22992_p2        |       xor|   0|  0|    2|           1|           2|
    |xor_ln263_17_fu_23054_p2        |       xor|   0|  0|    2|           1|           2|
    |xor_ln263_18_fu_23075_p2        |       xor|   0|  0|    2|           1|           2|
    |xor_ln263_19_fu_23086_p2        |       xor|   0|  0|    2|           1|           2|
    |xor_ln263_1_fu_22377_p2         |       xor|   0|  0|    2|           1|           2|
    |xor_ln263_20_fu_23108_p2        |       xor|   0|  0|    2|           1|           2|
    |xor_ln263_21_fu_23219_p2        |       xor|   0|  0|    2|           1|           2|
    |xor_ln263_22_fu_23281_p2        |       xor|   0|  0|    2|           1|           2|
    |xor_ln263_23_fu_23302_p2        |       xor|   0|  0|    2|           1|           2|
    |xor_ln263_24_fu_23313_p2        |       xor|   0|  0|    2|           1|           2|
    |xor_ln263_25_fu_23335_p2        |       xor|   0|  0|    2|           1|           2|
    |xor_ln263_26_fu_23446_p2        |       xor|   0|  0|    2|           1|           2|
    |xor_ln263_27_fu_23508_p2        |       xor|   0|  0|    2|           1|           2|
    |xor_ln263_28_fu_23529_p2        |       xor|   0|  0|    2|           1|           2|
    |xor_ln263_29_fu_23540_p2        |       xor|   0|  0|    2|           1|           2|
    |xor_ln263_2_fu_22388_p2         |       xor|   0|  0|    2|           1|           1|
    |xor_ln263_30_fu_23562_p2        |       xor|   0|  0|    2|           1|           2|
    |xor_ln263_31_fu_23673_p2        |       xor|   0|  0|    2|           1|           2|
    |xor_ln263_32_fu_23735_p2        |       xor|   0|  0|    2|           1|           2|
    |xor_ln263_33_fu_23756_p2        |       xor|   0|  0|    2|           1|           2|
    |xor_ln263_34_fu_23767_p2        |       xor|   0|  0|    2|           1|           2|
    |xor_ln263_35_fu_23789_p2        |       xor|   0|  0|    2|           1|           2|
    |xor_ln263_36_fu_23900_p2        |       xor|   0|  0|    2|           1|           2|
    |xor_ln263_37_fu_23962_p2        |       xor|   0|  0|    2|           1|           2|
    |xor_ln263_38_fu_23983_p2        |       xor|   0|  0|    2|           1|           2|
    |xor_ln263_39_fu_23994_p2        |       xor|   0|  0|    2|           1|           2|
    |xor_ln263_3_fu_22398_p2         |       xor|   0|  0|    2|           1|           2|
    |xor_ln263_40_fu_24016_p2        |       xor|   0|  0|    2|           1|           2|
    |xor_ln263_41_fu_24127_p2        |       xor|   0|  0|    2|           1|           2|
    |xor_ln263_42_fu_24189_p2        |       xor|   0|  0|    2|           1|           2|
    |xor_ln263_43_fu_24210_p2        |       xor|   0|  0|    2|           1|           2|
    |xor_ln263_44_fu_24221_p2        |       xor|   0|  0|    2|           1|           2|
    |xor_ln263_45_fu_24243_p2        |       xor|   0|  0|    2|           1|           2|
    |xor_ln263_46_fu_24354_p2        |       xor|   0|  0|    2|           1|           2|
    |xor_ln263_47_fu_24416_p2        |       xor|   0|  0|    2|           1|           2|
    |xor_ln263_48_fu_24437_p2        |       xor|   0|  0|    2|           1|           2|
    |xor_ln263_49_fu_24448_p2        |       xor|   0|  0|    2|           1|           2|
    |xor_ln263_4_fu_22393_p2         |       xor|   0|  0|    2|           1|           1|
    |xor_ln263_50_fu_24470_p2        |       xor|   0|  0|    2|           1|           2|
    |xor_ln263_51_fu_24581_p2        |       xor|   0|  0|    2|           1|           2|
    |xor_ln263_52_fu_24643_p2        |       xor|   0|  0|    2|           1|           2|
    |xor_ln263_53_fu_24664_p2        |       xor|   0|  0|    2|           1|           2|
    |xor_ln263_54_fu_24675_p2        |       xor|   0|  0|    2|           1|           2|
    |xor_ln263_55_fu_24697_p2        |       xor|   0|  0|    2|           1|           2|
    |xor_ln263_5_fu_22428_p2         |       xor|   0|  0|    2|           1|           2|
    |xor_ln263_6_fu_22570_p2         |       xor|   0|  0|    2|           1|           2|
    |xor_ln263_7_fu_22595_p2         |       xor|   0|  0|    2|           1|           2|
    |xor_ln263_8_fu_22618_p2         |       xor|   0|  0|    2|           1|           2|
    |xor_ln263_9_fu_22630_p2         |       xor|   0|  0|    2|           1|           2|
    |xor_ln263_fu_22366_p2           |       xor|   0|  0|    2|           1|           2|
    |xor_ln269_1_fu_24873_p2         |       xor|   0|  0|    2|           1|           2|
    |xor_ln269_2_fu_24894_p2         |       xor|   0|  0|    2|           1|           2|
    |xor_ln269_3_fu_24905_p2         |       xor|   0|  0|    2|           1|           2|
    |xor_ln269_4_fu_24927_p2         |       xor|   0|  0|    2|           1|           2|
    |xor_ln269_fu_24811_p2           |       xor|   0|  0|    2|           1|           2|
    |xor_ln272_fu_25090_p2           |       xor|   0|  0|    2|           1|           2|
    |xor_ln276_fu_25134_p2           |       xor|   0|  0|    2|           1|           2|
    |xor_ln280_fu_25051_p2           |       xor|   0|  0|    2|           1|           2|
    +--------------------------------+----------+----+---+-----+------------+------------+
    |Total                           |          |   0|  0|50440|        9303|       48111|
    +--------------------------------+----------+----+---+-----+------------+------------+

    * Multiplexer: 
    +----------------+-----+-----------+-----+-----------+
    |      Name      | LUT | Input Size| Bits| Total Bits|
    +----------------+-----+-----------+-----+-----------+
    |ap_NS_fsm       |  468|         94|    1|         94|
    |grp_fu_4893_p0  |   14|          3|   77|        231|
    |grp_fu_4893_p1  |   59|         11|   40|        440|
    +----------------+-----+-----------+-----+-----------+
    |Total           |  541|        108|  118|        765|
    +----------------+-----+-----------+-----+-----------+

    * Register: 
    +----------------------------+-----+----+-----+-----------+
    |            Name            |  FF | LUT| Bits| Const Bits|
    +----------------------------+-----+----+-----+-----------+
    |add_ln104_48_reg_26286      |   32|   0|   32|          0|
    |add_ln104_49_reg_26303      |   32|   0|   32|          0|
    |add_ln104_50_reg_26320      |   32|   0|   32|          0|
    |add_ln104_51_reg_26337      |   32|   0|   32|          0|
    |add_ln104_52_reg_26354      |   32|   0|   32|          0|
    |add_ln104_53_reg_26371      |   32|   0|   32|          0|
    |add_ln104_54_reg_26388      |   32|   0|   32|          0|
    |add_ln104_55_reg_26405      |   32|   0|   32|          0|
    |add_ln104_62_reg_26446      |   32|   0|   32|          0|
    |add_ln263_10_reg_26790      |  117|   0|  117|          0|
    |add_ln263_12_reg_26847      |  117|   0|  117|          0|
    |add_ln263_14_reg_26904      |  117|   0|  117|          0|
    |add_ln263_16_reg_26961      |  117|   0|  117|          0|
    |add_ln263_18_reg_27018      |  117|   0|  117|          0|
    |add_ln263_20_reg_27075      |  117|   0|  117|          0|
    |add_ln263_2_reg_26569       |  117|   0|  117|          0|
    |add_ln263_4_reg_26619       |  117|   0|  117|          0|
    |add_ln263_5_reg_26529       |   50|   0|   95|         45|
    |add_ln263_6_reg_26676       |  117|   0|  117|          0|
    |add_ln263_8_reg_26733       |  117|   0|  117|          0|
    |and_ln263_10_reg_26641      |    1|   0|    1|          0|
    |and_ln263_16_reg_26698      |    1|   0|    1|          0|
    |and_ln263_22_reg_26755      |    1|   0|    1|          0|
    |and_ln263_28_reg_26812      |    1|   0|    1|          0|
    |and_ln263_34_reg_26869      |    1|   0|    1|          0|
    |and_ln263_40_reg_26926      |    1|   0|    1|          0|
    |and_ln263_46_reg_26983      |    1|   0|    1|          0|
    |and_ln263_52_reg_27040      |    1|   0|    1|          0|
    |and_ln263_58_reg_27097      |    1|   0|    1|          0|
    |and_ln269_reg_27163         |    1|   0|    1|          0|
    |ap_CS_fsm                   |   93|   0|   93|          0|
    |b0_10_reg_26687             |   40|   0|   40|          0|
    |b0_13_reg_26744             |   40|   0|   40|          0|
    |b0_16_reg_26801             |   40|   0|   40|          0|
    |b0_19_reg_26858             |   40|   0|   40|          0|
    |b0_22_reg_26915             |   40|   0|   40|          0|
    |b0_25_reg_26972             |   40|   0|   40|          0|
    |b0_28_reg_27029             |   40|   0|   40|          0|
    |b0_31_reg_27086             |   40|   0|   40|          0|
    |b0_33_reg_26553             |   40|   0|   40|          0|
    |b0_34_reg_26608             |   40|   0|   40|          0|
    |b0_35_reg_26665             |   40|   0|   40|          0|
    |b0_36_reg_26722             |   40|   0|   40|          0|
    |b0_37_reg_26779             |   40|   0|   40|          0|
    |b0_38_reg_26836             |   40|   0|   40|          0|
    |b0_39_reg_26893             |   40|   0|   40|          0|
    |b0_3_reg_26581              |   40|   0|   40|          0|
    |b0_40_reg_26950             |   40|   0|   40|          0|
    |b0_41_reg_27007             |   40|   0|   40|          0|
    |b0_42_reg_27064             |   40|   0|   40|          0|
    |b0_43_reg_27121             |   40|   0|   40|          0|
    |b0_7_reg_26630              |   40|   0|   40|          0|
    |b0_reg_26543                |   23|   0|   23|          0|
    |field_over_alpha_reg_26463  |   32|   0|   32|          0|
    |icmp_ln238_reg_26476        |    1|   0|    1|          0|
    |icmp_ln244_reg_26483        |    1|   0|    1|          0|
    |icmp_ln253_reg_26510        |    1|   0|    1|          0|
    |icmp_ln263_10_reg_26767     |    1|   0|    1|          0|
    |icmp_ln263_11_reg_26774     |    1|   0|    1|          0|
    |icmp_ln263_12_reg_26819     |    1|   0|    1|          0|
    |icmp_ln263_13_reg_26824     |    1|   0|    1|          0|
    |icmp_ln263_14_reg_26831     |    1|   0|    1|          0|
    |icmp_ln263_15_reg_26876     |    1|   0|    1|          0|
    |icmp_ln263_16_reg_26881     |    1|   0|    1|          0|
    |icmp_ln263_17_reg_26888     |    1|   0|    1|          0|
    |icmp_ln263_18_reg_26933     |    1|   0|    1|          0|
    |icmp_ln263_19_reg_26938     |    1|   0|    1|          0|
    |icmp_ln263_1_reg_26596      |    1|   0|    1|          0|
    |icmp_ln263_20_reg_26945     |    1|   0|    1|          0|
    |icmp_ln263_21_reg_26990     |    1|   0|    1|          0|
    |icmp_ln263_22_reg_26995     |    1|   0|    1|          0|
    |icmp_ln263_23_reg_27002     |    1|   0|    1|          0|
    |icmp_ln263_24_reg_27047     |    1|   0|    1|          0|
    |icmp_ln263_25_reg_27052     |    1|   0|    1|          0|
    |icmp_ln263_26_reg_27059     |    1|   0|    1|          0|
    |icmp_ln263_27_reg_27104     |    1|   0|    1|          0|
    |icmp_ln263_28_reg_27109     |    1|   0|    1|          0|
    |icmp_ln263_29_reg_27116     |    1|   0|    1|          0|
    |icmp_ln263_2_reg_26603      |    1|   0|    1|          0|
    |icmp_ln263_3_reg_26648      |    1|   0|    1|          0|
    |icmp_ln263_4_reg_26653      |    1|   0|    1|          0|
    |icmp_ln263_5_reg_26660      |    1|   0|    1|          0|
    |icmp_ln263_6_reg_26705      |    1|   0|    1|          0|
    |icmp_ln263_7_reg_26710      |    1|   0|    1|          0|
    |icmp_ln263_8_reg_26717      |    1|   0|    1|          0|
    |icmp_ln263_9_reg_26762      |    1|   0|    1|          0|
    |icmp_ln263_reg_26591        |    1|   0|    1|          0|
    |icmp_ln269_1_reg_27175      |    1|   0|    1|          0|
    |icmp_ln269_2_reg_27182      |    1|   0|    1|          0|
    |icmp_ln269_reg_27170        |    1|   0|    1|          0|
    |mul_ln204_32_reg_25774      |   64|   0|   64|          0|
    |mul_ln204_33_reg_25779      |   64|   0|   64|          0|
    |mul_ln204_34_reg_25789      |   64|   0|   64|          0|
    |mul_ln204_35_reg_25794      |   64|   0|   64|          0|
    |mul_ln204_36_reg_25799      |   64|   0|   64|          0|
    |mul_ln204_37_reg_25804      |   64|   0|   64|          0|
    |mul_ln204_38_reg_25809      |   64|   0|   64|          0|
    |mul_ln204_39_reg_25814      |   64|   0|   64|          0|
    |mul_ln204_40_reg_25819      |   64|   0|   64|          0|
    |mul_ln204_41_reg_25824      |   64|   0|   64|          0|
    |mul_ln204_42_reg_25829      |   64|   0|   64|          0|
    |mul_ln204_43_reg_25834      |   64|   0|   64|          0|
    |mul_ln204_44_reg_25839      |   64|   0|   64|          0|
    |mul_ln204_45_reg_25844      |   64|   0|   64|          0|
    |mul_ln204_46_reg_25849      |   64|   0|   64|          0|
    |mul_ln204_47_reg_25854      |   64|   0|   64|          0|
    |mul_ln204_48_reg_25859      |   64|   0|   64|          0|
    |mul_ln204_49_reg_25864      |   64|   0|   64|          0|
    |mul_ln204_50_reg_25869      |   64|   0|   64|          0|
    |mul_ln204_51_reg_25874      |   64|   0|   64|          0|
    |mul_ln204_52_reg_25879      |   64|   0|   64|          0|
    |mul_ln204_53_reg_25884      |   64|   0|   64|          0|
    |mul_ln204_54_reg_25889      |   64|   0|   64|          0|
    |mul_ln204_55_reg_25894      |   64|   0|   64|          0|
    |mul_ln204_56_reg_25899      |   64|   0|   64|          0|
    |mul_ln204_57_reg_25904      |   64|   0|   64|          0|
    |mul_ln204_58_reg_25909      |   64|   0|   64|          0|
    |mul_ln204_59_reg_25914      |   64|   0|   64|          0|
    |mul_ln204_60_reg_25919      |   64|   0|   64|          0|
    |mul_ln204_61_reg_25924      |   64|   0|   64|          0|
    |mul_ln204_62_reg_25929      |   64|   0|   64|          0|
    |mul_ln204_63_reg_25934      |   64|   0|   64|          0|
    |mul_ln204_64_reg_25939      |   64|   0|   64|          0|
    |mul_ln204_65_reg_25944      |   64|   0|   64|          0|
    |mul_ln204_66_reg_25949      |   64|   0|   64|          0|
    |mul_ln204_67_reg_25954      |   64|   0|   64|          0|
    |mul_ln204_68_reg_25959      |   64|   0|   64|          0|
    |mul_ln204_69_reg_25964      |   64|   0|   64|          0|
    |mul_ln204_70_reg_25969      |   64|   0|   64|          0|
    |mul_ln204_71_reg_25974      |   64|   0|   64|          0|
    |mul_ln204_72_reg_25979      |   64|   0|   64|          0|
    |mul_ln204_73_reg_25984      |   64|   0|   64|          0|
    |mul_ln204_74_reg_25989      |   64|   0|   64|          0|
    |mul_ln204_75_reg_25994      |   64|   0|   64|          0|
    |mul_ln204_76_reg_25999      |   64|   0|   64|          0|
    |mul_ln204_77_reg_26004      |   64|   0|   64|          0|
    |mul_ln204_78_reg_26009      |   64|   0|   64|          0|
    |mul_ln204_79_reg_26014      |   64|   0|   64|          0|
    |mul_ln204_80_reg_26019      |   64|   0|   64|          0|
    |mul_ln204_81_reg_26024      |   64|   0|   64|          0|
    |mul_ln204_82_reg_26029      |   64|   0|   64|          0|
    |mul_ln204_83_reg_26034      |   64|   0|   64|          0|
    |mul_ln204_84_reg_26039      |   64|   0|   64|          0|
    |mul_ln204_85_reg_26044      |   64|   0|   64|          0|
    |mul_ln204_86_reg_26049      |   64|   0|   64|          0|
    |mul_ln204_87_reg_26054      |   64|   0|   64|          0|
    |mul_ln204_88_reg_26059      |   64|   0|   64|          0|
    |mul_ln204_89_reg_26064      |   64|   0|   64|          0|
    |mul_ln204_90_reg_26069      |   64|   0|   64|          0|
    |mul_ln204_91_reg_26074      |   64|   0|   64|          0|
    |mul_ln204_92_reg_26079      |   64|   0|   64|          0|
    |mul_ln204_93_reg_26084      |   64|   0|   64|          0|
    |mul_ln204_94_reg_26089      |   64|   0|   64|          0|
    |mul_ln204_reg_25784         |   64|   0|   64|          0|
    |mul_ln269_reg_27136         |   80|   0|   80|          0|
    |out_37_reg_25181            |   32|   0|   32|          0|
    |out_591_reg_25576           |   32|   0|   32|          0|
    |p_1_reg_27152               |   40|   0|   40|          0|
    |reg_4897                    |  117|   0|  117|          0|
    |select_ln104_49_reg_26422   |   32|   0|   32|          0|
    |select_ln104_51_reg_26428   |   32|   0|   32|          0|
    |select_ln104_53_reg_26434   |   32|   0|   32|          0|
    |select_ln104_55_reg_26440   |   32|   0|   32|          0|
    |selected_Jij_526_reg_25251  |   32|   0|   32|          0|
    |selected_Jij_527_reg_25261  |   32|   0|   32|          0|
    |selected_Jij_528_reg_25281  |   32|   0|   32|          0|
    |selected_Jij_529_reg_25291  |   32|   0|   32|          0|
    |selected_Jij_530_reg_25301  |   32|   0|   32|          0|
    |selected_Jij_531_reg_25311  |   32|   0|   32|          0|
    |selected_Jij_532_reg_25321  |   32|   0|   32|          0|
    |selected_Jij_533_reg_25331  |   32|   0|   32|          0|
    |selected_Jij_534_reg_25341  |   32|   0|   32|          0|
    |selected_Jij_535_reg_25351  |   32|   0|   32|          0|
    |selected_Jij_536_reg_25361  |   32|   0|   32|          0|
    |selected_Jij_537_reg_25371  |   32|   0|   32|          0|
    |selected_Jij_538_reg_25381  |   32|   0|   32|          0|
    |selected_Jij_539_reg_25391  |   32|   0|   32|          0|
    |selected_Jij_540_reg_25401  |   32|   0|   32|          0|
    |selected_Jij_541_reg_25411  |   32|   0|   32|          0|
    |selected_Jij_542_reg_25421  |   32|   0|   32|          0|
    |selected_Jij_543_reg_25431  |   32|   0|   32|          0|
    |selected_Jij_544_reg_25441  |   32|   0|   32|          0|
    |selected_Jij_545_reg_25451  |   32|   0|   32|          0|
    |selected_Jij_546_reg_25461  |   32|   0|   32|          0|
    |selected_Jij_547_reg_25471  |   32|   0|   32|          0|
    |selected_Jij_548_reg_25481  |   32|   0|   32|          0|
    |selected_Jij_549_reg_25491  |   32|   0|   32|          0|
    |selected_Jij_550_reg_25501  |   32|   0|   32|          0|
    |selected_Jij_551_reg_25511  |   32|   0|   32|          0|
    |selected_Jij_552_reg_25521  |   32|   0|   32|          0|
    |selected_Jij_553_reg_25531  |   32|   0|   32|          0|
    |selected_Jij_554_reg_25541  |   32|   0|   32|          0|
    |selected_Jij_555_reg_25551  |   32|   0|   32|          0|
    |selected_Jij_556_reg_25561  |   32|   0|   32|          0|
    |selected_Jij_reg_25271      |   32|   0|   32|          0|
    |selected_bit_reg_25571      |    1|   0|    1|          0|
    |sext_ln263_1_reg_26559      |   80|   0|  117|         37|
    |sub_ln269_reg_27141         |   80|   0|   80|          0|
    |terms_10_reg_26148          |   32|   0|   32|          0|
    |terms_11_reg_26154          |   32|   0|   32|          0|
    |terms_12_reg_26160          |   32|   0|   32|          0|
    |terms_13_reg_26166          |   32|   0|   32|          0|
    |terms_14_reg_26172          |   32|   0|   32|          0|
    |terms_15_reg_26178          |   32|   0|   32|          0|
    |terms_16_reg_26184          |   32|   0|   32|          0|
    |terms_17_reg_26190          |   32|   0|   32|          0|
    |terms_18_reg_26196          |   32|   0|   32|          0|
    |terms_19_reg_26202          |   32|   0|   32|          0|
    |terms_1_reg_26094           |   32|   0|   32|          0|
    |terms_20_reg_26208          |   32|   0|   32|          0|
    |terms_21_reg_26214          |   32|   0|   32|          0|
    |terms_22_reg_26220          |   32|   0|   32|          0|
    |terms_23_reg_26226          |   32|   0|   32|          0|
    |terms_24_reg_26232          |   32|   0|   32|          0|
    |terms_25_reg_26238          |   32|   0|   32|          0|
    |terms_26_reg_26244          |   32|   0|   32|          0|
    |terms_27_reg_26250          |   32|   0|   32|          0|
    |terms_28_reg_26256          |   32|   0|   32|          0|
    |terms_29_reg_26262          |   32|   0|   32|          0|
    |terms_2_reg_26100           |   32|   0|   32|          0|
    |terms_30_reg_26268          |   32|   0|   32|          0|
    |terms_31_reg_26274          |   32|   0|   32|          0|
    |terms_32_reg_26280          |   32|   0|   32|          0|
    |terms_3_reg_26106           |   32|   0|   32|          0|
    |terms_4_reg_26112           |   32|   0|   32|          0|
    |terms_5_reg_26118           |   32|   0|   32|          0|
    |terms_6_reg_26124           |   32|   0|   32|          0|
    |terms_7_reg_26130           |   32|   0|   32|          0|
    |terms_8_reg_26136           |   32|   0|   32|          0|
    |terms_9_reg_26142           |   32|   0|   32|          0|
    |tmp_100_reg_25396           |    1|   0|    1|          0|
    |tmp_105_reg_25406           |    1|   0|    1|          0|
    |tmp_110_reg_25416           |    1|   0|    1|          0|
    |tmp_115_reg_25426           |    1|   0|    1|          0|
    |tmp_120_reg_25436           |    1|   0|    1|          0|
    |tmp_125_reg_25446           |    1|   0|    1|          0|
    |tmp_130_reg_25456           |    1|   0|    1|          0|
    |tmp_135_reg_25466           |    1|   0|    1|          0|
    |tmp_140_reg_25476           |    1|   0|    1|          0|
    |tmp_145_reg_25486           |    1|   0|    1|          0|
    |tmp_150_reg_25496           |    1|   0|    1|          0|
    |tmp_155_reg_25506           |    1|   0|    1|          0|
    |tmp_160_reg_25516           |    1|   0|    1|          0|
    |tmp_165_reg_25526           |    1|   0|    1|          0|
    |tmp_170_reg_25536           |    1|   0|    1|          0|
    |tmp_175_reg_25546           |    1|   0|    1|          0|
    |tmp_180_reg_25556           |    1|   0|    1|          0|
    |tmp_185_reg_25566           |    1|   0|    1|          0|
    |tmp_18_reg_25186            |    1|   0|    1|          0|
    |tmp_19_reg_25191            |    1|   0|    1|          0|
    |tmp_20_reg_25196            |    1|   0|    1|          0|
    |tmp_21_reg_25201            |    1|   0|    1|          0|
    |tmp_222_reg_26291           |    1|   0|    1|          0|
    |tmp_223_reg_26297           |    1|   0|    1|          0|
    |tmp_224_reg_26308           |    1|   0|    1|          0|
    |tmp_225_reg_26314           |    1|   0|    1|          0|
    |tmp_226_reg_26325           |    1|   0|    1|          0|
    |tmp_227_reg_26331           |    1|   0|    1|          0|
    |tmp_228_reg_26342           |    1|   0|    1|          0|
    |tmp_22_reg_25206            |    1|   0|    1|          0|
    |tmp_230_reg_26348           |    1|   0|    1|          0|
    |tmp_231_reg_26359           |    1|   0|    1|          0|
    |tmp_234_reg_26365           |    1|   0|    1|          0|
    |tmp_235_reg_26376           |    1|   0|    1|          0|
    |tmp_236_reg_26382           |    1|   0|    1|          0|
    |tmp_237_reg_26393           |    1|   0|    1|          0|
    |tmp_238_reg_26399           |    1|   0|    1|          0|
    |tmp_239_reg_26410           |    1|   0|    1|          0|
    |tmp_23_reg_25211            |    1|   0|    1|          0|
    |tmp_240_reg_26416           |    1|   0|    1|          0|
    |tmp_24_reg_25216            |    1|   0|    1|          0|
    |tmp_257_reg_26451           |    1|   0|    1|          0|
    |tmp_25_reg_25221            |    1|   0|    1|          0|
    |tmp_260_reg_26457           |    1|   0|    1|          0|
    |tmp_26_reg_25226            |    1|   0|    1|          0|
    |tmp_270_reg_26499           |    1|   0|    1|          0|
    |tmp_27_reg_25231            |    1|   0|    1|          0|
    |tmp_288_reg_26534           |    1|   0|    1|          0|
    |tmp_289_reg_26548           |    1|   0|    1|          0|
    |tmp_28_reg_25236            |    1|   0|    1|          0|
    |tmp_291_reg_26575           |    1|   0|    1|          0|
    |tmp_292_reg_26586           |    1|   0|    1|          0|
    |tmp_298_reg_26624           |    1|   0|    1|          0|
    |tmp_29_reg_25241            |    1|   0|    1|          0|
    |tmp_303_reg_26635           |    1|   0|    1|          0|
    |tmp_305_reg_26681           |    1|   0|    1|          0|
    |tmp_30_reg_25246            |    1|   0|    1|          0|
    |tmp_310_reg_26692           |    1|   0|    1|          0|
    |tmp_312_reg_26738           |    1|   0|    1|          0|
    |tmp_317_reg_26749           |    1|   0|    1|          0|
    |tmp_319_reg_26795           |    1|   0|    1|          0|
    |tmp_322_reg_26806           |    1|   0|    1|          0|
    |tmp_324_reg_26852           |    1|   0|    1|          0|
    |tmp_327_reg_26863           |    1|   0|    1|          0|
    |tmp_329_reg_26909           |    1|   0|    1|          0|
    |tmp_332_reg_26920           |    1|   0|    1|          0|
    |tmp_334_reg_26966           |    1|   0|    1|          0|
    |tmp_337_reg_26977           |    1|   0|    1|          0|
    |tmp_339_reg_27023           |    1|   0|    1|          0|
    |tmp_342_reg_27034           |    1|   0|    1|          0|
    |tmp_344_reg_27080           |    1|   0|    1|          0|
    |tmp_347_reg_27091           |    1|   0|    1|          0|
    |tmp_349_reg_27146           |    1|   0|    1|          0|
    |tmp_352_reg_27157           |    1|   0|    1|          0|
    |tmp_35_reg_25266            |    1|   0|    1|          0|
    |tmp_40_reg_25276            |    1|   0|    1|          0|
    |tmp_45_reg_25286            |    1|   0|    1|          0|
    |tmp_50_reg_25296            |    1|   0|    1|          0|
    |tmp_55_reg_25306            |    1|   0|    1|          0|
    |tmp_60_reg_25316            |    1|   0|    1|          0|
    |tmp_65_reg_25326            |    1|   0|    1|          0|
    |tmp_70_reg_25336            |    1|   0|    1|          0|
    |tmp_75_reg_25346            |    1|   0|    1|          0|
    |tmp_80_reg_25356            |    1|   0|    1|          0|
    |tmp_85_reg_25366            |    1|   0|    1|          0|
    |tmp_90_reg_25376            |    1|   0|    1|          0|
    |tmp_95_reg_25386            |    1|   0|    1|          0|
    |trunc_ln204_reg_25256       |    1|   0|    1|          0|
    |trunc_ln2_reg_26494         |   39|   0|   39|          0|
    |x_reg_26469                 |   31|   0|   31|          0|
    |y_1_reg_26515               |   40|   0|   40|          0|
    |z_reg_26504                 |   39|   0|   39|          0|
    +----------------------------+-----+----+-----+-----------+
    |Total                       | 9513|   0| 9595|         82|
    +----------------------------+-----+----+-----+-----------+



================================================================
== Interface
================================================================
* Summary: 
+-------------+-----+-----+--------------+---------------------------+--------------+
|  RTL Ports  | Dir | Bits|   Protocol   |       Source Object       |    C Type    |
+-------------+-----+-----+--------------+---------------------------+--------------+
|ap_clk       |   in|    1|  ap_ctrl_none|  local_spin_flip_operation|  return value|
|ap_rst       |   in|    1|  ap_ctrl_none|  local_spin_flip_operation|  return value|
|h_0          |   in|   32|       ap_none|                        h_0|       pointer|
|h_1          |   in|   32|       ap_none|                        h_1|       pointer|
|h_2          |   in|   32|       ap_none|                        h_2|       pointer|
|h_3          |   in|   32|       ap_none|                        h_3|       pointer|
|h_4          |   in|   32|       ap_none|                        h_4|       pointer|
|h_5          |   in|   32|       ap_none|                        h_5|       pointer|
|h_6          |   in|   32|       ap_none|                        h_6|       pointer|
|h_7          |   in|   32|       ap_none|                        h_7|       pointer|
|h_8          |   in|   32|       ap_none|                        h_8|       pointer|
|h_9          |   in|   32|       ap_none|                        h_9|       pointer|
|h_10         |   in|   32|       ap_none|                       h_10|       pointer|
|h_11         |   in|   32|       ap_none|                       h_11|       pointer|
|h_12         |   in|   32|       ap_none|                       h_12|       pointer|
|h_13         |   in|   32|       ap_none|                       h_13|       pointer|
|h_14         |   in|   32|       ap_none|                       h_14|       pointer|
|h_15         |   in|   32|       ap_none|                       h_15|       pointer|
|h_16         |   in|   32|       ap_none|                       h_16|       pointer|
|h_17         |   in|   32|       ap_none|                       h_17|       pointer|
|h_18         |   in|   32|       ap_none|                       h_18|       pointer|
|h_19         |   in|   32|       ap_none|                       h_19|       pointer|
|h_20         |   in|   32|       ap_none|                       h_20|       pointer|
|h_21         |   in|   32|       ap_none|                       h_21|       pointer|
|h_22         |   in|   32|       ap_none|                       h_22|       pointer|
|h_23         |   in|   32|       ap_none|                       h_23|       pointer|
|h_24         |   in|   32|       ap_none|                       h_24|       pointer|
|h_25         |   in|   32|       ap_none|                       h_25|       pointer|
|h_26         |   in|   32|       ap_none|                       h_26|       pointer|
|h_27         |   in|   32|       ap_none|                       h_27|       pointer|
|h_28         |   in|   32|       ap_none|                       h_28|       pointer|
|h_29         |   in|   32|       ap_none|                       h_29|       pointer|
|h_30         |   in|   32|       ap_none|                       h_30|       pointer|
|h_31         |   in|   32|       ap_none|                       h_31|       pointer|
|J_edges_0    |   in|   32|       ap_none|                  J_edges_0|       pointer|
|J_edges_1    |   in|   32|       ap_none|                  J_edges_1|       pointer|
|J_edges_2    |   in|   32|       ap_none|                  J_edges_2|       pointer|
|J_edges_3    |   in|   32|       ap_none|                  J_edges_3|       pointer|
|J_edges_4    |   in|   32|       ap_none|                  J_edges_4|       pointer|
|J_edges_5    |   in|   32|       ap_none|                  J_edges_5|       pointer|
|J_edges_6    |   in|   32|       ap_none|                  J_edges_6|       pointer|
|J_edges_7    |   in|   32|       ap_none|                  J_edges_7|       pointer|
|J_edges_8    |   in|   32|       ap_none|                  J_edges_8|       pointer|
|J_edges_9    |   in|   32|       ap_none|                  J_edges_9|       pointer|
|J_edges_10   |   in|   32|       ap_none|                 J_edges_10|       pointer|
|J_edges_11   |   in|   32|       ap_none|                 J_edges_11|       pointer|
|J_edges_12   |   in|   32|       ap_none|                 J_edges_12|       pointer|
|J_edges_13   |   in|   32|       ap_none|                 J_edges_13|       pointer|
|J_edges_14   |   in|   32|       ap_none|                 J_edges_14|       pointer|
|J_edges_15   |   in|   32|       ap_none|                 J_edges_15|       pointer|
|J_edges_16   |   in|   32|       ap_none|                 J_edges_16|       pointer|
|J_edges_17   |   in|   32|       ap_none|                 J_edges_17|       pointer|
|J_edges_18   |   in|   32|       ap_none|                 J_edges_18|       pointer|
|J_edges_19   |   in|   32|       ap_none|                 J_edges_19|       pointer|
|J_edges_20   |   in|   32|       ap_none|                 J_edges_20|       pointer|
|J_edges_21   |   in|   32|       ap_none|                 J_edges_21|       pointer|
|J_edges_22   |   in|   32|       ap_none|                 J_edges_22|       pointer|
|J_edges_23   |   in|   32|       ap_none|                 J_edges_23|       pointer|
|J_edges_24   |   in|   32|       ap_none|                 J_edges_24|       pointer|
|J_edges_25   |   in|   32|       ap_none|                 J_edges_25|       pointer|
|J_edges_26   |   in|   32|       ap_none|                 J_edges_26|       pointer|
|J_edges_27   |   in|   32|       ap_none|                 J_edges_27|       pointer|
|J_edges_28   |   in|   32|       ap_none|                 J_edges_28|       pointer|
|J_edges_29   |   in|   32|       ap_none|                 J_edges_29|       pointer|
|J_edges_30   |   in|   32|       ap_none|                 J_edges_30|       pointer|
|J_edges_31   |   in|   32|       ap_none|                 J_edges_31|       pointer|
|J_edges_32   |   in|   32|       ap_none|                 J_edges_32|       pointer|
|J_edges_33   |   in|   32|       ap_none|                 J_edges_33|       pointer|
|J_edges_34   |   in|   32|       ap_none|                 J_edges_34|       pointer|
|J_edges_35   |   in|   32|       ap_none|                 J_edges_35|       pointer|
|J_edges_36   |   in|   32|       ap_none|                 J_edges_36|       pointer|
|J_edges_37   |   in|   32|       ap_none|                 J_edges_37|       pointer|
|J_edges_38   |   in|   32|       ap_none|                 J_edges_38|       pointer|
|J_edges_39   |   in|   32|       ap_none|                 J_edges_39|       pointer|
|J_edges_40   |   in|   32|       ap_none|                 J_edges_40|       pointer|
|J_edges_41   |   in|   32|       ap_none|                 J_edges_41|       pointer|
|J_edges_42   |   in|   32|       ap_none|                 J_edges_42|       pointer|
|J_edges_43   |   in|   32|       ap_none|                 J_edges_43|       pointer|
|J_edges_44   |   in|   32|       ap_none|                 J_edges_44|       pointer|
|J_edges_45   |   in|   32|       ap_none|                 J_edges_45|       pointer|
|J_edges_46   |   in|   32|       ap_none|                 J_edges_46|       pointer|
|J_edges_47   |   in|   32|       ap_none|                 J_edges_47|       pointer|
|J_edges_48   |   in|   32|       ap_none|                 J_edges_48|       pointer|
|J_edges_49   |   in|   32|       ap_none|                 J_edges_49|       pointer|
|J_edges_50   |   in|   32|       ap_none|                 J_edges_50|       pointer|
|J_edges_51   |   in|   32|       ap_none|                 J_edges_51|       pointer|
|J_edges_52   |   in|   32|       ap_none|                 J_edges_52|       pointer|
|J_edges_53   |   in|   32|       ap_none|                 J_edges_53|       pointer|
|J_edges_54   |   in|   32|       ap_none|                 J_edges_54|       pointer|
|J_edges_55   |   in|   32|       ap_none|                 J_edges_55|       pointer|
|J_edges_56   |   in|   32|       ap_none|                 J_edges_56|       pointer|
|J_edges_57   |   in|   32|       ap_none|                 J_edges_57|       pointer|
|J_edges_58   |   in|   32|       ap_none|                 J_edges_58|       pointer|
|J_edges_59   |   in|   32|       ap_none|                 J_edges_59|       pointer|
|J_edges_60   |   in|   32|       ap_none|                 J_edges_60|       pointer|
|J_edges_61   |   in|   32|       ap_none|                 J_edges_61|       pointer|
|J_edges_62   |   in|   32|       ap_none|                 J_edges_62|       pointer|
|J_edges_63   |   in|   32|       ap_none|                 J_edges_63|       pointer|
|J_edges_64   |   in|   32|       ap_none|                 J_edges_64|       pointer|
|J_edges_65   |   in|   32|       ap_none|                 J_edges_65|       pointer|
|J_edges_66   |   in|   32|       ap_none|                 J_edges_66|       pointer|
|J_edges_67   |   in|   32|       ap_none|                 J_edges_67|       pointer|
|J_edges_68   |   in|   32|       ap_none|                 J_edges_68|       pointer|
|J_edges_69   |   in|   32|       ap_none|                 J_edges_69|       pointer|
|J_edges_70   |   in|   32|       ap_none|                 J_edges_70|       pointer|
|J_edges_71   |   in|   32|       ap_none|                 J_edges_71|       pointer|
|J_edges_72   |   in|   32|       ap_none|                 J_edges_72|       pointer|
|J_edges_73   |   in|   32|       ap_none|                 J_edges_73|       pointer|
|J_edges_74   |   in|   32|       ap_none|                 J_edges_74|       pointer|
|J_edges_75   |   in|   32|       ap_none|                 J_edges_75|       pointer|
|J_edges_76   |   in|   32|       ap_none|                 J_edges_76|       pointer|
|J_edges_77   |   in|   32|       ap_none|                 J_edges_77|       pointer|
|J_edges_78   |   in|   32|       ap_none|                 J_edges_78|       pointer|
|J_edges_79   |   in|   32|       ap_none|                 J_edges_79|       pointer|
|J_edges_80   |   in|   32|       ap_none|                 J_edges_80|       pointer|
|J_edges_81   |   in|   32|       ap_none|                 J_edges_81|       pointer|
|J_edges_82   |   in|   32|       ap_none|                 J_edges_82|       pointer|
|J_edges_83   |   in|   32|       ap_none|                 J_edges_83|       pointer|
|J_edges_84   |   in|   32|       ap_none|                 J_edges_84|       pointer|
|J_edges_85   |   in|   32|       ap_none|                 J_edges_85|       pointer|
|J_edges_86   |   in|   32|       ap_none|                 J_edges_86|       pointer|
|J_edges_87   |   in|   32|       ap_none|                 J_edges_87|       pointer|
|J_edges_88   |   in|   32|       ap_none|                 J_edges_88|       pointer|
|J_edges_89   |   in|   32|       ap_none|                 J_edges_89|       pointer|
|J_edges_90   |   in|   32|       ap_none|                 J_edges_90|       pointer|
|J_edges_91   |   in|   32|       ap_none|                 J_edges_91|       pointer|
|J_edges_92   |   in|   32|       ap_none|                 J_edges_92|       pointer|
|J_edges_93   |   in|   32|       ap_none|                 J_edges_93|       pointer|
|J_edges_94   |   in|   32|       ap_none|                 J_edges_94|       pointer|
|J_edges_95   |   in|   32|       ap_none|                 J_edges_95|       pointer|
|J_edges_96   |   in|   32|       ap_none|                 J_edges_96|       pointer|
|J_edges_97   |   in|   32|       ap_none|                 J_edges_97|       pointer|
|J_edges_98   |   in|   32|       ap_none|                 J_edges_98|       pointer|
|J_edges_99   |   in|   32|       ap_none|                 J_edges_99|       pointer|
|J_edges_100  |   in|   32|       ap_none|                J_edges_100|       pointer|
|J_edges_101  |   in|   32|       ap_none|                J_edges_101|       pointer|
|J_edges_102  |   in|   32|       ap_none|                J_edges_102|       pointer|
|J_edges_103  |   in|   32|       ap_none|                J_edges_103|       pointer|
|J_edges_104  |   in|   32|       ap_none|                J_edges_104|       pointer|
|J_edges_105  |   in|   32|       ap_none|                J_edges_105|       pointer|
|J_edges_106  |   in|   32|       ap_none|                J_edges_106|       pointer|
|J_edges_107  |   in|   32|       ap_none|                J_edges_107|       pointer|
|J_edges_108  |   in|   32|       ap_none|                J_edges_108|       pointer|
|J_edges_109  |   in|   32|       ap_none|                J_edges_109|       pointer|
|J_edges_110  |   in|   32|       ap_none|                J_edges_110|       pointer|
|J_edges_111  |   in|   32|       ap_none|                J_edges_111|       pointer|
|J_edges_112  |   in|   32|       ap_none|                J_edges_112|       pointer|
|J_edges_113  |   in|   32|       ap_none|                J_edges_113|       pointer|
|J_edges_114  |   in|   32|       ap_none|                J_edges_114|       pointer|
|J_edges_115  |   in|   32|       ap_none|                J_edges_115|       pointer|
|J_edges_116  |   in|   32|       ap_none|                J_edges_116|       pointer|
|J_edges_117  |   in|   32|       ap_none|                J_edges_117|       pointer|
|J_edges_118  |   in|   32|       ap_none|                J_edges_118|       pointer|
|J_edges_119  |   in|   32|       ap_none|                J_edges_119|       pointer|
|J_edges_120  |   in|   32|       ap_none|                J_edges_120|       pointer|
|J_edges_121  |   in|   32|       ap_none|                J_edges_121|       pointer|
|J_edges_122  |   in|   32|       ap_none|                J_edges_122|       pointer|
|J_edges_123  |   in|   32|       ap_none|                J_edges_123|       pointer|
|J_edges_124  |   in|   32|       ap_none|                J_edges_124|       pointer|
|J_edges_125  |   in|   32|       ap_none|                J_edges_125|       pointer|
|J_edges_126  |   in|   32|       ap_none|                J_edges_126|       pointer|
|J_edges_127  |   in|   32|       ap_none|                J_edges_127|       pointer|
|J_edges_128  |   in|   32|       ap_none|                J_edges_128|       pointer|
|J_edges_129  |   in|   32|       ap_none|                J_edges_129|       pointer|
|J_edges_130  |   in|   32|       ap_none|                J_edges_130|       pointer|
|J_edges_131  |   in|   32|       ap_none|                J_edges_131|       pointer|
|J_edges_132  |   in|   32|       ap_none|                J_edges_132|       pointer|
|J_edges_133  |   in|   32|       ap_none|                J_edges_133|       pointer|
|J_edges_134  |   in|   32|       ap_none|                J_edges_134|       pointer|
|J_edges_135  |   in|   32|       ap_none|                J_edges_135|       pointer|
|J_edges_136  |   in|   32|       ap_none|                J_edges_136|       pointer|
|J_edges_137  |   in|   32|       ap_none|                J_edges_137|       pointer|
|J_edges_138  |   in|   32|       ap_none|                J_edges_138|       pointer|
|J_edges_139  |   in|   32|       ap_none|                J_edges_139|       pointer|
|J_edges_140  |   in|   32|       ap_none|                J_edges_140|       pointer|
|J_edges_141  |   in|   32|       ap_none|                J_edges_141|       pointer|
|J_edges_142  |   in|   32|       ap_none|                J_edges_142|       pointer|
|J_edges_143  |   in|   32|       ap_none|                J_edges_143|       pointer|
|J_edges_144  |   in|   32|       ap_none|                J_edges_144|       pointer|
|J_edges_145  |   in|   32|       ap_none|                J_edges_145|       pointer|
|J_edges_146  |   in|   32|       ap_none|                J_edges_146|       pointer|
|J_edges_147  |   in|   32|       ap_none|                J_edges_147|       pointer|
|J_edges_148  |   in|   32|       ap_none|                J_edges_148|       pointer|
|J_edges_149  |   in|   32|       ap_none|                J_edges_149|       pointer|
|J_edges_150  |   in|   32|       ap_none|                J_edges_150|       pointer|
|J_edges_151  |   in|   32|       ap_none|                J_edges_151|       pointer|
|J_edges_152  |   in|   32|       ap_none|                J_edges_152|       pointer|
|J_edges_153  |   in|   32|       ap_none|                J_edges_153|       pointer|
|J_edges_154  |   in|   32|       ap_none|                J_edges_154|       pointer|
|J_edges_155  |   in|   32|       ap_none|                J_edges_155|       pointer|
|J_edges_156  |   in|   32|       ap_none|                J_edges_156|       pointer|
|J_edges_157  |   in|   32|       ap_none|                J_edges_157|       pointer|
|J_edges_158  |   in|   32|       ap_none|                J_edges_158|       pointer|
|J_edges_159  |   in|   32|       ap_none|                J_edges_159|       pointer|
|J_edges_160  |   in|   32|       ap_none|                J_edges_160|       pointer|
|J_edges_161  |   in|   32|       ap_none|                J_edges_161|       pointer|
|J_edges_162  |   in|   32|       ap_none|                J_edges_162|       pointer|
|J_edges_163  |   in|   32|       ap_none|                J_edges_163|       pointer|
|J_edges_164  |   in|   32|       ap_none|                J_edges_164|       pointer|
|J_edges_165  |   in|   32|       ap_none|                J_edges_165|       pointer|
|J_edges_166  |   in|   32|       ap_none|                J_edges_166|       pointer|
|J_edges_167  |   in|   32|       ap_none|                J_edges_167|       pointer|
|J_edges_168  |   in|   32|       ap_none|                J_edges_168|       pointer|
|J_edges_169  |   in|   32|       ap_none|                J_edges_169|       pointer|
|J_edges_170  |   in|   32|       ap_none|                J_edges_170|       pointer|
|J_edges_171  |   in|   32|       ap_none|                J_edges_171|       pointer|
|J_edges_172  |   in|   32|       ap_none|                J_edges_172|       pointer|
|J_edges_173  |   in|   32|       ap_none|                J_edges_173|       pointer|
|J_edges_174  |   in|   32|       ap_none|                J_edges_174|       pointer|
|J_edges_175  |   in|   32|       ap_none|                J_edges_175|       pointer|
|J_edges_176  |   in|   32|       ap_none|                J_edges_176|       pointer|
|J_edges_177  |   in|   32|       ap_none|                J_edges_177|       pointer|
|J_edges_178  |   in|   32|       ap_none|                J_edges_178|       pointer|
|J_edges_179  |   in|   32|       ap_none|                J_edges_179|       pointer|
|J_edges_180  |   in|   32|       ap_none|                J_edges_180|       pointer|
|J_edges_181  |   in|   32|       ap_none|                J_edges_181|       pointer|
|J_edges_182  |   in|   32|       ap_none|                J_edges_182|       pointer|
|J_edges_183  |   in|   32|       ap_none|                J_edges_183|       pointer|
|J_edges_184  |   in|   32|       ap_none|                J_edges_184|       pointer|
|J_edges_185  |   in|   32|       ap_none|                J_edges_185|       pointer|
|J_edges_186  |   in|   32|       ap_none|                J_edges_186|       pointer|
|J_edges_187  |   in|   32|       ap_none|                J_edges_187|       pointer|
|J_edges_188  |   in|   32|       ap_none|                J_edges_188|       pointer|
|J_edges_189  |   in|   32|       ap_none|                J_edges_189|       pointer|
|J_edges_190  |   in|   32|       ap_none|                J_edges_190|       pointer|
|J_edges_191  |   in|   32|       ap_none|                J_edges_191|       pointer|
|J_edges_192  |   in|   32|       ap_none|                J_edges_192|       pointer|
|J_edges_193  |   in|   32|       ap_none|                J_edges_193|       pointer|
|J_edges_194  |   in|   32|       ap_none|                J_edges_194|       pointer|
|J_edges_195  |   in|   32|       ap_none|                J_edges_195|       pointer|
|J_edges_196  |   in|   32|       ap_none|                J_edges_196|       pointer|
|J_edges_197  |   in|   32|       ap_none|                J_edges_197|       pointer|
|J_edges_198  |   in|   32|       ap_none|                J_edges_198|       pointer|
|J_edges_199  |   in|   32|       ap_none|                J_edges_199|       pointer|
|J_edges_200  |   in|   32|       ap_none|                J_edges_200|       pointer|
|J_edges_201  |   in|   32|       ap_none|                J_edges_201|       pointer|
|J_edges_202  |   in|   32|       ap_none|                J_edges_202|       pointer|
|J_edges_203  |   in|   32|       ap_none|                J_edges_203|       pointer|
|J_edges_204  |   in|   32|       ap_none|                J_edges_204|       pointer|
|J_edges_205  |   in|   32|       ap_none|                J_edges_205|       pointer|
|J_edges_206  |   in|   32|       ap_none|                J_edges_206|       pointer|
|J_edges_207  |   in|   32|       ap_none|                J_edges_207|       pointer|
|J_edges_208  |   in|   32|       ap_none|                J_edges_208|       pointer|
|J_edges_209  |   in|   32|       ap_none|                J_edges_209|       pointer|
|J_edges_210  |   in|   32|       ap_none|                J_edges_210|       pointer|
|J_edges_211  |   in|   32|       ap_none|                J_edges_211|       pointer|
|J_edges_212  |   in|   32|       ap_none|                J_edges_212|       pointer|
|J_edges_213  |   in|   32|       ap_none|                J_edges_213|       pointer|
|J_edges_214  |   in|   32|       ap_none|                J_edges_214|       pointer|
|J_edges_215  |   in|   32|       ap_none|                J_edges_215|       pointer|
|J_edges_216  |   in|   32|       ap_none|                J_edges_216|       pointer|
|J_edges_217  |   in|   32|       ap_none|                J_edges_217|       pointer|
|J_edges_218  |   in|   32|       ap_none|                J_edges_218|       pointer|
|J_edges_219  |   in|   32|       ap_none|                J_edges_219|       pointer|
|J_edges_220  |   in|   32|       ap_none|                J_edges_220|       pointer|
|J_edges_221  |   in|   32|       ap_none|                J_edges_221|       pointer|
|J_edges_222  |   in|   32|       ap_none|                J_edges_222|       pointer|
|J_edges_223  |   in|   32|       ap_none|                J_edges_223|       pointer|
|J_edges_224  |   in|   32|       ap_none|                J_edges_224|       pointer|
|J_edges_225  |   in|   32|       ap_none|                J_edges_225|       pointer|
|J_edges_226  |   in|   32|       ap_none|                J_edges_226|       pointer|
|J_edges_227  |   in|   32|       ap_none|                J_edges_227|       pointer|
|J_edges_228  |   in|   32|       ap_none|                J_edges_228|       pointer|
|J_edges_229  |   in|   32|       ap_none|                J_edges_229|       pointer|
|J_edges_230  |   in|   32|       ap_none|                J_edges_230|       pointer|
|J_edges_231  |   in|   32|       ap_none|                J_edges_231|       pointer|
|J_edges_232  |   in|   32|       ap_none|                J_edges_232|       pointer|
|J_edges_233  |   in|   32|       ap_none|                J_edges_233|       pointer|
|J_edges_234  |   in|   32|       ap_none|                J_edges_234|       pointer|
|J_edges_235  |   in|   32|       ap_none|                J_edges_235|       pointer|
|J_edges_236  |   in|   32|       ap_none|                J_edges_236|       pointer|
|J_edges_237  |   in|   32|       ap_none|                J_edges_237|       pointer|
|J_edges_238  |   in|   32|       ap_none|                J_edges_238|       pointer|
|J_edges_239  |   in|   32|       ap_none|                J_edges_239|       pointer|
|J_edges_240  |   in|   32|       ap_none|                J_edges_240|       pointer|
|J_edges_241  |   in|   32|       ap_none|                J_edges_241|       pointer|
|J_edges_242  |   in|   32|       ap_none|                J_edges_242|       pointer|
|J_edges_243  |   in|   32|       ap_none|                J_edges_243|       pointer|
|J_edges_244  |   in|   32|       ap_none|                J_edges_244|       pointer|
|J_edges_245  |   in|   32|       ap_none|                J_edges_245|       pointer|
|J_edges_246  |   in|   32|       ap_none|                J_edges_246|       pointer|
|J_edges_247  |   in|   32|       ap_none|                J_edges_247|       pointer|
|J_edges_248  |   in|   32|       ap_none|                J_edges_248|       pointer|
|J_edges_249  |   in|   32|       ap_none|                J_edges_249|       pointer|
|J_edges_250  |   in|   32|       ap_none|                J_edges_250|       pointer|
|J_edges_251  |   in|   32|       ap_none|                J_edges_251|       pointer|
|J_edges_252  |   in|   32|       ap_none|                J_edges_252|       pointer|
|J_edges_253  |   in|   32|       ap_none|                J_edges_253|       pointer|
|J_edges_254  |   in|   32|       ap_none|                J_edges_254|       pointer|
|J_edges_255  |   in|   32|       ap_none|                J_edges_255|       pointer|
|J_edges_256  |   in|   32|       ap_none|                J_edges_256|       pointer|
|J_edges_257  |   in|   32|       ap_none|                J_edges_257|       pointer|
|J_edges_258  |   in|   32|       ap_none|                J_edges_258|       pointer|
|J_edges_259  |   in|   32|       ap_none|                J_edges_259|       pointer|
|J_edges_260  |   in|   32|       ap_none|                J_edges_260|       pointer|
|J_edges_261  |   in|   32|       ap_none|                J_edges_261|       pointer|
|J_edges_262  |   in|   32|       ap_none|                J_edges_262|       pointer|
|J_edges_263  |   in|   32|       ap_none|                J_edges_263|       pointer|
|J_edges_264  |   in|   32|       ap_none|                J_edges_264|       pointer|
|J_edges_265  |   in|   32|       ap_none|                J_edges_265|       pointer|
|J_edges_266  |   in|   32|       ap_none|                J_edges_266|       pointer|
|J_edges_267  |   in|   32|       ap_none|                J_edges_267|       pointer|
|J_edges_268  |   in|   32|       ap_none|                J_edges_268|       pointer|
|J_edges_269  |   in|   32|       ap_none|                J_edges_269|       pointer|
|J_edges_270  |   in|   32|       ap_none|                J_edges_270|       pointer|
|J_edges_271  |   in|   32|       ap_none|                J_edges_271|       pointer|
|J_edges_272  |   in|   32|       ap_none|                J_edges_272|       pointer|
|J_edges_273  |   in|   32|       ap_none|                J_edges_273|       pointer|
|J_edges_274  |   in|   32|       ap_none|                J_edges_274|       pointer|
|J_edges_275  |   in|   32|       ap_none|                J_edges_275|       pointer|
|J_edges_276  |   in|   32|       ap_none|                J_edges_276|       pointer|
|J_edges_277  |   in|   32|       ap_none|                J_edges_277|       pointer|
|J_edges_278  |   in|   32|       ap_none|                J_edges_278|       pointer|
|J_edges_279  |   in|   32|       ap_none|                J_edges_279|       pointer|
|J_edges_280  |   in|   32|       ap_none|                J_edges_280|       pointer|
|J_edges_281  |   in|   32|       ap_none|                J_edges_281|       pointer|
|J_edges_282  |   in|   32|       ap_none|                J_edges_282|       pointer|
|J_edges_283  |   in|   32|       ap_none|                J_edges_283|       pointer|
|J_edges_284  |   in|   32|       ap_none|                J_edges_284|       pointer|
|J_edges_285  |   in|   32|       ap_none|                J_edges_285|       pointer|
|J_edges_286  |   in|   32|       ap_none|                J_edges_286|       pointer|
|J_edges_287  |   in|   32|       ap_none|                J_edges_287|       pointer|
|J_edges_288  |   in|   32|       ap_none|                J_edges_288|       pointer|
|J_edges_289  |   in|   32|       ap_none|                J_edges_289|       pointer|
|J_edges_290  |   in|   32|       ap_none|                J_edges_290|       pointer|
|J_edges_291  |   in|   32|       ap_none|                J_edges_291|       pointer|
|J_edges_292  |   in|   32|       ap_none|                J_edges_292|       pointer|
|J_edges_293  |   in|   32|       ap_none|                J_edges_293|       pointer|
|J_edges_294  |   in|   32|       ap_none|                J_edges_294|       pointer|
|J_edges_295  |   in|   32|       ap_none|                J_edges_295|       pointer|
|J_edges_296  |   in|   32|       ap_none|                J_edges_296|       pointer|
|J_edges_297  |   in|   32|       ap_none|                J_edges_297|       pointer|
|J_edges_298  |   in|   32|       ap_none|                J_edges_298|       pointer|
|J_edges_299  |   in|   32|       ap_none|                J_edges_299|       pointer|
|J_edges_300  |   in|   32|       ap_none|                J_edges_300|       pointer|
|J_edges_301  |   in|   32|       ap_none|                J_edges_301|       pointer|
|J_edges_302  |   in|   32|       ap_none|                J_edges_302|       pointer|
|J_edges_303  |   in|   32|       ap_none|                J_edges_303|       pointer|
|J_edges_304  |   in|   32|       ap_none|                J_edges_304|       pointer|
|J_edges_305  |   in|   32|       ap_none|                J_edges_305|       pointer|
|J_edges_306  |   in|   32|       ap_none|                J_edges_306|       pointer|
|J_edges_307  |   in|   32|       ap_none|                J_edges_307|       pointer|
|J_edges_308  |   in|   32|       ap_none|                J_edges_308|       pointer|
|J_edges_309  |   in|   32|       ap_none|                J_edges_309|       pointer|
|J_edges_310  |   in|   32|       ap_none|                J_edges_310|       pointer|
|J_edges_311  |   in|   32|       ap_none|                J_edges_311|       pointer|
|J_edges_312  |   in|   32|       ap_none|                J_edges_312|       pointer|
|J_edges_313  |   in|   32|       ap_none|                J_edges_313|       pointer|
|J_edges_314  |   in|   32|       ap_none|                J_edges_314|       pointer|
|J_edges_315  |   in|   32|       ap_none|                J_edges_315|       pointer|
|J_edges_316  |   in|   32|       ap_none|                J_edges_316|       pointer|
|J_edges_317  |   in|   32|       ap_none|                J_edges_317|       pointer|
|J_edges_318  |   in|   32|       ap_none|                J_edges_318|       pointer|
|J_edges_319  |   in|   32|       ap_none|                J_edges_319|       pointer|
|J_edges_320  |   in|   32|       ap_none|                J_edges_320|       pointer|
|J_edges_321  |   in|   32|       ap_none|                J_edges_321|       pointer|
|J_edges_322  |   in|   32|       ap_none|                J_edges_322|       pointer|
|J_edges_323  |   in|   32|       ap_none|                J_edges_323|       pointer|
|J_edges_324  |   in|   32|       ap_none|                J_edges_324|       pointer|
|J_edges_325  |   in|   32|       ap_none|                J_edges_325|       pointer|
|J_edges_326  |   in|   32|       ap_none|                J_edges_326|       pointer|
|J_edges_327  |   in|   32|       ap_none|                J_edges_327|       pointer|
|J_edges_328  |   in|   32|       ap_none|                J_edges_328|       pointer|
|J_edges_329  |   in|   32|       ap_none|                J_edges_329|       pointer|
|J_edges_330  |   in|   32|       ap_none|                J_edges_330|       pointer|
|J_edges_331  |   in|   32|       ap_none|                J_edges_331|       pointer|
|J_edges_332  |   in|   32|       ap_none|                J_edges_332|       pointer|
|J_edges_333  |   in|   32|       ap_none|                J_edges_333|       pointer|
|J_edges_334  |   in|   32|       ap_none|                J_edges_334|       pointer|
|J_edges_335  |   in|   32|       ap_none|                J_edges_335|       pointer|
|J_edges_336  |   in|   32|       ap_none|                J_edges_336|       pointer|
|J_edges_337  |   in|   32|       ap_none|                J_edges_337|       pointer|
|J_edges_338  |   in|   32|       ap_none|                J_edges_338|       pointer|
|J_edges_339  |   in|   32|       ap_none|                J_edges_339|       pointer|
|J_edges_340  |   in|   32|       ap_none|                J_edges_340|       pointer|
|J_edges_341  |   in|   32|       ap_none|                J_edges_341|       pointer|
|J_edges_342  |   in|   32|       ap_none|                J_edges_342|       pointer|
|J_edges_343  |   in|   32|       ap_none|                J_edges_343|       pointer|
|J_edges_344  |   in|   32|       ap_none|                J_edges_344|       pointer|
|J_edges_345  |   in|   32|       ap_none|                J_edges_345|       pointer|
|J_edges_346  |   in|   32|       ap_none|                J_edges_346|       pointer|
|J_edges_347  |   in|   32|       ap_none|                J_edges_347|       pointer|
|J_edges_348  |   in|   32|       ap_none|                J_edges_348|       pointer|
|J_edges_349  |   in|   32|       ap_none|                J_edges_349|       pointer|
|J_edges_350  |   in|   32|       ap_none|                J_edges_350|       pointer|
|J_edges_351  |   in|   32|       ap_none|                J_edges_351|       pointer|
|J_edges_352  |   in|   32|       ap_none|                J_edges_352|       pointer|
|J_edges_353  |   in|   32|       ap_none|                J_edges_353|       pointer|
|J_edges_354  |   in|   32|       ap_none|                J_edges_354|       pointer|
|J_edges_355  |   in|   32|       ap_none|                J_edges_355|       pointer|
|J_edges_356  |   in|   32|       ap_none|                J_edges_356|       pointer|
|J_edges_357  |   in|   32|       ap_none|                J_edges_357|       pointer|
|J_edges_358  |   in|   32|       ap_none|                J_edges_358|       pointer|
|J_edges_359  |   in|   32|       ap_none|                J_edges_359|       pointer|
|J_edges_360  |   in|   32|       ap_none|                J_edges_360|       pointer|
|J_edges_361  |   in|   32|       ap_none|                J_edges_361|       pointer|
|J_edges_362  |   in|   32|       ap_none|                J_edges_362|       pointer|
|J_edges_363  |   in|   32|       ap_none|                J_edges_363|       pointer|
|J_edges_364  |   in|   32|       ap_none|                J_edges_364|       pointer|
|J_edges_365  |   in|   32|       ap_none|                J_edges_365|       pointer|
|J_edges_366  |   in|   32|       ap_none|                J_edges_366|       pointer|
|J_edges_367  |   in|   32|       ap_none|                J_edges_367|       pointer|
|J_edges_368  |   in|   32|       ap_none|                J_edges_368|       pointer|
|J_edges_369  |   in|   32|       ap_none|                J_edges_369|       pointer|
|J_edges_370  |   in|   32|       ap_none|                J_edges_370|       pointer|
|J_edges_371  |   in|   32|       ap_none|                J_edges_371|       pointer|
|J_edges_372  |   in|   32|       ap_none|                J_edges_372|       pointer|
|J_edges_373  |   in|   32|       ap_none|                J_edges_373|       pointer|
|J_edges_374  |   in|   32|       ap_none|                J_edges_374|       pointer|
|J_edges_375  |   in|   32|       ap_none|                J_edges_375|       pointer|
|J_edges_376  |   in|   32|       ap_none|                J_edges_376|       pointer|
|J_edges_377  |   in|   32|       ap_none|                J_edges_377|       pointer|
|J_edges_378  |   in|   32|       ap_none|                J_edges_378|       pointer|
|J_edges_379  |   in|   32|       ap_none|                J_edges_379|       pointer|
|J_edges_380  |   in|   32|       ap_none|                J_edges_380|       pointer|
|J_edges_381  |   in|   32|       ap_none|                J_edges_381|       pointer|
|J_edges_382  |   in|   32|       ap_none|                J_edges_382|       pointer|
|J_edges_383  |   in|   32|       ap_none|                J_edges_383|       pointer|
|J_edges_384  |   in|   32|       ap_none|                J_edges_384|       pointer|
|J_edges_385  |   in|   32|       ap_none|                J_edges_385|       pointer|
|J_edges_386  |   in|   32|       ap_none|                J_edges_386|       pointer|
|J_edges_387  |   in|   32|       ap_none|                J_edges_387|       pointer|
|J_edges_388  |   in|   32|       ap_none|                J_edges_388|       pointer|
|J_edges_389  |   in|   32|       ap_none|                J_edges_389|       pointer|
|J_edges_390  |   in|   32|       ap_none|                J_edges_390|       pointer|
|J_edges_391  |   in|   32|       ap_none|                J_edges_391|       pointer|
|J_edges_392  |   in|   32|       ap_none|                J_edges_392|       pointer|
|J_edges_393  |   in|   32|       ap_none|                J_edges_393|       pointer|
|J_edges_394  |   in|   32|       ap_none|                J_edges_394|       pointer|
|J_edges_395  |   in|   32|       ap_none|                J_edges_395|       pointer|
|J_edges_396  |   in|   32|       ap_none|                J_edges_396|       pointer|
|J_edges_397  |   in|   32|       ap_none|                J_edges_397|       pointer|
|J_edges_398  |   in|   32|       ap_none|                J_edges_398|       pointer|
|J_edges_399  |   in|   32|       ap_none|                J_edges_399|       pointer|
|J_edges_400  |   in|   32|       ap_none|                J_edges_400|       pointer|
|J_edges_401  |   in|   32|       ap_none|                J_edges_401|       pointer|
|J_edges_402  |   in|   32|       ap_none|                J_edges_402|       pointer|
|J_edges_403  |   in|   32|       ap_none|                J_edges_403|       pointer|
|J_edges_404  |   in|   32|       ap_none|                J_edges_404|       pointer|
|J_edges_405  |   in|   32|       ap_none|                J_edges_405|       pointer|
|J_edges_406  |   in|   32|       ap_none|                J_edges_406|       pointer|
|J_edges_407  |   in|   32|       ap_none|                J_edges_407|       pointer|
|J_edges_408  |   in|   32|       ap_none|                J_edges_408|       pointer|
|J_edges_409  |   in|   32|       ap_none|                J_edges_409|       pointer|
|J_edges_410  |   in|   32|       ap_none|                J_edges_410|       pointer|
|J_edges_411  |   in|   32|       ap_none|                J_edges_411|       pointer|
|J_edges_412  |   in|   32|       ap_none|                J_edges_412|       pointer|
|J_edges_413  |   in|   32|       ap_none|                J_edges_413|       pointer|
|J_edges_414  |   in|   32|       ap_none|                J_edges_414|       pointer|
|J_edges_415  |   in|   32|       ap_none|                J_edges_415|       pointer|
|J_edges_416  |   in|   32|       ap_none|                J_edges_416|       pointer|
|J_edges_417  |   in|   32|       ap_none|                J_edges_417|       pointer|
|J_edges_418  |   in|   32|       ap_none|                J_edges_418|       pointer|
|J_edges_419  |   in|   32|       ap_none|                J_edges_419|       pointer|
|J_edges_420  |   in|   32|       ap_none|                J_edges_420|       pointer|
|J_edges_421  |   in|   32|       ap_none|                J_edges_421|       pointer|
|J_edges_422  |   in|   32|       ap_none|                J_edges_422|       pointer|
|J_edges_423  |   in|   32|       ap_none|                J_edges_423|       pointer|
|J_edges_424  |   in|   32|       ap_none|                J_edges_424|       pointer|
|J_edges_425  |   in|   32|       ap_none|                J_edges_425|       pointer|
|J_edges_426  |   in|   32|       ap_none|                J_edges_426|       pointer|
|J_edges_427  |   in|   32|       ap_none|                J_edges_427|       pointer|
|J_edges_428  |   in|   32|       ap_none|                J_edges_428|       pointer|
|J_edges_429  |   in|   32|       ap_none|                J_edges_429|       pointer|
|J_edges_430  |   in|   32|       ap_none|                J_edges_430|       pointer|
|J_edges_431  |   in|   32|       ap_none|                J_edges_431|       pointer|
|J_edges_432  |   in|   32|       ap_none|                J_edges_432|       pointer|
|J_edges_433  |   in|   32|       ap_none|                J_edges_433|       pointer|
|J_edges_434  |   in|   32|       ap_none|                J_edges_434|       pointer|
|J_edges_435  |   in|   32|       ap_none|                J_edges_435|       pointer|
|J_edges_436  |   in|   32|       ap_none|                J_edges_436|       pointer|
|J_edges_437  |   in|   32|       ap_none|                J_edges_437|       pointer|
|J_edges_438  |   in|   32|       ap_none|                J_edges_438|       pointer|
|J_edges_439  |   in|   32|       ap_none|                J_edges_439|       pointer|
|J_edges_440  |   in|   32|       ap_none|                J_edges_440|       pointer|
|J_edges_441  |   in|   32|       ap_none|                J_edges_441|       pointer|
|J_edges_442  |   in|   32|       ap_none|                J_edges_442|       pointer|
|J_edges_443  |   in|   32|       ap_none|                J_edges_443|       pointer|
|J_edges_444  |   in|   32|       ap_none|                J_edges_444|       pointer|
|J_edges_445  |   in|   32|       ap_none|                J_edges_445|       pointer|
|J_edges_446  |   in|   32|       ap_none|                J_edges_446|       pointer|
|J_edges_447  |   in|   32|       ap_none|                J_edges_447|       pointer|
|J_edges_448  |   in|   32|       ap_none|                J_edges_448|       pointer|
|J_edges_449  |   in|   32|       ap_none|                J_edges_449|       pointer|
|J_edges_450  |   in|   32|       ap_none|                J_edges_450|       pointer|
|J_edges_451  |   in|   32|       ap_none|                J_edges_451|       pointer|
|J_edges_452  |   in|   32|       ap_none|                J_edges_452|       pointer|
|J_edges_453  |   in|   32|       ap_none|                J_edges_453|       pointer|
|J_edges_454  |   in|   32|       ap_none|                J_edges_454|       pointer|
|J_edges_455  |   in|   32|       ap_none|                J_edges_455|       pointer|
|J_edges_456  |   in|   32|       ap_none|                J_edges_456|       pointer|
|J_edges_457  |   in|   32|       ap_none|                J_edges_457|       pointer|
|J_edges_458  |   in|   32|       ap_none|                J_edges_458|       pointer|
|J_edges_459  |   in|   32|       ap_none|                J_edges_459|       pointer|
|J_edges_460  |   in|   32|       ap_none|                J_edges_460|       pointer|
|J_edges_461  |   in|   32|       ap_none|                J_edges_461|       pointer|
|J_edges_462  |   in|   32|       ap_none|                J_edges_462|       pointer|
|J_edges_463  |   in|   32|       ap_none|                J_edges_463|       pointer|
|J_edges_464  |   in|   32|       ap_none|                J_edges_464|       pointer|
|J_edges_465  |   in|   32|       ap_none|                J_edges_465|       pointer|
|J_edges_466  |   in|   32|       ap_none|                J_edges_466|       pointer|
|J_edges_467  |   in|   32|       ap_none|                J_edges_467|       pointer|
|J_edges_468  |   in|   32|       ap_none|                J_edges_468|       pointer|
|J_edges_469  |   in|   32|       ap_none|                J_edges_469|       pointer|
|J_edges_470  |   in|   32|       ap_none|                J_edges_470|       pointer|
|J_edges_471  |   in|   32|       ap_none|                J_edges_471|       pointer|
|J_edges_472  |   in|   32|       ap_none|                J_edges_472|       pointer|
|J_edges_473  |   in|   32|       ap_none|                J_edges_473|       pointer|
|J_edges_474  |   in|   32|       ap_none|                J_edges_474|       pointer|
|J_edges_475  |   in|   32|       ap_none|                J_edges_475|       pointer|
|J_edges_476  |   in|   32|       ap_none|                J_edges_476|       pointer|
|J_edges_477  |   in|   32|       ap_none|                J_edges_477|       pointer|
|J_edges_478  |   in|   32|       ap_none|                J_edges_478|       pointer|
|J_edges_479  |   in|   32|       ap_none|                J_edges_479|       pointer|
|J_edges_480  |   in|   32|       ap_none|                J_edges_480|       pointer|
|J_edges_481  |   in|   32|       ap_none|                J_edges_481|       pointer|
|J_edges_482  |   in|   32|       ap_none|                J_edges_482|       pointer|
|J_edges_483  |   in|   32|       ap_none|                J_edges_483|       pointer|
|J_edges_484  |   in|   32|       ap_none|                J_edges_484|       pointer|
|J_edges_485  |   in|   32|       ap_none|                J_edges_485|       pointer|
|J_edges_486  |   in|   32|       ap_none|                J_edges_486|       pointer|
|J_edges_487  |   in|   32|       ap_none|                J_edges_487|       pointer|
|J_edges_488  |   in|   32|       ap_none|                J_edges_488|       pointer|
|J_edges_489  |   in|   32|       ap_none|                J_edges_489|       pointer|
|J_edges_490  |   in|   32|       ap_none|                J_edges_490|       pointer|
|J_edges_491  |   in|   32|       ap_none|                J_edges_491|       pointer|
|J_edges_492  |   in|   32|       ap_none|                J_edges_492|       pointer|
|J_edges_493  |   in|   32|       ap_none|                J_edges_493|       pointer|
|J_edges_494  |   in|   32|       ap_none|                J_edges_494|       pointer|
|J_edges_495  |   in|   32|       ap_none|                J_edges_495|       pointer|
|spins        |   in|   32|       ap_none|                      spins|        scalar|
|flip_mask    |   in|   32|       ap_none|                  flip_mask|        scalar|
|delta_x      |  out|   32|       ap_none|                    delta_x|       pointer|
|accept_prob  |  out|   32|       ap_none|                accept_prob|       pointer|
+-------------+-----+-----+--------------+---------------------------+--------------+

